rank,area,epmc_id,pmcid,doi,year,journal,pub_types,title,abstract
1,A2_property,40680606,PMC12296543,10.1016/j.ultsonch.2025.107464,2025,Ultrasonics sonochemistry,research-article; Journal Article,Preparation of aspirin inhalable powder by ultrasound-intensified anti-solvent crystallization for pulmonary drug delivery.,"Aspirin is an antiplatelet agglutinating drug used clinically for the prevention and treatment of angina pectoris, myocardial infarction, and cerebral thrombosis. In this study, aspirin inhalable powder was prepared by ultrasound-intensified anti-solvent crystallization (UIAC) and developed for rapid antiplatelet aggregation, which could reduce the dose and gastrointestinal irritation. The particle size distribution, morphology, density, fluidity, and in vitro aerodynamic performance of the as-prepared powders were systematically evaluated. Meanwhile, machine learning methodology, specifically utilizing the Decision Tree Regressor in conjunction with Shapley Value analysis, was applied to elucidate the influence of critical process parameters within the production process. The powder flowability could be improved by the addition of excipients L150 and L-leucine (Leu). The value of fine particle fraction (FPF) increased from 10.40 % to 45.86 % when adding L150 (60 %, w/w) and Leu (5 %, w/w). The cytotoxicity study of aspirin inhalable powder was performed at cellular level, and demonstrated aspirin powder had no significant toxic effect. The Calu-3 cell monolayer interfaced to simulate lung epithelial tissue, demonstrated the high permeability of inhalable powder in lung. Pharmacokinetics were investigated in healthy rats, compared with oral administration, the Tmax of inhale administration (10 min) was significantly shorter than oral administration (30 min), and the AUC was 1.91 times higher than that of the oral administration, demonstrating that pulmonary drug delivery accelerated the absorption and increased the bioavailability of aspirin."
2,A2_property,41259983,PMC12666576,10.1016/j.ultsonch.2025.107682,2025,Ultrasonics sonochemistry,research-article; Journal Article,"Eco-friendly production of AgNPs by ultrasound-intensified continuous method, and process evaluation via life cycle assessment and machine learning.","Owing to their excellent biocompatibility and antibacterial properties, the global annual production of silver nanoparticles (AgNPs) is estimated at 400-800 tons. Therefore, developing a green and safe approach for AgNPs synthesis is urgently required. However, the conventional AgNPs manufacturing methods required toxic reductant and higher energy consumption, which makes the reaction system harmful to humans and environment. In this study, an eco-friendly ultrasound-intensified continuous system employing minimal toxic reagents was developed. The AgNPs formation process was intensified by cavitation instead of using toxic and strong reductants. Several analytical methods were conducted to systematically investigate the mechanism and performance of as-synthesized AgNPs, such as particle size distribution, zeta potential, UV-visible absorption, morphology, yield calculation, as well as in vitro photothermal, and antibacterial. The results clearly indicated that the physicochemical properties of AgNPs could be tuned by adjusting process parameters, including temperature, feeding rate, and ultrasonic power. Specifically, the AgNPs prepared at 90 ℃, 600 W and 50 µL/min exhibited smaller size (2-5 nm) with monodisperse, spherical shape, higher yield, enhanced photothermal, and antibacterial activities. Furthermore, life-cycle assessment (LCA) and machine learning (ML) were employed to evaluate the process sustainability and identify the key influencing parameters. Comprehensive consideration of safety, experimental results, and LCA outcomes demonstrated that the ultrasound-intensified continuous method proposed in this study is superior to the traditional NaBH4-based batch synthesis at the laboratory scale."
3,A2_property,35884839,PMC9313127,10.3390/biomedicines10071534,2022,Biomedicines,research-article; Journal Article,Optogenetically Engineered Neurons Differentiated from Human SH-SY5Y Cells Survived and Expressed ChR2 in 3D Hydrogel.,"The cases of brain degenerative disease will rise as the human population ages. Current treatments have a transient effect and lack an investigative system that is physiologically relevant for testing. There is evidence suggesting optogenetic stimulation is a potential strategy; however, an in vitro disease and optogenetic model requires a three-dimensional microenvironment. Alginate is a promising material for tissue and optogenetic engineering. Although it is bioinert, alginate hydrogel is transparent and therefore allows optical penetration for stimulation. In this study, alginate was functionalized with arginine-glycine-aspartate acid (RGD) to serve as a 3D platform for encapsulation of human SH-SY5Y cells, which were optogenetically modified and characterized. The RGD-alginate hydrogels were tested for swelling and degradation. Prior to encapsulation, the cells were assessed for neuronal expression and optical-stimulation response. The results showed that RGD-alginate possessed a consistent swelling ratio of 18% on day 7, and degradation remained between 3.7−5% throughout 14 days. Optogenetically modified SH-SY5Y cells were highly viable (>85%) after lentiviral transduction and neuronal differentiation. The cells demonstrated properties of functional neurons, developing beta III tubulin (TuJ1)-positive long neurites, forming neural networks, and expressing vGlut2. Action potentials were produced upon optical stimulation. The neurons derived from human SH-SY5Y cells were successfully genetically modified and encapsulated; they survived and expressed ChR2 in an RGD-alginate hydrogel system."
4,A2_property,38774585,PMC11106676,10.3762/bjnano.15.47,2024,Beilstein journal of nanotechnology,research-article; Journal Article,On the additive artificial intelligence-based discovery of nanoparticle neurodegenerative disease drug delivery systems.,"Neurodegenerative diseases are characterized by slowly progressing neuronal cell death. Conventional drug treatment strategies often fail because of poor solubility, low bioavailability, and the inability of the drugs to effectively cross the blood-brain barrier. Therefore, the development of new neurodegenerative disease drugs (NDDs) requires immediate attention. Nanoparticle (NP) systems are of increasing interest for transporting NDDs to the central nervous system. However, discovering effective nanoparticle neuronal disease drug delivery systems (N2D3Ss) is challenging because of the vast number of combinations of NP and NDD compounds, as well as the various assays involved. Artificial intelligence/machine learning (AI/ML) algorithms have the potential to accelerate this process by predicting the most promising NDD and NP candidates for assaying. Nevertheless, the relatively limited amount of reported data on N2D3S activity compared to assayed NDDs makes AI/ML analysis challenging. In this work, the IFPTML technique, which combines information fusion (IF), perturbation theory (PT), and machine learning (ML), was employed to address this challenge. Initially, we conducted the fusion into a unified dataset comprising 4403 NDD assays from ChEMBL and 260 NP cytotoxicity assays from journal articles. Through a resampling process, three new working datasets were generated, each containing 500,000 cases. We utilized linear discriminant analysis (LDA) along with artificial neural network (ANN) algorithms, such as multilayer perceptron (MLP) and deep learning networks (DLN), to construct linear and non-linear IFPTML models. The IFPTML-LDA models exhibited sensitivity (Sn) and specificity (Sp) values in the range of 70% to 73% (>375,000 training cases) and 70% to 80% (>125,000 validation cases), respectively. In contrast, the IFPTML-MLP and IFPTML-DLN achieved Sn and Sp values in the range of 85% to 86% for both training and validation series. Additionally, IFPTML-ANN models showed an area under the receiver operating curve (AUROC) of approximately 0.93 to 0.95. These results indicate that the IFPTML models could serve as valuable tools in the design of drug delivery systems for neurosciences."
5,A2_property,36161946,PMC9546622,10.1073/pnas.2209524119,2022,Proceedings of the National Academy of Sciences of the United States of America,"Research Support, Non-U.S. Gov't; research-article; Research Support, U.S. Gov't, Non-P.H.S.; Journal Article; Research Support, N.I.H., Extramural","Discovering design principles of collagen molecular stability using a genetic algorithm, deep learning, and experimental validation.","Collagen is the most abundant structural protein in humans, providing crucial mechanical properties, including high strength and toughness, in tissues. Collagen-based biomaterials are, therefore, used for tissue repair and regeneration. Utilizing collagen effectively during materials processing ex vivo and subsequent function in vivo requires stability over wide temperature ranges to avoid denaturation and loss of structure, measured as melting temperature (Tm). Although significant research has been conducted on understanding how collagen primary amino acid sequences correspond to Tm values, a robust framework to facilitate the design of collagen sequences with specific Tm remains a challenge. Here, we develop a general model using a genetic algorithm within a deep learning framework to design collagen sequences with specific Tm values. We report 1,000 de novo collagen sequences, and we show that we can efficiently use this model to generate collagen sequences and verify their Tm values using both experimental and computational methods. We find that the model accurately predicts Tm values within a few degrees centigrade. Further, using this model, we conduct a high-throughput study to identify the most frequently occurring collagen triplets that can be directly incorporated into collagen. We further discovered that the number of hydrogen bonds within collagen calculated with molecular dynamics (MD) is directly correlated to the experimental measurement of triple-helical quality. Ultimately, we see this work as a critical step to helping researchers develop collagen sequences with specific Tm values for intended materials manufacturing methods and biomedical applications, realizing a mechanistic materials by design paradigm."
6,A2_property,38520708,PMC11165469,10.1002/advs.202310141,2024,"Advanced science (Weinheim, Baden-Wurttemberg, Germany)",research-article; Journal Article,Mechanical Field Guiding Structure Design Strategy for Meta-Fiber Reinforced Hydrogel Composites by Deep Learning.,"Fiber-reinforced hydrogel composites are widely employed in many engineering applications, such as drug release, and flexible electronics, with more flexible mechanical properties than pure hydrogel materials. Comparing to the hydrogel strengthened by continuous fiber, the meta-fiber reinforced hydrogel provides stronger individualized design ability of deformation patterns and tunable stiffness, especially for the elaborate applications in joint, cartilage, and organ. In this paper, a novel structure design strategy based on deep learning algorithm is proposed for hydrogel reinforced by meta-fiber to achieve targeted mechanical properties, such as stress and displacement fields. A solid mechanic model for meta-fiber reinforced hydrogel is first developed to construct the dataset of fiber distribution and the corresponding mechanical properties of the composite. Generative adversarial network (GAN) is then trained to characterize the relationship between stress or displacement field, and meta-fiber distribution. The well-trained GAN is implemented to design meta-fiber reinforced hydrogel composite structure under specific operation conditions. The results show that the deep learning method may efficiently predict the structure of the hydrogel composite with satisfied confidence, and has great potential for applications in drug delivery and flexible electronics."
7,A2_property,37012266,PMC10070414,10.1038/s41598-023-31677-7,2023,Scientific reports,"Research Support, Non-U.S. Gov't; research-article; Research Support, U.S. Gov't, Non-P.H.S.; Journal Article",Machine learning unifies flexibility and efficiency of spinodal structure generation for stochastic biomaterial design.,"Porous biomaterials design for bone repair is still largely limited to regular structures (e.g. rod-based lattices), due to their easy parameterization and high controllability. The capability of designing stochastic structure can redefine the boundary of our explorable structure-property space for synthesizing next-generation biomaterials. We hereby propose a convolutional neural network (CNN) approach for efficient generation and design of spinodal structure-an intriguing structure with stochastic yet interconnected, smooth, and constant pore channel conducive to bio-transport. Our CNN-based approach simultaneously possesses the tremendous flexibility of physics-based model in generating various spinodal structures (e.g. periodic, anisotropic, gradient, and arbitrarily large ones) and comparable computational efficiency to mathematical approximation model. We thus successfully design spinodal bone structures with target anisotropic elasticity via high-throughput screening, and directly generate large spinodal orthopedic implants with desired gradient porosity. This work significantly advances stochastic biomaterials development by offering an optimal solution to spinodal structure generation and design."
8,A2_property,40594227,PMC12216472,10.1038/s41598-025-06227-y,2025,Scientific reports,research-article; Journal Article,Implementing partial least squares and machine learning regressive models for prediction of drug release in targeted drug delivery application.,"A combined methodology was performed based on chemometrics and machine learning regressive models in estimation of polysaccharide-coated colonic drug delivery. The release of medication was measured using Raman spectroscopy and the data was used for estimation of drug delivery using machine learning models. Raman data was used along with some inputs including coating type, medium, and release time to estimate the drug release as the sole target. The study explores predictive modeling for the release variable in a dataset including 155 samples with over 1500 spectral variables. Partial least squares (PLS) was applied for dimensionality reduction, and models such as AdaBoost with linear regression, multilayer perceptron (MLP), and Theil-Sen regression were utilized, achieving the highest predictive performance with the AdaBoost-MLP model (R2 = 0.994, MSE = 0.000368). Uniquely, this work integrates glowworm swarm optimization (GSO) for model hyperparameter tuning, enhancing model accuracy and efficiency. The results suggest that spectral characteristics combined with environmental and compositional factors provide a comprehensive foundation for modeling release dynamics in evaluation of targeted colonic delivery formulations."
9,A2_property,35566970,PMC9104973,10.3390/polym14091802,2022,Polymers,research-article; Journal Article,Accelerated Discovery of the Polymer Blends for Cartilage Repair through Data-Mining Tools and Machine-Learning Algorithm.,"In designing successful cartilage substitutes, the selection of scaffold materials plays a central role, among several other important factors. In an empirical approach, the selection of the most appropriate polymer(s) for cartilage repair is an expensive and time-consuming affair, as traditionally it requires numerous trials. Moreover, it is humanly impossible to go through the huge library of literature available on the potential polymer(s) and to correlate the physical, mechanical, and biological properties that might be suitable for cartilage tissue engineering. Hence, the objective of this study is to implement an inverse design approach to predict the best polymer(s)/blend(s) for cartilage repair by using a machine-learning algorithm (i.e., multinomial logistic regression (MNLR)). Initially, a systematic bibliometric analysis on cartilage repair has been performed by using the bibliometrix package in the R program. Then, the database was created by extracting the mechanical properties of the most frequently used polymers/blends from the PoLyInfo library by using data-mining tools. Then, an MNLR algorithm was run by using the mechanical properties of the polymers, which are similar to the cartilages, as the input and the polymer(s)/blends as the predicted output. The MNLR algorithm used in this study predicts polyethylene/polyethylene-graftpoly(maleic anhydride) blend as the best candidate for cartilage repair."
10,A2_property,39792782,PMC11884566,10.1002/advs.202415902,2025,"Advanced science (Weinheim, Baden-Wurttemberg, Germany)",research-article; Journal Article,"Machine Learning-Driven Prediction, Preparation, and Evaluation of Functional Nanomedicines Via Drug-Drug Self-Assembly.","Small molecules as nanomedicine carriers offer advantages in drug loading and preparation. Selecting effective small molecules for stable nanomedicines is challenging. This study used artificial intelligence (AI) to screen drug combinations for self-assembling nanomedicines, employing physiochemical parameters to predict formation via machine learning. Non-Steroidal Anti-Inflammatory Drugs (NSAIDs) are identified as effective carriers for antineoplastic drugs, with high drug loading. Nanomedicines, PEG-coated indomethacin/paclitaxel nanomedicine (PiPTX), and laminarin-modified indomethacin/paclitaxel nanomedicine (LiDOX), are developed with extended circulation and active targeting functions. Indomethacin/paclitaxel nanomedicine iDOX exhibits pH-responsive drug release in the tumor microenvironment. These nanomedicines enhance anti-tumor effects and reduce side effects, offering a rapid approach to clinical nanomedicine development."
11,A2_property,33659274,PMC7917235,10.3389/fmolb.2020.632122,2020,Frontiers in molecular biosciences,research-article; Journal Article,Coarse-Grained Simulation of Mechanical Properties of Single Microtubules With Micrometer Length.,"Microtubules are one of the most important components in the cytoskeleton and play a vital role in maintaining the shape and function of cells. Because single microtubules are some micrometers long, it is difficult to simulate such a large system using an all-atom model. In this work, we use the newly developed convolutional and K-means coarse-graining (CK-CG) method to establish an ultra-coarse-grained (UCG) model of a single microtubule, on the basis of the low electron microscopy density data of microtubules. We discuss the rationale of the micro-coarse-grained microtubule models of different resolutions and explore microtubule models up to 12-micron length. We use the devised microtubule model to quantify mechanical properties of microtubules of different lengths. Our model allows mesoscopic simulations of micrometer-level biomaterials and can be further used to study important biological processes related to microtubule function."
12,A2_property,37865639,PMC10590434,10.1038/s41598-023-43689-4,2023,Scientific reports,"Research Support, Non-U.S. Gov't; research-article; Journal Article",Application of ensemble machine learning approach to assess the factors affecting size and polydispersity index of liposomal nanoparticles.,"Liposome nanoparticles have emerged as promising drug delivery systems due to their unique properties. Assessing particle size and polydispersity index (PDI) is critical for evaluating the quality of these liposomal nanoparticles. However, optimizing these parameters in a laboratory setting is both costly and time-consuming. This study aimed to apply a machine learning technique to assess the impact of specific factors, including sonication time, extrusion temperature, and compositions, on the size and PDI of liposomal nanoparticles. Liposomal solutions were prepared and subjected to sonication with varying values for these parameters. Two compositions: (A) HSPC:DPPG:Chol:DSPE-mPEG2000 at 55:5:35:5 molar ratio and (B) HSPC:Chol:DSPE-mPEG2000 at 55:40:5 molar ratio, were made using remote loading method. Ensemble learning (EL), a machine learning technique, was employed using the Least-squares boosting (LSBoost) algorithm to accurately model the data. The dataset was randomly split into training and testing sets, with 70% allocated for training. The LSBoost algorithm achieved mean absolute errors of 1.652 and 0.0105 for modeling the size and PDI, respectively. Under conditions where the temperature was set at approximately 60 °C, our EL model predicted a minimum particle size of 116.53 nm for composition (A) with a sonication time of approximately 30 min. Similarly, for composition (B), the model predicted a minimum particle size of 129.97 nm with sonication times of approximately 30 or 55 min. In most instances, a PDI of less than 0.2 was achieved. These results highlight the significant impact of optimizing independent factors on the characteristics of liposomal nanoparticles and demonstrate the potential of EL as a decision support system for identifying the best liposomal formulation. We recommend further studies to explore the effects of other independent factors, such as lipid composition and surfactants, on liposomal nanoparticle characteristics."
13,A2_property,39722843,PMC11667291,10.1021/envhealth.4c00088,2024,"Environment & health (Washington, D.C.)",research-article; Journal Article,Balancing the Functionality and Biocompatibility of Materials with a Deep-Learning-Based Inverse Design Framework.,"The rational design of molecules with the desired functionality presents a significant challenge in chemistry. Moreover, it is worth noting that making chemicals safe and sustainable is crucial to bringing them to the market. To address this, we propose a novel deep learning framework developed explicitly for inverse design of molecules with both functionality and biocompatibility. This innovative approach comprises two predictive models and one generative model, facilitating the targeted screening of novel molecules from created virtual chemical space. Our method's versatility is highlighted in the inverse design process, where it successfully generates molecules with specified motifs or composition, discovers synthetically accessible molecules, and jointly targets functional and safe properties beyond the training regime. The utility of this method is demonstrated in its ability to design ionic liquids (ILs) with enhanced antibacterial properties and reduced cytotoxicity, addressing the issue of balancing functionality and biocompatibility in molecular design."
14,A2_property,41419756,PMC12858976,10.1038/s41597-025-06456-w,2025,Scientific data,Dataset; data-paper; Journal Article,A Comprehensive Dataset of Lipid Nanoparticle Compositions and Properties for Nucleic Acid Delivery.,"Lipid nanoparticles (LNPs) have emerged as the leading delivery platform for nucleic acid therapeutics, with clinical success demonstrated in mRNA vaccines and therapeutic applications. However, rational design of LNP remains challenging due to the complex relationships among LNP composition, physicochemical properties, and biological performance, as well as the scattered experimental data across the literature. Here, we present LNP Atlas, a comprehensive dataset containing LNP formulations extracted from peer-reviewed publications. We developed an artificial intelligence-assisted data extraction workflow, followed by automated standardization pipelines implemented in Python to ensure data consistency and quality. The dataset contains lipid types and compositions, including molar ratios and SMILES codes, physicochemical properties (particle size, polydispersity index, zeta potential), synthesis parameters, and bioactivity profiles. This resource is expected to support the research community by facilitating data-driven insights into lipid nanoparticle formulation and accelerating the development of effective nucleic acid delivery systems."
15,A2_property,40710711,PMC12294283,10.3390/gels11070550,2025,"Gels (Basel, Switzerland)",research-article; Journal Article,Interpretable Prediction and Analysis of PVA Hydrogel Mechanical Behavior Using Machine Learning.,"Polyvinyl alcohol (PVA) hydrogels have emerged as versatile materials due to their exceptional biocompatibility and tunable mechanical properties, showing great promise for flexible sensors, smart wound dressings, and tissue engineering applications. However, rational design remains challenging due to complex structure-property relationships involving multiple formulation parameters. This study presents an interpretable machine learning framework for predicting PVA hydrogel tensile strain properties with emphasis on mechanistic understanding, based on a comprehensive dataset of 350 data points collected from a systematic literature review. XGBoost demonstrated superior performance after Optuna-based optimization, achieving R2 values of 0.964 for training and 0.801 for testing. SHAP analysis provided unprecedented mechanistic insights, revealing that PVA molecular weight dominates mechanical performance (SHAP importance: 84.94) through chain entanglement and crystallization mechanisms, followed by degree of hydrolysis (72.46) and cross-linking parameters. The interpretability analysis identified optimal parameter ranges and critical feature interactions, elucidating complex non-linear relationships and reinforcement mechanisms. By addressing the ""black box"" limitation of machine learning, this approach enables rational design strategies and mechanistic understanding for next-generation multifunctional hydrogels."
16,A2_property,39071718,PMC11283115,10.1016/j.heliyon.2024.e33967,2024,Heliyon,research-article; Journal Article,A comparative study of machine learning and response surface methodologies for optimizing wear parameters of ECAP-processed ZX30 alloy.,"Magnesium, valued for its lightweight, recyclability, and biocompatibility, faces challenges like its poor wear behavior and mechanical properties that limit its adaptation for a multitude of applications. In this study, various statistical analyses, and machine learning (ML) techniques were employed to optimize equal channel angular pressing (ECAP) process parameters for improving the wear behavior of Mg-3wt.% Zn-0.7 wt% Ca alloy. ECAP was conducted up to four passes via route Bc at 250 °C. Wear testing of both as-annealed (AA) and ECAP-processed alloys was performed using the dry ball-on-flat wear method under varying loads, speeds, and time. One pass (1P) and 4Bc-ECAP resulted in a notable uniform grain refinement of 86 % and 91 %, respectively, compared to the AA. X-ray diffraction (XRD) analysis confirmed a refined structure attributed to extensive dynamic recrystallization. Mechanical wear testing revealed a significant reduction in volume loss (VL), up to 56 % and 28.5 % after 1P and 4Bc samples, respectively, compared to the AA sample, supported by the observed texture intensity. The coefficient of friction (COF) stabilizes at 0.30-0.45, indicating low friction characteristics. Next, by adjusting wear load and speed through design of experiments (DOE), the wear output responses, VL and COF, were experimentally investigated. The output responses were predicted in the second step using ML, 3D response surface plots, and statistical analysis of variance (ANOVA). According to the regression model, the minimal VL was attained at a 5 N applied load. Also, the wear speed and VL at different passes are inversely proportional. On the other hand, the optimal COF was obtained at applied load about 2-3 N and 250 mm/s at different passes. The wear process variables were then optimized using different optimization techniques namely, genetic algorithm (GA), hybrid DOE-GA, and multi-objective genetic algorithm (MOGA) approaches."
17,A2_property,40213493,PMC11935994,10.1002/smsc.202200076,2023,Small science,research-article; Journal Article,Nanocellulose: Recent Advances Toward Biomedical Applications.,"Sustainable materials are key to the continual improvement of living standards on this planet with minimal environmental impacts. Nanocellulose combines the fascinating features of nanomaterials with favorable properties of the abundantly available cellulose biopolymer, which in recent years has gained much attention toward biomedical applications by virtue of its unique surface chemistry, remarkable physical features, and inherent biological attributes. Herein, the recent advances in nanocellulose-based biomedical materials, with foci on biomolecule immobilization, drug delivery, cell culture and tissue engineering (TE), antimicrobial strategy, wound healing, and biomedical implants are summarized. Each topic is elaborated with representative examples to present the significance of nanocelluloses in their respective material design principles utilizing different sub-types, including cellulose nanofibers (CNFs), cellulose nanocrystals (CNCs), and bacterial nanocellulose (BNC). The current state of large-scale production of nanocellulose and accelerated development by artificial intelligence and machine learning are also briefly discussed, before ending with its future prospects and potential challenges."
18,A2_property,36238665,PMC9552694,10.1155/2022/6709464,2022,Computational intelligence and neuroscience,research-article; Journal Article,Modeling and Optimization for a New Compliant 2-dof Stage for Locating Biomaterial Samples by an Efficient Approach of a Kinetostatic Analysis-Based Method and Neural Network Algorithm.,"The nanoindentation technique is employed to characterize the behaviors of biomaterials. Nevertheless, there is a lack of development of a miniaturized precise positioner for in situ nanoindentation. Besides, modeling behaviors of the positioner are restricted due to its complex kinematic characteristics. Therefore, this paper proposes a novel compliant two degrees of freedom (dof) stage for positioning a biomaterial sample in in situ nanoindentation. In addition, a new modeling and dimensional optimization synthesis method of the stage is developed. The proposed effective methodology is developed based on a kinetostatic analysis-based calculation method, the Lagrange approach, and a neural network algorithm. With an increased advance in artificial intelligence, a neural network algorithm is proposed to extend the applicability of artificial neural networks in optimizing the parameters of the stage. First, the 2-dof stage is built via a combination of an eight-lever displacement amplifier and a symmetric parallelogram mechanism. Second, a chain of mathematical equations of the 2-dof stage is constructed using a kinetostatic analysis-based method to calculate the ratio of displacement amplification and the input stiffness of the 2-dof stage. Then, the Lagrange method is utilized to formulate the dynamic equation of the 2-dof stage. Finally, a neural network algorithm is adopted to maximize the natural first frequency of the proposed stage. The optimal results determined that the frequency of the stage can achieve a high value of 112.0995 Hz. Besides, the formed mathematical models were relatively precise by comprising the simulation verifications."
19,A2_property,39738043,PMC11685617,10.1038/s41467-024-55072-6,2024,Nature communications,"Research Support, Non-U.S. Gov't; research-article; Journal Article",Artificial intelligence-driven rational design of ionizable lipids for mRNA delivery.,"Lipid nanoparticles (LNPs) have proven effective in mRNA delivery, as evidenced by COVID-19 vaccines. Its key ingredient, ionizable lipids, is traditionally optimized by inefficient and costly experimental screening. This study leverages artificial intelligence (AI) and virtual screening to facilitate the rational design of ionizable lipids by predicting two key properties of LNPs, apparent pKa and mRNA delivery efficiency. Nearly 20 million ionizable lipids were evaluated through two iterations of AI-driven generation and screening, yielding three and six new molecules, respectively. In mouse test validation, one lipid from the initial iteration, featuring a benzene ring, demonstrated performance comparable to the control DLin-MC3-DMA (MC3). Notably, all six lipids from the second iteration equaled or outperformed MC3, with one exhibiting efficacy akin to a superior control lipid SM-102. Furthermore, the AI model is interpretable in structure-activity relationships."
20,A2_property,41087421,PMC12521365,10.1038/s41598-025-19683-3,2025,Scientific reports,research-article; Journal Article,Development and In Vivo evaluation of liposomal fentanyl nanocarriers using thin-film hydration and AI-based characterization for enhanced analgesic efficacy in anesthesia.,"The aim of this study was to develop and evaluate a liposomal formulation of fentanyl to improve its analgesic efficacy and safety profile in anesthesia, using artificial intelligence (AI) techniques to characterize and optimize the formulation. The liposomes were prepared using the thin-film hydration method, resulting in vesicles with an average diameter of 120.4 ± 10.2 nm and a polydispersity index of 0.23 ± 0.05. The encapsulation efficiency of fentanyl was determined by high performance liquid chromatography (HPLC) and was 85.0 ± 3.2%. A convolutional neural network (CNN) implemented in TensorFlow/Keras (Python) was used for automated analysis of scanning electron microscopy (SEM) images to evaluate the morphology of liposomes. In vitro drug release was studied over 12 hours using a dialysis method. The analgesic efficacy and safety of the liposomal formulation was evaluated in a rat pain model by comparing the paw withdrawal latency (PWL) and mechanical thresholds of Frey with standard fentanyl. A Gaussian Process Regression (GPR) model developed using scikit-learn (Python) was used to predict liposome properties based on formulation parameters. CNN analysis confirmed predominantly spherical liposomes with 3.2% aggregates and 1.8% broken particles. In vitro release studies showed sustained release of fentanyl with an initial burst of approximately 10%. In vivo, the liposomal fentanyl group showed significantly prolonged analgesia (PWL: 12.4 ± 2.1 seconds) compared to standard fentanyl (8.5 ± 1.5 seconds, p 2 > 0.85) for key formulation characteristics. The novelty of this work lies in the integration of AI-driven characterization (CNN for SEM) and predictive modeling (GPR) into the development and optimization of liposomal fentanyl nanocarriers, enabling objective morphological analysis and data-driven formulation design. The developed liposomal fentanyl formulation provides sustained drug release, increased analgesic efficacy and improved safety compared to standard fentanyl. This AI-enhanced approach offers a promising strategy for optimizing liposomal drug delivery systems in anesthesia and pain management."
21,A2_property,32537404,PMC7284204,10.1002/advs.201903392,2020,"Advanced science (Weinheim, Baden-Wurttemberg, Germany)",research-article; Journal Article,Immune Modulation by Design: Using Topography to Control Human Monocyte Attachment and Macrophage Differentiation.,"Macrophages play a central role in orchestrating immune responses to foreign materials, which are often responsible for the failure of implanted medical devices. Material topography is known to influence macrophage attachment and phenotype, providing opportunities for the rational design of ""immune-instructive"" topographies to modulate macrophage function and thus foreign body responses to biomaterials. However, no generalizable understanding of the inter-relationship between topography and cell response exists. A high throughput screening approach is therefore utilized to investigate the relationship between topography and human monocyte-derived macrophage attachment and phenotype, using a diverse library of 2176 micropatterns generated by an algorithm. This reveals that micropillars 5-10 µm in diameter play a dominant role in driving macrophage attachment compared to the many other topographies screened, an observation that aligns with studies of the interaction of macrophages with particles. Combining the pillar size with the micropillar density is found to be key in modulation of cell phenotype from pro to anti-inflammatory states. Machine learning is used to successfully build a model that correlates cell attachment and phenotype with a selection of descriptors, illustrating that materials can potentially be designed to modulate inflammatory responses for future applications in the fight against foreign body rejection of medical devices."
22,A2_property,39852017,PMC11765179,10.3390/gels11010045,2025,"Gels (Basel, Switzerland)",research-article; Journal Article,Characterization and Machine Learning-Driven Property Prediction of a Novel Hybrid Hydrogel Bioink Considering Extrusion-Based 3D Bioprinting.,"The field of tissue engineering has made significant advancements with extrusion-based bioprinting, which uses shear forces to create intricate tissue structures. However, the success of this method heavily relies on the rheological properties of bioinks. Most bioinks use shear-thinning. While a few component-based efforts have been reported to predict the viscosity of bioinks, the impact of shear rate has been vastly ignored. To address this gap, our research presents predictive models using machine learning (ML) algorithms, including polynomial fit (PF), decision tree (DT), and random forest (RF), to estimate bioink viscosity based on component weights and shear rate. We utilized novel bioinks composed of varying percentages of alginate (2-5.25%), gelatin (2-5.25%), and TEMPO-Nano fibrillated cellulose (0.5-1%) at shear rates from 0.1 to 100 s-1. Our study analyzed 169 rheological measurements using 80% training and 20% validation data. The results, based on the coefficient of determination (R2) and mean absolute error (MAE), showed that the RF algorithm-based model performed best: [(R2, MAE) RF = (0.99, 0.09), (R2, MAE) PF = (0.95, 0.28), (R2, MAE) DT = (0.98, 0.13)]. These predictive models serve as valuable tools for bioink formulation optimization, allowing researchers to determine effective viscosities without extensive experimental trials to accelerate tissue engineering."
23,A2_property,41304338,PMC12656060,10.3390/polym17222973,2025,Polymers,research-article; Journal Article,Additive Manufacturing of Bead-Chain-Shaped Scaffolds with AI-Based Process Optimization.,"Scaffolds are widely recognized as implantable alternatives in the field of tissue engineering. Among various scaffold structures, grid structures are commonly used due to their simple design and ease of fabrication. However, grid structures have a critical demerit of low mechanical stiffness compared to its own mechanical property (used material's compressive stiffness), as the limited contact area between strands prevents effective load distribution. Several structural designs, such as triply periodic minimal surface (TPMS), modified honeycomb, and Kagome structures, have been proposed to improve compressive stiffness. Despite their mechanical advantages, these structures are limited by complex design and manufacturing processes. In this study, we propose a Bead-Chain-Shaped (BCS) scaffold, which maintains the simplicity of grid structures while enhancing compressive stiffness through the printing process alone. To optimize the printing process and enhance fabrication efficiency, we developed an artificial intelligence (AI)-based process optimization model that correlates printing parameters (pressure, printing speed, and delay time) with the resulting geometric accuracy while maintaining the designed geometry, and predicts the optimal printing conditions for the predesigned Bead-Chain-shaped (BCS) geometry. The model was then used to extract these optimal printing conditions, enabling precise dimensional control and improving overall fabrication accuracy of the Bead-Chain-Shaped (BCS) scaffold dimensions. Under the optimized printing conditions, the BCS scaffolds achieved compressive stiffness values of 61.8, 75.9, and 91.6 MPa for BCS 5545, 6040, and 6535, respectively, corresponding to increases of 11.9%, 37.3, and 65.7% compared to the control scaffold (55.3 MPa). Numerical analysis confirmed that compressive stiffness increases as strand-to-strand contact area increases. Furthermore, in vitro cell proliferation assays demonstrated no significant difference in cell proliferation compared to conventional structures (grid-structure scaffold), indicating that the proposed design does not inhibit cellular growth. These results highlight the potential of the proposed Bead-Chain-Shaped (BCS) scaffold as a promising candidate for bone tissue engineering, offering both enhanced mechanical stiffness and fabrication efficiency."
24,A2_property,38515722,PMC10956072,10.1016/j.heliyon.2024.e28063,2024,Heliyon,research-article; Journal Article,Numerical investigation of the optimal porosity of titanium foam for dental implants.,"BackgroundThis paper aims to indicate numerically the accurate porosity used for dental implants, following the emphasis on the preference for titanium foam on pure titanium implants. A 3D-optimized numerical model is created to demonstrate the detailed differences between models.MethodA 3D finite element model was generated using Abaqus for titanium and titanium foam implants with different porosities (50,60,62.5,70, and 80%) fixed in cortical and cancellous bone. The mechanical data for titanium foam is extracted from published literature. We evaluate an artificial intelligent equation for the stress-strain response of titanium foam with various porosities to describe their variations.ResultsTo evaluate the stress-strain variations for different porosities, exponential artificial intelligence provides high accuracy (>0.99). The numerical results show that titanium foam implants appear to transfer more loads to the bordering bones due to their lower stiffness and higher energy absorption, which can help reduce stress shielding problems. In surrounding bones, the maximum VM stress occurs at the neck region from 5.42 MPa for pure titanium to 21.53 MPa for titanium foam with 80% porosity. Additionally, a porosity of 62.5% appears to be the most suitable since Young's modulus for this porosity (13.82 GPa) is close to the cortical bone's modulus (14.5 GPa). This suitability is shown in FEA by the similarity in stress level between pure titanium and the corresponding porosity. Overall, titanium foam implants appear to be a promising option for improving the effectiveness and longevity of bone implants in surgical dentistry.ConclusionSystematic numerical studies on titanium foam dental implants with different porosities. Analysis of the FE results shows that titanium foam with a porosity of 62.5% is more beneficial for use in dental implants."
25,A2_property,40014572,PMC11892597,10.1073/pnas.2418643122,2025,Proceedings of the National Academy of Sciences of the United States of America,research-article; Journal Article,Physics-informed deep learning for stochastic particle dynamics estimation.,"Single-particle tracking has enabled quantitative studies of complex systems, providing nanometer localization precision and millisecond temporal resolution in heterogeneous environments. However, at micro- or nanometer scales, probe dynamics become inherently stochastic due to Brownian motion and complex interactions, leading to varied diffusion behaviors. Typically, analysis of such trajectory data involves certain moving-window operation and assumes the existence of some pseudo-steady states, particularly when evaluating predefined parameters or specific types of diffusion modes. Here, we introduce the stochastic particle-informed neural network (SPINN), a physics-informed deep learning framework that integrates stochastic differential equations to model and infer particle diffusion dynamics. The SPINN autonomously explores parameter spaces and distinguishes between deterministic and stochastic components with single-frame resolution. Using the anomalous diffusion dataset, we validated SPINN's ability to reduce frame-to-frame variability while preserving key statistical correlations, allowing for accurate characterization of different stochastic processes. When applied to the diffusion of single gold nanorods in hydrogels, the SPINN revealed enhanced microrheological properties during hydrogel gelation and uncovered interfacial dynamics during dextran/tetra-PEG liquid-liquid phase separation. By improving the temporal resolution of stochastic dynamics, the SPINN facilitates the estimation and prediction of complex diffusion behaviors, offering insights into underlying physical mechanisms at mesoscopic scales."
26,A2_property,38343549,PMC10853338,10.3389/fimmu.2024.1304183,2024,Frontiers in immunology,"Research Support, Non-U.S. Gov't; research-article; Journal Article",ADGRE5-centered Tsurv model in T cells recognizes responders to neoadjuvant cancer immunotherapy.,"BackgroundNeoadjuvant immunotherapy with anti-programmed death-1 (neo-antiPD1) has revolutionized perioperative methods for improvement of overall survival (OS), while approaches for major pathologic response patients' (MPR) recognition along with methods for overcoming non-MPR resistance are still in urgent need.MethodsWe utilized and integrated publicly-available immune checkpoint inhibitors regimens (ICIs) single-cell (sc) data as the discovery datasets, and innovatively developed a cell-communication analysis pipeline, along with a VIPER-based-SCENIC process, to thoroughly dissect MPR-responding subsets. Besides, we further employed our own non-small cell lung cancer (NSCLC) ICIs cohort's sc data for validation in-silico. Afterward, we resorted to ICIs-resistant murine models developed by us with multimodal investigation, including bulk-RNA-sequencing, Chip-sequencing and high-dimensional cytometry by time of flight (CYTOF) to consolidate our findings in-vivo. To comprehensively explore mechanisms, we adopted 3D ex-vivo hydrogel models for analysis. Furthermore, we constructed an ADGRE5-centered Tsurv model from our discovery dataset by machine learning (ML) algorithms for a wide range of tumor types (NSCLC, melanoma, urothelial cancer, etc.) and verified it in peripheral blood mononuclear cells (PBMCs) sc datasets.ResultsThrough a meta-analysis of multimodal sequential sc sequencing data from pre-ICIs and post-ICIs, we identified an MPR-expanding T cells meta-cluster (MPR-E) in the tumor microenvironment (TME), characterized by a stem-like CD8+ T cluster (survT) with STAT5-ADGRE5 axis enhancement compared to non-MPR or pre-ICIs TME. Through multi-omics analysis of murine TME, we further confirmed the existence of survT with silenced function and immune checkpoints (ICs) in MPR-E. After verification of the STAT5-ADGRE5 axis of survT in independent ICIs cohorts, an ADGRE5-centered Tsurv model was then developed through ML for identification of MPR patients pre-ICIs and post-ICIs, both in TME and PBMCs, which was further verified in pan-cancer immunotherapy cohorts. Mechanistically, we unveiled ICIs stimulated ADGRE5 upregulation in a STAT5-IL32 dependent manner in a 3D ex-vivo system (3D-HYGTIC) developed by us previously, which marked Tsurv with better survival flexibility, enhanced stemness and potential cytotoxicity within TME.ConclusionOur research provides insights into mechanisms underlying MPR in neo-antiPD1 and a well-performed model for the identification of non-MPR."
27,A2_property,39451792,PMC11504968,10.3390/biomimetics9100587,2024,"Biomimetics (Basel, Switzerland)",research-article; Journal Article,Leveraging Machine Learning for Optimized Mechanical Properties and 3D Printing of PLA/cHAP for Bone Implant.,"This study explores the fabrication and characterisation of 3D-printed polylactic acid (PLA) scaffolds reinforced with calcium hydroxyapatite (cHAP) for bone tissue engineering applications. By varying the cHAP content, we aimed to enhance PLA scaffolds' mechanical and thermal properties, making them suitable for load-bearing biomedical applications. The results indicate that increasing cHAP content improves the tensile and compressive strength of the scaffolds, although it also increases brittleness. Notably, incorporating cHAP at 7.5% and 10% significantly enhances thermal stability and mechanical performance, with properties comparable to or exceeding those of human cancellous bone. Furthermore, this study integrates machine learning techniques to predict the mechanical properties of these composites, employing algorithms such as XGBoost and AdaBoost. The models demonstrated high predictive accuracy, with R2 scores of 0.9173 and 0.8772 for compressive and tensile strength, respectively. These findings highlight the potential of using data-driven approaches to optimise material properties autonomously, offering significant implications for developing custom-tailored scaffolds in bone tissue engineering and regenerative medicine. The study underscores the promise of PLA/cHAP composites as viable candidates for advanced biomedical applications, particularly in creating patient-specific implants with improved mechanical and thermal characteristics."
28,A2_property,33014318,PMC7502161,,2020,Avicenna journal of medical biotechnology,research-article; Journal Article,Application of Electrospray in Preparing Solid Lipid Nanoparticles and Optimization of Nanoparticles Using Artificial Neural Networks.,"BackgroundElectrospray (Electrohydrodynamic atomization) has been introduced as a novel approach to prepare nanoparticles. This work aimed to prepare SLNs through electrospray and evaluate factors affecting particle size of prepared Solid Lipid Nanoparticles (SLNs).MethodsSLNs were prepared by electrospray method. To study the factors affecting particle size of SLNs, Artificial Neural Networks (ANNs) were employed. Four input variables, namely, Tween 80 concentration, lipid concentration, flow rate, and polymer to lipid ratio were analyzed through ANNs and particle size was the output.ResultsThe analyzed model presented concentration of Tween 80 (surfactant) and lipid as effective parameters on particle size. By increasing surfactant and decreasing lipid concentration, minimum size could be obtained, while flow rate and polymer to lipid ratio appeared not to be effective.ConclusionConcentration of surfactant/lipid plays the most important role in determining the size."
29,A2_property,35160516,PMC8840207,10.3390/polym14030527,2022,Polymers,research-article; Journal Article,Estimating the Relative Crystallinity of Biodegradable Polylactic Acid and Polyglycolide Polymer Composites by Machine Learning Methodologies.,"Biodegradable polymers have recently found significant applications in pharmaceutics processing and drug release/delivery. Composites based on poly (L-lactic acid) (PLLA) have been suggested to enhance the crystallization rate and relative crystallinity of pure PLLA polymers. Despite the large amount of experimental research that has taken place to date, the theoretical aspects of relative crystallinity have not been comprehensively investigated. Therefore, this research uses machine learning methods to estimate the relative crystallinity of biodegradable PLLA/PGA (polyglycolide) composites. Six different artificial intelligent classes were employed to estimate the relative crystallinity of PLLA/PGA polymer composites as a function of crystallization time, temperature, and PGA content. Cumulatively, 1510 machine learning topologies, including 200 multilayer perceptron neural networks, 200 cascade feedforward neural networks (CFFNN), 160 recurrent neural networks, 800 adaptive neuro-fuzzy inference systems, and 150 least-squares support vector regressions, were developed, and their prediction accuracy compared. The modeling results show that a single hidden layer CFFNN with 9 neurons is the most accurate method for estimating 431 experimentally measured datasets. This model predicts an experimental database with an average absolute percentage difference of 8.84%, root mean squared errors of 4.67%, and correlation coefficient (R2) of 0.999008. The modeling results and relevancy studies show that relative crystallinity increases based on the PGA content and crystallization time. Furthermore, the effect of temperature on relative crystallinity is too complex to be easily explained."
30,A2_property,34631792,PMC8493061,10.3389/fmolb.2021.677547,2021,Frontiers in molecular biosciences,research-article; Journal Article,Microfluidic Synthesis of Indomethacin-Loaded PLGA Microparticles Optimized by Machine Learning.,"Several attempts have been made to encapsulate indomethacin (IND), to control its sustained release and reduce its side effects. To develop a successful formulation, drug release from a polymeric matrix and subsequent biodegradation need to be achieved. In this study, we focus on combining microfluidic and artificial intelligence (AI) technologies, alongside using biomaterials, to generate drug-loaded polymeric microparticles (MPs). Our strategy is based on using Poly (D,L-lactide-co-glycolide) (PLGA) as a biodegradable polymer for the generation of a controlled drug delivery vehicle, with IND as an example of a poorly soluble drug, a 3D flow focusing microfluidic chip as a simple device synthesis particle, and machine learning using artificial neural networks (ANNs) as an in silico tool to generate and predict size-tunable PLGA MPs. The influence of different polymer concentrations and the flow rates of dispersed and continuous phases on PLGA droplet size prediction in a microfluidic platform were assessed. Subsequently, the developed ANN model was utilized as a quick guide to generate PLGA MPs at a desired size. After conditions optimization, IND-loaded PLGA MPs were produced, and showed larger droplet sizes than blank MPs. Further, the proposed microfluidic system is capable of producing monodisperse particles with a well-controllable shape and size. IND-loaded-PLGA MPs exhibited acceptable drug loading and encapsulation efficiency (7.79 and 62.35%, respectively) and showed sustained release, reaching approximately 80% within 9 days. Hence, combining modern technologies of machine learning and microfluidics with biomaterials can be applied to many pharmaceutical applications, as a quick, low cost, and reproducible strategy."
31,A2_property,40732799,PMC12298074,10.3390/polym17141919,2025,Polymers,research-article; Journal Article,Novel Core-Shell Aerogel Formulation for Drug Delivery Based on Alginate and Konjac Glucomannan: Rational Design Using Artificial Intelligence Tools.,"This study explores novel alginate-konjac glucomannan core-shell aerogel particles for drug delivery systems fabricated via air-assisted coaxial prilling. A systematic approach is needed for the optimization of this method due to the numerous processing variables involved. This study investigated the influence of six variables: alginate and konjac glucomannan concentrations, compressed airflow, liquid pump pressures, and nozzle configuration. A hybrid software using Artificial Neural Networks and genetic algorithms was used to model and optimize the hydrogel formation, achieving a 100% desirable solution. The optimal formulation identified resulted in particles displaying a log-normal size distribution (R2 = 0.967) with an average diameter of 1.57 mm. Supercritical CO2 drying yielded aerogels with macropores and mesopores and a high specific surface area (201 ± 10 m2/g). The loading of vancomycin hydrochloride (Van) or a dexamethasone base (DX) into the aerogel cores during the process was tested. The aerogels exhibited appropriate structural characteristics, and both drugs showed burst release profiles with ca. 80% release within 10 min for DX and medium-dependent release for Van. This study demonstrates the feasibility of producing konjac aerogel particles for delivery systems and the high potential of AI-driven optimization methods, highlighting the need for coating modifications to achieve the desired release profiles."
32,A2_property,36964565,PMC10039567,10.1186/s12951-023-01864-9,2023,Journal of nanobiotechnology,research-article; Journal Article,Machine-learning screening of luminogens with aggregation-induced emission characteristics for fluorescence imaging.,"Due to the excellent biocompatible physicochemical performance, luminogens with aggregation-induced emission (AIEgens) characteristics have played a significant role in biomedical fluorescence imaging recently. However, screening AIEgens for special applications takes a lot of time and efforts by using conventional chemical synthesis route. Fortunately, artificial intelligence techniques that could predict the properties of AIEgen molecules would be helpful and valuable for novel AIEgens design and synthesis. In this work, we applied machine learning (ML) techniques to screen AIEgens with expected excitation and emission wavelength for biomedical deep fluorescence imaging. First, a database of various AIEgens collected from the literature was established. Then, by extracting key features using molecular descriptors and training various state-of-the-art ML models, a multi-modal molecular descriptors strategy has been proposed to extract the structure-property relationships of AIEgens and predict molecular absorption and emission wavelength peaks. Compared to the first principles calculations, the proposed strategy provided greater accuracy at a lower computational cost. Finally, three newly predicted AIEgens with desired absorption and emission wavelength peaks were synthesized successfully and applied for cellular fluorescence imaging and deep penetration imaging. All the results were consistent successfully with our expectations, which demonstrated the above ML has a great potential for screening AIEgens with suitable wavelengths, which could boost the design and development of novel organic fluorescent materials."
33,A2_property,38811464,PMC11615115,10.1007/s13346-024-01603-z,2025,Drug delivery and translational research,"Research Support, Non-U.S. Gov't; research-article; Journal Article",Engineering mannose-functionalized nanostructured lipid carriers by sequential design using hybrid artificial intelligence tools.,"Nanostructured lipid carriers (NLCs) hold significant promise as drug delivery systems (DDS) owing to their small size and efficient drug-loading capabilities. Surface functionalization of NLCs can facilitate interaction with specific cell receptors, enabling targeted cell delivery. Mannosylation has emerged as a valuable tool for increasing the ability of nanoparticles to be recognized and internalized by macrophages. Nevertheless, the design and development of functionalized NLC is a complex task that entails the optimization of numerous variables and steps, making the process challenging and time-consuming. Moreover, no previous studies have been focused on evaluating the functionalization efficiency. In this work, hybrid Artificial Intelligence technologies are used to help in the design of mannosylated drug loaded NLCs. Artificial neural networks combined with fuzzy logic or genetic algorithms were employed to understand the particle formation processes and optimize the combinations of variables for the different steps in the functionalization process. Mannose was chemically modified to allow, for the first time, functionalization efficiency quantification and optimization. The proposed sequential methodology has enabled the design of a robust procedure for obtaining stable mannosylated NLCs with a uniform particle size distribution, small particle size ( 20mV). The incorporation of mannose on the surfaces of these DDS following the established protocols achieved > 85% of functionalization efficiency. This high effectiveness should enhance NLC recognition and internalization by macrophages, thereby facilitating the treatment of chronic inflammatory diseases."
34,A2_property,40284508,PMC12030581,10.3390/pharmaceutics17040513,2025,Pharmaceutics,research-article; Journal Article,The Prediction of the In Vitro Release Curves for PLGA-Based Drug Delivery Systems with Neural Networks.,"Background/Objectives: The accurate prediction of drug release profiles from Poly (lactic-co-glycolic acid) (PLGA)-based drug delivery systems is a critical challenge in pharmaceutical research. Traditional methods, such as the Korsmeyer-Peppas and Weibull models, have been widely used to describe in vitro drug release kinetics. However, these models are limited by their reliance on fixed mathematical forms, which may not capture the complex and nonlinear nature of drug release behavior in diverse PLGA-based systems. Method: In response to these limitations, we propose a novel approach-DrugNet, a data-driven model based on a multilayer perceptron (MLP) neural network, aiming to predict the drug release data at unknown time points by fitting release curves using the key physicochemical characteristics of PLGA carriers and drug molecules, as well as in vitro drug release data. We establish a dataset through a literature review, and the model is trained and validated to determine its effectiveness in predicting different drug release curves. Results: Compared to the traditional Korsmeyer-Peppas and Weibull semi-empirical models, the MSE of DrugNet decreases by 20.994 and 1.561, respectively, and (R2) increases by 0.036 and 0.005. Conclusions: These results demonstrate that DrugNet has a stronger ability to fit drug release curves and better capture nonlinear relationships in drug release data. It can deal with the nonlinear change of data better, has stronger adaptability and advantages than traditional models, and overcomes the limitations of the mathematical expressions in traditional models."
35,A2_property,36204248,PMC9513834,10.34133/2022/9784273,2022,"Research (Washington, D.C.)",research-article; Journal Article,High-Content Screening and Analysis of Stem Cell-Derived Neural Interfaces Using a Combinatorial Nanotechnology and Machine Learning Approach.,"A systematic investigation of stem cell-derived neural interfaces can facilitate the discovery of the molecular mechanisms behind cell behavior in neurological disorders and accelerate the development of stem cell-based therapies. Nevertheless, high-throughput investigation of the cell-type-specific biophysical cues associated with stem cell-derived neural interfaces continues to be a significant obstacle to overcome. To this end, we developed a combinatorial nanoarray-based method for high-throughput investigation of neural interface micro-/nanostructures (physical cues comprising geometrical, topographical, and mechanical aspects) and the effects of these complex physical cues on stem cell fate decisions. Furthermore, by applying a machine learning (ML)-based analytical approach to a large number of stem cell-derived neural interfaces, we comprehensively mapped stem cell adhesion, differentiation, and proliferation, which allowed for the cell-type-specific design of biomaterials for neural interfacing, including both adult and human-induced pluripotent stem cells (hiPSCs) with varying genetic backgrounds. In short, we successfully demonstrated how an innovative combinatorial nanoarray and ML-based platform technology can aid with the rational design of stem cell-derived neural interfaces, potentially facilitating precision, and personalized tissue engineering applications."
36,A2_property,41727330,PMC12919318,10.18502/ajmb.v17i4.20070,2025,Avicenna journal of medical biotechnology,research-article; Journal Article,"Challenges and Future Prospects of Superparamagnetic Iron Oxide Nanoparticles (SPIONs) in Nanomedicine: A Focus on Toxicity, Imaging, and Theranostics.","Superparamagnetic Iron Oxide Nanoparticles (SPIONs) have emerged as a pivotal tool in nanomedicine, offering potential in drug delivery, imaging, and targeted therapies. However, their application is challenged by issues such as cytotoxicity, uneven biodistribution, and biocompatibility. SPIONs are predominantly cleared through renal or hepatobiliary pathways, with size and charge playing critical roles in determining their fate. While smaller SPIONs optimize renal clearance, their propensity to agglomerate and activate macrophages may induce inflammatory responses. Radiolabeled SPIONs face additional challenges in molecular imaging and nuclear medicine. Emerging strategies, such as chelator-free radiolabeling and multi-component nanoparticles, aim to address these limitations by improving targeting specificity and enhancing biocompatibility. Looking forward, SPIONs hold immense potential in theranostics, particularly in integrating imaging with targeted drug delivery and therapies. Advances in synthesis and surface functionalization may enhance their safety and effectiveness. Future research should focus on optimizing SPIONs, integrating them with therapeutic agents, and improving targeting and clearance mechanisms. Collaboration among experts and the use of Artificial Intelligence (AI) modeling could accelerate their development for personalized treatment applications. This review uniquely highlights recent advances in radio-labeled SPIONs for molecular imaging and targeted therapy, addressing challenges like biocompatibility, stability, and translational applicability."
37,A2_property,34820576,PMC8586009,10.1016/j.bioactmat.2021.07.008,2022,Bioactive materials,research-article; Journal Article,Increased connectivity of hiPSC-derived neural networks in multiphase granular hydrogel scaffolds.,"To reflect human development, it is critical to create a substrate that can support long-term cell survival, differentiation, and maturation. Hydrogels are promising materials for 3D cultures. However, a bulk structure consisting of dense polymer networks often leads to suboptimal microenvironments that impedes nutrient exchange and cell-to-cell interaction. Herein, granular hydrogel-based scaffolds were used to support 3D human induced pluripotent stem cell (hiPSC)-derived neural networks. A custom designed 3D printed toolset was developed to extrude hyaluronic acid hydrogel through a porous nylon fabric to generate hydrogel granules. Cells and hydrogel granules were combined using a weaker secondary gelation step, forming self-supporting cell laden scaffolds. At three and seven days, granular scaffolds supported higher cell viability compared to bulk hydrogels, whereas granular scaffolds supported more neurite bearing cells and longer neurite extensions (65.52 ± 11.59 μm) after seven days compared to bulk hydrogels (22.90 ± 4.70 μm). Long-term (three-month) cultures of clinically relevant hiPSC-derived neural cells in granular hydrogels supported well established neuronal and astrocytic colonies and a high level of neurite extension both inside and beyond the scaffold. This approach is significant as it provides a simple, rapid and efficient way to achieve a tissue-relevant granular structure within hydrogel cultures."
38,A2_property,32079221,PMC7076403,10.3390/pharmaceutics12020166,2020,Pharmaceutics,research-article; Journal Article,A 3D Bioprinted Pseudo-Bone Drug Delivery Scaffold for Bone Tissue Engineering.,"A 3D bioprinted pseudo-bone drug delivery scaffold was fabricated to display matrix strength, matrix resilience, as well as porous morphology of healthy human bone. Computer-aided design (CAD) software was employed for developing the 3D bioprinted scaffold. Further optimization of the scaffold was undertaken using MATLAB® software and artificial neural networks (ANN). Polymers employed for formulating the 3D scaffold comprised of polypropylene fumarate (PPF), free radical polymerized polyethylene glycol- polycaprolactone (PEG-PCL-PEG), and pluronic (PF127). Simvastatin was incorporated into the 3D bioprinted scaffolds to further promote bone healing and repair properties. The 3D bioprinted scaffold was characterized for its chemical, morphological, mechanical, and in vitro release kinetics for evaluation of its behavior for application as an implantable scaffold at the site of bone fracture. The ANN-optimized 3D bioprinted scaffold displayed significant properties as a controlled release platform, demonstrating drug release over 20 days. The 3D bioprinted scaffold further displayed formation as a pseudo-bone matrix, using a human clavicle bone model, induced with a butterfly fracture. The strength of the pseudo-bone matrix, evaluated for its matrix hardness (MH) and matrix resilience (MR), was evaluated to be as strong as original bone, having a 99% MH and 98% MR property, to healthy human clavicle bones."
39,A2_property,35958780,PMC9357760,10.1155/2022/1169438,2022,Computational intelligence and neuroscience,research-article; Journal Article,Using Convolutional Neural Network as a Statistical Algorithm to Explore the Therapeutic Effect of Insulin Liposomes on Corneal Inflammation.,"Aiming at the disadvantages of easy recurrence of keratitis, difficult eradication by surgery, and easy bacterial resistance, insulin-loaded liposomes were prepared, and convolutional neural network was used as a statistical algorithm to build SD rat corneal inflammation model and study insulin-loaded liposomes, alleviating effect on corneal inflammatory structure in SD rats. The INS/PFOB@LIP was developed by means of thin-film dispersive phacoemulsification, its structure was monitored using a transmission electron microscope, particle size and appearance potential were monitored using a Malvern particle sizer, and ultraviolet consumption spectrum was monitored using a UV spectrophotometer. The encapsulation rate, drug loading, and distribution of insulin liposomes in rat corneal inflammatory model were measured and calculated. The cytotoxicity of liposome materials was evaluated by CCK-8 assay, and the toxic effects of insulin and insulin liposomes on cells were detected. The cornea of SD rats was burned with NaOH solution (1 mol/L), and the SD rat corneal inflammation model was created. The insulin liposome was applied to the corneal inflammation model, and the therapeutic effect of insulin liposome on corneal inflammation was evaluated by slit lamp, corneal immunohistochemistry, corneal HE staining, and corneal Sirius red staining. Insulin-loaded liposomes were successfully constructed with an average particle size of (130.69 ± 3.87) nm and a surface potential of (-38.24 ± 2.57) mV. The encapsulation rate of insulin liposomes was (48.89 ± 1.24)%, and the drug loading rate was (24.45 ± 1.24)%. The SD rat corneal inflammation model was successfully established. After insulin liposome treatment, the staining area of corneal fluorescein sodium was significantly reduced, the corneal epithelium was significantly thickened, the content of corneal collagen was increased, the expression of inflammatory factors was significantly reduced, and new blood vessels (corneal neovascularization, CNV) growth was inhibited."
40,A2_property,34208524,PMC8234407,10.3390/bios11060198,2021,Biosensors,research-article; Journal Article,Eye-Movement-Controlled Wheelchair Based on Flexible Hydrogel Biosensor and WT-SVM.,"To assist patients with restricted mobility to control wheelchair freely, this paper presents an eye-movement-controlled wheelchair prototype based on a flexible hydrogel biosensor and Wavelet Transform-Support Vector Machine (WT-SVM) algorithm. Considering the poor deformability and biocompatibility of rigid metal electrodes, we propose a flexible hydrogel biosensor made of conductive HPC/PVA (Hydroxypropyl cellulose/Polyvinyl alcohol) hydrogel and flexible PDMS (Polydimethylsiloxane) substrate. The proposed biosensor is affixed to the wheelchair user's forehead to collect electrooculogram (EOG) and strain signals, which are the basis to recognize eye movements. The low Young's modulus (286 KPa) and exceptional breathability (18 g m-2 h-1 of water vapor transmission rate) of the biosensor ensures a conformal and unobtrusive adhesion between it and the epidermis. To improve the recognition accuracy of eye movements (straight, upward, downward, left, and right), the WT-SVM algorithm is introduced to classify EOG and strain signals according to different features (amplitude, duration, interval). The average recognition accuracy reaches 96.3%, thus the wheelchair can be manipulated precisely."
41,A2_property,34485258,PMC8415910,10.3389/fbioe.2021.704738,2021,Frontiers in bioengineering and biotechnology,research-article; Journal Article,Unraveling the Local Relation Between Tissue Composition and Human Brain Mechanics Through Machine Learning.,"The regional mechanical properties of brain tissue are not only key in the context of brain injury and its vulnerability towards mechanical loads, but also affect the behavior and functionality of brain cells. Due to the extremely soft nature of brain tissue, its mechanical characterization is challenging. The response to loading depends on length and time scales and is characterized by nonlinearity, compression-tension asymmetry, conditioning, and stress relaxation. In addition, the regional heterogeneity-both in mechanics and microstructure-complicates the comprehensive understanding of local tissue properties and its relation to the underlying microstructure. Here, we combine large-strain biomechanical tests with enzyme-linked immunosorbent assays (ELISA) and develop an extended type of constitutive artificial neural networks (CANNs) that can account for viscoelastic effects. We show that our viscoelastic constitutive artificial neural network is able to describe the tissue response in different brain regions and quantify the relevance of different cellular and extracellular components for time-independent (nonlinearity, compression-tension-asymmetry) and time-dependent (hysteresis, conditioning, stress relaxation) tissue mechanics, respectively. Our results suggest that the content of the extracellular matrix protein fibronectin is highly relevant for both the quasi-elastic behavior and viscoelastic effects of brain tissue. While the quasi-elastic response seems to be largely controlled by extracellular matrix proteins from the basement membrane, cellular components have a higher relevance for the viscoelastic response. Our findings advance our understanding of microstructure - mechanics relations in human brain tissue and are valuable to further advance predictive material models for finite element simulations or to design biomaterials for tissue engineering and 3D printing applications."
42,A2_property,39264000,PMC11855220,10.1002/smll.202405618,2025,"Small (Weinheim an der Bergstrasse, Germany)","Research Support, Non-U.S. Gov't; research-article; Journal Article",Rational Design of Lipid Nanoparticles for Enhanced mRNA Vaccine Delivery via Machine Learning.,"Since the coronavirus pandemic, mRNA vaccines have revolutionized the field of vaccinology. Lipid nanoparticles (LNPs) are proposed to enhance mRNA delivery efficiency; however, their design is suboptimal. Here, a rational method for designing LNPs is explored, focusing on the ionizable lipid composition and structural optimization using machine learning (ML) techniques. A total of 213 LNPs are analyzed using random forest regression models trained with 314 features to predict the mRNA expression efficiency. The models, which predict mRNA expression levels post-administration of intradermal injection in mice, identify phenol as the dominant substructure affecting mRNA encapsulation and expression. The specific phospholipids used as components of the LNPs, as well as the N/P ratio and mass ratio, are found to affect the efficacy of mRNA delivery. Structural analysis highlights the impact of the carbon chain length on the encapsulation efficiency and LNP stability. This integrated approach offers a framework for designing advanced LNPs and has the potential to unlock the full potential of mRNA therapeutics."
43,A2_property,40287592,PMC12033270,10.1038/s41598-025-99823-x,2025,Scientific reports,research-article; Journal Article,Chemometric and computational modeling of polysaccharide coated drugs for colonic drug delivery.,"A methodology based on Principal Component Analysis (PCA) and machine learning (ML) regression was developed in this study for predicting 5-aminosalicylic acid drug release from polysaccharide-coated formulation. The Raman method was used for collection of spectral data which were then used as inputs to the ML models for estimation of drug release. For ML modeling, we examined the predictive accuracy of three machine learning models-Elastic Net (EN), Group Ridge Regression (GRR), and Multilayer Perceptron (MLP)-for forecasting the release behavior of samples. The dataset, consisting of 155 data points with over 1500 spectral features, underwent preprocessing involving normalization, Principal Component Analysis (PCA) for dimensionality reduction, and outlier detection using Cook's Distance. Model hyperparameters were tuned using the Slime Mould Algorithm (SMA), and each model's performance was evaluated through k-fold cross-validation (k = 3). Assessment metrics, such as the coefficient of determination (R²), root mean square error (RMSE), and mean absolute error (MAE), emphasize the MLP model's exceptional performance. On the test set, MLP achieved an R² of 0.9989, notably higher than EN's R² of 0.9760 and GRR's R² of 0.7137. Additionally, MLP exhibited remarkably low test RMSE and MAE values at 0.0084 and 0.0067, respectively, in comparison to EN's RMSE of 0.0342 and MAE of 0.0267, as well as GRR's RMSE of 0.0907 and MAE of 0.0744. Parity plots and learning curves further validate MLP's predictive reliability, demonstrating close alignment between actual and predicted values and efficient learning with minimal overfitting. Consequently, the MLP model emerges as the most effective approach for this predictive task, offering a robust tool for accurately modeling complex spectral data. These findings underscore the robustness of the MLP model, providing a reliable and efficient approach for predicting drug release in polysaccharide-coated formulations, with implications for advancing colonic drug delivery systems."
44,A2_property,41037425,PMC12667492,10.1002/advs.202510960,2025,"Advanced science (Weinheim, Baden-Wurttemberg, Germany)",research-article; Journal Article,One-Pot Encapsulation of Enzymes in a Calcium Carboxylate Metal-Organic Framework for Improved Buffer Stability.,"Diverse metal-organic frameworks (MOFs) have been actively studied for enzyme encapsulation to enhance encapsulation efficiency (EE), retained enzymatic activity (REA), and stability. This study develops a biocompatible synthesis protocol for a MOF constructed from Ca2⁺ and 4,5-imidazoledicarboxylate ligand (termed CaIDC) in water at room temperature. This method enabled in situ, one-pot encapsulation of various enzymes, including bovine serum albumin (BSA), glucose oxidase (GOx), catalase (CAT), and esterase (EST). Compared to widely studied zeolitic imidazolate frameworks (ZIFs), CaIDC-based biocomposites demonstrated enhanced chemical robustness in phosphate buffer at pH 6.0 and 7.4. To optimize the synthesis process, a machine learning-assisted workflow incorporating Latin hypercube sampling (LHS) is developed for an efficient exploration of the entire synthesis space. As a model system, the optimized EST@CaIDC sample (EC19) exhibited EE, REA, and protein loading (Ploading) values of 28.7%, 20.1%, and 4.2 wt.%, respectively. In all, this study presents the development of a robust CaIDC-based platform for enzyme encapsulation and the implementation of an efficient ML-assisted optimization strategy, offering a pathway to advance enzyme encapsulation technologies with enhanced catalytic performance and sustainability."
45,A2_property,38883435,PMC11171283,10.1021/acs.chemmater.4c01069,2024,Chemistry of materials : a publication of the American Chemical Society,research-article; Journal Article,Unified Roadmap for ZIF-8 Nucleation and Growth: Machine Learning Analysis of Synthetic Variables and Their Impact on Particle Size and Morphology.,"Metal-organic frameworks (MOFs) have settled in the scientific community over the last decades as versatile materials with several applications. Among those, zeolitic imidazolate framework 8 (ZIF-8) is a well-known MOF that has been applied in various and diverse fields, from drug-delivery platforms to microelectronics. However, the complex role played by the reaction parameters in controlling the size and morphology of ZIF-8 particles is still not fully understood. Even further, many individual reports propose different nucleation and growth mechanisms for ZIF-8, thus creating a fragmented view for the behavior of the system. To provide a unified view, we have generated a comprehensive data set of synthetic conditions and their final outputs and applied machine learning techniques to analyze the data. Our approach has enabled us to identify the nucleation and growth mechanisms operating for ZIF-8 in a given sub-space of synthetic variables space (chemical space) and to reveal their impact on important features such as final particle size and morphology. By doing so, we draw connections and establish a hierarchy for the role of each synthetic variable and provide with rule of thumb for attaining control on the final particle size. Our results provide a unified roadmap for the nucleation and growth mechanisms of ZIF-8 in agreement with mainstream reported trends, which can guide the rational design of ZIF-8 particles which ultimately determine their suitability for any given targeted application. Altogether, our work represents a step forward in seeking control of the properties of MOFs through a deeper understanding of the rationale behind the synthesis procedures employed for their synthesis."
46,A2_property,36109460,PMC9483370,10.1007/s11095-022-03378-9,2022,Pharmaceutical research,research-article; Journal Article; Case Reports,Novel 3D Printed Modular Tablets Containing Multiple Anti-Viral Drugs: a Case of High Precision Drop-on-Demand Drug Deposition.,"3D printed drug delivery systems have gained tremendous attention in pharmaceutical research due to their inherent benefits over conventional systems, such as provisions for customized design and personalized dosing. The present study demonstrates a novel approach of drop-on-demand (DoD) droplet deposition to dispense drug solutions precisely on binder jetting-based 3D printed multi-compartment tablets containing 3 model anti-viral drugs (hydroxychloroquine sulfate - HCS, ritonavir and favipiravir). The printing pressure affected the printing quality whereas the printing speed and infill density significantly impacted the volume dispersed on the tablets. Additionally, the DoD parameters such as nozzle valve open time and cycle time affected both dispersing volume and the uniformity of the tablets. The solid-state characterization, including DSC, XRD, and PLM, revealed that all drugs remained in their crystalline forms. Advanced surface analysis conducted by microCT imaging as well as Artificial Intelligence (AI)/Deep Learning (DL) model validation showed a homogenous drug distribution in the printed tablets even at ultra-low doses. For a four-hour in vitro drug release study, the drug loaded in the outer layer was released over 90%, and the drug incorporated in the middle layer was released over 70%. In contrast, drug encapsulated in the core was only released about 40%, indicating that outer and middle layers were suitable for immediate release while the core could be applied for delayed release. Overall, this study demonstrates a great potential for tailoring drug release rates from a customized modular dosage form and developing personalized drug delivery systems coupling different 3D printing techniques."
47,A2_property,40148326,PMC11950366,10.1038/s41467-025-58339-8,2025,Nature communications,research-article; Journal Article,Nature-inspired hierarchical building materials with low CO2 emission and superior performance.,"Conventional cement-based materials are faced with significant challenges, including large carbon emissions, high density, and quasi-brittleness. Here, inspired by hierarchical porous structures existing in nature, we develop a low carbon, lightweight, strong and tough cement-based material (LLST), which is obtained by a rapid gelation of hydrogel as skeleton and subsequent deposition of cement hydrates as a skin. As a result, the LLST exhibits hierarchical structure consisting of sponge-like micropores (1 ~ 50 μm) and nanopores (5 ~ 100 nm), without detrimental macropores that compromise light weight, strength, and toughness. Compared with the normal cement paste, LLST displays a 54% reduction in density, 145% and 1365% improvement in specific compressive strength and fracture energy, with only 51% carbon emission. These properties are further investigated with machine learning force field molecular dynamics along with well-tempered metadynamics simulations, indicating that strong chemical bonding is generated at the atomic level between functional groups in the hydrogel and Ca ion released from cement hydration. These findings not only demonstrate a strategy for developing lightweight building materials with low-carbon emission and remarkable mechanical properties, but also provide valuable insights for realizing the coexistence of light weight, strength and toughness by tailoring the hierarchical pore structure."
48,A2_property,39161809,PMC11332826,10.1016/j.heliyon.2024.e35187,2024,Heliyon,research-article; Journal Article,High stretchable and self-adhesive multifunctional hydrogel for wearable and flexible sensors.,"Ionic conductive hydrogel has recently garnered significant research attention due to its potential applications in the field of wearable and flexible electronics. Nonetheless, the integration of multifunctional and synergistic advantages, including reliable electronic properties, high swelling capacity, exceptional mechanical characteristics, and self-adhesive properties, presents an ongoing challenge. In this study, we have developed an ionic conductive hydrogel through the co-polymerization of 4-Acryloylmorpholine (ACMO) and sodium acrylate using UV curing technology. The hydrogel exhibits excellent mechanical properties, high conductivity, superior swelling capacity, and remarkable self-adhesive attributes. The hydrogel serves as a highly sensitive strain sensor, enabling precise monitoring of both substantial and subtle human motions. Furthermore, the hydrogel demonstrates the capability to adhere to human skin, functioning as a human-machine interface for the detection of physiological signals, including electromyogram (EMG) signals, with low interfacial impedance. This work is anticipated to yield a new class of stretchable and conductive materials with diverse potential applications, ranging from flexible sensors and wearable bio-electronics to contributions in the field of artificial intelligence."
49,A2_property,36237207,PMC9551996,10.3389/fbioe.2022.973275,2022,Frontiers in bioengineering and biotechnology,research-article; Journal Article,Designing anisotropic porous bone scaffolds using a self-learning convolutional neural network model.,"The design of bionic bone scaffolds to mimic the behaviors of native bone tissue is crucial in clinical application, but such design is very challenging due to the complex behaviors of native bone tissues. In the present study, bionic bone scaffolds with the anisotropic mechanical properties similar to those of native bone tissues were successfully designed using a novel self-learning convolutional neural network (CNN) framework. The anisotropic mechanical property of bone was first calculated from the CT images of bone tissues. The CNN model constructed was trained and validated using the predictions from the heterogonous finite element (FE) models. The CNN model was then used to design the scaffold with the elasticity matrix matched to that of the replaced bone tissues. For the comparison, the bone scaffold was also designed using the conventional method. The results showed that the mechanical properties of scaffolds designed using the CNN model are closer to those of native bone tissues. In conclusion, the self-learning CNN framework can be used to design the anisotropic bone scaffolds and has a great potential in the clinical application."
50,A2_property,38960112,PMC13128258,10.1016/j.actbio.2024.06.038,2024,Acta biomaterialia,"research-article; Journal Article; Research Support, N.I.H., Extramural",Discovering 3D hidden elasticity in isotropic and transversely isotropic materials with physics-informed UNets.,"Three-dimensional variation in structural components or fiber alignments results in complex mechanical property distribution in tissues and biomaterials. In this paper, we use a physics-informed UNet-based neural network model (El-UNet) to discover the three-dimensional (3D) internal composition and space-dependent material properties of heterogeneous isotropic and transversely isotropic materials without a priori knowledge of the composition. We then show the capabilities of El-UNet by validating against data obtained from finite-element simulations of two soft tissues, namely, brain tissue and articular cartilage, under various loading conditions. We first simulated compressive loading of 3D brain tissue comprising of distinct white matter and gray matter mechanical properties undergoing small strains with isotropic linear elastic behavior, where El-UNet reached mean absolute relative errors under 1.5 % for elastic modulus and Poisson's ratio estimations across the 3D volume. We showed that the 3D solution achieved by El-UNet was superior to relative stiffness mapping by inverse of axial strain and two-dimensional plane stress/plane strain approximations. Additionally, we simulated a transversely isotropic articular cartilage with known fiber orientations undergoing compressive loading, and accurately estimated the spatial distribution of all five material parameters, with mean absolute relative errors under 5 %. Our work demonstrates the application of the computationally efficient physics-informed El-UNet in 3D elasticity imaging and provides methods for translation to experimental 3D characterization of soft tissues and other materials. The proposed El-UNet offers a powerful tool for both in vitro and ex vivo tissue analysis, with potential extensions to in vivo diagnostics. STATEMENT OF SIGNIFICANCE: Elasticity imaging is a technique that reconstructs mechanical properties of tissue using deformation and force measurements. Given the complexity of this reconstruction, most existing methods have mostly focused on 2D problems. Our work is the first implementation of physics-informed UNets to reconstruct three-dimensional material parameter distributions for isotropic and transversely isotropic linear elastic materials by having deformation and force measurements. We comprehensively validate our model using synthetic data generated using finite element models of biological tissues with high bio-fidelity-the brain and articular cartilage. Our method can be implemented in elasticity imaging scenarios for in vitro and ex vivo mechanical characterization of biomaterials and biological tissues, with potential extensions to in vivo diagnostics."
51,A2_property,33383691,PMC7795907,10.3390/molecules26010111,2020,"Molecules (Basel, Switzerland)",research-article; Journal Article,Tailoring Atomoxetine Release Rate from DLP 3D-Printed Tablets Using Artificial Neural Networks: Influence of Tablet Thickness and Drug Loading.,"Various three-dimensional printing (3DP) technologies have been investigated so far in relation to their potential to produce customizable medicines and medical devices. The aim of this study was to examine the possibility of tailoring drug release rates from immediate to prolonged release by varying the tablet thickness and the drug loading, as well as to develop artificial neural network (ANN) predictive models for atomoxetine (ATH) release rate from DLP 3D-printed tablets. Photoreactive mixtures were comprised of poly(ethylene glycol) diacrylate (PEGDA) and poly(ethylene glycol) 400 in a constant ratio of 3:1, water, photoinitiator and ATH as a model drug whose content was varied from 5% to 20% (w/w). Designed 3D models of cylindrical shape tablets were of constant diameter, but different thickness. A series of tablets with doses ranging from 2.06 mg to 37.48 mg, exhibiting immediate- and modified-release profiles were successfully fabricated, confirming the potential of this technology in manufacturing dosage forms on demand, with the possibility to adjust the dose and release behavior by varying drug loading and dimensions of tablets. DSC (differential scanning calorimetry), XRPD (X-ray powder diffraction) and microscopic analysis showed that ATH remained in a crystalline form in tablets, while FTIR spectroscopy confirmed that no interactions occurred between ATH and polymers."
52,A2_property,38212322,PMC10784499,10.1038/s41598-023-50876-w,2024,Scientific reports,research-article; Journal Article,Machine learning assisted exploration of the influential parameters on the PLGA nanoparticles.,"Poly (lactic-co-glycolic acid) (PLGA)-based nanoparticles (NPs) are widely investigated as drug delivery systems. However, despite the numerous reviews and research papers discussing various physicochemical and technical properties that affect NP size and drug loading characteristics, predicting the influential features remains difficult. In the present study, we employed four different machine learning (ML) techniques to create ML models using effective parameters related to NP size, encapsulation efficiency (E.E.%), and drug loading (D.L.%). These parameters were extracted from the different literature. Least Absolute Shrinkage and Selection Operator was used to investigate the input parameters and identify the most influential features (descriptors). Initially, ML models were trained and validated using tenfold validation methods, and subsequently, next their performances were evaluated and compared in terms of absolute error, mean absolute, error and R-square. After comparing the performance of different ML models, we decided to use support vector regression for predicting the size and E.E.% and random forest for predicting the D.L.% of PLGA-based NPs. Furthermore, we investigated the interactions between these target variables using ML methods and found that size and E.E.% are interrelated, while D.L.% shows no significant relationship with the other targets. Among these variables, E.E.% was identified as the most influential parameter affecting the NPs' size. Additionally, we found that certain physicochemical properties of PLGA, including molecular weight (Mw) and the lactide-to-glycolide (LA/GA) ratio, are the most determining features for E.E.% and D.L.% of the final NPs, respectively."
53,A2_property,37834492,PMC10573332,10.3390/ma16196355,2023,"Materials (Basel, Switzerland)",research-article; Journal Article,Predicting Low-Modulus Biocompatible Titanium Alloys Using Machine Learning.,"Titanium alloys have been present for decades as the main components for the production of various orthopedic and dental elements. However, modern times require titanium alloys with a low Young's modulus, and without the presence of cytotoxic alloying elements. Machine learning was used with aim to analyze biocompatible titanium alloys and predict the composition of Ti alloys with a low Young's modulus. A database was created using experimental data for alloy composition, Young's modulus, and mechanical and thermal properties of biocompatible titanium alloys. The Extra Tree Regression model was built to predict the Young's modulus of titanium alloys. By processing data of 246 alloys, the specific heat was discovered to be the most influential parameter that contributes to the lowering of the Young's modulus of titanium alloys. Further, the Monte Carlo method was used to predict the composition of future alloys with the desired properties. Simulation results of ten million samples, with predefined conditions for obtaining titanium alloys with a Young's modulus lower than 70 GPa, show that it is possible to obtain several multicomponent alloys, consisting of five main elements: titanium, zirconium, tin, manganese and niobium."
54,A2_property,40613918,PMC12227466,10.1007/s10142-025-01649-3,2025,Functional & integrative genomics,research-article; Journal Article,Discovering novel type I collagen fragments from Cyprinus carpio supporting bone regeneration.,"Fish collagen is gaining increasing attention in tissue engineering due to its exceptional bioactivity. This study aimed to isolate functional fish collagen fragments capable of microbial biosynthesis and supporting bone tissue regeneration. Collagen fragments of 150 amino acids were extracted from Cyprinus carpio collagen I (CcCOL1), and their bioactivity, net charge, and hydrophobicity were calculated and analyzed for correlations, these physicochemical and sequential features were using to train the machine learning model, which classified the fragments into three subgroups. Representative samples were selected from each cluster or directly from the original CcCOL1. Six out of eight variants were successfully secreted in Pichia pastoris, and all formed triple-helical structures, while only Var-2 and Var-3 retained self-assembly at 15 °C. Notably, Var-2 exhibited the highest capacity to induce osteoblast differentiation. To develop scaffolds with enhanced mechanical strength, Var-2 was combined with chitin and hydroxyapatite (HAP). The resulting composite demonstrated a compressive strength of 5.77 ± 0.32 MPa while maintaining high porosity at a chitin-HAP ratio of 2:1. Cytotoxicity assays confirmed biocompatibility, and fibroblast differentiation was comparable to Var-2 alone. In vivo rat tibia defect studies showed significant bone regeneration after 12 weeks, highlighting the potential of this fish collagen-chitin-HAP biomaterial for bone tissue engineering."
55,A2_property,41269797,PMC12663998,10.1073/pnas.2424047122,2025,Proceedings of the National Academy of Sciences of the United States of America,research-article; Journal Article,"Deep learning reveals how cells pull, buckle, and navigate fibrous environments.","Cells in tissues navigate fibrous environments fundamentally differently than they do on flat substrates, but the establishment of cell forces in physiological fibrous settings remains poorly understood. Although factors such as the stiffness of the extracellular matrix (ECM) are known to drive behaviors, including cell motility on flat nonfibrous substrates, the interplay between fiber architecture and stiffness in fibrous ECM is not known. Here, we find that in fibrous environments, the directionality of mechanical forces overrides ECM stiffness as the primary regulator of contractility in migrating cells. Using an approach combining phase microscopy with deep learning to map forces in real time, termed deep learning-enabled live-cell fiber-force microscopy (DLFM), we reveal that when cells transition between anisotropic and isotropic stress fields, their contractility significantly drops despite encountering stiffer ECM, contrary to the behavior of cells on flat nonfibrous substrates. Unlike the peripheral adhesions observed on flat nonfibrous substrates, cells in fibrous matrices form force-generating adhesions throughout their body, stabilized by out-of-plane mechanical components unique to fiber geometry. Cells exhibit distinct force signatures during migration, division, and differentiation, with temporal signatures that predict stem cell fate. These findings, enabled by combining deep learning and the mechanics of cells and fibers, explain long-standing paradoxical behavior of cells navigating deformable fibrous environments, how they can pull and tug at them, and identify tension anisotropy as a master regulator of cell behavior, with implications for cancer invasion, tissue engineering, and regenerative medicine."
56,A2_property,38882536,PMC11179666,10.2147/ijn.s452316,2024,International journal of nanomedicine,research-article; Journal Article,Nose-to-Brain Drug Delivery and Physico-Chemical Properties of Nanosystems: Analysis and Correlation Studies of Data from Scientific Literature.,"BackgroundIn the last few decades, nose-to-brain delivery has been investigated as an alternative route to deliver molecules to the Central Nervous System (CNS), bypassing the Blood-Brain Barrier. The use of nanotechnological carriers to promote drug transfer via this route has been widely explored. The exact mechanisms of transport remain unclear because different pathways (systemic or axonal) may be involved. Despite the large number of studies in this field, various aspects still need to be addressed. For example, what physicochemical properties should a suitable carrier possess in order to achieve this goal? To determine the correlation between carrier features (eg, particle size and surface charge) and drug targeting efficiency percentage (DTE%) and direct transport percentage (DTP%), correlation studies were performed using machine learning.MethodsDetailed analysis of the literature from 2010 to 2021 was performed on Pubmed in order to build ""NANOSE"" database. Regression analyses have been applied to exploit machine-learning technology.ResultsA total of 64 research articles were considered for building the NANOSE database (102 formulations). Particle-based formulations were characterized by an average size between 150-200 nm and presented a negative zeta potential (ZP) from -10 to -25 mV. The most general-purpose model for the regression of DTP/DTE values is represented by Decision Tree regression, followed by K-Nearest Neighbors Regressor (KNeighbor regression).ConclusionA literature review revealed that nose-to-brain delivery has been widely investigated in neurodegenerative diseases. Correlation studies between the physicochemical properties of nanosystems (mean size and ZP) and DTE/DTP parameters suggest that ZP may be more significant than particle size for DTP/DTE predictability."
57,A2_property,39539114,PMC11561990,10.1177/15330338241296725,2024,Technology in cancer research & treatment,"Comparative Study; Research Support, Non-U.S. Gov't; research-article; Journal Article",Predicting Calcein Release from Ultrasound-Targeted Liposomes: A Comparative Analysis of Random Forest and Support Vector Machine.,"ObjectiveThis study presents a comparative analysis of RF and SVM for predicting calcein release from ultrasound-triggered, targeted liposomes under varied low-frequency ultrasound (LFUS) power densities (6.2, 9, and 10 mW/cm2).MethodsLiposomes loaded with calcein and targeted with seven different moieties (cRGD, estrone, folate, Herceptin, hyaluronic acid, lactobionic acid, and transferrin) were synthesized using the thin-film hydration method. The liposomes were characterized using Dynamic Light Scattering and Bicinchoninic Acid assays. Extensive data collection and preprocessing were performed. RF and SVM models were trained and evaluated using mean absolute error (MAE), mean squared error (MSE), coefficient of determination (R²), and the a20 index as performance metrics.ResultsRF consistently outperformed SVM, achieving R2 scores above 0.96 across all power densities, particularly excelling at higher power densities and indicating a strong correlation with the actual data.ConclusionRF outperforms SVM in drug release prediction, though both show strengths and apply based on specific prediction needs."
58,A2_property,38853181,PMC11163007,10.1038/s41598-024-63285-4,2024,Scientific reports,research-article; Journal Article,Imbalanced spectral data analysis using data augmentation based on the generative adversarial network.,"Spectroscopic techniques generate one-dimensional spectra with distinct peaks and specific widths in the frequency domain. These features act as unique identities for material characteristics. Deep neural networks (DNNs) has recently been considered a powerful tool for automatically categorizing experimental spectra data by supervised classification to evaluate material characteristics. However, most existing work assumes balanced spectral data among various classes in the training data, contrary to actual experiments, where the spectral data is usually imbalanced. The imbalanced training data deteriorates the supervised classification performance, hindering understanding of the phase behavior, specifically, sol-gel transition (gelation) of soft materials and glycomaterials. To address this issue, this paper applies a novel data augmentation method based on a generative adversarial network (GAN) proposed by the authors in their prior work. To demonstrate the effectiveness of the proposed method, the actual imbalanced spectral data from Pluronic F-127 hydrogel and Alpha-Cyclodextrin hydrogel are used to classify the phases of data. Specifically, our approach improves 8.8%, 6.4%, and 6.2% of the performance of the existing data augmentation methods regarding the classifier's F-score, Precision, and Recall on average, respectively. Specifically, our method consists of three DNNs: the generator, discriminator, and classifier. The method generates samples that are not only authentic but emphasize the differentiation between material characteristics to provide balanced training data, improving the classification results. Based on these validated results, we expect the method's broader applications in addressing imbalanced measurement data across diverse domains in materials science and chemical engineering."
59,A2_property,41471061,PMC12736625,10.3390/pharmaceutics17121546,2025,Pharmaceutics,research-article; Journal Article,Combined Experimental and Computational Approaches for Ternary Solid Dispersions to Enhance the Oral Bioavailability of Penfluridol.,"Background: Penfluridol is a long-acting oral antipsychotic used for the treatment of schizophrenia. Although the prolonged half-life of penfluridol allows once-weekly dosing, improving patient compliance, its therapeutic potential is limited by low aqueous solubility and poor oral absorption. This study aimed to enhance the dissolution and oral bioavailability of penfluridol using solid dispersion technology. Methods: Ternary solid dispersions of penfluridol were prepared using a solvent evaporation method with various hydrophilic carriers. Following prescreening of polymeric carriers, the formulation composition was optimized using a random forest regression model. Structural characteristics and drug release behavior of the optimized formulation (PF-SD5) were evaluated through in vitro studies. Pharmacokinetic studies in rats were conducted to assess the effectiveness of PF-SD5 in enhancing oral bioavailability. Results: The optimized PF-SD5 formulation, comprising penfluridol, poloxamer 407, and polyvinylpyrrolidone K30 in a 1:3:1 ratio, exhibited a 117-fold increase in aqueous solubility compared with the pure drug. PF-SD5 achieved nearly complete drug release within 1 h across a pH range from acidic to neutral. Spectroscopic, microscopical, and thermal analyses confirmed that penfluridol transformed into an amorphous form and established molecular interactions within the carrier matrix. Pharmacokinetic studies in rats revealed approximately a 1.9-fold increase in oral bioavailability. Conclusions: Combining solid dispersion technology with machine learning-guided optimization provides an effective strategy for enhancing the oral absorption of poorly soluble penfluridol."
60,A2_property,40233830,PMC12076078,10.1016/j.jconrel.2025.113722,2025,Journal of controlled release : official journal of the Controlled Release Society,"Research Support, Non-U.S. Gov't; research-article; Journal Article",Sonopermeation combined with stroma normalization enables complete cure using nano-immunotherapy in murine breast tumors.,"Nano-immunotherapy shows great promise in improving patient outcomes, as seen in advanced triple-negative breast cancer, but it does not cure the disease, with median survival under two years. Therefore, understanding resistance mechanisms and developing strategies to enhance its effectiveness in breast cancer is crucial. A key resistance mechanism is the pronounced desmoplasia in the tumor microenvironment, which leads to dysfunction of tumor blood vessels and thus, to hypoperfusion, limited drug delivery and hypoxia. Ultrasound sonopermeation and agents that normalize the tumor stroma have been employed separately to restore vascular abnormalities in tumors with some success. Here, we performed in vivo studies in two murine, orthotopic breast tumor models to explore if combination of ultrasound sonopermeation with a stroma normalization drug can synergistically improve tumor perfusion and enhance the efficacy of nano-immunotherapy. We found that the proposed combinatorial treatment can drastically reduce primary tumor growth and in many cases tumors were no longer measurable. Overall survival studies showed that all mice that received the combination treatment survived and rechallenge experiments revealed that the survivors obtained immunological memory. Employing ultrasound elastography and contrast enhanced ultrasound along with proteomics analysis, flow cytometry and immunofluorescene staining, we found the combinatorial treatment reduced tumor stiffness to normal levels, restoring tumor perfusion and oxygenation. Furthermore, it increased infiltration and activity of immune cells and altered the levels of immunosupportive chemokines. Finally, using machine learning analysis, we identified that tumor stiffness, CD8+ T cells and M2-type macrophages were strong predictors of treatment response."
61,A2_property,36555718,PMC9785476,10.3390/ijms232416070,2022,International journal of molecular sciences,research-article; Journal Article,Deep Learning-Based Artificial Intelligence to Investigate Targeted Nanoparticles' Uptake in TNBC Cells.,"Triple negative breast cancer (TNBC) is the most aggressive subtype of breast cancer in women. It has the poorest prognosis along with limited therapeutic options. Smart nano-based carriers are emerging as promising approaches in treating TNBC due to their favourable characteristics such as specifically delivering different cargos to cancer cells. However, nanoparticles' tumour cell uptake, and subsequent drug release, are essential factors considered during the drug development process. Contemporary qualitative analyses based on imaging are cumbersome and prone to human biases. Deep learning-based algorithms have been well-established in various healthcare settings with promising scope in drug discovery and development. In this study, the performance of five different convolutional neural network models was evaluated. In this research, we investigated two sequential models from scratch and three pre-trained models, VGG16, ResNet50, and Inception V3. These models were trained using confocal images of nanoparticle-treated cells loaded with a fluorescent anticancer agent. Comparative and cross-validation analyses were further conducted across all models to obtain more meaningful results. Our models showed high accuracy in predicting either high or low drug uptake and release into TNBC cells, indicating great translational potential into practice to aid in determining cellular uptake at the early stages of drug development in any area of research."
62,A2_property,38810107,PMC11629694,10.1093/bioinformatics/btae342,2024,"Bioinformatics (Oxford, England)","Research Support, Non-U.S. Gov't; research-article; Journal Article",Representations of lipid nanoparticles using large language models for transfection efficiency prediction.,"MotivationLipid nanoparticles (LNPs) are the most widely used vehicles for mRNA vaccine delivery. The structure of the lipids composing the LNPs can have a major impact on the effectiveness of the mRNA payload. Several properties should be optimized to improve delivery and expression including biodegradability, synthetic accessibility, and transfection efficiency.ResultsTo optimize LNPs, we developed and tested models that enable the virtual screening of LNPs with high transfection efficiency. Our best method uses the lipid Simplified Molecular-Input Line-Entry System (SMILES) as inputs to a large language model. Large language model-generated embeddings are then used by a downstream gradient-boosting classifier. As we show, our method can more accurately predict lipid properties, which could lead to higher efficiency and reduced experimental time and costs.Availability and implementationCode and data links available at: https://github.com/Sanofi-Public/LipoBART."
63,A2_property,39211601,PMC11350574,10.1021/jacsau.4c00485,2024,JACS Au,research-article; Journal Article,Machine Learning Optimizing Enzyme/ZIF Biocomposites for Enhanced Encapsulation Efficiency and Bioactivity.,"In this study, we present the first example of using a machine learning (ML)-assisted design strategy to optimize the synthesis formulation of enzyme/ZIFs (zeolitic imidazolate framework) for enhanced performance. Glucose oxidase (GOx) and horseradish peroxidase (HRP) were chosen as model enzymes, while Zn(eIM)2 (eIM = 2-ethylimidazolate) was selected as the model ZIF to test our ML-assisted workflow paradigm. Through an iterative ML-driven training-design-synthesis-measurement workflow, we efficiently discovered GOx/ZIF (G151) and HRP/ZIF (H150) with their overall performance index (OPI) values (OPI represents the product of encapsulation efficiency (E in %), retained enzymatic activity (A in %), and thermal stability (T in %)) at least 1.3 times higher than those in systematic seed data studies. Furthermore, advanced statistical methods derived from the trained random forest model qualitatively and quantitatively reveal the relationship among synthesis, structure, and performance in the enzyme/ZIF system, offering valuable guidance for future studies on enzyme/ZIFs. Overall, our proposed ML-assisted design strategy holds promise for accelerating the development of enzyme/ZIFs and other enzyme immobilization systems for biocatalysis applications and beyond, including drug delivery and sensing, among others."
64,A2_property,35277947,PMC9069389,10.1002/advs.202105550,2022,"Advanced science (Weinheim, Baden-Wurttemberg, Germany)","Research Support, Non-U.S. Gov't; research-article; Journal Article",Optimizing Piezoelectric Nanocomposites by High-Throughput Phase-Field Simulation and Machine Learning.,"Piezoelectric nanocomposites with oxide fillers in a polymer matrix combine the merit of high piezoelectric response of the oxides and flexibility as well as biocompatibility of the polymers. Understanding the role of the choice of materials and the filler-matrix architecture is critical to achieving desired functionality of a composite towards applications in flexible electronics and energy harvest devices. Herein, a high-throughput phase-field simulation is conducted to systematically reveal the influence of morphology and spatial orientation of an oxide filler on the piezoelectric, mechanical, and dielectric properties of the piezoelectric nanocomposites. It is discovered that with a constant filler volume fraction, a composite composed of vertical pillars exhibits superior piezoelectric response and electromechanical coupling coefficient as compared to the other geometric configurations. An analytical regression is established from a linear regression-based machine learning model, which can be employed to predict the performance of nanocomposites filled with oxides with a given set of piezoelectric coefficient, dielectric permittivity, and stiffness. This work not only sheds light on the fundamental mechanism of piezoelectric nanocomposites, but also offers a promising material design strategy for developing high-performance polymer/inorganic oxide composite-based wearable electronics."
65,A2_property,35124896,PMC11468966,10.1002/adhm.202102508,2022,Advanced healthcare materials,"Research Support, Non-U.S. Gov't; research-article; Journal Article",Sublingual Boosting with a Novel Mucoadhesive Thermogelling Hydrogel Following Parenteral CAF01 Priming as a Strategy Against Chlamydia trachomatis.,"Chlamydia trachomatis is the most prevalent sexually transmitted disease of bacterial origin. The high number of asymptomatic cases makes it difficult to stop the transmission, requiring vaccine development. Herein, a strategy is proposed to obtain local genital tract immunity against C. trachomatis through parenteral prime and sublingual boost. Subcutaneous administration of chlamydia CTH522 subunit vaccine loaded in the adjuvant CAF01 is combined with sublingual administration of CTH522 loaded in a novel thermosensitive and mucoadhesive hydrogel. Briefly, a ternary optimized hydrogel (OGEL) with desirable biological and physicochemical properties is obtained using artificial intelligence techniques. This formulation exhibits a high gel strength and a strong mucoadhesive, adhesive and cohesive nature. The thermosensitive properties of the hydrogel facilitate application under the tongue. Meanwhile the fast gelation at body temperature together with rapid antigen release should avoid CTH522 leakage by swallowing and increase the contact with sublingual tissue, thus promoting absorption. In vivo studies demonstrate that parenteral-sublingual prime-boost immunization, using CAF01 and OGEL as CTH522 vaccine carriers, shows a tendency to increase cellular (Th1/Th17) immune responses when compared to mucosal or parenteral vaccination alone. Furthermore, parenteral prime with CAF01/CTH522 followed by sublingual boosting with OGEL/CTH522 elicits a local IgA response in the genital tract."
66,A2_property,39759971,PMC11696778,10.1016/j.jpha.2024.100996,2024,Journal of pharmaceutical analysis,research-article; Journal Article,Machine learning-driven optimization of mRNA-lipid nanoparticle vaccine quality with XGBoost/Bayesian method and ensemble model approaches.,"To enhance the efficiency of vaccine manufacturing, this study focuses on optimizing the microfluidic conditions and lipid mix ratios of messenger RNA-lipid nanoparticles (mRNA-LNP). Different mRNA-LNP formulations (n = 24) were developed using an I-optimal design, where machine learning tools (XGBoost/Bayesian optimization and self-validated ensemble (SVEM)) were used to optimize the process and predict lipid mix ratio. The investigation included material attributes, their respective ratios, and process attributes. The critical responses like particle size (PS), polydispersity index (PDI), Zeta potential, pKa, heat trend cycle, encapsulation efficiency (EE), recovery ratio, and encapsulated mRNA were evaluated. Overall prediction of SVEM (>97%) was comparably better than that of XGBoost/Bayesian optimization (>94%). Moreover, in actual experimental outcomes, SVEM prediction is close to the actual data as confirmed by the experimental PS (94-96 nm) is close to the predicted one (95-97 nm). The other parameters including PDI and EE were also close to the actual experimental data."
67,A2_property,40762431,PMC12371690,10.1021/acsami.5c11459,2025,ACS applied materials & interfaces,research-article; Journal Article,Integrating Deep Learning and Real-Time Imaging to Visualize In Situ Self-Assembly of Self-Healing Interpenetrating Polymer Networks Formed by Protein and Polysaccharide Fibers.,"Fibrillar protein hydrogels are promising sustainable biomaterials for biomedical applications, but their practical use is often limited by insufficient mechanical strength and stability. To address these challenges, we transformed native proteins into amyloid fibrils (AFs) and incorporated a fibrillar polysaccharide, phytagel (PHY), to engineer interpenetrating polymer network (IPN) hydrogels. Notably, we report for the first time the formation of an amyloid-based hydrogel from apoferritin (APO), with PHY reinforcing the network's mechanical integrity. In situ self-assembly of APO within the PHY matrix yields fully natural, biopolymer-based IPNs. Rheological analyses confirm synergistic interactions between AF and PHY fibers, with the composite hydrogels exhibiting significantly enhanced viscoelastic moduli compared with individual components. The AF-PHY hydrogels also demonstrate excellent self-healing behavior, rapidly restoring their storage modulus after high-strain deformation. A major advancement of this study is the application of deep learning (DL)-based image analysis, using convolutional neural networks, to automate the identification, segmentation, and quantification of fibrillar components in high-resolution scanning electron microscopy images. This AI-driven method enables precise differentiation between AF and PHY fibers and reveals the three-dimensional microarchitecture of the IPN, overcoming key limitations of traditional image analysis. Complementary real-time confocal laser scanning microscopy, with selective fluorescent labeling of protein and polysaccharide components, further validates the IPN structure of the hybrid hydrogels. Our results demonstrate that DL significantly enhances structural characterization and provides insights into gelation processes. This approach sets a new guide for the analysis of complex soft materials and underlines the potential of AF-PHY hydrogels as mechanically robust, self-healing, and fully sustainable biomaterials for biomedical engineering applications."
68,A2_property,35892727,PMC9332682,10.3390/gels8080468,2022,"Gels (Basel, Switzerland)",research-article; Journal Article,Application of Polyacrylic Hydrogel in Durability and Reduction of Environmental Impacts of Concrete through ANN.,"While adding superabsorbent polymer hydrogel particles to fresh concrete admixtures, they act as internal curing agents that absorb and then release large amounts of water and reduce self-desiccation and volumetric shrinkage of cement that finally result in hardened concrete with increased durability and strength. The entrainment of microscopic air bubbles in the concrete paste can substantially improve the resistance of concrete. When the volume and distribution of entrained air are adequately managed, the microstructure is protected from the pressure produced by freezing water. This study addresses the design and application of hydrogel nanoparticles as internal curing agents in concrete, as well as new findings on crucial hydrogel-ion interactions. When mixed into concrete, hydrogel particles produce their stored water to power the curing reaction, resulting in less volumetric shrinkage and cracking and thereby prolonging the service life of concrete. The mechanical and swelling performance qualities of the hydrogel are very sensitive to multivalent cations found naturally in concrete mixes, such as aluminum and calcium. The interactions between hydrogel nanoparticles and alkaline cementitious mixes are described in this study, while emphasizing how the chemical structure and shape of the hydrogel particles regulate swelling behavior and internal curing efficiency to eliminate voids in the admixture. Moreover, in this study, an artificial neural network (ANN) was utilized to precisely and quickly analyze the test results of the compressive strength and durability of concrete. The addition of multivalent cations reduced swelling capacity and changed swelling kinetics, resulting in fast deswelling behavior and the creation of a mechanically stiff shell in certain hydrogel compositions. Notably, when hydrogel particles were added to a mixture, they reduced shrinkage while encouraged the creation of particular inorganic phases within the void area formerly held by the swelled particle."
69,A2_property,40363517,PMC12072391,10.3390/ma18092014,2025,"Materials (Basel, Switzerland)",research-article; Journal Article,Anti-Freezing Conductive Ionic Hydrogel-Enabled Triboelectric Nanogenerators for Wearable Speech Recognition.,"Flexible wearable electronics face critical challenges in achieving reliable physiological monitoring, particularly due to the trade-off between sensitivity and durability in flexible electrodes, compounded by mechanical modulus mismatch with biological tissues. To address these limitations, we develop an anti-freezing ionic hydrogel through a chitosan/acrylamide/LiCl system engineered via the solution post-treatment strategy. The optimized hydrogel exhibits exceptional ionic conductivity (24.1 mS/cm at 25 °C) and excellent cryogenic tolerance. Leveraging these attributes, we construct a gel-based triboelectric nanogenerator (G-TENG) that demonstrates ultrahigh sensitivity (1.56 V/kPa) under low pressure. The device enables the precise capture of subtle vibrations at a frequency of 1088 Hz with a signal-to-noise ratio of 16.27 dB and demonstrates operational stability (>16,000 cycles), successfully differentiating complex physiological activities including swallowing, coughing, and phonation. Through machine learning-assisted analysis, the system achieves 96.56% recognition accuracy for five words and demonstrates good signal recognition ability in different ambient sound scenarios. This work provides a paradigm for designing environmentally adaptive wearable sensors through interfacial modulus engineering and ion transport optimization."
70,A2_property,39251653,PMC11385233,10.1038/s41598-024-71824-2,2024,Scientific reports,research-article; Journal Article,"Machine learning to predict morphology, topography and mechanical properties of sustainable gelatin-based electrospun scaffolds.","Electrospinning is an outstanding manufacturing technique for producing nano-micro-scaled fibrous scaffolds comparable to biological tissues. However, the solvents used are normally hazardous for the health and the environment, which compromises the sustainability of the process and the industrial scaling. This novel study compares different machine learning models to predict how green solvents affect the morphology, topography and mechanical properties of gelatin-based scaffolds. Gelatin-based scaffolds were produced with different concentrations of distillate water (dH2O), acetic acid (HAc) and dimethyl sulfoxide (DMSO). 2214 observations, 12 machine learning approaches, including Generalised Linear Models, Generalised Additive Models, Generalised Additive Models for Location, Scale and Shape (GAMLSS), Decision Trees, Random Forest, Support Vector Machine and Artificial Neural Network, and a total of 72 models were developed to predict diameter of the fibres, inter-fibre separation, roughness, ultimate tensile strength, Young's modulus and strain at break. The best GAMLSS models improved the performance of R2 with respect to the popular regression models by 6.868%, and the MAPE was improved by 21.16%. HAc highly influenced the morphology and topography; however, the importance of DMSO was higher in the mechanical properties. The addition of the morphological properties as covariates in the topographic and mechanical models enhanced their understanding."
71,A2_property,41147065,PMC12710182,10.1002/smll.202509459,2025,"Small (Weinheim an der Bergstrasse, Germany)","Research Support, N.I.H., Intramural; research-article; Research Support, U.S. Gov't, Non-P.H.S.; Journal Article; Research Support, N.I.H., Extramural",From Sequence to Response: AI-Guided Prediction of Nucleic Acid Nanoparticles Immune Recognitions.,"Nucleic acid nanoparticles (NANPs) represent a versatile platform for drug delivery and modulation of therapeutic responses. To expedite NANPs' translation from bench to bedside, rapid coordination of their design principles with immunostimulatory assessment is essential. Here, a deep learning framework is presented to predict cytokine responses, specifically interferon-beta (IFN-β) and interleukin-6 (IL-6), induced by NANPs in human microglial cells based solely on their sequences. Using a transformer-based architecture augmented through systematic strand permutation trained on 176 structurally diverse, individually assembled, and experimentally characterized NANPs, the model achieved high predictive performance in cross-validation (R2 = 0.96-0.97, RMSE ≤ 0.01) and demonstrated strong generalizability on an external test set (R2 = 0.91 for IFN-β; 0.85 for IL-6). This work advances sequence-based quantitative structure-activity relationship (QSAR) modeling by leveraging attention-based neural networks to eliminate the need for manual feature engineering while maintaining biological interpretability. To facilitate community access, the updated artificial immune cell (AI-cell) web-based platform is introduced, which supports rapid immune profiling of NANPs in silico. This new approach methodology provides a scalable framework to guide the rational design and optimization of NANPs through rapid prediction of their immune responses."
72,A2_property,34168893,PMC8218935,10.1093/rb/rbab025,2021,Regenerative biomaterials,research-article; Journal Article,Deciphering controversial results of cell proliferation on TiO2 nanotubes using machine learning.,"With the rapid development of biomedical sciences, contradictory results on the relationships between biological responses and material properties emerge continuously, adding to the challenge of interpreting the incomprehensible interfacial process. In the present paper, we use cell proliferation on titanium dioxide nanotubes (TNTs) as a case study and apply machine learning methodologies to decipher contradictory results in the literature. The gradient boosting decision tree model demonstrates that cell density has a higher impact on cell proliferation than other obtainable experimental features in most publications. Together with the variation of other essential features, the controversy of cell proliferation trends on various TNTs is understandable. By traversing all combinational experimental features and the corresponding forecast using an exhausted grid search strategy, we find that adjusting cell density and sterilization methods can simultaneously induce opposite cell proliferation trends on various TNTs diameter, which is further validated by experiments. This case study reveals that machine learning is a burgeoning tool in deciphering controversial results in biomedical researches, opening up an avenue to explore the structure-property relationships of biomaterials."
73,A2_property,37857648,PMC10587057,10.1038/s41467-023-42415-y,2023,Nature communications,research-article; Journal Article,Machine learning-enabled constrained multi-objective design of architected materials.,"Architected materials that consist of multiple subelements arranged in particular orders can demonstrate a much broader range of properties than their constituent materials. However, the rational design of these materials generally relies on experts' prior knowledge and requires painstaking effort. Here, we present a data-efficient method for the high-dimensional multi-property optimization of 3D-printed architected materials utilizing a machine learning (ML) cycle consisting of the finite element method (FEM) and 3D neural networks. Specifically, we apply our method to orthopedic implant design. Compared to uniform designs, our experience-free method designs microscale heterogeneous architectures with a biocompatible elastic modulus and higher strength. Furthermore, inspired by the knowledge learned from the neural networks, we develop machine-human synergy, adapting the ML-designed architecture to fix a macroscale, irregularly shaped animal bone defect. Such adaptation exhibits 20% higher experimental load-bearing capacity than the uniform design. Thus, our method provides a data-efficient paradigm for the fast and intelligent design of architected materials with tailored mechanical, physical, and chemical properties."
74,A2_property,38266820,PMC11725144,10.1016/j.jare.2024.01.023,2025,Journal of advanced research,"Research Support, Non-U.S. Gov't; research-article; Journal Article",Specifically targeted antimicrobial peptides synergize with bacterial-entrapping peptide against systemic MRSA infections.,"IntroductionThe design of precision antimicrobials aims to personalize the treatment of drug-resistant bacterial infections and avoid host microbiota dysbiosis.ObjectivesThis study aimed to propose an efficient de novo design strategy to obtain specifically targeted antimicrobial peptides (STAMPs) against methicillin-resistant Staphylococcus aureus (MRSA).MethodsWe evaluated three strategies designed to increase the selectivity of antimicrobial peptides (AMPs) for MRSA and mainly adopted an advanced hybrid peptide strategy. First, we proposed a traversal design to generate sequences, and constructed machine learning models to predict the anti-S. aureus activity levels of unknown peptides. Subsequently, six peptides were predicted to have high activity, among which, a broad-spectrum AMP (P18) was selected. Finally, the two targeting peptides from phage display libraries or lysostaphin were used to confer specific anti-S. aureus activity to P18. STAMPs were further screened out from hybrid peptides based on their in vitro and in vivo activities.ResultsAn advanced hybrid peptide strategy can enhance the specific and targeted properties of broad-spectrum AMPs. Among 25 assessed peptides, 10 passed in vitro tests, and two peptides containing one bacterial-entrapping peptide (BEP) and one STAMP passed an in vivo test. The lead STAMP (P18E6) disrupted MRSA cell walls and membranes, eliminated established biofilms, and exhibited desirable biocompatibility, systemic distribution and efficacy, and immunomodulatory activity in vivo. Furthermore, a bacterial-entrapping peptide (BEP, SP5) modified from P18, self-assembled into nanonetworks and rapidly entrapped MRSA. SP5 synergized with P18E6 to enhance antibacterial activity in vitro and reduced systemic MRSA infections.ConclusionsThis strategy may aid in the design of STAMPs against drug-resistant strains, and BEPs can serve as powerful STAMP adjuvants."
75,A2_property,39895194,PMC12747470,10.1002/adma.202412757,2025,"Advanced materials (Deerfield Beach, Fla.)",research-article; Journal Article,Rational Design of Metal-Organic Frameworks for Pancreatic Cancer Therapy: from Machine Learning Screening to In Vivo Efficacy.,"Despite improvements in cancer survival rates, metastatic and surgery-resistant cancers, such as pancreatic cancer, remain challenging, with poor prognoses and limited treatment options. Enhancing drug bioavailability in tumors, while minimizing off-target effects, is crucial. Metal-organic frameworks (MOFs) have emerged as promising drug delivery vehicles owing to their high loading capacity, biocompatibility, and functional tunability. However, the vast chemical diversity of MOFs complicates the rational design of biocompatible materials. This study employed machine learning and molecular simulations to identify MOFs suitable for encapsulating gemcitabine, paclitaxel, and SN-38, and identified PCN-222 as an optimal candidate. Following drug loading, MOF formulations are improved for colloidal stability and biocompatibility. In vitro studies on pancreatic cancer cell lines have shown high biocompatibility, cellular internalization, and delayed drug release. Long-term stability tests demonstrated a consistent performance over 12 months. In vivo studies in pancreatic tumor-bearing mice revealed that paclitaxel-loaded PCN-222, particularly with a hydrogel for local administration, significantly reduced metastatic spread and tumor growth compared to the free drug. These findings underscore the potential of PCN-222 as an effective drug delivery system for the treatment of hard-to-treat cancers."
76,A2_property,40558332,PMC12190710,10.3390/biomimetics10060363,2025,"Biomimetics (Basel, Switzerland)",research-article; Journal Article,A Piezoelectric Sensor Based on MWCNT-Enhanced Polyvinyl Chloride Gel for Contact Perception of Grippers.,"In contrast to traditional hydrogels, which are susceptible to water evaporation and structural degradation, non-hydrogel materials are engineered for superior stability and consistent performance. Here, we report an innovative piezoelectric polyvinyl chloride/multi-walled carbon nanotube polymer gel (PVC/MWCNT polymer gel, PMPG) with exceptional linearity (as low as 1.31%), high sensitivity (50-310.17 mV), rapid response (172-189 ms), and thermal stability. Under strain induction, ordered rearrangement of dipoles in PMPG and the enhancement of MWCNTs generate a potential difference. Increasing MWCNT content enhances output voltage, sensitivity, conductivity, maximum stress, Young's modulus, and toughness, while reducing nonlinear error. Higher dibutyl adipate (DBA) content increases output voltage and slightly improves sensitivity but decreases mechanical strength. The optimal PMPG (PVC:DBA = 1:5, 1 wt% MWCNTs) exhibited outstanding performance. It exhibits a nonlinear error as low as 1.31%, a conductivity of 25.4 μS/cm, an 80% compressive strain tolerance (273 kPa stress), and dimensional stability for 90 days in air. By integrating PMPG with machine learning algorithms, soft robotic grippers gain advanced contact perception capabilities, enabling applications in medicine, rescue, exploration, and other fields requiring fine manipulation and adaptability. This work highlights PMPG's potential as a stable, high-performance material for soft robotics and beyond."
77,A2_property,39665759,PMC11665908,10.1073/pnas.2406331121,2024,Proceedings of the National Academy of Sciences of the United States of America,research-article; Journal Article,3D electron microscopy for analyzing nanoparticles in the tumor endothelium.,"Delivering medical agents to diseased tissues has been challenging, leading researchers to study the in vivo transport process in the body for improving delivery. Many imaging techniques exist for mapping the distribution of medical agent-carrying nanoparticles in tissues, but they cannot capture the three-dimensional context of tissues with single nanoparticle resolution. Here, we developed 3DEM-NPD, a three-dimensional electron microscopy (3D EM) machine learning strategy to image and map single nanoparticle distributions (NPD) in tissues. 3DEM-NPD provides unbiased visualization and quantification of individual nanoparticles within organs. We applied this technique to quantify nanoparticle transport through tumor blood vessel endothelial cells. We measured the cell diameter, surface area, and volume and found that traditional 2D EM cannot accurately measure these features. We used machine learning to locate over 550,000 nanoparticles in less than 3 h with an accuracy of over 82%. The 3DEM-NPD method allowed us to establish a metric to quantify nanoparticle transport at the single nanoparticle level and to quantify the morphological features of ~2,800 vesicles. We find that on average there are only 2.4 nanoparticles per vesicle with a theoretical maximum of 158 nanoparticles per vesicle (~66x increase). These surprising results suggest the need to increase vesicle encapsulation efficiency for improved transport and they provide a benchmark for increasing nanoparticle transport and delivery. This technique may provide unique insights into the interactions between medical agents, drug carriers, emerging materials, and cells at the single-nanoparticle level throughout tissues."
78,A2_property,41304789,PMC12655049,10.3390/pharmaceutics17111451,2025,Pharmaceutics,research-article; Journal Article,Building Artificial Neural Networks for the Optimization of Sustained-Release Kinetics of Metronidazole from Colonic Hydrophilic Matrices.,"Introduction: Drug development has traditionally used mathematical models to predict formulation behavior. Objective: Building artificial neural networks for the drug release evaluation of drug delivery systems using sustained-release metronidazole-coated colonic hydrophilic matrices as a model. Methods: The technological factors associated with the biopharmaceutical performance of hydrophilic metronidazole matrices were evaluated using a quality by design approach (QbD). The developed neural network includes variables related to the technological process for producing the matrices. These are related to the materials used, such as the type and viscosity of core polymers, the type of coating agent, or the matrix production process, such as the mixing time of core materials or the percentage of the coating agent. The output variables of the neural network were the percentages of drug released in vitro at 1, 6, 12, and 24 h and the mean dissolution time of the matrix. An iterative quasi-Newton method was used to train the artificial neural network. Results: A neural network with excellent prediction capacity allows selecting the technological variables with the greatest influence on the % of drug dissolved: the type of coating agent used and the percentage of the total weight increase after coating for 1 h and 6 h of drug release and also the viscosity of the HPMC for 12 and 24 h. Conclusions: The optimized neural network demonstrated an excellent predictive capacity for in vitro drug dissolution profiles, allowing the use of this type of methodology based on artificial intelligence methods in the optimization of drug delivery systems."
79,A2_property,40150779,PMC11939716,10.3390/bioengineering12030315,2025,"Bioengineering (Basel, Switzerland)",research-article; Journal Article,Investigation of the Effects of 3D Printing Parameters on the Mechanical Properties of Bone Scaffolds: Experimental Study Integrated with Artificial Neural Networks.,"Scaffolds are critical in regenerative medicine, particularly in bone tissue engineering, where they mimic the extracellular matrix to support tissue regeneration. Scaffold efficacy depends on precise control of 3D printing parameters, which determine geometric and mechanical properties, including Young's modulus. This study examines the impact of nozzle temperature, printing speed, and feed rate on the Young's modulus of polylactic acid (PLA) scaffolds. Using a Prusa MINI+ 3D printer (Prusa Research a.s., Prague, Czech Republic), systematic experiments are conducted to explore these correlations. Results show that higher nozzle temperatures decrease Young's modulus due to reduced viscosity and weaker interlayer bonding, likely caused by thermal degradation and reduced crystallinity. Printing speed exhibits an optimal range, with Young's modulus peaking at moderate speeds (around 2100 mm/min), suggesting a balance that enhances crystallinity and bonding. Material feed rate positively correlates with Young's modulus, with increased material deposition improving scaffold density and strength. The integration of an Artificial Neural Network (ANN) model further optimized the printing parameters, successfully predicting the maximum Young's modulus while maintaining geometric constraints. Notably, the Young's modulus achieved falls within the typical range for cancellous bone, indicating the model's potential to meet specific clinical requirements. These findings offer valuable insights for designing patient-specific bone scaffolds, potentially improving clinical outcomes in bone repair."
80,A2_property,39922858,PMC11807227,10.1038/s41598-025-87755-5,2025,Scientific reports,research-article; Journal Article,Modeling and estimation of physiochemical properties of cancer drugs using entropy measures.,"Hyaluronic acid-paclitaxel conjugate is a nanoparticle-based drug delivery system that combines hyaluronic acid with paclitaxel, enhancing its solubility, stability, and targeting specificity. This conjugate shows promise in treating breast, lung, and ovarian cancers with reduced side effects. Entropy measures are used to predict physical and chemical properties of drugs. In this paper, we compute entropy measures for the hyaluronic acid-paclitaxel conjugate using the edge/connectivity partition approach. We establish a quantitative structure-property relationship using reverse entropy measures to predict physical properties of cancer drugs. Multiple linear, Ridge, Lasso, ElasticNet, and Support Vector regression models are employed using Python software. Our results show that reverse entropy measures exhibit high predictive capability for physical properties, based on the highest coefficient of determination and lowest mean squared error. We conclude that physical properties, including boiling point, enthalpy of vaporization, flash point, molar refractivity, molar volume, polarization, molecular weight, monoisotopic mass, topological polar surface area, and complexity, can be predicted using reverse entropy measures. We propose models for each relationship, including only the most significant models for estimating uncalculated physical properties."
81,A2_property,36559897,PMC9786583,10.3390/polym14245530,2022,Polymers,research-article; Journal Article,Stiffness-Controlled Hydrogels for 3D Cell Culture Models.,"Nanofibrillated cellulose (NFC) hydrogel is a versatile biomaterial suitable, for example, for three-dimensional (3D) cell spheroid culturing, drug delivery, and wound treatment. By freeze-drying NFC hydrogel, highly porous NFC structures can be manufactured. We freeze-dried NFC hydrogel and subsequently reconstituted the samples into a variety of concentrations of NFC fibers, which resulted in different stiffness of the material, i.e., different mechanical cues. After the successful freeze-drying and reconstitution, we showed that freeze-dried NFC hydrogel can be used for one-step 3D cell spheroid culturing of primary mesenchymal stem/stromal cells, prostate cancer cells (PC3), and hepatocellular carcinoma cells (HepG2). No difference was observed in the viability or morphology between the 3D cell spheroids cultured in the freeze-dried and reconstituted NFC hydrogel and fresh NFC hydrogel. Furthermore, the 3D cultured spheroids showed stable metabolic activity and nearly 100% viability. Finally, we applied a convolutional neural network (CNN)-based automatic nuclei segmentation approach to automatically segment individual cells of 3D cultured PC3 and HepG2 spheroids. These results provide an application to culture 3D cell spheroids more readily with the NFC hydrogel and a step towards automatization of 3D cell culturing and analysis."
82,A2_property,38790283,PMC11117982,10.3390/bioengineering11050415,2024,"Bioengineering (Basel, Switzerland)",research-article; Journal Article,Investigating the Effect of Processing and Material Parameters of Alginate Dialdehyde-Gelatin (ADA-GEL)-Based Hydrogels on Stiffness by XGB Machine Learning Model.,"To address the limitations of alginate and gelatin as separate hydrogels, partially oxidized alginate, alginate dialdehyde (ADA), is usually combined with gelatin to prepare ADA-GEL hydrogels. These hydrogels offer tunable properties, controllable degradation, and suitable stiffness for 3D bioprinting and tissue engineering applications. Several processing variables affect the final properties of the hydrogel, including degree of oxidation, gelatin content and type of crosslinking agent. In addition, in 3D-printed structures, pore size and the possible addition of a filler to make a hydrogel composite also affect the final physical and biological properties. This study utilized datasets from 13 research papers, encompassing 33 unique combinations of ADA concentration, gelatin concentration, CaCl2 and microbial transglutaminase (mTG) concentrations (as crosslinkers), pore size, bioactive glass (BG) filler content, and one identified target property of the hydrogels, stiffness, utilizing the Extreme Boost (XGB) machine learning algorithm to create a predictive model for understanding the combined influence of these parameters on hydrogel stiffness. The stiffness of ADA-GEL hydrogels is notably affected by the ADA to GEL ratio, and higher gelatin content for different ADA gel concentrations weakens the scaffold, likely due to the presence of unbound gelatin. Pore size and the inclusion of a BG particulate filler also have a significant impact on stiffness; smaller pore sizes and higher BG content lead to increased stiffness. The optimization of ADA-GEL composition and the inclusion of BG fillers are key determinants to tailor the stiffness of these 3D printed hydrogels, as found by the analysis of the available data."
83,A2_property,39183928,PMC11339950,10.1039/d4sc03061c,2024,Chemical science,research-article; Journal Article,Unraveling mechanisms of protein encapsulation and release in coacervates via molecular dynamics and machine learning.,"Coacervates play a pivotal role in protein-based drug delivery research, yet their drug encapsulation and release mechanisms remain poorly understood. Here, we utilized the Martini model to investigate bovine serum albumin (BSA) protein encapsulation and release within polylysine/polyglutamate (PLys/PGlu) coacervates. Our findings emphasize the importance of ingredient addition sequence in coacervate formation and encapsulation rates, attributed to preference contact between oppositely charged proteins and poly(amino acid)s. Notably, coacervates composed of β-sheet poly(amino acid)s demonstrate greater BSA encapsulation efficiency due to their reduced entropy and flexibility. Furthermore, we examined the pH responsiveness of coacervates, shedding light on the dissolution process driven by Coulomb forces. By leveraging machine learning algorithms to analyze simulation results, our research advances the understanding of coacervate-based drug delivery systems, with the ultimate goal of optimizing therapeutic outcomes."
84,A2_property,33439497,PMC7754501,10.1111/jmi.12950,2021,Journal of microscopy,"Research Support, Non-U.S. Gov't; research-article; Journal Article",Three-dimensional reconstruction of porous polymer films from FIB-SEM nanotomography data using random forests.,"Combined focused ion beam and scanning electron microscope (FIB-SEM) tomography is a well-established technique for high resolution imaging and reconstruction of the microstructure of a wide range of materials. Segmentation of FIB-SEM data is complicated due to a number of factors; the most prominent is that for porous materials, the scanning electron microscope image slices contain information not only from the planar cross-section of the material but also from underlying, exposed subsurface pores. In this work, we develop a segmentation method for FIB-SEM data from ethyl cellulose porous films made from ethyl cellulose and hydroxypropyl cellulose (EC/HPC) polymer blends. These materials are used for coating pharmaceutical oral dosage forms (tablets or pellets) to control drug release. We study three samples of ethyl cellulose and hydroxypropyl cellulose with different volume fractions where the hydroxypropyl cellulose phase has been leached out, resulting in a porous material. The data are segmented using scale-space features and a random forest classifier. We demonstrate good agreement with manual segmentations. The method enables quantitative characterization and subsequent optimization of material structure for controlled release applications. Although the methodology is demonstrated on porous polymer films, it is applicable to other soft porous materials imaged by FIB-SEM. We make the data and software used publicly available to facilitate further development of FIB-SEM segmentation methods. LAY DESCRIPTION: For imaging of very fine structures in materials, the resolution limits of, e.g. X-ray computed tomography quickly become a bottleneck. Scanning electron microscopy (SEM) provides a way out, but it is essentially a two-dimensional imaging technique. One manner in which to extend it to three dimensions is to use a focused ion beam (FIB) combined with a scanning electron microscopy and acquire tomography data. In FIB-SEM tomography, ions are used to perform serial sectioning and the electron beam is used to image the cross section surface. This is a well-established method for a wide range of materials. However, image analysis of FIB-SEM data is complicated for a variety of reasons, in particular for porous media. In this work, we analyse FIB-SEM data from ethyl cellulose porous films made from ethyl cellulose and hydroxypropyl cellulose (EC/HPC) polymer blends. These films are used as coatings for controlled drug release. The aim is to perform image segmentation, i.e. to identify which parts of the image data constitute the pores and the solid, respectively. Manual segmentation, i.e. when a trained operator manually identifies areas constituting pores and solid, is too time-consuming to do in full for our very large data sets. However, by performing manual segmentation on a set of small, random regions of the data, we can train a machine learning algorithm to perform automatic segmentation on the entire data sets. The method yields good agreement with the manual segmentations and yields porosities of the entire data sets in very good agreement with expected values. The method facilitates understanding and quantitative characterization of the geometrical structure of the materials, and ultimately understanding of how to tailor the drug release."
85,A2_property,36440134,PMC9686196,10.1021/acsomega.2c05218,2022,ACS omega,research-article; Journal Article,Assembling Biocompatible Polymers on Gold Nanoparticles: Toward a Rational Design of Particle Shape by Molecular Dynamics.,"Gold nanoparticles (AuNPs) have received great attention in a number of fields ranging from the energy sector to biomedical applications. As far as the latter is concerned, due to rapid renal clearance and a short lifetime in blood, AuNPs are often encapsulated in a poly(lactic-co-glycolic acid) (PLGA) matrix owing to its biocompatibility and biodegradability. A better understanding of the PLGA polymers on the AuNP surface is crucial to improve and optimize the above encapsulation process. In this study, we combine a number of computational approaches to explore the adsorption mechanisms of PLGA oligomers on a Au crystalline NP and to rationalize the PLGA coating process toward a more efficient design of the NP shape. Atomistic simulations supported by a recently developed unsupervised machine learning scheme show the temporal evolution and behavior of PLGA clusterization by tuning the oligomer concentration in aqueous solutions. Then, a detailed surface coverage analysis coupled with free energy landscape calculations sheds light on the anisotropic nature of PLGA adsorption onto the AuNP. Our results prove that the NP shape and topology may address and privilege specific sites of adsorption, such as the Au {1 1 1} crystal planes in selected NP samples. The modeling-based investigation suggested in this article offers a solid platform to guide the design of coated NPs."
86,A2_property,38691605,PMC11062583,10.1126/sciadv.adj0604,2024,Science advances,"Research Support, Non-U.S. Gov't; research-article; Journal Article",A reconfigurable integrated smart device for real-time monitoring and synergistic treatment of rheumatoid arthritis.,"Rheumatoid arthritis (RA) is a global autoimmune disease that requires long-term management. Ambulatory monitoring and treatment of RA favors remission and rehabilitation. Here, we developed a wearable reconfigurable integrated smart device (ISD) for real-time inflammatory monitoring and synergistic therapy of RA. The device establishes an electrical-coupling and substance delivery interfaces with the skin through template-free conductive polymer microneedles that exhibit high capacitance, low impedance, and appropriate mechanical properties. The reconfigurable electronics drive the microneedle-skin interfaces to monitor tissue impedance and on-demand drug delivery. Studies in vitro demonstrated the anti-inflammatory effect of electrical stimulation on macrophages and revealed the molecular mechanism. In a rodent model, impedance sensing was validated to hint inflammation condition and facilitate diagnosis through machine learning model. The outcome of subsequent synergistic therapy showed notable relief of symptoms, elimination of synovial inflammation, and avoidance of bone destruction."
87,A2_property,37744255,PMC10512832,10.3389/fbioe.2023.1241151,2023,Frontiers in bioengineering and biotechnology,research-article; Journal Article,Inverse design of anisotropic bone scaffold based on machine learning and regenerative genetic algorithm.,"Introduction: Triply periodic minimal surface (TPMS) is widely used in the design of bone scaffolds due to its structural advantages. However, the current approach to designing bone scaffolds using TPMS structures is limited to a forward process from microstructure to mechanical properties. Developing an inverse bone scaffold design method based on the mechanical properties of bone structures is crucial. Methods: Using the machine learning and genetic algorithm, a new inverse design model was proposed in this research. The anisotropy of bone was matched by changing the number of cells in different directions. The finite element (FE) method was used to calculate the TPMS configuration and generate a back propagation neural network (BPNN) data set. Neural networks were used to establish the relationship between microstructural parameters and the elastic matrix of bone. This relationship was then used with regenerative genetic algorithm (RGA) in inverse design. Results: The accuracy of the BPNN-RGA model was confirmed by comparing the elasticity matrix of the inverse-designed structure with that of the actual bone. The results indicated that the average error was below 3.00% for three mechanical performance parameters as design targets, and approximately 5.00% for six design targets. Discussion: The present study demonstrated the potential of combining machine learning with traditional optimization method to inversely design anisotropic TPMS bone scaffolds with target mechanical properties. The BPNN-RGA model achieves higher design efficiency, compared to traditional optimization methods. The entire design process is easily controlled."
88,A2_property,41275211,PMC12713282,10.1186/s12951-025-03850-9,2025,Journal of nanobiotechnology,research-article; Journal Article,AI-guided design of a CXCR4-targeted core-shell nanocarrier for co-delivery of berberine/paclitaxel in cancer therapy.,"An integrated three-step artificial-intelligence (AI) workflow was developed to accelerate the design of a CXCR4-targeted, dual-drug nanocarrier for colorectal cancer therapy. The workflow combined AI-based drug synergy prediction, peptide ligand discovery, and formulation optimization to create a core-shell nanocarrier consisting of a mesoporous silica core coated with a liposomal shell, co-delivering berberine (BBR) and paclitaxel (PTX). The nanocarrier exhibited efficient drug loading, sustained release, and selective uptake by CXCR4-positive cancer cells. In vitro, it synergistically inhibited cancer proliferation and migration, while in vivo it produced pronounced tumor regression and reversal of tumor-associated splenomegaly without systemic toxicity. These findings demonstrate that AI-guided synergy scouting and modular nanocarrier engineering can yield a receptor-targeted combination therapy with translational potential for next-generation cancer treatment."
89,A2_property,37130851,PMC10154330,10.1038/s41467-023-38056-w,2023,Nature communications,"Research Support, Non-U.S. Gov't; research-article; Journal Article; Research Support, N.I.H., Extramural",Machine learning-driven multifunctional peptide engineering for sustained ocular drug delivery.,"Sustained drug delivery strategies have many potential benefits for treating a range of diseases, particularly chronic diseases that require treatment for years. For many chronic ocular diseases, patient adherence to eye drop dosing regimens and the need for frequent intraocular injections are significant barriers to effective disease management. Here, we utilize peptide engineering to impart melanin binding properties to peptide-drug conjugates to act as a sustained-release depot in the eye. We develop a super learning-based methodology to engineer multifunctional peptides that efficiently enter cells, bind to melanin, and have low cytotoxicity. When the lead multifunctional peptide (HR97) is conjugated to brimonidine, an intraocular pressure lowering drug that is prescribed for three times per day topical dosing, intraocular pressure reduction is observed for up to 18 days after a single intracameral injection in rabbits. Further, the cumulative intraocular pressure lowering effect increases ~17-fold compared to free brimonidine injection. Engineered multifunctional peptide-drug conjugates are a promising approach for providing sustained therapeutic delivery in the eye and beyond."
90,A2_property,37969140,PMC10630981,10.1021/acsmaterialslett.3c00909,2023,ACS materials letters,rapid-communication; Journal Article,SEMPro: A Data-Driven Pipeline To Learn Structure-Property Insights from Scanning Electron Microscopy Images.,"Analyzing hydrogel microstructure through scanning electron microscopy (SEM) images is crucial in understanding hydrogel properties. However, the analysis of SEM images in hydrogel research heavily relies on the intuition of individual researchers and is constrained by the limited size of the dataset. To address this, we propose SEMPro, a data-driven solution using web-scraping and deep learning (DL) to compile and analyze the structure-property relationships of hydrogels through SEM images. It accurately predicts the elastic modulus from SEM images within the same order of magnitude and displays a learned extraction of modulus-relevant features in SEM images as seen through the nontrivial activation mapping and transfer learning. By employing Explainable AI through activation map exposure, SEMPro validates the model predictions. SEMPro represents a closed-loop data collection and analysis pipeline, providing critical insights into hydrogels and soft materials. This innovative approach has the potential to revolutionize hydrogel research, offering high-dimensional insights for further advancements."
91,A2_property,39558051,PMC11574292,10.1038/s41598-024-79749-6,2024,Scientific reports,research-article; Journal Article,Computational analysis of controlled drug release from porous polymeric carrier with the aid of Mass transfer and Artificial Intelligence modeling.,"Controlled release of a desired drug from porous polymeric biomaterials was analyzed via computational method. The method is based on simulation of mass transfer and utilization of artificial intelligence (AI). This study explores the efficacy of three regression models, i.e., Kernel Ridge Regression (KRR), Gaussian Process Regression (GPR), and Gradient Boosting (GB) in determining the concentration of a chemical substance (C) based on coordinates (r, z). Leveraging Firefly Optimization (FFA) for hyperparameter optimization, the models are fine-tuned to maximize their predictive performance. The findings unveil notable disparities in the performance metrics of the models, with GB showcasing the most impressive R2 score of 0.9977, indicative of a remarkable alignment with the data. GPR closely trails with an R2 score of 0.88754, while KRR falls short with an R2 score of 0.76134. Additionally, GB manifests the most modest Mean Squared Error (MSE) and Root Mean Squared Error (RMSE) among the trio of models, further cementing its supremacy in predictive precision. These outcomes accentuate the significance of judiciously selecting regression methodologies and optimization approaches for adeptly modeling intricate spatial datasets."
92,A2_property,41550662,PMC12709933,10.1016/j.pscia.2025.100079,2025,Pharmaceutical science advances,research-article; Journal Article,Artificial neural network guided optimization of tenofovir and Cyanovirin-N multipurpose preventive hydrogel formulation developed using the Box Behnken design model.,"Tenofovir (TNF) is an antiretroviral drug that has being used as a topical microbicide to prevent human immunodeficiency virus transmission (HIV). Cyanovirin-N (CV-N) is a lectin protein that can bind to the HIV envelope glycoprotein and inhibit viral entry. The combination of TNF and CV-N may have synergistic effects and enhance the efficacy of microbicide. The aim of this study was to develop and optimize composite hydrogel formulations containing 1%TNF and 0.0005% CV-N using Box Behnken Design. A three-factor, three-level Box-Behnken design was employed to investigate the effects of the concentrations of PEG2000, sodium carboxyl methylcellulose (NaCMC), and calcium chloride on the release of Tenofovir, flux, and mucoadhesion. The mucoadhesion was evaluated by measuring the percent mucin adsorption while flux and release kinetics were evaluated using the Franz cell diffusion method. The optimal hydrogel formulation was found to contain 4% NaCMC, 2% PEG2000 and 1% CaCl2. The hydrogel had a pH of 4.5 ​± ​0.017, a viscosity of 275600 ​± ​0.65 ​cP, flux 9806 μg/cm2/h for TNF with a drug release of 119, 205.6 μg/cm2. The TNF gel exhibited a pseudoplastic rheological behavior with 96.3% muco-adhesion. The study successfully developed an optimized TNF/CV-N mucoadhesive hydrogel, highlighting its potential as an on-demand multipurpose prevention technology (MPT) for HIV. The formulation was optimized to ensure good drug release, flux and mucoadhesion. The optimized hydrogel offers a convenient, effective method for preventing sexually transmitted infections (STIs), addressing critical challenges in drug delivery and user adherence while advancing public health strategies for STIs."
93,A2_property,39948515,PMC11827326,10.1186/s12903-025-05531-3,2025,BMC oral health,research-article; Journal Article,Machine learning models for prognosis prediction in regenerative endodontic procedures.,"BackgroundThis study aimed to establish and validate machine learning (ML) models to predict the prognosis of regenerative endodontic procedures (REPs) clinically, assisting clinicians in decision-making and avoiding treatment failure.MethodsA total of 198 patients with 268 teeth were included for radiographic examination and measurement. Five Machine Learning (ML) models, including Random forest (RF), gradient boosting machine (GBM), extreme gradient boosting (XGB), Logistic regression (logR) and support vector machine (SVM) are implemented for the prediction on two datasets of follow-up periods of 1-year and 2-year, respectively. Using a stratified five folds of cross-validation method, each dataset is randomly divided into a training set and test set in a ratio of 8 : 2. Correlation analysis and importance ranking were performed for feature extraction. Seven performance metrics including area under curve (AUC), accuracy, F1-score, sensitivity, specificity, positive predictive value (PPV) and negative predictive value (NPV) were calculated to compare the predictive performance.ResultsThe RF (Accuracy = 0.91, AUC = 0.94; Accuracy = 0.84, AUC = 0.86) and GBM (Accuracy = 0.91, AUC = 0.93; Accuracy = 0.84, AUC = 0.85) had the best and similar performance simultaneously in the prediction of 1-year follow-up period and 2-year follow-up period, respectively. The variables applied to predict the primary outcome in REPs were ranked accordingly to their values of feature importance, including age, sex, etiology, the number of root canals, trauma type, swelling or sinus tract, periapical lesion size, root development stage, pre-operative root resorption, medicaments, scaffold, second REPs, previous root canal filling.ConclusionsRF and GBM models outperformed XGB, logR, SVM models on the overall performance on our datasets, exhibiting the potential capability to predict the prognosis of REPs. The ranking of feature importance contributes to establishing the scoring system for prognosis prediction in REPs, assisting clinicians in decision-making."
94,A2_property,41145604,PMC12559373,10.1038/s41598-025-21471-y,2025,Scientific reports,research-article; Journal Article,Intelligence prediction of microfluidically prepared nanoparticles.,"Developing poly(lactic-co-glycolic) acid (PLGA) nanoparticles with optimized drug encapsulation and loading is crucial for effective drug delivery. However, controlling the physicochemical properties of these nanoparticles remains challenging. In this study, we compiled a dataset of over 300 PLGA nanoparticle formulations from the literature, including 25 key features related to their preparation on microfluidic platforms. We applied various machine learning algorithms to predict encapsulation efficiency (EE) and drug loading (DL). The random forest model showed the best performance, achieving R² values of 0.93 and 0.96 for DL and EE predictions, respectively. Although EE and DL had minimal impact on each other's prediction, they provide distinct insights into nanoparticle formulation. Our results demonstrate that machine learning can effectively guide the design of drug delivery systems with desired properties, accelerating their development."
95,A2_property,39135039,PMC11321169,10.1186/s12951-024-02686-z,2024,Journal of nanobiotechnology,research-article; Journal Article,Crosslinked-hybrid nanoparticle embedded in thermogel for sustained co-delivery to inner ear.,"Treatment-induced ototoxicity and accompanying hearing loss are a great concern associated with chemotherapeutic or antibiotic drug regimens. Thus, prophylactic cure or early treatment is desirable by local delivery to the inner ear. In this study, we examined a novel way of intratympanically delivered sustained nanoformulation by using crosslinked hybrid nanoparticle (cHy-NPs) in a thermoresponsive hydrogel i.e. thermogel that can potentially provide a safe and effective treatment towards the treatment-induced or drug-induced ototoxicity. The prophylactic treatment of the ototoxicity can be achieved by using two therapeutic molecules, Flunarizine (FL: T-type calcium channel blocker) and Honokiol (HK: antioxidant) co-encapsulated in the same delivery system. Here we investigated, FL and HK as cytoprotective molecules against cisplatin-induced toxic effects in the House Ear Institute - Organ of Corti 1 (HEI-OC1) cells and in vivo assessments on the neuromast hair cell protection in the zebrafish lateral line. We observed that cytotoxic protective effect can be enhanced by using FL and HK in combination and developing a robust drug delivery formulation. Therefore, FL-and HK-loaded crosslinked hybrid nanoparticles (FL-cHy-NPs and HK-cHy-NPs) were synthesized using a quality-by-design approach (QbD) in which design of experiment-central composite design (DoE-CCD) following the standard least-square model was used for nanoformulation optimization. The physicochemical characterization of FL and HK loaded-NPs suggested the successful synthesis of spherical NPs with polydispersity index  75%), drugs loading (~ 10%), stability (> 2 months) in the neutral solution, and appropriate cryoprotectant selection. We assessed caspase 3/7 apopototic pathway in vitro that showed significantly reduced signals of caspase 3/7 activation after the FL-cHy-NPs and HK-cHy-NPs (alone or in combination) compared to the CisPt. The final formulation i.e. crosslinked-hybrid-nanoparticle-embedded-in-thermogel was developed by incorporating drug-loaded cHy-NPs in poloxamer-407, poloxamer-188, and carbomer-940-based hydrogel. A combination of artificial intelligence (AI)-based qualitative and quantitative image analysis determined the particle size and distribution throughout the visible segment. The developed formulation was able to release the FL and HK for at least a month. Overall, a highly stable nanoformulation was successfully developed for combating treatment-induced or drug-induced ototoxicity via local administration to the inner ear."
96,A2_property,41298595,PMC12657866,10.1038/s41598-025-26145-3,2025,Scientific reports,research-article; Journal Article,Integrating machine-learning and nanotechnology to quantify pH-modulated oxaliplatin release.,"The purpose of this work was to formulate and characterize pH-sensitive, surfactant-based nanomicelles for the targeted delivery of Oxaliplatin to breast cancer cells. A secondary aim was to utilize machine learning (ML) models to interpolate and dissect the sophisticated, pH-dependent drug release kinetics. Nanomicelles of Oxaliplatin were prepared by Pluronic F-127 through a thin-film hydration technique. The nanomicelles were characterized for size, morphology, encapsulation efficiency, and drug release profile in physiological (pH 7.4) and acidic, tumor-mimicking (pH 5.4) media. The MTT assay was used to test cytotoxicity against L929 normal fibroblasts and MCF-7 breast cancer cells. ML models (Random Forest, Gradient Boosting, SVR) were trained on experimental release data to anticipate crucial release phase changes using SHAP analysis. Prepared nanomicelles were monodisperse and spherical with hydrodynamic diameter 290.3 nm and encapsulation efficiency 40.2%. They had good pH-responsive release with cumulative release 77.5% and 43.5% at pH 5.4 and 7.4, respectively, in 96 h. Kinetic modeling revealed a shift from Fickian diffusion at pH 7.4 to anomalous transport at pH 5.4. ML models showed great interpolation performance (R² > 0.97), and SHAP analysis showed remarkable release transitions. The cytotoxicity assays were different from free Oxaliplatin with improved activity against MCF-7 cells and lower toxicity against L929 cells. Surfactant-based nanomicelles are an effective delivery platform for pH-directed delivery of Oxaliplatin to enhance its therapeutic index. Nanomedicine formulation design is enabled by ML through comprehensive release kinetics analysis."
97,A2_property,40439842,PMC12122957,10.1007/s40820-025-01780-7,2025,Nano-micro letters,research-article; Journal Article,"Machine Learning Enabled Reusable Adhesion, Entangled Network-Based Hydrogel for Long-Term, High-Fidelity EEG Recording and Attention Assessment.","Due to their high mechanical compliance and excellent biocompatibility, conductive hydrogels exhibit significant potential for applications in flexible electronics. However, as the demand for high sensitivity, superior mechanical properties, and strong adhesion performance continues to grow, many conventional fabrication methods remain complex and costly. Herein, we propose a simple and efficient strategy to construct an entangled network hydrogel through a liquid-metal-induced cross-linking reaction, hydrogel demonstrates outstanding properties, including exceptional stretchability (1643%), high tensile strength (366.54 kPa), toughness (350.2 kJ m-3), and relatively low mechanical hysteresis. The hydrogel exhibits long-term stable reusable adhesion (104 kPa), enabling conformal and stable adhesion to human skin. This capability allows it to effectively capture high-quality epidermal electrophysiological signals with high signal-to-noise ratio (25.2 dB) and low impedance (310 ohms). Furthermore, by integrating advanced machine learning algorithms, achieving an attention classification accuracy of 91.38%, which will significantly impact fields like education, healthcare, and artificial intelligence."
98,A2_property,40089854,PMC12079439,10.1002/advs.202500859,2025,"Advanced science (Weinheim, Baden-Wurttemberg, Germany)",research-article; Journal Article,Replicating PET Hydrolytic Activity by Positioning Active Sites with Smaller Synthetic Protein Scaffolds.,"Evolutionary constraints significantly limit the diversity of naturally occurring enzymes, thereby reducing the sequence repertoire available for enzyme discovery and engineering. Recent breakthroughs in protein structure prediction and de novo design, powered by artificial intelligence, now enable to create enzymes with desired functions without solely relying on traditional genome mining. Here, a computational strategy is demonstrated for creating new-to-nature polyethylene terephthalate hydrolases (PET hydrolases) by leveraging the known catalytic mechanisms and implementing multiple deep learning algorithms and molecular computations. This strategy includes the extraction of functional motifs from a template enzyme (here leaf-branch compost cutinase, LCC, is used), regeneration of new protein sequences, computational screening, experimental validation, and sequence refinement. PET hydrolytic activity is successfully replicated with designer enzymes that are at least 30% shorter in sequence length than LCC. Among them, RsPETase1 stands out due to its robust expressibility. It exhibits comparable catalytic efficiency (kcat/Km) to LCC and considerable thermostability with a melting temperature of 56 °C, despite sharing only 34% sequence similarity with LCC. This work suggests that enzyme diversity can be expanded by recapitulating functional motifs with computationally built protein scaffolds, thus generating opportunities to acquire highly active and robust enzymes that do not exist in nature."
99,A2_property,38225357,PMC11106006,10.1038/s41565-023-01587-w,2024,Nature nanotechnology,"Research Support, Non-U.S. Gov't; research-article; Journal Article",Liquid-metal-based three-dimensional microelectrode arrays integrated with implantable ultrathin retinal prosthesis for vision restoration.,"Electronic retinal prostheses for stimulating retinal neurons are promising for vision restoration. However, the rigid electrodes of conventional retinal implants can inflict damage on the soft retina tissue. They also have limited selectivity due to their poor proximity to target cells in the degenerative retina. Here we present a soft artificial retina (thickness, 10 μm) where flexible ultrathin photosensitive transistors are integrated with three-dimensional stimulation electrodes of eutectic gallium-indium alloy. Platinum nanoclusters locally coated only on the tip of these three-dimensional liquid-metal electrodes show advantages in reducing the impedance of the stimulation electrodes. These microelectrodes can enhance the proximity to the target retinal ganglion cells and provide effective charge injections (72.84 mC cm-2) to elicit neural responses in the retina. Their low Young's modulus (234 kPa), owing to their liquid form, can minimize damage to the retina. Furthermore, we used an unsupervised machine learning approach to effectively identify the evoked spikes to grade neural activities within the retinal ganglion cells. Results from in vivo experiments on a retinal degeneration mouse model reveal that the spatiotemporal distribution of neural responses on their retina can be mapped under selective localized illumination areas of light, suggesting the restoration of their vision."
100,A2_property,40076339,PMC11902264,10.3390/molecules30051116,2025,"Molecules (Basel, Switzerland)",research-article; Journal Article,De Novo Design of Large Polypeptides Using a Lightweight Diffusion Model Integrating LSTM and Attention Mechanism Under Per-Residue Secondary Structure Constraints.,"This study presents PolypeptideDesigner (PPD), a novel conditional diffusion-based model for de novo polypeptide sequence design and generation based on per-residue secondary structure conditions. By integrating a lightweight LSTM-attention neural network as the denoiser within a diffusion framework, PPD offers an innovative and efficient approach to polypeptide generation. Evaluations demonstrate that the PPD model can generate diverse and novel polypeptide sequences across various testing conditions, achieving high pLDDT scores when folded by ESMFold. In comparison to the ProteinDiffusionGenerator B (PDG-B) model, a relevant benchmark in the field, PPD exhibits the ability to produce longer and more diverse polypeptide sequences. This improvement is attributed to PPD's optimized architecture and expanded training dataset, which enhance its understanding of protein structural pattern. The PPD model shows significant potential for optimizing functional polypeptides with known structures, paving the way for advancements in biomaterial design. Future work will focus on further refining the model and exploring its broader applications in polypeptide engineering."
101,A2_property,41117111,PMC12538559,10.1039/d5tb01272d,2025,Journal of materials chemistry. B,research-article; Journal Article,Monomer exchange dynamics in ureido-pyrimidinone supramolecular polymers via molecular simulations.,"The use of synthetic supramolecular polymers, built with monomers that self-assemble via non-covalent, reversible interactions, is rapidly growing in many fields, including energy, environmental, and bioengineering applications. Very recently, ureido-pyrimidinone (UPy)-based supramolecular polymers have been used to synthesize biocompatible hydrogels aiming to mimic the dynamic environment of extracellular matrices. Tuning the dynamics, stiffness, and bioactivity of UPy hydrogels effectively influences cellular behaviour and tissue development. However, a complete understanding of UPy-network dynamics over different length and time scales is still lacking, and even the most advanced experimental approaches are unable to capture the dynamics of monomer exchange with atomistic resolution. Here we present a computational study on UPy supramolecular assemblies in water that uncovers the mechanism of monomer exchange between the UPy supramolecular polymers and their surroundings. Our results, based on atomistic molecular dynamics (MD) simulations combined with enhanced sampling and machine-learning (ML) techniques, show that the fine interplay of solute-solvent interactions is the main engine of monomer motion, which makes UPy supramolecular polymer ends more dynamic as compared to the static backbone. This computational work complements the qualitative experimental evidence on supramolecular dynamics with the mechanism of monomer exchange, revealing the most favorable environment for supramolecular polymer damage as well as the underlying principle of self-healing."
102,A2_property,41436752,PMC12728167,10.1038/s41598-025-28074-7,2025,Scientific reports,research-article; Journal Article,Predictive optimization of curcumin nanocomposites using hybrid machine learning and physics informed modeling.,"The aim of the current research was to develop a hybrid computational model that involves the integration of Machine Learning (ML) with Physics-Informed Neural Networks (PINNs) to predict and maximize curcumin nanocomposite performance based on Loading Efficiency (LE%) and Encapsulation Efficiency (EE%). Quantitative experimental design comprising 74 synthesized nanocomposite formulations, selected by power analysis (α = 0.05, power = 0.8) to allow for statistical reliability. Pre-processing of data and model construction was undertaken in Python (v3.11) with libraries such as scikit-learn, TensorFlow, and SHAP (as downloaded from the Python Software Foundation). Different ML regressors were tested, and the highest predictive power was manifested by the Gradient Boosting Regressor (GBR). A custom-defined PINN was constructed to integrate mechanistic understanding from the Derjaguin-Landau-Verwey-Overbeek (DLVO) theory and diffusion-transport constraints. The hybrid model was also elucidated by SHapley Additive exPlanations (SHAP) analysis to find controlling formulation parameters. The optimized integrated model demonstrated extremely good predictive performance (LE%: R2 = 0.89, RMSE = 6.24; EE%: R2 = 0.87, RMSE = 7.15). Physical constraints enhanced generalization by 23%, confirming robustness of the model. Significant optimization results revealed optimal design parameters with particle diameters ranging from 80 to 200 nm and zeta potentials ranging from - 30 to - 50 mV. The data mining analysis revealed polymer ratio and surfactant concentration to be the most influential variables, consistent with the predictive equation derived in the full text. This hybrid ML-PINN combines the predictive capability of machine learning with the mechanistic interpretability of physics-informed modeling. This is a stable, comprehensible optimization platform for nanocarrier optimization with 40-60% cost reduction in experimental screening. Further research is recommended to validate the framework to other bioactive drugs and for incorporating real-time adaptive optimization for scalable pharmaceutical manufacture."
103,A2_property,35458820,PMC9028237,10.3390/s22082835,2022,"Sensors (Basel, Switzerland)",research-article; Journal Article,NIR-Based Intelligent Sensing of Product Yield Stress for High-Value Bioresorbable Polymer Processing.,"PLA (polylactide) is a bioresorbable polymer used in implantable medical and drug delivery devices. Like other bioresorbable polymers, PLA needs to be processed carefully to avoid degradation. In this work we combine in-process temperature, pressure, and NIR spectroscopy measurements with multivariate regression methods for prediction of the mechanical strength of an extruded PLA product. The potential to use such a method as an intelligent sensor for real-time quality analysis is evaluated based on regulatory guidelines for the medical device industry. It is shown that for the predictions to be robust to processing at different times and to slight changes in the processing conditions, the fusion of both NIR and conventional process sensor data is required. Partial least squares (PLS), which is the established 'soft sensing' method in the industry, performs the best of the linear methods but demonstrates poor reliability over the full range of processing conditions. Conversely, both random forest (RF) and support vector regression (SVR) show excellent performance for all criteria when used with a prior principal component (PC) dimension reduction step. While linear methods currently dominate for soft sensing of mixture concentrations in highly conservative, regulated industries such as the medical device industry, this work indicates that nonlinear methods may outperform them in the prediction of mechanical properties from complex physicochemical sensor data. The nonlinear methods show the potential to meet industrial standards for robustness, despite the relatively small amount of training data typically available in high-value material processing."
104,A2_property,41269342,PMC12638324,10.1007/s10856-025-06964-6,2025,Journal of materials science. Materials in medicine,research-article; Journal Article,Machine learning-based fabrication of phytogenic NiO nanoparticles for anticancer activity in HepG2 Cell Culture.,"Metal oxide nanomaterials play a central role in biomedical applications due to their unique physicochemical properties. In particular, various treatment methods such as drug delivery, hyperthermia therapy, radiation, and chemotherapy are used for the treatment of carcinoma. Current studies prefer to investigate the anticancer activity of nickel oxide nanoparticles were synthesized using a green synthesis approach. The X-ray diffraction (XRD) analysis was used to investigate the cubic crystalline structure and crystallite size varies from 11.08 nm to 12.88 nm due to increased calcination temperature. The crystallite size has a significant impact on the cytotoxicity and toxicity of nanoparticles; smaller crystal sizes frequently result in higher toxicity, because of their larger surface area to volume ratio. The MTT (Tetrazolium salts) assay was performed to test the cytotoxicity of NiO nanoparticles (NPs) against HepG2 cell line. After that, machine learning was applied to connect the biomedical field with artificial intelligence. It can be seen from the results that the NiO NPs that were calcinated at 600 °C gave the average cell viability <40%. At last, the machine learning approach was used to calculate the cytotoxicity of NiO NPs and decision tree was generated by using Google Colab. A correlation matrix was generated using a machine learning approach, providing insights into the interdependence among all parameters."
105,A2_property,35755603,PMC9218223,10.1016/j.ijpx.2022.100120,2022,International journal of pharmaceutics: X,research-article; Journal Article,Accelerating 3D printing of pharmaceutical products using machine learning.,"Three-dimensional printing (3DP) has seen growing interest within the healthcare industry for its ability to fabricate personalized medicines and medical devices. However, it may be burdened by the lengthy empirical process of formulation development. Active research in pharmaceutical 3DP has led to a wealth of data that machine learning could utilize to provide predictions of formulation outcomes. A balanced dataset is critical for optimal predictive performance of machine learning (ML) models, but data available from published literature often only include positive results. In this study, in-house and literature-mined data on hot melt extrusion (HME) and fused deposition modeling (FDM) 3DP formulations were combined to give a more balanced dataset of 1594 formulations. The optimized ML models predicted the printability and filament mechanical characteristics with an accuracy of 84%, and predicted HME and FDM processing temperatures with a mean absolute error of 5.5 °C and 8.4 °C, respectively. The performance of these ML models was better than previous iterations with a smaller and a more imbalanced dataset, highlighting the importance of providing a structured and heterogeneous dataset for optimal ML performance. The optimized models were integrated in an updated web-application, M3DISEEN, that provides predictions on filament characteristics, printability, HME and FDM processing temperatures, and drug release profiles (https://m3diseen.com/predictionsFDM/). By simulating the workflow of preparing FDM-printed pharmaceutical products, the web-application expedites the otherwise empirical process of formulation development, facilitating higher pharmaceutical 3DP research throughput."
106,A2_property,40979294,PMC12447652,10.1016/j.xinn.2025.100947,2025,Innovation (Cambridge (Mass.)),research-article; Journal Article,Migration and structural implication of cyanobacteria in biological soil crusts in response to water and particle burial.,"Cyanobacteria are constructors of biological soil crusts (BSCs); their motility is thought to be crucial for surviving burial and BSC expansion. In this study, X-ray computed microtomography in combination with machine-learning-based image processing was employed to investigate cyanobacteria-dominated BSCs. The structural changes in these BSCs, as well as the behaviors of the dominant cyanobacterium Microcoleus vaginatus therein, in response to changes in water availability and particle burial were visualized and quantitatively analyzed. Hygroscopic swelling of cyanobacteria biomaterials increased pore-network complexity and reduced the porosity and hydraulic radius. Trichomes of M. vaginatus inside BSCs were connected to the surface by tunnel-like structures made of extracellular polymeric substances (EPSs), through which the trichomes migrated to and from the surface in bundles. Despite the generally negative effects of EPSs on hydraulic conductivity, EPS tunnels have the potential to enhance water transfer to the trichomes. Extensive hydration and particle burial led to the spreading migration of individual trichomes, forming net-like structures inside the newly deposited layer. The results highlight the significance of the structural organization of EPSs within BSCs and the importance of cyanobacterial migration in BSC expansion."
107,A2_property,41374242,PMC12693243,10.3390/ma18235401,2025,"Materials (Basel, Switzerland)",research-article; Journal Article,Physics-Informed Neural Networks for Thermo-Responsive Hydrogel Swelling: Integrating Constitutive Models with Sparse Experimental Data.,"Poly(N-isopropylacrylamide) (PNIPAM) hydrogels are temperature-sensitive materials whose swelling is difficult to predict near the gel collapse temperature (GCT). A physics-informed neural network (PINN) was developed in which a stabilized free-energy model is embedded and sparse data for free and uniaxially constrained swelling are assimilated. Across datasets, the PINN reduces test RMSE by 44% at low crosslink density (Nν = 0.0035) and by 65% at higher density (Nν = 0.02), with coverage inside ±RMSE bands improving from 61.9% to 76.2% for free swelling at Nν = 0.0035. Under constraint, test relative error decreases from 19.95% to 11.86% (n = 1) and from 9.19% to 5.90% (n = 3), while preserving thermodynamic stability. The method sharpens the transition slope near the gel-collapse temperature and narrows prediction intervals without overfitting, capturing cold-regime plateaus and hot-side tails more faithfully. The framework integrates governing equations with data to deliver accurate swelling and stress predictions using only eight anchors and thirteen held-out points per case. These results position PINNs as a reliable surrogate for designing thermo-responsive hydrogels in soft actuators and biomedical systems."
108,A2_property,40025040,PMC11873201,10.1038/s41597-025-04621-9,2025,Scientific data,Dataset; data-paper; Journal Article,A dataset on formulation parameters and characteristics of drug-loaded PLGA microparticles.,"Polymer microparticles (MPs) are widely used to create long-acting injectable formulations due to their ability to enable sustained drug release. This feature can significantly benefit chronic disease management by reducing dosing frequency and improving patient adherence. To support the design and development of polymer MPs, we have compiled a dataset on MPs formed from poly(lactide-co-glycolide) (PLGA), the most commonly used polymer in commercial MP drug products. This dataset, derived from the literature, covers 321 in vitro release studies involving 89 different drugs. It aims to streamline future MP development by providing a reference for the current PLGA MP design space and supporting data-driven approaches such as machine learning. Published with open access, this dataset encourages broad utilization and aims to expand the range of available MP formulations."
109,A2_property,36620090,PMC9815236,10.1080/14686996.2022.2157682,2023,Science and technology of advanced materials,research-article; Journal Article,Deep-learning-based inverse design of three-dimensional architected cellular materials with the target porosity and stiffness using voxelized Voronoi lattices.,"Architected cellular materials are a class of artificial materials with cellular architecture-dependent properties. Typically, designing cellular architectures paves the way to generate architected cellular materials with specific properties. However, most previous studies have primarily focused on a forward design strategy, wherein a geometry is generated using computer-aided design modeling, and its properties are investigated experimentally or via simulations. In this study, we developed an inverse design framework for a disordered architected cellular material (Voronoi lattices) using deep learning. This inverse design framework is a three-dimensional conditional generative adversarial network (3D-CGAN) trained based on supervised learning using a dataset consisting of voxelized Voronoi lattices and their corresponding relative densities and Young's moduli. A well-trained 3D-CGAN adopts variational sampling to generate multiple distinct Voronoi lattices with the target relative density and Young's modulus. Consequently, the mechanical properties of the 3D-CGAN generated Voronoi lattices are validated through uniaxial compression tests and finite element simulations. The inverse design framework demonstrates potential for use in bone implants, where scaffold implants can be automatically generated with the target relative density and Young's modulus."
110,A2_property,37765051,PMC10534500,10.3390/ph16091243,2023,"Pharmaceuticals (Basel, Switzerland)",research-article; Journal Article,Comparing the Performance of Raman and Near-Infrared Imaging in the Prediction of the In Vitro Dissolution Profile of Extended-Release Tablets Based on Artificial Neural Networks.,"In this work, the performance of two fast chemical imaging techniques, Raman and near-infrared (NIR) imaging is compared by utilizing these methods to predict the rate of drug release from sustained-release tablets. Sustained release is provided by adding hydroxypropyl methylcellulose (HPMC), as its concentration and particle size determine the dissolution rate of the drug. The chemical images were processed using classical least squares; afterwards, a convolutional neural network was applied to extract information regarding the particle size of HPMC. The chemical images were reduced to an average HPMC concentration and a predicted particle size value; these were used as inputs in an artificial neural network with a single hidden layer to predict the dissolution profile of the tablets. Both NIR and Raman imaging yielded accurate predictions. As the instrumentation of NIR imaging allows faster measurements than Raman imaging, this technique is a better candidate for implementing a real-time technique. The introduction of chemical imaging in the routine quality control of pharmaceutical products would profoundly change quality assurance in the pharmaceutical industry."
111,A2_property,40581984,PMC12206448,10.1093/bib/bbaf307,2025,Briefings in bioinformatics,Journal Article; case-report,TransMA: an explainable multi-modal deep learning model for predicting properties of ionizable lipid nanoparticles in mRNA delivery.,"As the primary messenger RNA (mRNA) delivery vehicles, ionizable lipid nanoparticles (LNPs) exhibit excellent safety, high transfection efficiency, and strong immune response induction. However, the screening process for LNPs is time-consuming and costly. To expedite the identification of high-transfection-efficiency mRNA drug delivery systems, we propose an explainable LNPs transfection efficiency prediction model, called TransMA. TransMA employs a multimodal molecular structure fusion architecture, wherein the fine-grained atomic spatial relationship extractor named molecule 3D Transformer captures three-dimensional spatial features of the molecule, and the coarse-grained atomic sequence extractor named molecule Mamba captures one-dimensional molecular features. We design the mol-attention mechanism block, enabling it to align coarse and fine-grained atomic features and capture relationships between atomic spatial and sequential structures. TransMA achieves state-of-the-art performance in predicting transfection efficiency using the scaffold and cliff data splitting methods on the current largest LNPs dataset, including Hela and RAW cell lines. Moreover, we find that TransMA captures the relationship between subtle structural changes and significant transfection efficiency variations, providing valuable insights for LNPs design. Additionally, TransMA's predictions on external transfection efficiency data maintain a consistent order with actual transfection efficiencies, demonstrating its robust generalization capability. We hope that high-accuracy transfection prediction models in the future can aid in LNPs design and initial screening, thereby assisting in accelerating the mRNA design process."
112,A2_property,41035846,PMC12481109,10.1016/j.ijpx.2025.100393,2025,International journal of pharmaceutics: X,research-article; Journal Article,Making in vitro release and formulation data AI-ready: A foundation for streamlined nanomedicine development.,"Machine learning and artificial intelligence (AI) is transforming the way pharmaceutical products are developed across drug discovery, process engineering, and pharmaceutics functions. AI for nanomedicine development is enabling faster and more accurate prediction of critical quality attributes (CQAs). However, the full potential of AI is limited by the quality and accessibility of data. Unlike adjacent fields such as the chemical sciences, the pharmaceutics domain lacks curated, open-access databases, particularly for nanomedicines. To address this, here we curate an open-access local database focused on liposomal formulations. The database includes formulation parameters, in vitro release (IVR) testing conditions, and digitised drug release data. By evaluating the entries in the database qualitatively and quantitatively, we identified challenges in current data reporting practices. This includes incomplete reporting of formulation and IVR testing conditions, as well as inconsistent quality of drug release plots and their data format. Based on our analysis, we propose a set of data standards and a database structure to support harmonisation for nanomedicine formulation and IVR data. Our open-access database aims to improve data accessibility and transparency to enable the development of robust AI models for IVR and CQA prediction, ultimately streamlining nanomedicine development."
113,A2_property,39480629,PMC11528091,10.1007/s40820-024-01552-9,2024,Nano-micro letters,research-article; Journal Article,Multifunctional Nacre-Like Nanocomposite Papers for Electromagnetic Interference Shielding via Heterocyclic Aramid/MXene Template-Assisted In-Situ Polypyrrole Assembly.,"Robust, ultra-flexible, and multifunctional MXene-based electromagnetic interference (EMI) shielding nanocomposite films exhibit enormous potential for applications in artificial intelligence, wireless telecommunication, and portable/wearable electronic equipment. In this work, a nacre-inspired multifunctional heterocyclic aramid (HA)/MXene@polypyrrole (PPy) (HMP) nanocomposite paper with large-scale, high strength, super toughness, and excellent tolerance to complex conditions is fabricated through the strategy of HA/MXene hydrogel template-assisted in-situ assembly of PPy. Benefiting from the ""brick-and-mortar"" layered structure and the strong hydrogen-bonding interactions among MXene, HA, and PPy, the paper exhibits remarkable mechanical performances, including high tensile strength (309.7 MPa), outstanding toughness (57.6 MJ m-3), exceptional foldability, and structural stability against ultrasonication. By using the template effect of HA/MXene to guide the assembly of conductive polymers, the synthesized paper obtains excellent electronic conductivity. More importantly, the highly continuous conductive path enables the nanocomposite paper to achieve a splendid EMI shielding effectiveness (EMI SE) of 54.1 dB at an ultra-thin thickness (25.4 μm) and a high specific EMI SE of 17,204.7 dB cm2 g-1. In addition, the papers also have excellent applications in electromagnetic protection, electro-/photothermal de-icing, thermal therapy, and fire safety. These findings broaden the ideas for developing high-performance and multifunctional MXene-based films with enormous application potential in EMI shielding and thermal management."
114,A2_property,41425558,PMC12714931,10.3389/fimmu.2025.1628583,2025,Frontiers in immunology,methods-article; Journal Article,A computational framework for optimizing mRNA vaccine delivery via AI-guided nanoparticle design and in silico gene expression profiling.,"Recent concerns about off-target immune activation following non-targeted mRNA vaccine delivery have prompted the need for rational design strategies that optimize nanoparticle formulations. Building upon our previous in silico work using the Universal Immune System Simulator to characterize immune responses to mRNA vaccines, we present a computational framework that integrates synthetic transcriptomics with artificial intelligence-driven optimization to guide the development of safer and more targeted lipid nanoparticles. We generated biologically informed, synthetic RNA-seq datasets to emulate gene expression profiles in immune-related tissues post-vaccination. Differential gene expression analysis identified compartment-specific transcriptional responses, which were then used to construct a risk index based on predicted immune activation and the number of upregulated immune markers. Parallelly, we trained a Random Forest regression model on simulated lipid nanoparticles formulations to predict immune activation values and embedded this model into a genetic algorithm to identify optimal lipid nanoparticles design parameters (size, charge, polyethylene glycol content, and targeting). The proposed framework enables early-stage, fully in silico screening of mRNA vaccine delivery strategies. Our results highlight the potential of combining mechanistic immune modeling, synthetic transcriptomic validation, and Artificial Intelligence-based design to accelerate the development of safer and more effective mRNA-based therapies. By enabling rapid, data-driven optimization of delivery systems prior to experimental validation, this approach can significantly shorten vaccine development timelines, reduce costs, and support the creation of more personalized and adaptable immunization strategies. In the long term, this paradigm shift toward computationally guided vaccine development could redefine the future of immunization, paving the way for next-generation vaccines that are safer, more targeted, and rapidly adaptable to emerging infectious threats and individual patient needs."
115,A2_property,41142348,PMC12550622,10.1021/acscentsci.5c00707,2025,ACS central science,research-article; Journal Article,High-Throughput Discovery of Ferrocene Mechanophores with Enhanced Reactivity and Network Toughening.,"Mechanophores are molecules that undergo chemical changes in response to mechanical force, offering unique opportunities in chemistry, materials science, and drug delivery. However, many potential mechanophores remain unexplored. For example, ferrocenes are attractive targets as mechanophores due to their combination of high thermal stability and mechanochemical lability. However, the mechanochemical potential of ferrocene derivatives remains dramatically underexplored despite the synthesis of thousands of structurally diverse complexes. Herein, we report the computational, machine learning guided discovery of synthesizable ferrocene mechanophores. We identify over one hundred potential target ferrocene mechanophores with wide-ranging mechanochemical activity and use data-driven computational screening to identify a select number of promising complexes. We highlight design principles to alter their mechanochemical activation, including regio-controlled transition state stabilization through bulky groups and a change in mechanism through noncovalent ligand-ligand interactions. The computational screening is validated experimentally both at the polymer strand level through sonication experiments and at the network level, where a computationally discovered ferrocene mechanophore cross-linker leads to greater than 4-fold enhancement in material tearing energy. This work establishes a generalizable framework for the high-throughput discovery and rational design of mechanophores and offers insights into structure-activity relationships in mechanically responsive materials."
116,A2_property,39539447,PMC11556762,10.22038/ijbms.2024.78958.17077,2024,Iranian journal of basic medical sciences,research-article; Journal Article,Zinc oxide nanoparticle-reinforced sodium alginate/hydroxyapatite scaffolds for osteoporosis treatment in fragility fracture patients: Development and characterization using artificial neural networks (ANNs) modeling.,"ObjectivesOsteoporosis is a significant public health concern due to its association with fragility fractures. Despite experiencing such fractures, many patients remain at high risk of future fractures due to inadequate management and treatment of their underlying osteoporosis. This research presents a comprehensive intervention to enhance osteoporosis management in patients with fragility fractures. The intervention involves a thorough personalized assessment of fracture risk using clinical factors and bone density testing, followed by customized treatment based on the individual's fracture risk level. It also addresses non-compliance through patient education, counseling, reminders, and improved care coordination among acute, primary, and specialty providers.Materials and methodsThe aim is to create and characterize sodium alginate/hydroxyapatite (HA) scaffolds reinforced with zinc oxide nanoparticles (ZnO-NP) for bone tissue engineering. Freeze-drying was used to produce scaffolds with 0-15% ZnO-NP. Analyses confirmed the composite structure, uniform ZnO-NP distribution, and decreasing pore size with higher ZnO-NP content. Mechanical testing showed increased compressive strength with greater ZnO-NP.ResultsThe scaffolds exhibited over 70% porosity, neutral pH, and increased apatite deposition and bioactivity with higher ZnO-NP. They also demonstrated decreased swelling and strong antibacterial activity against Escherichia coli and Staphylococcus aureus, making them a promising candidate for bone regeneration.ConclusionAdditionally, the researchers used an artificial neural network (ANN) to better understand the relationships between various scaffold properties, and the ANN-based predictions showed that changes in pore size and porosity affect the other properties, with acceptable error compared to experimental results."
117,A2_property,38737974,PMC11082644,10.1039/d4ra01257g,2024,RSC advances,research-article; Journal Article,Machine learning-guided morphological property prediction of 2D electrospun scaffolds: the effect of polymer chemical composition and processing parameters.,"Among various methods for fabricating polymeric tissue engineering scaffolds, electrospinning stands out as a relatively simple technique widely utilized in research. Numerous studies have delved into understanding how electrospinning processing parameters and specific polymeric solutions affect the physical features of the resulting scaffolds. However, owing to the complexity of these interactions, no definitive approaches have emerged. This study introduces the use of Simplified Molecular Input Line Entry System (SMILES) encoding method to represent materials, coupled with machine learning algorithms, to model the relationships between material properties, electrospinning parameters and scaffolds' physical properties. Here, the scaffolds' fiber diameter and conductivity have been predicted for the first time using this approach. In the classification task, the voting classifier predicted the fibers diameter with a balanced accuracy score of 0.9478. In the regression task, a neural network regressor was architected to learn the relations between parameters and predict the fibers diameter with R2 = 0.723. In the case of fibers conductivity, regressor and classifier models were used for prediction, but the performance fluctuated due to the inadequate information in the published data and the collected dataset. Finally, the model prediction accuracy was validated by experimental electrospinning of a biocompatible polymer (i.e., polyvinyl alcohol and polyvinyl alcohol/polypyrrole). Field-emission scanning electron microscope (FE-SEM) images were used to measure fiber diameter. These results demonstrated the efficacy of the proposed model in predicting the polymer nanofiber diameter and reducing the parameter space prior to the scoping exercises. This data-driven model can be readily extended to the electrospinning of various biopolymers."
118,A2_property,38445881,PMC11109618,10.1002/advs.202306025,2024,"Advanced science (Weinheim, Baden-Wurttemberg, Germany)","Research Support, Non-U.S. Gov't; research-article; Research Support, U.S. Gov't, Non-P.H.S.; Journal Article; Research Support, N.I.H., Extramural",Intelligence Sparse Sensor Network for Automatic Early Evaluation of General Movements in Infants.,"General movements (GMs) have been widely used for the early clinical evaluation of infant brain development, allowing immediate evaluation of potential development disorders and timely rehabilitation. The infants' general movements can be captured digitally, but the lack of quantitative assessment and well-trained clinical pediatricians presents an obstacle for many years to achieve wider deployment, especially in low-resource settings. There is a high potential to explore wearable sensors for movement analysis due to outstanding privacy, low cost, and easy-to-use features. This work presents a sparse sensor network with soft wireless IMU devices (SWDs) for automatic early evaluation of general movements in infants. The sparse network consisting of only five sensor nodes (SWDs) with robust mechanical properties and excellent biocompatibility continuously and stably captures full-body motion data. The proof-of-the-concept clinical testing with 23 infants showcases outstanding performance in recognizing neonatal activities, confirming the reliability of the system. Taken together with a tiny machine learning algorithm, the system can automatically identify risky infants based on the GMs, with an accuracy of up to 100% (99.9%). The wearable sparse sensor network with an artificial intelligence-based algorithm facilitates intelligent evaluation of infant brain development and early diagnosis of development disorders."
119,A2_property,34541417,PMC8433058,10.1016/j.bioactmat.2021.06.013,2022,Bioactive materials,research-article; Journal Article,A practical guide to promote informatics-driven efficient biotopographic material development.,"Micro/nano topographic structures have shown great utility in many biomedical areas including cell therapies, tissue engineering, and implantable devices. Computer-assisted informatics methods hold great promise for the design of topographic structures with targeted properties for a specific medical application. To benefit from these methods, researchers and engineers require a highly reusable ""one structural parameter - one set of cell responses"" database. However, existing confounding factors in topographic cell culture devices seriously impede the acquisition of this kind of data. Through carefully dissecting the confounding factors and their possible reasons for emergence, we developed corresponding guideline requirements for topographic cell culture device development to remove or control the influence of such factors. Based on these requirements, we then suggested potential strategies to meet them. In this work, we also experimentally demonstrated a topographic cell culture device with controlled confounding factors based on these guideline requirements and corresponding strategies. A ""guideline for the development of topographic cell culture devices"" was summarized to instruct researchers to develop topographic cell culture devices with the confounding factors removed or well controlled. This guideline aims to promote the establishment of a highly reusable ""one structural parameter - one set of cell responses"" database that could facilitate the application of informatics methods, such as artificial intelligence, in the rational design of future biotopographic structures with high efficacy."
120,A2_property,40142001,PMC11944608,10.3390/molecules30061224,2025,"Molecules (Basel, Switzerland)",research-article; Journal Article,Seeking Correlation Among Porin Permeabilities and Minimum Inhibitory Concentrations Through Machine Learning: A Promising Route to the Essential Molecular Descriptors.,"Developing effective antibiotics against Gram-negative bacteria remains challenging due to their protective outer membrane. With this study, we investigated the relationship between antibiotic permeation through the OmpF porin of Escherichia coli and antimicrobial efficacy. We measured the relative permeability coefficients (RPCs) through the bacterial porin by liposome swelling assays, including non-antibacterial molecules, and the minimum inhibitory concentrations (MICs) against E. coli. We developed a machine learning (ML) approach by combining classification and regression models to correlate these data sets. Our strategy allowed us to quantify the negative correlation between RPC and MIC values, clearly indicating that increased permeability through OmpF generally leads to improved antimicrobial activity. Moreover, the correlation was remarkable only for compounds with significant permeability coefficients. Conversely, when permeation ability is low, other factors play the most significant role in antimicrobial potency. Importantly, the proposed ML-based approach was set by exploiting the available seminal information from previous investigations in order to keep the number of molecular descriptors to the minimum for greater interpretability. This provided valuable insights into the complex interplay between different molecular properties in defining the overall outer membrane permeation and, consequently, the antimicrobial efficacy. From a practical perspective, the presented approach does not aim at identifying the ""golden rule"" for boosting antibiotic potency. The automated protocol presented here could be used to inspect, in silico, many alternatives of a given molecular structure, with the output being the list of the best candidates to be then synthesized and tested. This could be a valuable in silico tool for researchers in both academia and industry to rapidly evaluate novel potential compounds and reduce costs and time during the early drug discovery stage."
121,A2_property,38306708,PMC10870757,10.1021/acs.nanolett.3c04558,2024,Nano letters,"Research Support, Non-U.S. Gov't; rapid-communication; Journal Article",Therapeutic Peptides Are Preferentially Solubilized in Specific Microenvironments within PEG-PLGA Polymer Nanoparticles.,"Polymeric nanoparticles are a highly promising drug delivery formulation. However, a lack of understanding of the molecular mechanisms that underlie their drug solubilization and controlled release capabilities has hindered the efficient clinical translation of such technologies. Polyethylene glycol-poly(lactic-co-glycolic) acid (PEG-PLGA) nanoparticles have been widely studied as cancer drug delivery vehicles. In this letter, we use unbiased coarse-grained molecular dynamics simulations to model the self-assembly of a PEG-PLGA nanoparticle and its solubulization of the anticancer peptide, EEK, with good agreement with previously reported experimental structural data. We applied unsupervised machine learning techniques to quantify the conformations that polymers adopt at various locations within the nanoparticle. We find that the local microenvironments formed by the various polymer conformations promote preferential EEK solubilization within specific regions of the NP. This demonstrates that these microenvironments are key in controlling drug storage locations within nanoparticles, supporting the rational design of nanoparticles for therapeutic applications."
122,A2_property,40487167,PMC12145565,10.1016/j.mtbio.2025.101816,2025,Materials today. Bio,research-article; Journal Article,Machine learning-based optimization of cytotoxicity testing for assessing Zn-based biodegradable metals.,"Zinc (Zn)-based biodegradable metals are emerging as promising candidates for biomedical implants. Nonetheless, discrepancies between in vitro and in vivo biocompatibility findings for these metals often complicate their evaluation. This study aims to optimize cytotoxicity testing for Zn-based metals using machine learning techniques. Data from 51 cytotoxicity experiments on pure Zn were utilized to train and refine five predictive models, i.e., decision tree (DT), random forest, gradient boosted decision tree, support vector machine, and multilayer perceptron (MLP). In addition, the impact of pure Zn samples on the viability of bone-related cells, endothelial cells, and fibroblasts was assessed. The models were optimized for comparable performance, with the MLP model indicating that at concentrations below 40 %, all cell types demonstrate a high probability of non-toxicity. The ""Extract concentration"" by the DT model was a critical predictive factor. Cytotoxicity tests confirmed that the cell survival rates remained high at Zn extract concentrations up to 40 %, beyond which cell viability significantly declined. This research offers innovative insights into the cytotoxicity testing protocols for Zn-based biomaterials, elucidating key factors that affect cytotoxicity assessments and defining the limits of in vitro evaluations. Lastly, this study enhances the reliability of toxicity assessments and supports the development of a standardized framework for evaluation metrics."
123,A2_property,37502104,PMC10368888,10.3389/fbioe.2023.1160760,2023,Frontiers in bioengineering and biotechnology,research-article; Journal Article,Can we achieve biomimetic electrospun scaffolds with gelatin alone?,"Introduction: Gelatin is a natural polymer commonly used in biomedical applications in combination with other materials due to its high biocompatibility, biodegradability, and similarity to collagen, principal protein of the extracellular matrix (ECM). The aim of this study was to evaluate the suitability of gelatin as the sole material to manufacture tissue engineering scaffolds by electrospinning. Methods: Gelatin was electrospun in nine different concentrations onto a rotating collector and the resulting scaffold's mechanical properties, morphology and topography were assessed using mechanical testing, scanning electron microscopy and white light interferometry, respectively. After characterizing the scaffolds, the effects of the concentration of the solvents and crosslinking agent were statistically evaluated with multivariate analysis of variance and linear regressions. Results: Fiber diameter and inter-fiber separation increased significantly when the concentration of the solvents, acetic acid (HAc) and dimethyl sulfoxide (DMSO), increased. The roughness of the scaffolds decreased as the concentration of dimethyl sulfoxide increased. The mechanical properties were significantly affected by the DMSO concentration. Immersed crosslinked scaffolds did not degrade until day 28. The manufactured gelatin-based electrospun scaffolds presented comparable mechanical properties to many human tissues such as trabecular bone, gingiva, nasal periosteum, oesophagus and liver tissue. Discussion: This study revealed for the first time that biomimetic electrospun scaffolds with gelatin alone can be produced for a significant number of human tissues by appropriately setting up the levels of factors and their interactions. These findings also extend statistical relationships to a form that would be an excellent starting point for future research that could optimize factors and interactions using both traditional statistics and machine learning techniques to further develop specific human tissue."
124,A2_property,36793129,PMC10104640,10.1002/advs.202206195,2023,"Advanced science (Weinheim, Baden-Wurttemberg, Germany)","Research Support, Non-U.S. Gov't; research-article; Journal Article",A 3D Tumor-Mimicking In Vitro Drug Release Model of Locoregional Chemoembolization Using Deep Learning-Based Quantitative Analyses.,"Primary liver cancer, with the predominant form as hepatocellular carcinoma (HCC), remains a worldwide health problem due to its aggressive and lethal nature. Transarterial chemoembolization, the first-line treatment option of unresectable HCC that employs drug-loaded embolic agents to occlude tumor-feeding arteries and concomitantly delivers chemotherapeutic drugs into the tumor, is still under fierce debate in terms of the treatment parameters. The models that can produce in-depth knowledge of the overall intratumoral drug release behavior are lacking. This study engineers a 3D tumor-mimicking drug release model, which successfully overcomes the substantial limitations of conventional in vitro models through utilizing decellularized liver organ as a drug-testing platform that uniquely incorporates three key features, i.e., complex vasculature systems, drug-diffusible electronegative extracellular matrix, and controlled drug depletion. This drug release model combining with deep learning-based computational analyses for the first time permits quantitative evaluation of all important parameters associated with locoregional drug release, including endovascular embolization distribution, intravascular drug retention, and extravascular drug diffusion, and establishes long-term in vitro-in vivo correlations with in-human results up to 80 d. This model offers a versatile platform incorporating both tumor-specific drug diffusion and elimination settings for quantitative evaluation of spatiotemporal drug release kinetics within solid tumors."
125,A2_property,36627280,PMC9832011,10.1038/s41467-022-35343-w,2023,Nature communications,"Research Support, Non-U.S. Gov't; research-article; Journal Article",Machine learning models to accelerate the design of polymeric long-acting injectables.,"Long-acting injectables are considered one of the most promising therapeutic strategies for the treatment of chronic diseases as they can afford improved therapeutic efficacy, safety, and patient compliance. The use of polymer materials in such a drug formulation strategy can offer unparalleled diversity owing to the ability to synthesize materials with a wide range of properties. However, the interplay between multiple parameters, including the physicochemical properties of the drug and polymer, make it very difficult to intuitively predict the performance of these systems. This necessitates the development and characterization of a wide array of formulation candidates through extensive and time-consuming in vitro experimentation. Machine learning is enabling leap-step advances in a number of fields including drug discovery and materials science. The current study takes a critical step towards data-driven drug formulation development with an emphasis on long-acting injectables. Here we show that machine learning algorithms can be used to predict experimental drug release from these advanced drug delivery systems. We also demonstrate that these trained models can be used to guide the design of new long acting injectables. The implementation of the described data-driven approach has the potential to reduce the time and cost associated with drug formulation development."
126,A2_property,39854228,PMC11789045,10.1073/pnas.2414074122,2025,Proceedings of the National Academy of Sciences of the United States of America,research-article; Journal Article,Automating alloy design and discovery with physics-aware multimodal multiagent AI.,"The design of new alloys is a multiscale problem that requires a holistic approach that involves retrieving relevant knowledge, applying advanced computational methods, conducting experimental validations, and analyzing the results, a process that is typically slow and reserved for human experts. Machine learning can help accelerate this process, for instance, through the use of deep surrogate models that connect structural and chemical features to material properties, or vice versa. However, existing data-driven models often target specific material objectives, offering limited flexibility to integrate out-of-domain knowledge and cannot adapt to new, unforeseen challenges. Here, we overcome these limitations by leveraging the distinct capabilities of multiple AI agents that collaborate autonomously within a dynamic environment to solve complex materials design tasks. The proposed physics-aware generative AI platform, AtomAgents, synergizes the intelligence of large language models (LLMs) and the dynamic collaboration among AI agents with expertise in various domains, including knowledge retrieval, multimodal data integration, physics-based simulations, and comprehensive results analysis across modalities. The concerted effort of the multiagent system allows for addressing complex materials design problems, as demonstrated by examples that include autonomously designing metallic alloys with enhanced properties compared to their pure counterparts. Our results enable accurate prediction of key characteristics across alloys and highlight the crucial role of solid solution alloying to steer the development of advanced metallic alloys. Our framework enhances the efficiency of complex multiobjective design tasks and opens avenues in fields such as biomedical materials engineering, renewable energy, and environmental sustainability."
127,A2_property,36839817,PMC9966002,10.3390/pharmaceutics15020495,2023,Pharmaceutics,research-article; Journal Article,A Machine Learning Approach for PLGA Nanoparticles in Antiviral Drug Delivery.,"In recent years, nanoparticles have been highly investigated in the laboratory. However, only a few laboratory discoveries have been translated into clinical practice. These findings in the laboratory are limited by trial-and-error methods to determine the optimum formulation for successful drug delivery. A new paradigm is required to ease the translation of lab discoveries to clinical practice. Due to their previous success in antiviral activity, it is vital to accelerate the discovery of novel drugs to treat and manage viruses. Machine learning is a subfield of artificial intelligence and consists of computer algorithms which are improved through experience. It can generate predictions from data inputs via an algorithm which includes a method built from inputs and outputs. Combining nanotherapeutics and well-established machine-learning algorithms can simplify antiviral-drug development systems by automating the analysis. Other relationships in bio-pharmaceutical networks would eventually aid in reaching a complex goal very easily. From previous laboratory experiments, data can be extracted and input into machine learning algorithms to generate predictions. In this study, poly (lactic-co-glycolic acid) (PLGA) nanoparticles were investigated in antiviral drug delivery. Data was extracted from research articles on nanoparticle size, polydispersity index, drug loading capacity and encapsulation efficiency. The Gaussian Process, a form of machine learning algorithm, could be applied to this data to generate graphs with predictions of the datasets. The Gaussian Process is a probabilistic machine learning model which defines a prior over function. The mean and variance of the data can be calculated via matrix multiplications, leading to the formation of prediction graphs-the graphs generated in this study which could be used for the discovery of novel antiviral drugs. The drug load and encapsulation efficiency of a nanoparticle with a specific size can be predicted using these graphs. This could eliminate the trial-and-error discovery method and save laboratory time and ease efficiency."
128,A2_property,40134771,PMC11933076,10.3389/fbioe.2025.1493194,2025,Frontiers in bioengineering and biotechnology,research-article; Journal Article,A supervised machine-learning analysis of doxorubicin-loaded electrospun nanofibers and their anticancer activity capabilities.,"Thanks to the diverse advantages of electrospun nanofibers, multiple drugs have been loaded in these nanoplatforms to be delivered healthily and effectively. Doxorubicin is a drug used in chemotherapy, and its various delivery and efficacy parameters encounter challenges, leading to the seeking of novel delivery methods. Researchers have conducted numerous laboratory investigations on the encapsulation of doxorubicin within nanofiber materials. This method encompasses various parameters for the production of fibers and drug loading, categorized into device-related, material-related, and study design parameters. This study employed a supervised machine-learning analysis to extract the influencing parameters of the input from quantitative data for doxorubicin-loaded electrospun nanofibers. The study also determined the significance coefficient of each parameter that influences the output results and identified the optimum points and intervals for each parameter. Our Support Vector Machine (SVM) analysis findings showed that doxorubicin-loaded electrospun nanofibers could be optimized through employing a machine learning-based investigation on the polymer solution parameters (such as density, solvent, electrical conductivity, and concentration of polymer), electrospinning parameters (such as voltage, flow rate, and distance between the needle tip and collector), and our study parameters, i.e., drug release and anticancer activity, which affect the properties of the drug-loaded nanofibers, such as the average diameter of fiber, anticancer activity, drug release percentage, and encapsulation efficiency. Our findings indicated the importance of factors like distance, polymer density, and polymer concentration, respectively, in optimizing the fabrication of drug-loaded electrospun nanofibers. The smallest diameter, highest encapsulation efficiency, highest drug release percentage, and highest anticancer activity are obtained at a molecular weight between 80 and 474 kDa and a doxorubicin concentration of at least 3.182 wt% with the polymer density in the range of 1.2-1.52 g/cm3, polymer concentration of 6.618-9 wt%, and dielectric constant of solvent more than 30. Also, the optimal distance of 14-15 cm, the flow rate of 3.5-5 mL/h, and the voltage in the range of 20-25 kV result in the highest release rate, the highest encapsulation efficiency, and the lowest average diameter for fibers. Therefore, to achieve optimal conditions, these values should be considered. These findings open up new roads for future design and production of drug-loaded polymeric nanofibers with desirable properties and performances by machine learning methods."
129,A2_property,36363034,PMC9654329,10.3390/ma15217442,2022,"Materials (Basel, Switzerland)",research-article; Journal Article,A Knowledge Transfer Framework for General Alloy Materials Properties Prediction.,"Biomedical metal implants have many applications in clinical treatment. Due to a variety of application requirements, alloy materials with specific properties are being designed continuously. The traditional alloy properties testing experiment is faced with high-cost and time-consuming challenges. Machine learning can accurately predict the properties of materials at a lower cost. However, the predicted performance is limited by the material dataset. We propose a calculation framework of alloy properties based on knowledge transfer. The purpose of the framework is to improve the prediction performance of machine learning models on material datasets. In addition to assembling the experiment dataset, the simulation dataset is also generated manually in the proposed framework. Domain knowledge is extracted from the simulation data and transferred to help train experiment data by the framework. The high accuracy of the simulation data (above 0.9) shows that the framework can effectively extract domain knowledge. With domain knowledge, the prediction performance of experimental data can reach more than 0.8. And it is 10% higher than the traditional machine learning method. The explanatory ability of the model is enhanced with the help of domain knowledge. In addition, five tasks are applied to show the framework is a general method."
130,A2_property,38974990,PMC11224514,10.3389/fchem.2024.1395359,2024,Frontiers in chemistry,research-article; Journal Article,Modeling and validation of drug release kinetics using hybrid method for prediction of drug efficiency and novel formulations.,"This paper presents a thorough examination for drug release from a polymeric matrix to improve understanding of drug release behavior for tissue regeneration. A comprehensive model was developed utilizing mass transfer and machine learning (ML). In the machine learning section, three distinct regression models, namely, Decision Tree Regression (DTR), Passive Aggressive Regression (PAR), and Quadratic Polynomial Regression (QPR) applied to a comprehensive dataset of drug release. The dataset includes r(m) and z(m) inputs, with corresponding concentration of solute in the matrix (C) as response. The primary objective is to assess and compare the predictive performance of these models in finding the correlation between input parameters and chemical concentrations. The hyper-parameter optimization process is executed using Sequential Model-Based Optimization (SMBO), ensuring the robustness of the models in handling the complexity of the controlled drug release. The Decision Tree Regression model exhibits outstanding predictive accuracy, with an R2 score of 0.99887, RMSE of 9.0092E-06, MAE of 3.51486E-06, and a Max Error of 6.87000E-05. This exceptional performance underscores the model's capability to discern intricate patterns within the drug release dataset. The Passive Aggressive Regression model, while displaying a slightly lower R2 score of 0.94652, demonstrates commendable predictive capabilities with an RMSE of 6.0438E-05, MAE of 4.82782E-05, and a Max Error of 2.36600E-04. The model's effectiveness in capturing non-linear relationships within the dataset is evident. The Quadratic Polynomial Regression model, designed to accommodate quadratic relationships, yields a noteworthy R2 score of 0.95382, along with an RMSE of 5.6655E-05, MAE of 4.49198E-05, and a Max Error of 1.86375E-04. These results affirm the model's proficiency in capturing the inherent complexities of the drug release system."
131,A2_property,37771679,PMC10522944,10.1016/j.bioactmat.2023.09.008,2024,Bioactive materials,research-article; Journal Article,Synchrotron microtomography reveals insights into the degradation kinetics of bio-degradable coronary magnesium scaffolds.,"Bioresorbable magnesium scaffolds are a promising future treatment option for coronary artery stenosis, especially for young adults. Due to the degradation of these scaffolds (<1 year), long-term device-related clinical events could be reduced compared to treatments with conventional drug eluting stents. First clinical trials indicate a return of vasomotion after one year, which may be associated with improved long-term clinical outcomes. However, even after decades of development, the degradation process, ideal degradation time and biological response in vivo are still not fully understood. The present study investigates the in vivo degradation of magnesium scaffolds in the coronary arteries of pigs influenced by different strut thicknesses and the presence of antiproliferative drugs. Due to high 3D image contrast of synchrotron-based micro-CT with phase contrast (SR-μCT), a qualitative and quantitative evaluation of the degradation morphology of magnesium scaffolds was obtained. For the segmentation of the μCT images a convolutional network architecture (U-net) was exploited, demonstrating the huge potential of merging high resolution SR-μCT with deep learning (DL) supported data analysis. In total, 30 scaffolds, made of the rare earth alloy Resoloy®, with different strut designs were implanted into the coronary arteries of 10 domestic pigs for 28 days using drug-coated or uncoated angioplasty balloons for post-dilatation. The degradation morphology was analyzed using scanning electron microscopy, energy dispersive x-ray spectroscopy and SR-μCT. The data from these methods were then related to data from angiography, optical coherence tomography and histology. A thinner strut size (95 vs. 130 μm) and the presence of paclitaxel indicated a slower degradation rate at 28 d in vivo, which positively influences the late lumen loss (0.5 and 0.6 mm vs. 1.0 and 1.1 mm) and recoil values (0 and 1.7% vs. 6.1 and 22%)."
132,A2_property,32606610,PMC7320029,10.2147/dddt.s244016,2020,"Drug design, development and therapy",research-article; Journal Article,Artificial Neural Network (ANN) Approach to Predict an Optimized pH-Dependent Mesalamine Matrix Tablet.,"BackgroundSevere bleeding and perforation of the colon and rectum are complications of ulcerative colitis which can be treated by a targeted drug delivery system.PurposeDevelopment of colon-targeted delivery usually involves a complex formulation process and coating steps of pH-sensitive methacrylic acid based Eudragit®. The current work was purposefully designed to develop dicalcium phosphate (DCP) facilitated with Eudragit-S100-based pH-dependent, uncoated mesalamine matrix tablets.Materials and methodsMesalamine formulations were compressed using wet granulation technique with varying compositions of dicalcium phosphate (DCP) and Eudragit-S100. The developed formulations were characterized for physicochemical and drug release profiles. Infrared studies were carried out to ensure that there was no interaction between active ingredients and excipients. Artificial neural network (ANN) was used for the optimization of final DCP-Eudragit-S100 complex and the experimental data were employed to train a multi-layer perception (MLP) using quick propagation (QP) training algorithm until a satisfactory root mean square error (RMSE) was reached. The ANN-aided optimized formulation was compared with commercially available Masacol®.ResultsCompressed tablets met the desirability criteria in terms of thickness, hardness, weight variation, friability, and content uniformity, ie, 5.34 mm, 7.7 kg/cm2, 585±5 mg (%), 0.44%, and 103%, respectively. In-vitro dissolution study of commercially available mesalamine and optimized formulation was carried out and the former showed 100% release at 6 h while the latter released only 12.09% after 2 h and 72.96% after 12 h which was fitted to Weibull release model with b value of 1.3, indicating a complex release mechanism.ConclusionDCP-Eudragit-S100 blend was found explicative for mesalamine release without coating in gastric and colonic regions. This combination may provide a better control of ulcerative colitis."
133,A2_property,34900538,PMC8642610,10.1016/j.apsb.2021.04.017,2021,Acta pharmaceutica Sinica. B,research-article; Journal Article,Integrated in silico formulation design of self-emulsifying drug delivery systems.,"The drug formulation design of self-emulsifying drug delivery systems (SEDDS) often requires numerous experiments, which are time- and money-consuming. This research aimed to rationally design the SEDDS formulation by the integrated computational and experimental approaches. 4495 SEDDS formulation datasets were collected to predict the pseudo-ternary phase diagram by the machine learning methods. Random forest (RF) showed the best prediction performance with 91.3% for accuracy, 92.0% for sensitivity and 90.7% for specificity in 5-fold cross-validation. The pseudo-ternary phase diagrams of meloxicam SEDDS were experimentally developed to validate the RF prediction model and achieved an excellent prediction accuracy (89.51%). The central composite design (CCD) was used to screen the best ratio of oil-surfactant-cosurfactant. Finally, molecular dynamic (MD) simulation was used to investigate the molecular interaction between excipients and drugs, which revealed the diffusion behavior in water and the role of cosurfactants. In conclusion, this research combined machine learning, central composite design, molecular modeling and experimental approaches for rational SEDDS formulation design. The integrated computer methodology can decrease traditional drug formulation design works and bring new ideas for future drug formulation design."
134,A2_property,33489277,PMC7813265,10.1098/rsos.201293,2020,Royal Society open science,research-article; Journal Article,Correlating in vitro performance with physico-chemical characteristics of nanofibrous scaffolds for skin tissue engineering using supervised machine learning algorithms.,"The engineering of polymeric scaffolds for tissue regeneration has known a phenomenal growth during the past decades as materials scientists seek to understand cell biology and cell-material behaviour. Statistical methods are being applied to physico-chemical properties of polymeric scaffolds for tissue engineering (TE) to guide through the complexity of experimental conditions. We have attempted using experimental in vitro data and physico-chemical data of electrospun polymeric scaffolds, tested for skin TE, to model scaffold performance using machine learning (ML) approach. Fibre diameter, pore diameter, water contact angle and Young's modulus were used to find a correlation with 3-(4,5-dimethylthiazol-2-yl)-2,5-diphenyltetrazolium bromide (MTT) assay of L929 fibroblasts cells on the scaffolds after 7 days. Six supervised learning algorithms were trained on the data using Seaborn/Scikit-learn Python libraries. After hyperparameter tuning, random forest regression yielded the highest accuracy of 62.74%. The predictive model was also correlated with in vivo data. This is a first preliminary study on ML methods for the prediction of cell-material interactions on nanofibrous scaffolds."
135,A2_property,41361346,PMC12796340,10.1038/s41598-025-31291-9,2025,Scientific reports,research-article; Journal Article,"Developing Gaussian process regression, Lasso regression, and Nu-support vector regression models for predicting solubility of exemestane in supercritical CO2.","Precise estimation of pharmaceutical solubility in supercritical carbon dioxide (scCO2) is essential for optimizing pharmaceutical applications, including particle size reduction, the development of solid dispersions, and controlled-release formulations. In this research, we present a comparative analysis of three machine learning regression models-Lasso Regression, Gaussian Process Regression (GPR), and Nu-Support Vector Regression (Nu-SVR)-for predicting the solubility of exemestane (EXE), a poorly water-soluble anticancer drug, in scCO2 under varying temperature and pressure conditions. The dataset used in this work consists of 45 experimental measurements encompassing temperature (T in K), pressure (P in MPa), and solubility (in g/L) of EXE. The dataset was divided into training and testing data subsets to facilitate reliable model validation. Model performance was thoroughly evaluated using metrics such as the R², RMSE, MAE, and AARD%. Additionally, decision surfaces and observed-versus-predicted plots were generated to visually assess model accuracy. Among the applied models, Gaussian Process Regression demonstrated superior predictive capability with an R² score of 0.996, Maximum error of 3.27, significantly outperforming both Lasso and Nu-SVR models. These results indicate that GPR effectively captures the nonlinear relationship between process variables and drug solubility, offering high generalization and precision. Feature importance analysis confirmed that pressure has the most significant influence on solubility behavior, while temperature also contributes positively to solubility trends. Residual analysis further validated the consistency and reliability of the GPR-based model. This work contributes to the growing application of machine learning techniques in pharmaceutical process modeling, particularly in supercritical fluid-based drug delivery systems. The proposed GPR model provides a reliable and efficient tool for predicting solubility, supporting the design and optimization of scCO2-assisted drug formulation methods."
136,A2_property,39430497,PMC11489375,10.1016/j.heliyon.2024.e38899,2024,Heliyon,research-article; Journal Article,Optimizing the effect of heat treatment on the mechanical properties (tensile Strength and hardness) of Hyphaene Thebaica nut; A machine learning and Taguchi approach.,"The demand for innovative and sustainable biomaterials in healthcare and biotechnology has fueled the need for advancements in its engineering performance. However, the limited properties of biomaterials without the integration of synthetic reinforcements or supports pose a challenge. Consequently, there is a growing necessity for the development of full cycle eco-friendly materials. This study focuses on enhancing the mechanical properties of Doum palm nuts through heat treatment for engineering applications. The research employs the Taguchi optimization technique and genetic algorithms to determine the optimal combination of heating temperature and holding time, aiming to achieve the highest tensile strength and hardness. The results showcase the effectiveness of the proposed approach, revealing the optimal tensile strength of 7.32 MPa at a treatment temperature of 50 °C and a holding time of 120 min. Similarly, the optimum hardness of 60.3 Hv is attained at a heat treatment temperature of 100 °C and a holding time of 120 min. The study further investigates chemical changes through Fourier transform infrared analysis and optical micrographs. Regression models for tensile strength and hardness are developed, and the global optimum is found using a genetic algorithm solver. The findings of this study demonstrate significant and remarkable improvements in the mechanical properties of biomaterials, highlighting their potential for demanding engineering applications. The optimized heat treatment parameters provide a path towards enhanced biomaterials performance and offer promising avenues for the development of tougher and more resilient materials. This research contributes to the field of biomaterials engineering, paving the way for the design and production of eco-friendly materials with superior mechanical properties, thus addressing the ongoing demand for innovative and sustainable solutions in various industries."
137,A2_property,39590076,PMC11593876,10.3390/gels10110720,2024,"Gels (Basel, Switzerland)",research-article; Journal Article,Alkali Ion-Accelerated Gelation of MXene-Based Conductive Hydrogel for Flexible Sensing and Machine Learning-Assisted Recognition.,"Conductive hydrogels are promising active materials for wearable flexible electronics, yet it is still challenging to fabricate conductive hydrogels with good environmental stability and electrical properties. In this work, a conductive MXene/LiCl/poly(sulfobetaine methacrylate) hydrogel system was successfully prepared with an impressive conductivity of 12.2 S/m. Interestingly, the synergistic effect of MXene and a lithium bond can significantly accelerate the polymerization process, forming the conductive hydrogel within 1 min. In addition, adding LiCl to the hydrogel not only significantly increases its water retention ability, but also enhances its conductivity, both of which are important for practical applications. The flexible strain sensors based on the as-prepared hydrogel have demonstrated excellent monitoring ability for human joint motion, pulse, and electromyographic signals. More importantly, based on machine learning image recognition technology, the handwritten letter recognition system displayed a high accuracy rate of 93.5%. This work demonstrates the excellent comprehensive performance of MXene-based hydrogels in health monitoring and image recognition and shows potential applications in human-machine interfaces and artificial intelligence."
138,A2_property,39996684,PMC11855032,10.3390/gels11020141,2025,"Gels (Basel, Switzerland)",research-article; Journal Article,The Optimization of Culture Conditions for Injectable Recombinant Collagen Hydrogel Preparation Using Machine Learning.,"Injectable recombinant collagen hydrogels (RCHs) are crucial in biomedical applications. Culture conditions play an important role in the preparation of hydrogels. However, determining the characteristics of hydrogels under certain conditions and determining the optimal conditions swiftly still remain challenging tasks. In this study, a machine learning approach was introduced to explore the correlation between hydrogel characteristics and culture conditions and determine the optimal culture conditions. The study focused on four key factors as independent variables: initial substrate concentration, reaction temperature, pH level, and reaction time, while the dependent variable was the elastic modulus of the hydrogels. To analyze the impact of these factors on the elastic modulus, four mathematical models were employed, including multiple linear regression (ML), decision tree (DT), support vector machine (SVM), and neural network (NN). The theoretical outputs of NN were closest to the actual values. Therefore, NN proved to be the most suitable model. Subsequently, the optimal culture conditions were identified as a substrate concentration of 15% (W/V), a reaction temperature of 4 °C, a pH of 7.0, and a reaction time of 12 h. The hydrogels prepared under these specific conditions exhibited a predicted elastic modulus of 15,340 Pa, approaching that of natural elastic cartilage."
139,A2_property,40492276,PMC12199226,10.1021/acs.analchem.5c01636,2025,Analytical chemistry,"Research Support, Non-U.S. Gov't; research-article; Journal Article",High-Throughput Analysis of Protein Adsorption to a Large Library of Polymers Using Liquid Extraction Surface Analysis-Tandem Mass Spectrometry (LESA-MS/MS).,"Biomaterials play an important role in medicine from contact lenses to joint replacements. High-throughput screening coupled with machine learning has identified synthetic polymers that prevent bacterial biofilm formation, prevent fungal cell attachment, control immune cell attachment and phenotype, or direct stem cell fate. In-vitro preadsorption of proteins from culture medium plays a pivotal role in controlling cell response. However, there is a paucity of studies on the screening of protein adsorption into material libraries. Here, we show how quantitative analysis of protein adsorption on a 208-member polymer microarray can be achieved using liquid extraction surface analysis, combined with an adaptation of the droplet microarray (DMA) approach and tandem mass spectrometry (LESA-MS/MS) for protein identification. This study uses a fully defined cell culture medium containing only four proteins (Essential 8) to demonstrate the feasibility of the analysis approach. Our findings show that we can generate quantitative and predictive machine learning models of protein adsorption that elucidate key polymer features that describe the relationship between surface chemistry and protein adsorption. This information is of use for the rational design of new materials with bespoke protein attachment properties for biomaterials, medical devices, or in vitro compound screening."
140,A2_property,38665812,PMC11044700,10.3389/fbioe.2024.1364553,2024,Frontiers in bioengineering and biotechnology,research-article; Journal Article,Deep learning-assisted concentration gradient generation for the study of 3D cell cultures in hydrogel beads of varying stiffness.,"The study of dose-response relationships underpins analytical biosciences. Droplet microfluidics platforms can automate the generation of microreactors encapsulating varying concentrations of an assay component, providing datasets across a large chemical space in a single experiment. A classical method consists in varying the flow rate of multiple solutions co-flowing into a single microchannel (producing different volume fractions) before encapsulating the contents into water-in-oil droplets. This process can be automated through controlling the pumping elements but lacks the ability to adapt to unpredictable experimental scenarios, often requiring constant human supervision. In this paper, we introduce an image-based, closed-loop control system for assessing and adjusting volume fractions, thereby generating unsupervised, uniform concentration gradients. We trained a shallow convolutional neural network to assess the position of the laminar flow interface between two co-flowing fluids and used this model to adjust flow rates in real-time. We apply the method to generate alginate microbeads in which HEK293FT cells could grow in three dimensions. The stiffnesses ranged from 50 Pa to close to 1 kPa in Young modulus and were encoded with a fluorescent marker. We trained deep learning models based on the YOLOv4 object detector to efficiently detect both microbeads and multicellular spheroids from high-content screening images. This allowed us to map relationships between hydrogel stiffness and multicellular spheroid growth."
141,A2_property,36683754,PMC9847532,10.1093/rb/rbac085,2023,Regenerative biomaterials,research-article; Journal Article,Integrated printed BDNF-stimulated HUCMSCs-derived exosomes/collagen/chitosan biological scaffolds with 3D printing technology promoted the remodelling of neural networks after traumatic brain injury.,"The restoration of nerve dysfunction after traumatic brain injury (TBI) faces huge challenges due to the limited self-regenerative abilities of nerve tissues. In situ inductive recovery can be achieved utilizing biological scaffolds combined with endogenous human umbilical cord mesenchymal stem cells (HUCMSCs)-derived exosomes (MExos). In this study, brain-derived neurotrophic factor-stimulated HUCMSCs-derived exosomes (BMExos) were composited with collagen/chitosan by 3D printing technology. 3D-printed collagen/chitosan/BMExos (3D-CC-BMExos) scaffolds have excellent mechanical properties and biocompatibility. Subsequently, in vivo experiments showed that 3D-CC-BMExos therapy could improve the recovery of neuromotor function and cognitive function in a TBI model in rats. Consistent with the behavioural recovery, the results of histomorphological tests showed that 3D-CC-BMExos therapy could facilitate the remodelling of neural networks, such as improving the regeneration of nerve fibres, synaptic connections and myelin sheaths, in lesions after TBI."
142,A2_property,38591397,PMC10856156,10.3390/ma17030571,2024,"Materials (Basel, Switzerland)",research-article; Journal Article,Material Design of Porous Hydroxyapatite Ceramics via Inverse Analysis of an Estimation Model for Bone-Forming Ability Based on Machine Learning and Experimental Validation of Biological Hard Tissue Responses.,"Hydroxyapatite and β-tricalcium phosphate have been clinically applied as artificial bone materials due to their high biocompatibility. The development of artificial bones requires the verification of safety and efficacy through animal experiments; however, from the viewpoint of animal welfare, it is necessary to reduce the number of animal experiments. In this study, we utilized machine learning to construct a model that estimates the bone-forming ability of bioceramics from material fabrication conditions, material properties, and in vivo experimental conditions. We succeeded in constructing two models: 'Model 1', which predicts material properties from their fabrication conditions, and 'Model 2', which predicts the bone-formation rate from material properties and in vivo experimental conditions. The inclusion of full width at half maximum (FWHM) in the feature of Model 2 showed an improvement in accuracy. Furthermore, the results of the feature importance showed that the FWHMs were the most important. By an inverse analysis of the two models, we proposed candidates for material fabrication conditions to achieve target values of the bone-formation rate. Under the proposed conditions, the material properties of the fabricated material were consistent with the estimated material properties. Furthermore, a comparison between bone-formation rates after 12 weeks of implantation in the porcine tibia and the estimated bone-formation rate. This result showed that the actual bone-formation rates existed within the error range of the estimated bone-formation rates, indicating that machine learning consistently predicts the results of animal experiments using material fabrication conditions. We believe that these findings will lead to the establishment of alternative animal experiments to replace animal experiments in the development of artificial bones."
143,A2_property,40686204,PMC12463100,10.1002/advs.202503809,2025,"Advanced science (Weinheim, Baden-Wurttemberg, Germany)",research-article; Journal Article,Mucociliary Clearance Inspired Nanozyme-centric Hydrogel Composites for Integrated Bacterial Detection.,"The rapid movement of populations has led to the transmission and infection of pathogens, imposing a significant burden on global healthcare systems and economies. Despite considerable progress, current strategies heavily rely on specialized instruments or complex processing of bacterial samples. Inspired by pulmonary cilia and the mucus on it, a nanozyme-centric hydrogel network, integrated into nanowires for comprehensive bacterial lysis and detection. Nanozymes serve as multifunctional initiators and crosslinkers for the hydrogel network, enabling a one-step gelation process that addresses the aggregation issues of nanozyme particles, and improving the sensitivity of colorimetric detection. By integrating the nanozyme-centric hydrogel with the rapid piercing capabilities of the nanowire arrays, an efficient platform is developed for the disinfection, lysis, and detection of various bacterial strains. Moreover, this detection platform is adaptable to flexible substrates and can be integrated with machine learning algorithms, promoting versatile home-based pathogen testing in resource-limited settings."
144,A2_property,34819099,PMC8614058,10.1186/s12989-021-00433-y,2021,Particle and fibre toxicology,"Research Support, Non-U.S. Gov't; research-article; Journal Article; Research Support, N.I.H., Extramural",Silica-coated magnetic-nanoparticle-induced cytotoxicity is reduced in microglia by glutathione and citrate identified using integrated omics.,"BackgroundNanoparticles have been utilized in brain research and therapeutics, including imaging, diagnosis, and drug delivery, owing to their versatile properties compared to bulk materials. However, exposure to nanoparticles leads to their accumulation in the brain, but drug development to counteract this nanotoxicity remains challenging. To date, concerns have risen about the potential toxicity to the brain associated with nanoparticles exposure via penetration of the brain blood barrier to address this issue.MethodsHere the effect of silica-coated-magnetic nanoparticles containing the rhodamine B isothiocyanate dye [MNPs@SiO2(RITC)] were assessed on microglia through toxicological investigation, including biological analysis and integration of transcriptomics, proteomics, and metabolomics. MNPs@SiO2(RITC)-induced biological changes, such as morphology, generation of reactive oxygen species, intracellular accumulation of MNPs@SiO2(RITC) using transmission electron microscopy, and glucose uptake efficiency, were analyzed in BV2 murine microglial cells. Each omics data was collected via RNA-sequencing-based transcriptome analysis, liquid chromatography-tandem mass spectrometry-based proteome analysis, and gas chromatography- tandem mass spectrometry-based metabolome analysis. The three omics datasets were integrated and generated as a single network using a machine learning algorithm. Nineteen compounds were screened and predicted their effects on nanotoxicity within the triple-omics network.ResultsIntracellular reactive oxygen species production, an inflammatory response, and morphological activation of cells were greater, but glucose uptake was lower in MNPs@SiO2(RITC)-treated BV2 microglia and primary rat microglia in a dose-dependent manner. Expression of 121 genes (from 41,214 identified genes), and levels of 45 proteins (from 5918 identified proteins) and 17 metabolites (from 47 identified metabolites) related to the above phenomena changed in MNPs@SiO2(RITC)-treated microglia. A combination of glutathione and citrate attenuated nanotoxicity induced by MNPs@SiO2(RITC) and ten other nanoparticles in vitro and in the murine brain, protecting mostly the hippocampus and thalamus.ConclusionsCombination of glutathione and citrate can be one of the candidates for nanotoxicity alleviating drug against MNPs@SiO2(RITC) induced detrimental effect, including elevation of intracellular reactive oxygen species level, activation of microglia, and reduction in glucose uptake efficiency. In addition, our findings indicate that an integrated triple omics approach provides useful and sensitive toxicological assessment for nanoparticles and screening of drug for nanotoxicity."
145,A2_property,34576503,PMC8471570,10.3390/ma14185278,2021,"Materials (Basel, Switzerland)",research-article; Journal Article,Artificial Intelligence Aided Design of Tissue Engineering Scaffolds Employing Virtual Tomography and 3D Convolutional Neural Networks.,"Design requirements for different mechanical metamaterials, porous constructions and lattice structures, employed as tissue engineering scaffolds, lead to multi-objective optimizations, due to the complex mechanical features of the biological tissues and structures they should mimic. In some cases, the use of conventional design and simulation methods for designing such tissue engineering scaffolds cannot be applied because of geometrical complexity, manufacturing defects or large aspect ratios leading to numerical mismatches. Artificial intelligence (AI) in general, and machine learning (ML) methods in particular, are already finding applications in tissue engineering and they can prove transformative resources for supporting designers in the field of regenerative medicine. In this study, the use of 3D convolutional neural networks (3D CNNs), trained using digital tomographies obtained from the CAD models, is validated as a powerful resource for predicting the mechanical properties of innovative scaffolds. The presented AI-aided or ML-aided design strategy is believed as an innovative approach in area of tissue engineering scaffolds, and of mechanical metamaterials in general. This strategy may lead to several applications beyond the tissue engineering field, as we analyze in the discussion and future proposals sections of the research study."
146,A2_property,40302018,PMC12080376,10.1021/acsnano.4c14264,2025,ACS nano,"Research Support, Non-U.S. Gov't; research-article; Journal Article",Artificial Intelligence-Guided Cancer Engineering for Tumor Normalization Executed by Tumor Lysosomal-Triggered Supramolecular Chiral Peptide.,"Cancer engineering for tumor normalization offers a promising therapeutic strategy to reverse malignant cells and their supportive tumor microenvironment into a more benign state. Herein, an artificial intelligence (AI) approach was developed using mRNA data from patients with lung adenocarcinoma to facilitate the identification of aberrant signaling pathways, specifically focusing on PD-L1, Wnt, and macropinocytosis. Targeting these characteristics, we have developed a supramolecular construct called cancer corrector (CCtor) with the aim of harnessing the enhanced macropinocytosis observed in cancer cells. Undergoing cleavage and subsequent drug release triggered by the lysosomal protease in cancer cells, CCtor rectifies the aberrant hyperactivity of both Wnt and PD-L1 signaling pathways. This dual-action therapeutic strategy not only restores normalcy to cancer cells but also exerts an exceptionally robust therapeutic effect. This work exemplifies a future direction for cancer therapies by combining AI with molecular engineering to significantly improve patient outcomes through tumor behavior normalization."
147,A2_property,40234455,PMC12000562,10.1038/s41598-025-94608-8,2025,Scientific reports,research-article; Journal Article,Surrogate modeling of electrospun PVA/PLA nanofibers using artificial neural network for biomedical applications.,"Blending poly (lactic acid) (PLA) with poly (vinyl alcohol) (PVA) improves the strength and hydrophilicity of nanofibers, making them suitable for biomedical applications like wound dressings. This study explores how electrospinning parameters-applied voltage, flow rate, and needle-to-collector distance-affect PVA/PLA nanofiber properties, optimizing them using a Taguchi design of experiment (DoE) approach to enhance their mechanical and surface properties for clinical use. Given the high costs and time associated with conducting extensive experimental tests, an artificial neural network based surrogate model is developed to predict experimental outcomes more efficiently, facilitating faster identification of optimal design configurations. Analysis of Variance reveals flow rate as the most significant determinant of fiber diameter. The optimal electrospinning configuration yields nanofibers with an average diameter of 127.6 ± 19.8 nm. These fibers exhibit exceptional tensile strength, flexibility, and a water contact angle of 37°, demonstrating superior hydrophilicity conducive to cell adhesion and proliferation-key factors in promoting wound healing. Comparative analyses confirm that the optimized scaffold (18 cm needle-to-collector distance, 0.6 ml/h flow rate, and 18 kV applied voltage) significantly outperforms alternative configurations, such as 10 cm needle-to-collector distance, 1.2 ml/h flow rate, and 22 kV applied voltage, which display larger diameters, reduced hydrophilicity (contact angle of 72°), and diminished suitability for medical use. Validation experiments affirm the accuracy and reproducibility of the Taguchi optimization, substantiating the methodological rigor and reliability of the findings. This work contributes novel insights into the tunable design of electrospun nanofibers, providing a pathway to developing advanced wound dressings that facilitate tissue integration and accelerate healing. The optimized PVA/PLA nanofibers have the potential to revolutionize wound care by offering a cost-effective and clinically viable solution for enhancing patient recovery, reducing treatment durations, and improving global healthcare outcomes."
148,A2_property,37111753,PMC10146263,10.3390/pharmaceutics15041266,2023,Pharmaceutics,research-article; Journal Article,Four-Dimensional Printed Construct from Temperature-Responsive Self-Folding Feedstock for Pharmaceutical Applications with Machine Learning Modeling.,"Four-dimensional (4D) printing, as a newly evolving technology to formulate drug delivery devices, displays distinctive advantages that can autonomously monitor drug release according to the actual physiological circumstances. In this work, we reported our earlier synthesized novel thermo-responsive self-folding feedstock for possible SSE-mediated 3D printing to form a 4D printed construct deploying machine learning (ML) modeling to determine its shape recovery behavior followed by its potential drug delivery applications. Therefore, in the present study, we converted our earlier synthesized temperature-responsive self-folding (both placebo and drug-loaded) feedstock into 4D printed constructs using SSE-mediated 3D printing technology. Further, the shape memory programming of the printed 4D construct was achieved at 50 °C followed by shape fixation at 4 °C. The shape recovery was achieved at 37 °C, and the obtained data were used to train and ML algorithms for batch optimization. The optimized batch showed a shape recovery ratio of 97.41. Further, the optimized batch was used for the drug delivery application using paracetamol (PCM) as a model drug. The % entrapment efficiency of the PCM-loaded 4D construct was found to be 98.11 ± 1.5%. In addition, the in vitro release of PCM from this programmed 4D printed construct confirms temperature-responsive shrinkage/swelling properties via releasing almost 100% ± 4.19 of PCM within 4.0 h. at gastric pH medium. In summary, the proposed 4D printing strategy pioneers the paradigm that can independently control drug release with respect to the actual physiological environment."
149,A2_property,36837169,PMC9961090,10.3390/ma16041539,2023,"Materials (Basel, Switzerland)",research-article; Journal Article,Towards a Material-by-Design Approach to Electrospun Scaffolds for Tissue Engineering Based on Statistical Design of Experiments (DOE).,"Electrospinning bears great potential for the manufacturing of scaffolds for tissue engineering, consisting of a porous mesh of ultrafine fibers that effectively mimic the extracellular matrix (ECM) and aid in directing stem cell fate. However, for engineering purposes, there is a need to develop material-by-design approaches based on predictive models. In this methodological study, a rational methodology based on statistical design of experiments (DOE) is discussed in detail, yielding heuristic models that capture the linkage between process parameters (Xs) of the electrospinning and scaffold properties (Ys). Five scaffolds made of polycaprolactone are produced according to a 22-factorial combinatorial scheme where two Xs, i.e., flow rate and applied voltage, are varied between two given levels plus a center point. The scaffolds were characterized to measure a set of properties (Ys), i.e., fiber diameter distribution, porosity, wettability, Young's modulus, and cell adhesion on murine myoblast C1C12 cells. Simple engineering DOE models were obtained for all Ys. Each Y, for example, the biological response, can be used as a driver for the design process, using the process-property model of interest for accurate interpolation within the design domain, enabling a material-by-design strategy and speeding up the product development cycle. The implications are also illustrated in the context of the design of multilayer scaffolds with microstructural gradients and controlled properties of each layer. The possibility of obtaining statistical models correlating between diverse output properties of the scaffolds is highlighted. Noteworthy, the featured DOE approach can be potentially merged with artificial intelligence tools to manage complexity and it is applicable to several fields including 3D printing."
150,A2_property,39886605,PMC11780150,10.1016/j.bioactmat.2024.12.028,2025,Bioactive materials,research-article; Journal Article,3D bioprinted dynamic bioactive living construct enhances mechanotransduction-assisted rapid neural network self-organization for spinal cord injury repair.,"Biomimetic neural substitutes, constructed through the bottom-up assembly of cell-matrix modulus via 3D bioprinting, hold great promise for neural regeneration. However, achieving precise control over the fate of neural stem cells (NSCs) to ensure biological functionality remains challenging. Cell behaviors are closely linked to cellular dynamics and cell-matrix mechanotransduction within a 3D microenvironment. To address this, a dynamic bioactive bioink is designed to provide adaptable biomechanics and instructive biochemical cues, specifically tailored for the fate commitment of NSCs, through incorporating reversible Schiff-base bonds and bioactive motifs, N-cadherin-mimicking and BDNF-mimicking peptides. We demonstrate that the dynamic properties of 3D bioprinted living fibers alleviate the mechanical confinement on NSCs and significantly enhance their mechanosensing, spreading, migration, and matrix remodeling within the 3D matrix. Additionally, the inclusion of N-cadherin-mimicking and BDNF-mimicking peptides further enhances cells' ability to sense and respond to mechanical and neurotrophic cues provided by the surrounding matrix, which accelerates the self-organization of a functional neural network within the 3D bioprinted construct, leading to significant motor and sensory function recovery in a rat complete spinal cord injury model. This work underscores the critical role of precisely designing cell-instructive bioinks for the advanced functionality of 3D bioprinted living constructs in neural regeneration."
151,A2_property,33391504,PMC7738861,10.7150/thno.50540,2021,Theranostics,"Research Support, Non-U.S. Gov't; research-article; Journal Article",Implantation of regenerative complexes in traumatic brain injury canine models enhances the reconstruction of neural networks and motor function recovery.,"Rationale: The combination of medical and tissue engineering in neural regeneration studies is a promising field. Collagen, silk fibroin and seed cells are suitable options and have been widely used in the repair of spinal cord injury. In this study, we aimed to determine whether the implantation of a complex fabricated with collagen/silk fibroin (SF) and the human umbilical cord mesenchymal stem cells (hUCMSCs) can promote cerebral cortex repair and motor functional recovery in a canine model of traumatic brain injury (TBI). Methods: A porous scaffold was fabricated with cross-linked collagen and SF. Its physical properties and degeneration rate were measured. The scaffolds were co-cultured with hUCMSCs after which an implantable complex was formed. After complex implantation to a canine model of TBI, the motor evoked potential (MEP) and magnetic resonance imaging (MRI) were used to evaluate the integrity of the cerebral cortex. The neurologic score, motion capture, surface electromyography (sEMG), and vertical ground reaction force (vGRF) were measured in the analysis of motor functions. In vitro analysis of inflammation levels was performed by Elisa while immunohistochemistry was used in track the fate of hUCMSCs. In situ hybridization, transmission electron microscope, and immunofluorescence were used to assess neural and vascular regeneration. Results: Favorable physical properties, suitable degradation rate, and biocompatibility were observed in the collagen/SF scaffolds. The group with complex implantation exhibited the best cerebral cortex integrity and motor functions. The implantation also led to the regeneration of more blood vessels and nerve fibers, less glial fibers, and inflammatory factors. Conclusion: Implantation of this complex enhanced therapy in traumatic brain injury (TBI) through structural repair and functional recovery. These effects exhibit the translational prospects for the clinical application of this complex."
152,A2_property,41018818,PMC12462384,10.1093/bioadv/vbaf213,2025,Bioinformatics advances,research-article; Journal Article,PerseuCPP: a machine learning strategy to predict cell-penetrating peptides and their uptake efficiency.,"MotivationCell-penetrating peptides (CPPs) are promising tools for transporting therapeutic molecules into cells without damaging the cellular membrane. These peptides serve as efficient drug delivery systems, capable of carrying diverse biologically active substances while exhibiting low cytotoxicity compared to non-native molecules. However, identifying CPPs through experimental methods is expensive and time-consuming, making computational strategies an attractive alternative due to their cost-effectiveness and scalability.ResultsThis study introduces PerseuCPP, a machine learning strategy designed to identify CPPs. Based on descriptors including physicochemical and structural properties as well as atomic composition, our strategy employs the Extremely Randomized Trees to predict CPPs and their uptake efficiency. The first stage was developed using a balanced dataset of 967 CPPs and non-CPPs, applying a 10-fold cross-validation scheme. Two independent datasets were utilized for validation. The CPP predictor achieved superior results compared to state-of-the-art methods, with MCC 0.854, Recall 0.860, and AUC 0.984. The second stage, focused on efficiency prediction, was trained on a balanced dataset of 140 CPPs and non-CPPs, also using a 10-fold cross-validation scheme, and validated with an independent dataset. The efficiency predictor achieved competitive results, with Recall 0.761 and AUC 0.690. PerseuCPP is interpretable, offering insights into the key descriptors enabling peptides to penetrate cells effectively. We anticipate that PerseuCPP will be a valuable tool for advancing the design and application of CPPs in drug delivery and biomedical research.Availability and implementationhttps://github.com/goalmeida05/PERSEU."
153,A2_property,37274923,PMC10232664,10.1016/j.ajps.2023.100811,2023,Asian journal of pharmaceutical sciences,research-article; Journal Article,Predicting liposome formulations by the integrated machine learning and molecular modeling approaches.,"Liposome is one of the most widely used carriers for drug delivery because of the great biocompatibility and biodegradability. Due to the complex formulation components and preparation process, formulation screening mostly relies on trial-and-error process with low efficiency. Here liposome formulation prediction models have been built by machine learning (ML) approaches. The important parameters of liposomes, including size, polydispersity index (PDI), zeta potential and encapsulation, are predicted individually by optimal ML algorithm, while the formulation features are also ranked to provide important guidance for formulation design. The analysis of key parameter reveals that drug molecules with logS [-3, -6], molecular complexity [500, 1000] and XLogP3 (≥2) are priority for preparing liposome with higher encapsulation. In addition, naproxen (NAP) and palmatine HCl (PAL) represented the insoluble and water-soluble molecules are prepared as liposome formulations to validate prediction ability. The consistency between predicted and experimental value verifies the satisfied accuracy of ML models. As the drug properties are critical for liposome particles, the molecular interactions and dynamics of NAP and PAL liposome are further investigated by coarse-grained molecular dynamics simulations. The modeling structure reveals that NAP molecules could distribute into lipid layer, while most PAL molecules aggregate in the inner aqueous phase of liposome. The completely different physical state of NAP and PAL confirms the importance of drug properties for liposome formulations. In summary, the general prediction models are built to predict liposome formulations, and the impacts of key factors are analyzed by combing ML with molecular modeling. The availability and rationality of these intelligent prediction systems have been proved in this study, which could be applied for liposome formulation development in the future."
154,A2_property,41168176,PMC12575633,10.1038/s41378-025-00999-z,2025,Microsystems & nanoengineering,research-article; Journal Article,Microtube-integrated chips for modular electrical stimulation and 3D confined neural network growth.,"In vitro neural networks offer a simplified model to study brain nervous system functions and represent a vital platform for investigating cerebral neural activities. Microelectrode array (MEA) chips are commonly used to construct modular neural networks and enable electrical stimulation and recording for uncovering signal generation and conduction mechanisms. However, conventional two-dimensional (2D) MEA chips face significant limitations, including restricted neuronal growth dimensions and insufficient neuron density. Herein, we present a novel micro-integrated chip featuring a three-dimensional (3D) physical microtube array that facilitates the regulated, confined growth of neurons. The microtube array not only provides a 3D microenvironment for neuronal growth and differentiation but also enhances neuronal network density and structural organization. Furthermore, by integrating the microtube array with a customized MEA, precise electrical stimulation can be applied to modular neural networks. Experimental results demonstrate that electrical stimulation effectively promotes the formation of connection pathways between adjacent 3D neural networks. Variable-parameter electrical stimulation experiments reveal that increasing voltage enhances the Young's modulus of neurons, highlighting the method's role in supporting the stable development of neuronal networks. This modular culture platform, combined with precise electrical stimulation, paves the way for constructing high-density 3D neuronal networks and enables synchronous control of modular neural activities. The proposed approach holds significant potential for advancing applications in neuroscience, tissue engineering, and organ-on-chip technologies."
155,A2_property,41769200,PMC12948305,10.1631/bdm.2400454,2025,Bio-design and manufacturing,research-article; Journal Article,Machine learning-assisted stiffness prediction in high-cell-density bioprinting.,"Bioprinting of cell-laden hydrogels is a rapidly growing field in tissue engineering. The advent of digital light processing (DLP) three-dimensional (3D) bioprinting technique has revolutionized the fabrication of complex 3D structures. By adjusting light exposure, it becomes possible to control the mechanical properties of the structure, a critical factor in modulating cell activities. To better mimic cell densities in real tissues, recent progress has been made in achieving high-cell-density (HCD) printing with high resolution. However, regulating the stiffness in HCD constructs remains challenging. The large volume of cells greatly affects the light-based DLP bioprinting by causing light absorption, reflection, and scattering. Here, we introduce a neural network-based machine learning technique to predict the stiffness of cell-laden hydrogel scaffolds. Using comprehensive mechanical testing data from 3D bioprinted samples, the model was trained to deliver accurate predictions. To address the demand of working with precious and costly cell types, we employed various methods to ensure the generalizability of the model, even with limited datasets. We demonstrated a transfer learning method to achieve good performance for a precious cell type with a reduced amount of data. The chosen method outperformed many other machine learning techniques, offering a reliable and efficient solution for stiffness prediction in cell-laden scaffolds. This breakthrough paves the way for the next generation of precision bioprinting and more customized tissue engineering."
156,A2_property,35935046,PMC9348528,10.34172/apb.2022.060,2022,Advanced pharmaceutical bulletin,research-article; Journal Article,5FU-loaded PCL/Chitosan/Fe3O4 Core-Shell Nanofibers Structure: An Approach to Multi-Mode Anticancer System.,"Purpose: 5-Fluorouracil (5FU) and Fe3O4 nanoparticles were encapsulated in core-shell polycaprolactone (PCL)/chitosan (CS) nanofibers as a multi-mode anticancer system to study drug release sustainability. The structure of the core-shell drug delivery system was also optimized according to drug release behavior by artificial intelligence. Methods: The core-shell nanofibers were electrospun by a coaxial syringe. Artificial neural network (ANN) was used for function approximation to estimate release parameters. A genetic algorithm was then used for optimizing the structure. Chemical assay of the optimized sample was performed by Fourier transform infrared spectroscopy (FTIR), X-ray diffraction (XRD), and energy-dispersive X-ray spectroscopy (EDX). vibration sample magnetometer (VSM) test was conducted to measure the real amount of loaded magnetic nanoparticles. HepG2 cell cytotoxicity was studied and the results for the optimized samples with and without Fe3O4 after 72 hours were reported. Results: Feeding ratio of sheath to core and the amount of CS, Fe3O4, and 5FU had a statistical effect on nanofibers diameters, which were 300-450 nm. The drug loading efficiency of these nanofibers was 65-86%. ANN estimated the release parameters with an error of 10%. The temperature increased about 5.6°C in the alternative magnetic field (AMF) of 216 kA.m-1~300 kHz and 4.8°C in the AMF of 154 kA.m-1~400 kHz after 20 minutes. HepG2 cell cytotoxicity for the optimized samples with and without Fe3O4 after 72 hours were 39.7% and 38.8%, respectively. Conclusion: Since this core-shell drug release system was more sustainable compared to the blend structure despite the low half-life of 5FU, it is suggested to utilize it as post-surgical implants for various cancer treatments such as liver or colorectal cancer in the future. This system is capable of providing chemotherapy and hyperthermia simultaneously."
157,A2_property,40594444,PMC12218156,10.1038/s41598-025-06872-3,2025,Scientific reports,research-article; Journal Article,Predicting PLGA nanoparticle size and zeta potential in synthesis for application of drug delivery via machine learning analysis.,"This study employed multiple machine learning (ML) methods to model and predict key attributes of PLGA nanoparticles, specifically particle size and zeta potential. The predictions were based on input variables, including PLGA polymer type, PLGA concentration, anti-solvent type, and anti-solvent concentration. Advanced regression models, including Kernel Ridge Regression (KRR), Gaussian Process Regression (GPR), and Adaptive Neuro-Fuzzy Inference System (ANFIS), were applied to a dataset following rigorous preprocessing. This preprocessing involved Leave-One-Out encoding for categorical variables, Z-score-based outlier detection, and Min-Max normalization for numerical inputs. GPR outperformed the other models in predicting particle size and zeta potential, achieving the best test R2 scores of 0.9427 and 0.9841, respectively. Furthermore, GPR recorded the lowest total Mean Squared Error (MSE) for particle size (87.504 nm) and zeta potential (1.103 mV), with minimal Mean Absolute Percentage Errors (MAPE) of 3.76% and 2.31%, underscoring its precision and robustness. Cross-validation results further affirmed GPR's consistency, with a mean 0.9611 for zeta potential and R2 of 0.9588 for particle size and low standard deviations (0.0141 and 0.0083, respectively)."
158,A2_property,38882138,PMC11170757,10.1021/acsomega.4c01234,2024,ACS omega,research-article; Journal Article,Quantitative Evaluation of the Pore and Window Sizes of Tissue Engineering Scaffolds on Scanning Electron Microscope Images Using Deep Learning.,"The morphological characteristics of tissue engineering scaffolds, such as pore and window diameters, are crucial, as they directly impact cell-material interactions, attachment, spreading, infiltration of the cells, degradation rate and the mechanical properties of the scaffolds. Scanning electron microscopy (SEM) is one of the most commonly used techniques for characterizing the microarchitecture of tissue engineering scaffolds due to its advantages, such as being easily accessible and having a short examination time. However, SEM images provide qualitative data that need to be manually measured using software such as ImageJ to quantify the morphological features of the scaffolds. As it is not practical to measure each pore/window in the SEM images as it requires extensive time and effort, only the number of pores/windows is measured and assumed to represent the whole sample, which may cause user bias. Additionally, depending on the number of samples and groups, a study may require measuring thousands of samples and the human error rate may increase. To overcome such problems, in this study, a deep learning model (Pore D2) was developed to quantify the morphological features (such as the pore size and window size) of the open-porous scaffolds automatically for the first time. The developed algorithm was tested on emulsion-templated scaffolds fabricated under different fabrication conditions, such as changing mixing speed, temperature, and surfactant concentration, which resulted in scaffolds with various morphologies. Along with the developed model, blind manual measurements were taken, and the results showed that the developed tool is capable of quantifying pore and window sizes with a high accuracy. Quantifying the morphological features of scaffolds fabricated under different circumstances and controlling these features enable us to engineer tissue engineering scaffolds precisely for specific applications. Pore D2, an open-source software, is available for everyone at the following link: https://github.com/ilaydakaraca/PoreD2."
159,A2_property,35222841,PMC8841378,10.1016/j.csbj.2022.01.027,2022,Computational and structural biotechnology journal,research-article; Journal Article,Evaluation of protein descriptors in computer-aided rational protein engineering tasks and its application in property prediction in SARS-CoV-2 spike glycoprotein.,"The importance of protein engineering in the research and development of biopharmaceuticals and biomaterials has increased. Machine learning in computer-aided protein engineering can markedly reduce the experimental effort in identifying optimal sequences that satisfy the desired properties from a large number of possible protein sequences. To develop general protein descriptors for computer-aided protein engineering tasks, we devised new protein descriptors, one sequence-based descriptor (PCgrades), and three structure-based descriptors (PCspairs, 3D-SPIEs_5.4 Å, and 3D-SPIEs_8Å). While the PCgrades and PCspairs include general and statistical information in physicochemical properties in single and pairwise amino acids respectively, the 3D-SPIEs include specific and quantum-mechanical information with parameterized quantum mechanical calculations (FMO2-DFTB3/D/PCM). To evaluate the protein descriptors, we made prediction models with the new descriptors and previously developed descriptors for diverse protein datasets including protein expression and binding affinity change in SARS-CoV-2 spike glycoprotein. As a result, the newly devised descriptors showed a good performance in diverse datasets, in which the PCspairs showed the best performance (   R 2 = 0.783  for protein expression and   R 2 = 0.711  for binding affinity). As a result, the newly devised descriptors showed a good performance in diverse datasets, in which the PCspairs showed the best performance. Similar approaches with those descriptors would be promising and useful if the prediction models are trained with sufficient quantitative experimental data from high-throughput assays for industrial enzymes or protein drugs."
160,A2_property,40087385,PMC11909161,10.1038/s41598-025-92725-y,2025,Scientific reports,research-article; Journal Article,Utilization of machine learning approach for production of optimized PLGA nanoparticles for drug delivery applications.,"This study investigates utilization of machine learning for the regression task of predicting the size of PLGA (Poly lactic-co-glycolic acid) nanoparticles. Various inputs including category and numeric were considered for building the model to predict the optimum conditions for preparation of nanosized PLGA particles for drug delivery applications. The proposed methodology employs Leave-One-Out (LOO) for categorical feature transformation, Local Outlier Factor (LOF) for outlier detection, and Bat Optimization Algorithm (BA) for hyperparameter optimization. A comparative analysis compares K-Nearest Neighbors (KNN), ensemble methods such as Bagging and Adaptive Boosting (AdaBoost), and the novel Small-Size Bat-Optimized KNN Regression (SBNNR) model, which uses generative adversarial networks and deep feature extraction to improve performance on sparse datasets. Results demonstrate that ADA-KNN outperforms other models for Particle Size prediction with a test R² of 0.94385, while SBNNR achieves superior accuracy in predicting Zeta Potential with a test R² of 0.97674. These findings underscore the efficacy of combining advanced preprocessing, optimization, and ensemble techniques for robust regression modeling. The contributions of this work include the development of the SBNNR model, validation of BA's optimization capabilities, and a comprehensive evaluation of ensemble methods. This method provides a reliable framework for using machine learning in material science applications, particularly nanoparticle characterization."
161,A2_property,40642058,PMC12241799,10.34133/research.0776,2025,"Research (Washington, D.C.)",research-article; Journal Article,"Machine Learning-Assisted Development of Injectable, Mechanically Robust, and Energy Metabolism-Modulating Brushite Cements.","In orthopedic minimally invasive surgeries (MIS) such as percutaneous vertebroplasty (PVP) and percutaneous kyphoplasty (PKP), calcium phosphate cements (CPCs) are an attractive alternative to bioinert polymethyl methacrylate (PMMA) due to their superior biocompatibility and osteoconductivity. However, the mechanical strength and injectability of CPCs often remain insufficient for load-bearing applications, limiting their broader use in these critical procedures. To address this challenge, we introduce a machine learning-assisted approach to enhance both the mechanical strength and injectability of CPCs by identifying specific polymers as superplasticizers. By optimizing its concentration and the liquid-to-powder (L/P) ratio, we developed an injectable brushite-based cement with an exceptional compressive strength of 79.5 ± 4.3 MPa, surpassing both traditional CPCs and PMMA in orthopedic applications. Zeta potential and adsorption studies reveal that these superplasticizers enhance cement paste dispersion via electrostatic repulsion. In vitro assays demonstrate excellent biocompatibility and osteogenic properties, while in vivo experiments further confirm the cement's superior osteoinductive capability. The brushite cement regulates cellular metabolism and stem cell differentiation by enhancing energy metabolism and activating key signaling pathways such as phosphatidylinositol 3-kinase-AKT and mitogen-activated protein kinase-extracellular signal-regulated kinase. These findings offer a novel approach to fabricating CPCs with enhanced mechanical strength and osteogenic potential, addressing long-standing challenges in orthopedic MIS."
162,A2_property,40906356,PMC12716229,10.1002/adhm.202503154,2025,Advanced healthcare materials,"Research Support, Non-U.S. Gov't; research-article; Journal Article",AI-Assisted Design and Evaluation of SLM-Ti64 Implants for Enhanced Bone Regeneration.,"This study presents a comprehensive framework combining Selective Laser Melting (SLM) of Titanium (Ti64) alloys, finite element simulation, and artificial intelligence (AI) to advance orthopedic implants' design and predictive evaluation. Dense Ti64 specimens are fabricated using ten distinct SLM parameter sets to explore the effects of volumetric energy density (VED) on mechanical behavior, porosity distribution, and microstructural integrity. Optimal VED ranges are identified to balance defect minimization and mechanical performance, with porosity levels strongly influencing tensile strength and Young's modulus. These material properties are then integrated into a mechanobiological bone healing model to simulate fracture repair in tibial mid-diaphyseal regions under intramedullary fixation. A mechano-regulation algorithm incorporating deviatoric strain, fluid velocity, and pore pressure guided tissue differentiation and callus evolution over a 4-month healing period. Variations in implant stiffness-achievable via solid and lattice Ti64 configurations demonstrate distinct influences on endochondral ossification, external callus growth, and overall biomechanical recovery. AI-based regression models are trained on simulation outcomes to accelerate evaluation and enable patient-specific predictions to forecast healing trajectories without repeated finite element analyses. This AI-driven framework facilitates real-time prediction of healing outcomes based on implant design, supporting the development of adaptive and optimized orthopedic implants for clinical translation."
163,A2_property,35877540,PMC9315745,10.3390/gels8070455,2022,"Gels (Basel, Switzerland)",research-article; Journal Article,Mechanical Characteristics and Self-Healing Soil-Cementitious Hydrogel Materials in Mine Backfill Using Hybridized ANFIS-SVM.,"The compressive strength, shrinkage, elasticity, and electrical resistivity of the cement-soil pastes (slag, fly ash) of self-healing of cementitious concrete have been studied while adding hydrogels with nano silica (NSi) in this research. Defining the hydraulic and mechanical properties of these materials requires improvement to motivate more uptake for new buildings. Initially, examining the impact of different synthesized hydrogels on cement-soil pastes showed that solid particles in the mixtures highly affected the absorption capacity of NSi, representing the importance of direct interactions between solid particles and hydrogels in a cementitious matrix. All test results were analyzed by use of a hybridized soft computing model such as the adaptive neuro fuzzy inference system (ANFIS) and support vector regression (SVR) for precise studying and the avoidance of few empirical tests or error percentages. Subsequently, the best RMSE of ANFIS is 0.6568 and the best RMSE of SVM is 1.2564; the RMSE of ANFIS-SVM (0.5643) in the test phase is also close to zero, showing a better performance in hypothesizing self-healing soil-cementitious hydrogel materials in mine backfill. The R2 value for ANFIS-SVM is 0.9547, proving that it is a proper model for predicting the study's goal. Electrical resistivity and compressive strength declined in the cement-soil pastes including hydrogels according to experimental outcomes; it was lowered by the increase of NSi concentration in the hydrogel. There was a decrement in the autogenous shrinkage of cement-soil pastes while adding hydrogel, depending on the NSi concentration in the hydrogels. The findings of this research are pivotal for the internal curing of cementitious materials to define the absorption of hydrogels."
164,A2_property,39319207,PMC11420546,10.3762/bjnano.15.95,2024,Beilstein journal of nanotechnology,research-article; Journal Article,AI-assisted models to predict chemotherapy drugs modified with C60 fullerene derivatives.,"Employing quantitative structure-activity relationship (QSAR)/ quantitative structure-property relationship (QSPR) models, this study explores the application of fullerene derivatives as nanocarriers for breast cancer chemotherapy drugs. Isolated drugs and two drug-fullerene complexes (i.e., drug-pristine C60 fullerene and drug-carboxyfullerene C60-COOH) were investigated with the protein CXCR7 as the molecular docking target. The research involved over 30 drugs and employed Pearson's hard-soft acid-base theory and common QSAR/QSPR descriptors to build predictive models for the docking scores. Energetic descriptors were computed using quantum chemistry at the density functional-based tight binding DFTB3 level. The results indicate that drug-fullerene complexes interact more with CXCR7 than isolated drugs. Specific binding sites were identified, with varying locations for each drug complex. Predictive models, developed using multiple linear regression and IBM Watson artificial intelligence (AI), achieved mean absolute percentage errors below 12%, driven by AI-identified key variables. The predictive models included mainly quantitative descriptors collected from datasets as well as computed ones. In addition, a water-soluble fullerene was used to compare results obtained by DFTB3 with a conventional density functional theory approach. These findings promise to enhance breast cancer chemotherapy by leveraging fullerene-based drug nanocarriers."
165,A2_property,39044265,PMC11267683,10.1186/s12951-024-02660-9,2024,Journal of nanobiotechnology,research-article; Journal Article,NANO.PTML model for read-across prediction of nanosystems in neurosciences. computational model and experimental case of study.,"Neurodegenerative diseases involve progressive neuronal death. Traditional treatments often struggle due to solubility, bioavailability, and crossing the Blood-Brain Barrier (BBB). Nanoparticles (NPs) in biomedical field are garnering growing attention as neurodegenerative disease drugs (NDDs) carrier to the central nervous system. Here, we introduced computational and experimental analysis. In the computational study, a specific IFPTML technique was used, which combined Information Fusion (IF) + Perturbation Theory (PT) + Machine Learning (ML) to select the most promising Nanoparticle Neuronal Disease Drug Delivery (N2D3) systems. For the application of IFPTML model in the nanoscience, NANO.PTML is used. IF-process was carried out between 4403 NDDs assays and 260 cytotoxicity NP assays conducting a dataset of 500,000 cases. The optimal IFPTML was the Decision Tree (DT) algorithm which shown satisfactory performance with specificity values of 96.4% and 96.2%, and sensitivity values of 79.3% and 75.7% in the training (375k/75%) and validation (125k/25%) set. Moreover, the DT model obtained Area Under Receiver Operating Characteristic (AUROC) scores of 0.97 and 0.96 in the training and validation series, highlighting its effectiveness in classification tasks. In the experimental part, two samples of NPs (Fe3O4_A and Fe3O4_B) were synthesized by thermal decomposition of an iron(III) oleate (FeOl) precursor and structurally characterized by different methods. Additionally, in order to make the as-synthesized hydrophobic NPs (Fe3O4_A and Fe3O4_B) soluble in water the amphiphilic CTAB (Cetyl Trimethyl Ammonium Bromide) molecule was employed. Therefore, to conduct a study with a wider range of NP system variants, an experimental illustrative simulation experiment was performed using the IFPTML-DT model. For this, a set of 500,000 prediction dataset was created. The outcome of this experiment highlighted certain NANO.PTML systems as promising candidates for further investigation. The NANO.PTML approach holds potential to accelerate experimental investigations and offer initial insights into various NP and NDDs compounds, serving as an efficient alternative to time-consuming trial-and-error procedures."
166,A2_property,37391398,PMC10313671,10.1038/s41467-023-39648-2,2023,Nature communications,"Research Support, Non-U.S. Gov't; research-article; Journal Article",Accelerating the prediction and discovery of peptide hydrogels with human-in-the-loop.,"The amino acid sequences of peptides determine their self-assembling properties. Accurate prediction of peptidic hydrogel formation, however, remains a challenging task. This work describes an interactive approach involving the mutual information exchange between experiment and machine learning for robust prediction and design of (tetra)peptide hydrogels. We chemically synthesize more than 160 natural tetrapeptides and evaluate their hydrogel-forming ability, and then employ machine learning-experiment iterative loops to improve the accuracy of the gelation prediction. We construct a score function coupling the aggregation propensity, hydrophobicity, and gelation corrector Cg, and generate an 8,000-sequence library, within which the success rate of predicting hydrogel formation reaches 87.1%. Notably, the de novo-designed peptide hydrogel selected from this work boosts the immune response of the receptor binding domain of SARS-CoV-2 in the mice model. Our approach taps into the potential of machine learning for predicting peptide hydrogelator and significantly expands the scope of natural peptide hydrogels."
167,A2_property,41163955,PMC12558872,10.3389/fbioe.2025.1671068,2025,Frontiers in bioengineering and biotechnology,research-article; Journal Article,Biomechanical design of titanium-PEEK combined fusion cage based on PLIF surgical model.,"Fusion devices play a critical role in lumbar fusion surgery. Titanium alloy fusion devices offer good biocompatibility and stability, but their mechanical properties far exceed those of bone, leading to stress shielding effects after implantation, which can reduce spinal fusion rates and cause endplate collapse. On the other hand, fusion devices made of polyether ether ketone (PEEK), which has a lower elastic modulus, are not conducive to bone ingrowth and fusion stability due to their material properties. Personalized fusion devices that can precisely adapt to a patient's physiological condition are not widely used due to their lengthy design cycle. This study proposes an optimized design method based on a titanium alloy-PEEK composite structure. By constructing three composite structure models-PEEK core and Ti frame (square hole type, circular hole type, plate type)-and combining finite element compression simulation with machine learning algorithms, the structural parameters are intelligently optimized. The machine learning algorithm used in this study is Back Propagation Neural Network. The aim of this study is to match the equivalent elastic modulus of the fusion device with that of cortical bone. The three optimized fusion devices, along with the Ti fusion device and PEEK fusion device as control groups, were implanted into a traditional PLIF postoperative model for static and transient dynamic analysis. The biomechanical responses of the lumbar spine at various locations after implantation of the five fusion devices were analyzed and compared. The results indicate that all three optimized fusion devices effectively reduce the risk of device settlement, thereby mitigating stress shielding effects, improving fusion rates, and enhancing postoperative lumbar stability. Among them, the circular hole inner core fusion device (M2) demonstrated the best overall performance. The peak von Mises stress of L4 lower endplate and L5 upper endplate in M2 model were 54.2% and 27.7% respectively lower than those in Ti fusion device. Compared with Ti fusion device, the strain energy of M2 model increased by 49.7%. The development framework of this study which integrated ""finite element simulation-machine learning-postoperative model biomechanical validation and evaluation"" can effectively reduce the design cycle and cost of personalized orthopedic implants."
168,A2_property,41129739,PMC12587385,10.1021/acs.molpharmaceut.5c00661,2025,Molecular pharmaceutics,research-article; Journal Article,Machine Learning Analysis of Cytotoxicity Determinants in Nanoparticle-Based Rheumatoid Arthritis Therapies.,"Nanoparticle-based therapies have gained attention in recent years as promising treatments for rheumatoid arthritis (RA), due to the potential offered for targeted delivery, controlled drug release, and improved biocompatibility. A deep understanding of the factors that drive cytotoxicity is crucial for safer and more effective nanomedicine formulations. To systematically analyze the determinants of cytotoxicity reported in the literature, we constructed a data set comprising 2,060 instances from 56 publications. Each instance was described by 23 features covering nanoparticle characteristics, cellular environment factors, and assay conditions potentially associated with cytotoxicity. Machine learning (ML) approaches were incorporated to gain deeper insight into key cytotoxicity drivers. We combined Boruta for feature selection, Random Forest (RF) for cytotoxicity prediction and feature importance evaluation, and Association Rule Mining (ARM) for rule-based, hidden pattern discovery. Boruta feature selection results identified the drug and nanoparticle concentration, core-shell material, and cell type as major determinants of cytotoxicity. The RF model demonstrated a strong predictive performance, further confirming the significance of these features. Moreover, ARM revealed high-confidence association rules linking specific conditions, such as high drug concentrations and poly(aspartic acid)-based systems, to cytotoxic outcomes. This structured machine learning framework provides a foundation for optimizing nanoparticle formulations that balance therapeutic efficacy with cellular safety in RA therapy."
169,A2_property,40010706,PMC11921027,10.1021/acsabm.4c01509,2025,ACS applied bio materials,research-article; Journal Article,Collagen Hybridizing Peptides Promote Collagen Fibril Growth In Vitro.,"Recreating the structural and mechanical properties of native tissues in vitro presents significant challenges, particularly in mimicking the dense fibrillar network of extracellular matrixes such as skin and tendons. This study develops a reversible collagen film through cycling collagen self-assembly and disassembly, offering an innovative approach to address these challenges. We first generated an engineered collagen scaffold by applying plastic compression to the collagen hydrogel. The reversibility of the collagen assembly was explored by treating the scaffold with lactic acid, leading to its breakdown into an amorphous gel─a process termed defibrillogenesis. Subsequent immersion of this gel in phosphate buffer facilitated the reassembly of collagen into fibrils larger than those in the original scaffold yet with the D-banding pattern characteristic of collagen fibrils. Transfer learning of the mobileNetV2 convolutional neural network trained on atomic force microscope images of collagen nanoscale D-banding patterns was created with 99% training and testing accuracy. In addition, extensive external validation was performed, and the model achieved high robustness and generalization with unseen data sets. Further innovation was introduced by applying collagen hybridizing peptides, which significantly accelerated and directed the assembly of collagen fibrils, promoting a more organized and aligned fibrillar structure. This study not only demonstrates the feasibility of creating a reversible collagen film that closely mimics the density and structural properties of the native matrix but also highlights the potential of using collagen hybridizing peptides to control and enhance collagen fibrillogenesis. Our findings offer promising tissue engineering and regenerative medicine strategies by enabling precise manipulation of collagen structures in vitro."
170,A2_property,39746033,PMC11744508,10.1021/acsami.4c17625,2025,ACS applied materials & interfaces,research-article; Journal Article,Artificial Intelligence-Guided Inverse Design of Deployable Thermo-Metamaterial Implants.,"Current limitations in implant design often lead to trade-offs between minimally invasive surgery and achieving the desired post-implantation functionality. Here, we present an artificial intelligence inverse design paradigm for creating deployable implants as planar and tubular thermal mechanical metamaterials (thermo-metamaterials). These thermo-metamaterial implants exhibit tunable mechanical properties and volume change in response to temperature changes, enabling minimally invasive and personalized surgery. We begin by generating a large database of corrugated thermo-metamaterials with various cell structures and bending stiffnesses. An artificial intelligence inverse design model is subsequently developed by integrating an evolutionary algorithm with a neural network. This model allows for the automatic determination of the optimal microstructure for thermo-metamaterials with desired performance,i.e., target bending stiffness. We validate this approach by designing patient-specific spinal fusion implants and tracheal stents. The results demonstrate that the deployable thermo-metamaterial implants can achieve over a 200% increase in volume or cross-sectional area in their fully deployed states. Finally, we propose a broader vision for a clinically informed artificial intelligence design process that prioritizes biocompatibility, feasibility, and precision simultaneously for the development of high-performing and clinically viable implants. The feasibility of this proposed vision is demonstrated using a fuzzy analytic hierarchy process to customize thermo-metamaterial implants based on clinically relevant factors."
171,A2_property,39661966,PMC11672474,10.1021/acsami.4c16614,2024,ACS applied materials & interfaces,research-article; Journal Article,Scalable Accelerated Materials Discovery of Sustainable Polysaccharide-Based Hydrogels by Autonomous Experimentation and Collaborative Learning.,"While some materials can be discovered and engineered using standalone self-driving workflows, coordinating multiple stakeholders and workflows toward a common goal could advance autonomous experimentation (AE) for accelerated materials discovery (AMD). Here, we describe a scalable AMD paradigm based on AE and ""collaborative learning"". Collaborative learning using a novel consensus Bayesian optimization (BO) model enabled the rapid discovery of mechanically optimized composite polysaccharide hydrogels. The collaborative workflow outperformed a non-collaborating AMD workflow scaled by independent learning based on the trend of mechanical property evolution over eight experimental iterations, corresponding to a budget limit. After five iterations, four collaborating clients obtained notable material performance (i.e., composition discovery). Collaborative learning by consensus BO can enable scaling and performance optimization for a range of self-driving materials research workflows driven by optimally cooperating humans and machines that share a material design objective."
172,A2_property,37284258,PMC10241048,10.1107/s1600576723002790,2023,Journal of applied crystallography,research-article; Journal Article,CyRSoXS: a GPU-accelerated virtual instrument for polarized resonant soft X-ray scattering.,"Polarized resonant soft X-ray scattering (P-RSoXS) has emerged as a powerful synchrotron-based tool that combines the principles of X-ray scattering and X-ray spectroscopy. P-RSoXS provides unique sensitivity to molecular orientation and chemical heterogeneity in soft materials such as polymers and biomaterials. Quantitative extraction of orientation information from P-RSoXS pattern data is challenging, however, because the scattering processes originate from sample properties that must be represented as energy-dependent three-dimensional tensors with heterogeneities at nanometre to sub-nanometre length scales. This challenge is overcome here by developing an open-source virtual instrument that uses graphical processing units (GPUs) to simulate P-RSoXS patterns from real-space material representations with nanoscale resolution. This computational framework - called CyRSoXS (https://github.com/usnistgov/cyrsoxs) - is designed to maximize GPU performance, including algorithms that minimize both communication and memory footprints. The accuracy and robustness of the approach are demonstrated by validating against an extensive set of test cases, which include both analytical solutions and numerical comparisons, demonstrating an acceleration of over three orders of magnitude relative to the current state-of-the-art P-RSoXS simulation software. Such fast simulations open up a variety of applications that were previously computationally unfeasible, including pattern fitting, co-simulation with the physical instrument for operando analytics, data exploration and decision support, data creation and integration into machine learning workflows, and utilization in multi-modal data assimilation approaches. Finally, the complexity of the computational framework is abstracted away from the end user by exposing CyRSoXS to Python using Pybind. This eliminates input/output requirements for large-scale parameter exploration and inverse design, and democratizes usage by enabling seamless integration with a Python ecosystem (https://github.com/usnistgov/nrss) that can include parametric morphology generation, simulation result reduction, comparison with experiment and data fitting approaches."
173,A2_property,40028722,PMC11878168,10.1080/10717544.2025.2465909,2025,Drug delivery,research-article; Journal Article,Machine learning-assisted design of immunomodulatory lipid nanoparticles for delivery of mRNA to repolarize hyperactivated microglia.,"Regulating inflammatory microglia presents a promising strategy for treating neurodegenerative and autoimmune disorders, yet effective therapeutic agents delivery to these cells remains a challenge. This study investigates modified lipid nanoparticles (LNP) for mRNA delivery to hyperactivated microglia, particularly those with pro-inflammatory characteristics, utilizing supervised machine learning (ML) classifiers. We developed and screened a library of 216 LNP formulations with varying lipid compositions, N/P ratios, and hyaluronic acid (HA) modifications. The transfection efficiency of eGFP mRNA was assessed in the BV-2 murine microglia cell line under different immunological states, including resting and activated conditions (LPS-activated and IL4/IL13-activated). ML-guided morphometric analysis tracked the phenotypes of various microglia subtypes before and after transfection. Four supervised ML classifiers were investigated to predict transfection efficiency and phenotypic changes based on LNP design parameters. The Multi-Layer Perceptron (MLP) neural network emerged as the best-performing model, achieving weighted F1-scores ≥0.8. While it accurately predicted responses from LPS-activated and resting cells, it struggled with IL4/IL13-activated cells. The MLP model was validated by predicting the performance of four unseen LNP formulations delivering eGFP mRNA to LPS-activated BV2 cells. HA-LNP2 emerged as optimal formulation for delivering target IL10 mRNA, effectively suppressing inflammatory phenotypes, evidenced by shifts in cell morphology, increased IL10 expression, and reduced TNF-α levels. We also evaluated HA-LNP2 on LPS-activated human iPSC-derived microglia, confirming its efficacy in modulating inflammatory responses. This study highlights the potential of tailored LNP design and ML techniques to enhance mRNA therapy for neuroinflammatory disorders by leveraging carrier's immunogenic properties to modulate microglial responses."
174,A2_property,41281662,PMC12639595,10.1016/j.mtbio.2025.102524,2025,Materials today. Bio,research-article; Journal Article,Multifunctional hydrogel sensors with dynamic covalent networks for machine learning-assisted Parkinson's disease diagnosis and encrypted human-computer interaction.,"Flexible sensors hold significant application value in the fields of human-computer interaction and medical monitoring. In this study, we developed a smart hydrogel strain sensor based on dynamic covalent cross-linking. A multifunctional hydrogel was fabricated by constructing a multicomponent synergistic network composed of poly (acrylic acid) (PAA), dialdehyde carboxymethyl cellulose (OCMC), gelatin methacryloyl (GelMA), and lignosulfonate methacrylate (MLS). This hydrogel (AGOM) exhibited synergistically enhanced interfacial adhesion strength (>77.8 kPa) and mechanical properties, with an elongation at break exceeding 1820 %. The unique gradient network structure not only provides the material with excellent electrical conductivity (conductivity >0.55 S/m). A message transmission system has been developed based on the principles of Morse code, allowing for the coding and decoding of messages by recognizing different amplitudes of finger bending. Electrodes constructed from this hydrogel reliably record human electromyography (EMG) and electrocardiography (ECG) signals. The conductive network, combined with its wide-range and high-sensitivity characteristics (GF = 5.31), enables the sensor to accurately recognize clinical symptoms. This includes the characteristic tremor signals associated with Parkinson's disease. By leveraging machine learning, the sensor achieves a high recognition rate. This technology offers an innovative solution for monitoring and assisted treatment of Parkinson's disease, presenting significant application prospects in the field of intelligent medicine."
175,A2_property,39654704,PMC11625131,10.1016/j.heliyon.2024.e38834,2024,Heliyon,research-article; Journal Article,"Environmentally friendly synthesis of gelatin hydrogel nanoparticles for gastric cancer treatment, bisphenol A sensing and nursing applications: Fabrication, characterization and ANN modeling.","This study presents a dual application approach for the environmentally friendly synthesis of gelatin hydrogel nanoparticles with potential applications in gastric cancer treatment, bisphenol A (BPA) sensing, and nursing. Gelatin hydrogel nanoparticles were synthesized using a green and freeze-drying method, avoiding the use of toxic chemicals and solvents. The nanoparticles showed excellent biocompatibility and promising potential for drug delivery system (DDS) in gastric cancer treatment. The controlled release of anticancer drugs from the gelatin nanoparticles was showed, highlighting their potential in targeted therapy. Additionally, the gelatin hydrogel nanoparticles were explored for BPA sensing. BPA is a widely used chemical known for its adverse effects on human health. The gelatin nanoparticles showed high selectivity and sensitivity towards BPA detection, making them suitable for environmental monitoring and health applications using scanning electron microscope (SEM). Also, in this study, an artificial neural network (ANN) was used to estimate the release of docetaxel (%) at 72 h, the release of paclitaxel (%) at 72 h, tensile strength with sample (wt%), and porosity (%) in broader ranges than the experimental samples. The environmentally friendly synthesis of gelatin hydrogel nanoparticles presented in this study offers a versatile platform with dual applications in gastric cancer treatment and sensing of harmful chemicals. The obtained results show the potential of these nanoparticles for innovative therapeutic and diagnostic strategies in healthcare and environmental monitoring. The study showed the development of sustainable and multifunctional nanomaterials for various biomedical applications. The modeling of the neural network predictions shows that increasing the sample (wt%) and porosity (%) leads to an increase in the release of docetaxel (%) at 72 h, the release of paclitaxel (%) at 72 h, and tensile strength. As porosity decreases, the release of docetaxel increases, and the release of paclitaxel and tensile strength also increase. Additionally, the prediction errors of the ANN in this study were evaluated using linear regression, showing acceptable error rates compared to the target results obtained from the experimental tests."
176,A2_property,35213961,PMC8879093,10.3390/pharmaceutics14020228,2022,Pharmaceutics,research-article; Journal Article,Predicting Drug Release Rate of Implantable Matrices and Better Understanding of the Underlying Mechanisms through Experimental Design and Artificial Neural Network-Based Modelling.,"There is a growing interest in implantable drug delivery systems (DDS) in pharmaceutical science. The aim of the present study is to investigate whether it is possible to customize drug release from implantable DDSs through drug-carrier interactions. Therefore, a series of chemically similar active ingredients (APIs) was mixed with different matrix-forming materials and was then compressed directly. Compression and dissolution interactions were examined by FT-IR spectroscopy. Regarding the effect of the interactions on drug release kinetics, a custom-made dissolution device designed for implantable systems was used. The data obtained were used to construct models based on artificial neural networks (ANNs) to predict drug dissolution. FT-IR studies confirmed the presence of H-bond-based solid-state interactions that intensified during dissolution. These results confirmed our hypothesis that interactions could significantly affect both the release rate and the amount of the released drug. The efficiencies of the kinetic parameter-based and point-to-point ANN models were also compared, where the results showed that the point-to-point models better handled predictive inaccuracies and provided better overall predictive efficiency."
177,A2_property,37672883,PMC10602575,10.1002/advs.202303922,2023,"Advanced science (Weinheim, Baden-Wurttemberg, Germany)",research-article; Journal Article,"MXene-Induced Flexible, Water-Retention, Semi-Interpenetrating Network Hydrogel for Ultra-Stable Strain Sensors with Real-Time Gesture Recognition.","As water-saturated polymer networks, hydrogels are a growing family of soft materials that have recently become promising candidates for flexible electronics application. However, it remains still difficult for hydrogel-based strain sensors to achieve the organic unity of mechanical properties, electrical conductivity, and water retention. To address this challenge, based on the template, the excellent properties of MXene nanoflakes (rich surface functional groups, high specific surface area, hydrophilicity, and conductivity) are fully utilized in this study to prepare the P(AA-co-AM)/MXene@PDADMAC semi-interpenetrating network (semi-IPN) hydrogel. The proposed hydrogel continues to exhibit excellent strain response and flexibility after 30 days of storage at room temperature, and its performance do not decrease after 1100 cycles. Considering these characteristics, a hydrogel-based device for converting sign language into Chinese characters is successfully developed and optimized using machine learning. Therefore, this study provides novel insight and application directions for hydrogel families."
178,A2_property,35672294,PMC9174211,10.1038/s41467-022-30275-x,2022,Nature communications,"Research Support, Non-U.S. Gov't; research-article; Research Support, U.S. Gov't, Non-P.H.S.; Journal Article; Research Support, N.I.H., Extramural",Electro-optical mechanically flexible coaxial microprobes for minimally invasive interfacing with intrinsic neural circuits.,"Central to advancing our understanding of neural circuits is developing minimally invasive, multi-modal interfaces capable of simultaneously recording and modulating neural activity. Recent devices have focused on matching the mechanical compliance of tissue to reduce inflammatory responses. However, reductions in the size of multi-modal interfaces are needed to further improve biocompatibility and long-term recording capabilities. Here a multi-modal coaxial microprobe design with a minimally invasive footprint (8-14 µm diameter over millimeter lengths) that enables efficient electrical and optical interrogation of neural networks is presented. In the brain, the probes allowed robust electrical measurement and optogenetic stimulation. Scalable fabrication strategies can be used with various electrical and optical materials, making the probes highly customizable to experimental requirements, including length, diameter, and mechanical properties. Given their negligible inflammatory response, these probes promise to enable a new generation of readily tunable multi-modal devices for long-term, minimally invasive interfacing with neural circuits."
179,A2_property,40646100,PMC12254238,10.1038/s41598-025-10417-z,2025,Scientific reports,research-article; Journal Article,Combination of machine learning and Raman spectroscopy for prediction of drug release in targeted drug delivery formulations.,"In this research, advanced regression techniques are investigated for modeling intricate release patterns utilizing a high-dimensional dataset comprising more than 1500 spectrum-based variables and categorical inputs. The spectral data are collected from Raman spectroscopy for analysis of drug release from a solid dosage formulation coated with Polysaccharides (a high-dimensional dataset of 155 samples, with drug release measured at 2, 8, and 24 h). The considered drug is 5-aminosalicylic acid for colonic drug delivery, and its release was estimated using Raman data as inputs along with other categorical parameters. The models, including Kernel Ridge Regression (KRR), Kernel-based Extreme Learning Machine (K-ELM), and Quantile Regression (QR) incorporate sophisticated approaches like the Sailfish Optimizer (SFO) for hyperparameter optimization and K-fold cross-validation to enhance predictive accuracy. Notably, KRR exhibited exceptional performance, achieving an R² of 0.997 on the training set and 0.992 on the test set, with a mean squared error (MSE) of 0.0004. In comparison, K-ELM and QR achieved lower R² values of 0.923 and 0.817 on the test set, respectively. The key innovation lies in integrating these non-linear regression models with robust data preprocessing steps, including dimensionality reduction via Principal Component Analysis (PCA), categorical feature encoding through Leave-One-Out (LOO), and outlier detection using Isolation Forest. This study significantly contributes by offering a comprehensive framework for managing high-dimensional and heterogeneous datasets, while emphasizing the effectiveness of optimization strategies in predictive modeling. By accurately predicting the release of 5-ASA from polysaccharide-coated formulations, these models can aid in the design of targeted colonic delivery formulations with optimized release kinetics, ultimately enhancing the efficacy of treatments for colonic diseases."
180,A2_property,42257191,PMC13052673,10.1021/polymscitech.4c00018,2025,"Polymer science & technology (Washington, D.C.)",research-article; Journal Article,Physicochemical Dual Cross-Linked Multifunctional Conductive Organohydrogel Sensors for Fireworks Burn Wound Healing and Intelligent Real-Time Monitoring.,"Conductive hydrogels have garnered significant attention in the realm of future flexible electronic devices due to their properties such as flexibility, electrical conductivity, frost resistance, and biocompatibility. However, the integration of numerous functional applications in the biomedical field still presents notable challenges. In this research, a rigid hard-structured network was formed by cross-linking gallic acid grafted chitosan (CS-GA) and tannic acid (TA) with poly-(vinyl alcohol) (PVA) through physical freezing. The noncovalent hydrogen bonding during the freezing and thawing process facilitated the formation of microcrystalline domains in the amorphous hydrogel network system. Functional proteins from eggshell membrane were cross-linked with tetra-armed poly-(ethylene glycol) maleimide (4am-PEG-MAL) via thiol-olefin click chemistry, and lysozyme was incorporated into the network as an antibacterial component through the nucleophilic substitution reaction. These chemical cross-linking methods resulted in a soft-structured network that enhanced the mechanical properties of the hydrogel (maximum stress of 2.15 MPa and elongation of 605%). The use of ionic liquids/ethylene glycol/water (ILs/EG/H2O) ternary solvents instead of a single solvent not only provided frost resistance but also imparted excellent electrical conductivity to the hydrogels (0.37 ± 0.04 S/m). Notably, the organohydrogel showed good antimicrobial properties and biocompatibility and was effective in providing emergency cooling after fireworks burns and promoting wet healing of broken skin to minimize scarring. In the biomedical field, this multifunctional hydrogel can serve as a flexible wearable device to monitor the movement amplitude of wounds in real-time, offering a novel approach to deep learning-assisted wound healing. The multifunctional nature of this organohydrogel as a flexible wearable device in the biological field presents promising applications."
181,A2_property,40609235,PMC12271628,10.1016/j.ultsonch.2025.107452,2025,Ultrasonics sonochemistry,research-article; Journal Article,"Ultrasound-assisted, machine learning-optimized extraction of silver carp viscera fish oil and microencapsulation via complex coacervation.","Silver carp viscera, a lipid‑rich byproduct typically discarded, poses environmental pollution and resource wastage. Utilizing this byproduct for fish oil extraction offers a sustainable alternative; however, conventional enzymatic methods are inefficient, labor‑intensive to optimize, and yield oil susceptible to rapid oxidation. For the first time, this study developed an integrated ultrasound pretreatment and artificial neural network-genetic algorithm (ANN‑GA) strategy to maximize fish oil extraction efficiency, followed by microencapsulation in gelatin-hexametaphosphate complex coacervation microcapsules (GSM). The ANN demonstrated excellent predictive accuracy (R2 = 0.99). Under GA-optimized conditions (ultrasonic power: 150  W, ultrasound pretreatment: 20.75  min, protease dosage: 6889 U/g protein, hydrolysis time: 1.75  h), extraction efficiency reached 79.44 %, producing oil with 46.23 % unsaturated fatty acids. Further optimization of encapsulation parameters increased GSM encapsulation efficiency (EE) to 93.33 %, surpassing gelatin‑only microcapsules (GM, 84.22 %). FT‑IR analysis indicated that electrostatic interactions induced a more ordered protein secondary structure in GSM, with α-helix and β-sheet contents rising by 5.54 % and 6.09 %, respectively. Consequently, GSM exhibited enhanced thermal stability (Tmax = 98.1 °C vs. 66.2 °C for GM), storage stability (EE unchanged for 30 days at 4 and 25°C), and oxidative stability (peroxide value approximately one-third that of GM after 10 days at 60 °C). In vitro digestion revealed GSM's controlled release capability, liberating only 9.3 and 56 % of encapsulated fish oil during the gastric and intestinal phases, respectively. Sensory evaluation indicated significantly reduced fatty and fishy odors. Overall, this work provides a theoretical foundation for sustainable production of high‑quality freshwater fish oil."
182,A2_property,41225552,PMC12613689,10.1186/s13321-025-01112-2,2025,Journal of cheminformatics,research-article; Journal Article,Predicting the critical micelle concentration of binary surfactant mixtures using machine learning.,"Surfactant mixtures play a critical role in industries such as drug delivery, cosmetics, firefighting foams, and lubrication, serving as foundational components of the global economy. Their performance hinges on micelle formation, a self-assembly process governed by the critical micelle concentration (CMC), which enables key functions like solubilization, emulsification, and targeted molecular delivery. However, rapidly and accurately predicting the CMC of mixtures remains a significant challenge due to the chemical diversity and nonlinear interactions between surfactants. Here, we introduce an artificial neural network (ANN)-based machine learning framework to predict the CMC of binary surfactant mixtures. Our workflow leverages cheminformatics-derived molecular descriptors for each surfactant component, which are then aggregated using strategies such as concatenation, arithmetic mean, and harmonic mean. We find that pairing the arithmetic mean strategy with ANN yields the best performance, effectively capturing complex molecular interactions and enabling dual predictive capabilities: (1) precise interpolation of CMC values at untested mole fractions within known mixtures, and (2) accurate prediction of complete CMC-composition profiles for entirely novel surfactant combinations. SHAP-based interpretability analysis highlights that features such as hydrophobic surface area, electronic topological descriptors, and headgroup basicity drive model predictions, aligning with core principles of surfactant chemistry and reinforcing the mechanistic validity of our model. Overall, this framework accelerates data-driven surfactant design by reducing experimental burden and enabling rapid, rational optimization of formulations across pharmaceuticals, personal care, environmental remediation, and enhanced oil recovery.Scientific contributionThis study presents a novel machine learning framework that, for the first time, predicts full critical micelle concentration (CMC)-composition profiles for binary surfactant mixtures, including untrained systems. By strategically combining the features of individual components of mixtures using arithmetic mean, our artificial neural network model deciphers nonlinear interactions between chemically distinct surfactants, enabling accurate and generalizable CMC predictions. Beyond performance gains, this framework facilitates rapid and systematic exploration of formulation space via inverse design and high-throughput screening, establishing a powerful foundation for the rational development of next-generation surfactants with applications in energy, environmental remediation, pharmaceuticals, and biomedical science."
183,A2_property,40626073,PMC12118306,10.1002/smo.20230006,2023,Smart molecules : open access,research-article; Journal Article,Magnetic-optical dual functional Janus particles for the detection of metal ions assisted by machine learning.,"Functional polymer microspheres have broad application prospects in various fields, such as metal ion detection, adsorption, separation, and controlled drug release. However, integrating different functions in a single microsphere system is a significant challenge in this field. In this work, we prepared multicompartmental emulsion droplets utilizing microfluidic technology. Fe3O4 magnetic nanoparticles were added to one of the compartments of the emulsion droplets as functional particles, and Janus microspheres were obtained after curing. Fluorescent probes enter the two compartments of the Janus microspheres by diffusion. The fluorescence changes of the microspheres were observed in situ and captured through a fluorescence microscope. The images are processed by image recognition software and a Python program. The ""fingerprint"" of the detected metal ions is obtained by dimensionality reduction of the data through Principal Component Analysis. We employ different algorithms to build Machine Learning models for predicting the metal ion species and concentration. The variation of fluorescence intensity of the three fluorescent probes and the corresponding R, G, and B channel values and time are used as descriptors. The results show that the Random Forest, K-neighborhood (KNN), and Neural Network models demonstrated a better predicted effect with a variance (R2) greater than 0.9 and a smaller root mean square error; among them, the KNN model predicted the most accurate results."
184,A2_property,34201480,PMC8301882,10.3390/bios11070203,2021,Biosensors,research-article; Journal Article,Epileptic Seizure Detection on an Ultra-Low-Power Embedded RISC-V Processor Using a Convolutional Neural Network.,"The treatment of refractory epilepsy via closed-loop implantable devices that act on seizures either by drug release or electrostimulation is a highly attractive option. For such implantable medical devices, efficient and low energy consumption, small size, and efficient processing architectures are essential. To meet these requirements, epileptic seizure detection by analysis and classification of brain signals with a convolutional neural network (CNN) is an attractive approach. This work presents a CNN for epileptic seizure detection capable of running on an ultra-low-power microprocessor. The CNN is implemented and optimized in MATLAB. In addition, the CNN is also implemented on a GAP8 microprocessor with RISC-V architecture. The training, optimization, and evaluation of the proposed CNN are based on the CHB-MIT dataset. The CNN reaches a median sensitivity of 90% and a very high specificity over 99% corresponding to a median false positive rate of 6.8 s per hour. After implementation of the CNN on the microcontroller, a sensitivity of 85% is reached. The classification of 1 s of EEG data takes t=35 ms and consumes an average power of P≈140 μW. The proposed detector outperforms related approaches in terms of power consumption by a factor of 6. The universal applicability of the proposed CNN based detector is verified with recording of epileptic rats. This results enable the design of future medical devices for epilepsy treatment."
185,A2_property,40343205,PMC12058734,10.3389/fbioe.2025.1587546,2025,Frontiers in bioengineering and biotechnology,research-article; Journal Article,High-yield spidroin mimics for bioinspired fibers via computational design.,"The exceptional mechanical properties, biocompatibility, and biodegradability of spider silk make it a promising biomaterial, yet large-scale production remains hindered by challenges in heterologous expression. Existing prokaryotic systems face bottlenecks due to spidroins' high molecular weight, repetitive sequences, and GC-rich motifs, leading to low yields, premature transcription termination, and insoluble inclusion bodies. Addressing these challenges, the study integrates deep learning and bioengineering to design water-soluble, β-sheet-rich spidroin mimics optimized for efficient prokaryotic expression. By replacing polyalanine motifs in Nephila clavipes MaSp1 with computationally screened sequences (e.g., ITVQQ from Burkholderia OspA), five functional spidroins were engineered and solubly expressed in E. coli, achieving yields up to 0.99 g/L. Circular dichroism revealed that modified spidroins (e.g., 3rep-ITVQQ) exhibited β-sheet content up to 81.3% under thermal induction, surpassing unmodified MaSp1 (41.5%). Structural analysis via SEM demonstrated dense, uniform networks in 3rep-ITVQQ, correlating with enhanced mechanical potential. And 24rep-ITVQQ nanofibers were successfully prepared by electrostatic spinning. Coarse-grained molecular dynamics simulations validated progressive self-assembly with reduced solvent-accessible surface area over 1,000 ns. This work bridges the gap between sequence design and scalable production by overcoming expression barriers, simplifying purification, and leveraging β-sheet stacking for tunable mechanical properties. The results provide a blueprint for high-performance biomimetic fibers, advancing applications (e.g., surgical sutures, scaffolds) in tissue engineering and functional materials while addressing the limitations of conventional spidroin production systems."
186,A2_property,40770436,PMC12328221,10.1038/s41586-025-09269-4,2025,Nature,research-article; Journal Article,Data-driven de novo design of super-adhesive hydrogels.,"Data-driven methodologies have transformed the discovery and prediction of hard materials with well-defined atomic structures by leveraging standardized datasets, enabling accurate property predictions and facilitating efficient exploration of design spaces1-3. However, their application to soft materials remains challenging because of complex, multiscale structure-property relationships4-6. Here we present a data-driven approach that integrates data mining, experimentation and machine learning to design high-performance adhesive hydrogels from scratch, tailored for demanding underwater environments. By leveraging protein databases, we developed a descriptor strategy to statistically replicate protein sequence patterns in polymer strands by ideal random copolymerization, enabling targeted hydrogel design and dataset construction. Using machine learning, we optimized hydrogel formulations from an initial dataset of 180 bioinspired hydrogels, achieving remarkable improvements in adhesive strength, with a maximum value exceeding 1 MPa. These super-adhesive hydrogels hold immense potential across diverse applications, from biomedical engineering to deep-sea exploration, marking a notable advancement in data-driven innovation for soft materials."
187,A2_property,37991246,PMC10783856,10.1093/bib/bbad419,2023,Briefings in bioinformatics,"Research Support, Non-U.S. Gov't; research-article; Journal Article",FormulationAI: a novel web-based platform for drug formulation design driven by artificial intelligence.,"Today, pharmaceutical industry faces great pressure to employ more efficient and systematic ways in drug discovery and development process. However, conventional formulation studies still strongly rely on personal experiences by trial-and-error experiments, resulting in a labor-consuming, tedious and costly pipeline. Thus, it is highly required to develop intelligent and efficient methods for formulation development to keep pace with the progress of the pharmaceutical industry. Here, we developed a comprehensive web-based platform (FormulationAI) for in silico formulation design. First, the most comprehensive datasets of six widely used drug formulation systems in the pharmaceutical industry were collected over 10 years, including cyclodextrin formulation, solid dispersion, phospholipid complex, nanocrystals, self-emulsifying and liposome systems. Then, intelligent prediction and evaluation of 16 important properties from the six systems were investigated and implemented by systematic study and comparison of different AI algorithms and molecular representations. Finally, an efficient prediction platform was established and validated, which enables the formulation design just by inputting basic information of drugs and excipients. FormulationAI is the first freely available comprehensive web-based platform, which provides a powerful solution to assist the formulation design in pharmaceutical industry. It is available at https://formulationai.computpharm.org/."
188,A2_property,40594643,PMC12219107,10.1038/s41598-025-05555-3,2025,Scientific reports,research-article; Journal Article,Linker-GPT: design of Antibody-drug conjugates linkers with molecular generators and reinforcement learning.,"The stability and therapeutic efficacy of antibody-drug conjugates (ADCs) are critically determined by the chemical linkers that connect the antibody to the cytotoxic payload, which is a key factor influencing drug release, plasma stability, and off-target toxicity. However, the current linker design space remains highly constrained, with most approved ADCs relying on a narrow set of established motifs. This limitation highlights an urgent need for computational tools capable of generating structurally diverse and synthetically accessible linkers. In this study, we introduce Linker-GPT, a Transformer-based deep learning framework leveraging self-attention mechanisms to generate novel ADC linkers with high structural diversity and synthetic feasibility. The model integrates transfer learning from large-scale molecular datasets and reinforcement learning (RL) to iteratively refine molecular properties such as drug-likeness and synthetic accessibility. During transfer learning, a pre-trained model was fine-tuned on a curated linker dataset, yielding molecules with high validity (0.894), novelty (0.997), and uniqueness (0.814 at 1k generation). RL further optimized the model to prioritize synthesizability and drug-like properties, resulting in 98.7% of generated molecules meeting target thresholds for QED (> 0.6), LogP (< 5), and synthetic accessibility score (SAS < 4). Linker-GPT demonstrates strong potential as a computational platform for accelerating the discovery and optimization of novel ADC linkers, offering a scalable solution for early-stage linker design. While these results are currently computational, they provide a foundation for future experimental validation and optimization."
189,A2_property,35532141,PMC9128554,10.1080/10717544.2022.2069882,2022,Drug delivery,research-article; Journal Article,Artificial intelligence-assisted development of in situ forming nanoparticles for arthritis therapy via intra-articular delivery.,"Intra-articular (IA) injection is grasping much interest due to the poor drug bioavailability at the targeted site of action which minimizes the effect of the orally administered moiety. Based on the integral role of non-steroidal anti-inflammatory drugs (NSAIDs) in the treatment of Rheumatoid Arthritis (RA), much effort is exerted to develop novel localized drug delivery systems to increase their bioavailability and minimize their side effects. Artificial intelligence (AI) is acquiring an increasing role in the design of experiments being an effective tool for saving both time and resources. Hence, the aim of this work was to develop, characterize and optimize targeted in-situ forming nano particles (ISNs) for IA delivery of piroxicam using Design® Expert as an AI-based application where a 33 full factorial experimental design was adopted. Morphological investigation, injectability, rheological studies, Fourier Transform Infrared Radiation (FTIR) as well as biological, histopathological, and biochemical examinations were performed to evaluate the optimized-ISNs. The optimized formulation, exhibiting a nano-sized particle size with a dense core, showed significant improvement in the histopathological findings compared to both the oral solution and the placebo. Additionally, the once-a-week IA administration of the optimized-ISNs proved a significant reduction in the protein expression of both STAT-3 and RANKL and the levels of anti-CCP and MCP-1 by almost 54 and 73%, respectively, coupled with a marked decline in the content of IL-17, MMP-3, NF-κB and TNF-α as compared to the positive control. In conclusion, the use of ISNs for intra-articular injection has demonstrated their effectiveness in piroxicam delivery for RA treatment."
190,A2_property,PMC8827680,PMC8827680,,2021,Journal of clinical and translational science,Abstract,20184 A Hypothesis-Driven Parametric Study of a Computational Dermal Replacement Model,"ABSTRACT IMPACT: This work will be used to improve the design of engineered dermal replacements that can be used to treat difficult-to-heal wounds such as burns or ulcers. OBJECTIVES/GOALS: Wounds of the skin are among the most common and costly medical problems experienced. Engineered dermal replacements have been developed to improve outcomes, but the optimal design features are unknown. Here we describe a hypothesis-driven study of scaffold parameters using a computational model of wound healing to simulate a variety of treatments. METHODS/STUDY POPULATION: The computational model, which was informed by animal data, was used to simulate cell, cytokine, and collagen density fields. There are reciprocal mechanobiological interactions between the cells and collagen that guide the wound healing process. We analyzed initial wound properties such as scaffold stiffness, microstructure, degradation, and wound geometry by running a one-at-a-time order-of-magnitude parameter change. We then conducted a derivative-based local sensitivity analysis for simulated experimental conditions and constructed a surrogate model of wound contraction using Gaussian process regression. RESULTS/ANTICIPATED RESULTS: We conducted finite element model simulations of scaffolds that varied in physical properties. A sensitivity analysis demonstrated that wound contraction was highly sensitive to collagen fiber stiffness and density. Wound contraction rate was also dependent on initial wound size and surface area. Collagen fiber orientation in the scaffolds affected contraction directionality and the orientation of the final wound area. A Gaussian process regression model was fit to the simulation results for use in rapid prototyping of scaffolds for design optimization. The Gaussian process model was able to reproduce the wound contracture for training and test cases. DISCUSSION/SIGNIFICANCE OF FINDINGS: This work further analyzes a computational model of wounds treated with collagen scaffold dermal replacements. The hypothesis driven analysis of the model suggested several key design features of scaffolds. The model surrogate will further be used for the purposes of prediction and optimization of tissue regeneration outcomes."
191,A2_property,37765602,PMC10537444,10.3390/polym15183746,2023,Polymers,research-article; Journal Article,Poly(3-hydroxybutyrate-co-3-hydroxyhexanoate) Bionanocomposites with Crystalline Nanocellulose and Graphene Oxide: Experimental Results and Support Vector Machine Modeling.,"Poly(3-hydroxybutyrate-co-3-hydroxyhexanoate) (PHBHHx) is a biodegradable and biocompatible bacterial copolymer used in the biomedical and food industries. However, it displays low stiffness and strength for certain applications. This issue can be solved via reinforcement with nanofillers. In this work, PHBHHx-based bionanocomposites reinforced with different loadings of crystalline nanocellulose (CNC) and graphene oxide (GO) were developed by a green and straightforward solution casting technique. Their crystalline nature and surface topography were explored via X-ray diffraction (XRD) and field-emission scanning electron microscopy (FE-SEM), respectively, their composition was corroborated via Fourier-transformed infrared spectroscopy (FTIR), and their crystallization and melting behavior were determined via differential scanning calorimetry (DSC). The nanofillers had a nucleating role, raising the crystallization temperature of the polymer, whilst hardly any changes were found in the melting temperature. Further, significant enhancements in the stiffness, strength, and thermal stability of the PHBHHx matrix were observed with the incorporation of both nanofillers, which was attributed to a synergic effect. The mechanical properties for various concentrations of CNC and GO were accurately predicted using a machine learning (ML) model in the form of a support vector machine (SVM). The model performance was evaluated in terms of the mean absolute error (MAE), the mean square error (MSE), and the correlation coefficient (R2). These bio-based nanocomposites are a valuable alternative to conventional petroleum-based synthetic polymeric materials used nowadays for biomedicine and food packaging applications."
192,A2_property,40804468,PMC12350912,10.1038/s41598-025-15879-9,2025,Scientific reports,research-article; Journal Article,Theoretical analysis of MOFs for pharmaceutical applications by using machine learning models to predict loading capacity and cell viability.,"Metal organic frameworks (MOFs) have indicated great capacity and applications in drug delivery owing to their porous structures. Analysis of their drug loading capacity as well as cytotoxicity was carried out in this study via machine learning. The study employs a stacking regression approach to predict two critical outputs: Cell Viability (%) and Drug Loading Capacity (g/g) in MOFs. The proposed framework combines base models, including Multilayer Perceptron (MLP), Random Forest (RF), and Quantile Regression (QR), with a meta-model for enhanced accuracy and robustness. Principal Component Analysis (PCA) was applied to reduce dimensionality, and the Water Cycle Algorithm was used to optimize hyperparameters. Evaluation metrics, including R2, Root Mean Squared Error (RMSE), and maximum error, indicated that the QR-MLP model outperformed the other models, achieving test R2 scores of 0.99917 for Drug Loading Capacity and 0.99111 for Cell Viability. These findings provide a new perspective of their chemical and biological uses since they show the efficiency of stacking ensemble approaches in handling challenging datasets and optimizing MOF-based drug delivery systems. Future work will focus on enhancing biocompatibility and optimizing drug release profiles to further improve the clinical applicability of MOF-based delivery systems."
193,A2_property,39014107,PMC11252257,10.1038/s41598-024-67274-5,2024,Scientific reports,research-article; Journal Article,Optimization and evaluation of modified release solid dosage forms using artificial neural network.,"This study aims to optimize and evaluate drug release kinetics of Modified-Release (MR) solid dosage form of Quetiapine Fumarate MR tablets by using the Artificial Neural Networks (ANNs). In training the neural network, the drug contents of Quetiapine Fumarate MR tablet such as Sodium Citrate, Eudragit® L100 55, Eudragit® L30 D55, Lactose Monohydrate, Dicalcium Phosphate (DCP), and Glyceryl Behenate were used as variable input data and Drug Substance Quetiapine Fumarate, Triethyl Citrate, and Magnesium Stearate were used as constant input data for the formulation of the tablet. The in-vitro dissolution profiles of Quetiapine Fumarate MR tablets at ten different time points were used as a target data. Several layers together build the neural network by connecting the input data with the output data via weights, these weights show importance of input nodes. The training process optimises the weights of the drug product excipients to achieve the desired drug release through the simulation process in MATLAB software. The percentage drug release of predicted formulation matched with the manufactured formulation using the similarity factor (f2), which evaluates network efficiency. The ANNs have enormous potential for rapidly optimizing pharmaceutical formulations with desirable performance characteristics."
194,A2_property,40520251,PMC12165852,10.1038/s43246-025-00839-7,2025,Communications materials,research-article; Journal Article,3D printing of self-healing longevous multi-sensory e-skin.,"Electrically conductive hydrogels can simulate the sensory capabilities of natural skin, such that they are well-suited for electronic skin. Unfortunately, currently available electronic skin cannot detect multiple stimuli in a selective manner. Inspired by the deep eutectic solvent chemistry of the frog Lithobates Sylvaticus, we introduce a double network granular organogel capable of simultaneously detecting mechanical deformation, structural damage, changes in ambient temperature, and humidity. The deep eutectic solvent chemistry adds an additional benefit: Thanks to strong hydrogen bonding, our sensor can recover 97% of the Young's modulus after being damaged. The sensing performance and self-healing capacity are maintained within a temperature range of -20 °C to 50 °C for at least 2 weeks. We exploit the granular nature of this system to direct ink to write a cm-sized frog and e-skin wearables. We realize selective tactile perception by training recurrent neural networks to achieve sensory stimulus classification between the temperature and strain with 98% accuracy."
195,A2_property,33114452,PMC7663659,10.3390/molecules25214927,2020,"Molecules (Basel, Switzerland)",research-article; Journal Article,Modeling of the Production of Lipid Microparticles Using PGSS® Technique.,"Solid lipid microparticles (SLMPs) are attractive carriers as delivery systems as they are stable, easy to manufacture and can provide controlled release of bioactive agents and increase their efficacy and/or safety. Particles from Gas-Saturated Solutions (PGSS®) technique is a solvent-free technology to produce SLMPs, which involves the use of supercritical CO2 (scCO2) at mild pressures and temperatures for the melting of lipids and atomization into particles. The determination of the key processing variables is crucial in PGSS® technique to obtain reliable and reproducible microparticles, therefore the modelling of SLMPs production process and variables control are of great interest to obtain quality therapeutic systems. In this work, the melting point depression of a commercial lipid (glyceryl monostearate, GMS) under compressed CO2 was studied using view cell experiments. Based on an unconstrained D-optimal design for three variables (nozzle diameter, temperature and pressure), SLMPs were produced using the PGSS® technique. The yield of production was registered and the particles characterized in terms of particle size distribution. Variable modeling was carried out using artificial neural networks and fuzzy logic integrated into neurofuzzy software. Modeling results highlight the main effect of temperature to tune the mean diameter SLMPs, whereas the pressure-nozzle diameter interaction is the main responsible in the SLMPs size distribution and in the PGSS® production yield."
196,A2_property,39905099,PMC11794646,10.1038/s41598-024-82728-6,2025,Scientific reports,"research-article; Research Support, U.S. Gov't, Non-P.H.S.; Journal Article",Machine learning integrated with in vitro experiments for study of drug release from PLGA nanoparticles.,"This paper investigates delivery of encapsulated drug from poly lactic-co-glycolic micro-/nano-particles. Experimental data collected from about 50 papers are analyzed by machine learning algorithms including linear regression, principal component analysis, Gaussian process regression, and artificial neural networks. The focus is to understand the effect of drug solubility, drug molecular weight, particle size, and pH-value of the release matrix/environment on drug release profiles. The results obtained from machine learning is then used as guidelines for designing new in vitro experiments to examine dependence of drug release profiles on those four factors. It is interesting to see that indeed the results of the new in vitro experiments are in basic agreement with the results obtained from machine learning."
197,A2_property,37148168,PMC10369251,10.1002/advs.202300339,2023,"Advanced science (Weinheim, Baden-Wurttemberg, Germany)","Research Support, Non-U.S. Gov't; research-article; Journal Article",Photothermal Controlled-Release Immunomodulatory Nanoplatform for Restoring Nerve Structure and Mechanical Nociception in Infectious Diabetic Ulcers.,"Infectious diabetic ulcers (IDU) require anti-infection, angiogenesis, and nerve regeneration therapy; however, the latter has received comparatively less research attention than the former two. In particular, there have been few reports on the recovery of mechanical nociception. In this study, a photothermal controlled-release immunomodulatory hydrogel nanoplatform is tailored for the treatment of IDU. Due to a thermal-sensitive interaction between polydopamine-reduced graphene oxide (pGO) and the antibiotic mupirocin, excellent antibacterial efficacy is achieved through customized release kinetics. In addition, Trem2+ macrophages recruited by pGO regulate collagen remodeling and restore skin adnexal structures to alter the fate of scar formation, promote angiogenesis, accompanied by the regeneration of neural networks, which ensures the recovery of mechanical nociception and may prevent the recurrence of IDU at the source. In all, a full-stage strategy from antibacterial, immune regulation, angiogenesis, and neurogenesis to the recovery of mechanical nociception, an indispensable neural function of skin, is introduced to IDU treatment, which opens up an effective and comprehensive therapy for refractory IDU."
198,A2_property,39391170,PMC11461551,10.1186/s42252-024-00063-5,2024,Functional composite materials,research-article; Journal Article,In-line NIR coupled with machine learning to predict mechanical properties and dissolution profile of PLA-Aspirin.,"In the production of polymeric drug delivery devices, dissolution profile and mechanical properties of the drug loaded polymeric matrix are considered important Critical Quality Attributes (CQA) for quality assurance. However, currently the industry relies on offline testing methods which are destructive, slow, labour intensive, and costly. In this work, a real-time method for predicting these CQAs in a Hot Melt Extrusion (HME) process is explored using in-line NIR and temperature sensors together with Machine Learning (ML) algorithms. The mechanical and drug dissolution properties were found to vary significantly with changes in processing conditions, highlighting that real-time methods to accurately predict product properties are highly desirable for process monitoring and optimisation. Nonlinear ML methods including Random Forest (RF), K-Nearest Neighbours (KNN) and Recursive Feature Elimination with RF (RFE-RF) outperformed commonly used linear machine learning methods. For the prediction of tensile strength RFE-RF and KNN achieved R 2 values 98% and 99%, respectively. For the prediction of drug dissolution, two time points were considered with drug release at t = 6 h as a measure of the extent of burst release, and t = 96 h as a measure of sustained release. KNN and RFE-RF achieved R 2 values of 97% and 96%, respectively in predicting the drug release at t = 96 h. This work for the first time reports the prediction of drug dissolution and mechanical properties of drug loaded polymer product from in-line data collected during the HME process.Supplementary informationThe online version contains supplementary material available at 10.1186/s42252-024-00063-5."
