rank,area,epmc_id,pmcid,doi,year,journal,pub_types,title,abstract
1,A3_sensors,39031228,PMC11377509,10.1007/s00216-024-05444-0,2024,Analytical and bioanalytical chemistry,research-article; Journal Article,Enhancing electrochemical detection through machine learning-driven prediction for canine mammary tumor biomarker with green silver nanoparticles.,"This study developed an innovative biosensor strategy for the sensitive and selective detection of canine mammary tumor biomarkers, cancer antigen 15-3 (CA 15-3) and mucin 1 (MUC-1), integrating green silver nanoparticles (GAgNPs) with machine learning (ML) algorithms to achieve high diagnostic accuracy and potential for noninvasive early detection. The GAgNPs-enhanced electrochemical biosensor demonstrated selective detection of CA 15-3 in serum and MUC-1 in tissue homogenates, with limits of detection (LODs) of 0.07 and 0.11 U mL-1, respectively. The nanoscale dimensions of the GAgNPs endowed them with electrochemically active surface areas, facilitating sensitive biomarker detection. Experimental studies targeted CA 15-3 and MUC-1 biomarkers in clinical samples, and the biosensor exhibited ease of use and good selectivity. Furthermore, ML algorithms were employed to analyze the electrochemical data and predict biomarker concentrations, enhancing the diagnostic accuracy. The Random Forest algorithm achieved 98% accuracy in tumor presence prediction, while an Artificial Neural Network attained 76% accuracy in CA 15-3-based tumor grade classification. The integration of ML techniques with the GAgNPs-based biosensor offers a promising approach for noninvasive, accurate, and early detection of canine mammary tumors, potentially revolutionizing veterinary diagnostics. This multilayered strategy, combining eco-friendly nanomaterials, electrochemical sensing, and ML algorithms, holds significant potential for advancing both biomedical research and clinical practice in the field of canine mammary tumor diagnostics."
2,A3_sensors,36964430,PMC10039194,10.1007/s40820-023-01054-0,2023,Nano-micro letters,research-article; Journal Article,Mechanoluminescent-Triboelectric Bimodal Sensors for Self-Powered Sensing and Intelligent Control.,"Self-powered flexible devices with skin-like multiple sensing ability have attracted great attentions due to their broad applications in the Internet of Things (IoT). Various methods have been proposed to enhance mechano-optic or electric performance of the flexible devices; however, it remains challenging to realize the display and accurate recognition of motion trajectories for intelligent control. Here, we present a fully self-powered mechanoluminescent-triboelectric bimodal sensor based on micro-nanostructured mechanoluminescent elastomer, which can patterned-display the force trajectories. The deformable liquid metals used as stretchable electrode make the stress transfer stable through overall device to achieve outstanding mechanoluminescence (with a gray value of 107 under a stimulus force as low as 0.3 N and more than 2000 cycles reproducibility). Moreover, a microstructured surface is constructed which endows the resulted composite with significantly improved triboelectric performances (voltage increases from 8 to 24 V). Based on the excellent bimodal sensing performances and durability of the obtained composite, a highly reliable intelligent control system by machine learning has been developed for controlling trolley, providing an approach for advanced visual interaction devices and smart wearable electronics in the future IoT era."
3,A3_sensors,35445206,PMC9013843,10.3389/fdgth.2022.874208,2022,Frontiers in digital health,research-article; Journal Article,Predicting Severity of Huntington's Disease With Wearable Sensors.,"The Unified Huntington's Disease Rating Scale (UHDRS) is the primary clinical assessment tool for rating motor function in patients with Huntington's disease (HD). However, the UHDRS and similar rating scales (e.g., UPDRS) are both subjective and limited to in-office assessments that must be administered by a trained and experienced rater. An objective, automated method of quantifying disease severity would facilitate superior patient care and could be used to better track severity over time. We conducted the present study to evaluate the feasibility of using wearable sensors, coupled with machine learning algorithms, to rate motor function in patients with HD. Fourteen participants with symptomatic HD and 14 healthy controls participated in the study. Each participant wore five adhesive biometric sensors applied to the trunk and each limb while completing brief walking, sitting, and standing tasks during a single office visit. A two-stage machine learning method was employed to classify participants by HD status and to predict UHDRS motor subscores. Linear discriminant analysis correctly classified all participants' HD status except for one control subject with abnormal gait (96.4% accuracy, 92.9% sensitivity, and 100% specificity in leave-one-out cross-validation). Two regression models accurately predicted individual UHDRS subscores for gait, and dystonia within a 10% margin of error. Our regression models also predicted a composite UHDRS score-a sum of left and right arm rigidity, total chorea, total dystonia, bradykinesia, gait, and tandem gait subscores-with an average error below 15%. Machine learning classifiers trained on brief in-office datasets discriminated between controls and participants with HD, and could accurately predict selected motor UHDRS subscores. Our results could enable the future use of biosensors for objective HD assessment in the clinic or remotely and could inform future studies for the use of this technology as a potential endpoint in clinical trials."
4,A3_sensors,37560618,PMC10407620,10.1039/d3ra02900j,2023,RSC advances,research-article; Journal Article,Machine learning-assisted flexible wearable device for tyrosine detection.,"Early diagnosis of pathological markers can significantly shorten the rate of viral transmission, reduce the probability of infection, and improve the cure rate of diseases. Therefore, analytical techniques for identifying pathological markers and environmental toxicants have received considerable attention from researchers worldwide. However, the most popular techniques used in clinical settings involve expensive precision instruments and complex detection processes. Thus, a simpler, more efficient, rapid, and intelligent means of analysis must be urgently developed. Electrochemical biosensors have the advantages of simple processing, low cost, low sample preparation requirements, rapid analysis, easy miniaturization, and integration. Thus, they have become popular in extensive research. Machine learning is widely used in material-assisted synthesis, sensor design, and other fields owing to its powerful data analysis and simulation learning capabilities. In this study, a machine learning-assisted carbon black-graphene oxide conjugate polymer (CB-GO/CP) electrode, in conjunction with a flexible wearable device, is proposed for the smart portable detection of tyrosine (Tyr). Input feature value data are obtained for the artificial neural network (ANN) and support vector machines (SVM) model learning via multiple data collections in artificial urine and by recording the pH and temperature values. The results reveal that a machine-learning model that integrates multiple external factors is more accurate for the prediction of Tyr concentration."
5,A3_sensors,40619581,PMC12499495,10.1002/advs.202507605,2025,"Advanced science (Weinheim, Baden-Wurttemberg, Germany)",research-article; Journal Article,Strain-Sensitive Thermochromic Smart Electronic Skin for Joint and Spine Healthcare Applications.,"Electronic skins (E-skins) that enable interactive and quantitative joint and spine healthcare hold transformative potential for personalized musculoskeletal rehabilitation. However, existing systems face three critical limitations: conventional strain sensors degrade with cyclic large strain due to uncontrolled crack propagation; thermal therapy lacks real-time adaptive control without feedback; and systems lack user-interactive monitoring-therapy integration. Here, iStretch, a mechano-visual-thermo adaptive e-skin is introduced that integrates durable strain sensing, dynamic heat therapy, and intuitive visual feedback via a multiphasic and bilayer architecture. The strain-sensing bottom layer utilises constrained microcrack propagation in graphene-liquid metal nanocomposites, achieving high sensitivity (GF = 281), broad sensing range (300%), and exceptional durability (10,000 cycles). Simultaneously, the thermoresponsive top layer provides dynamic visual feedback and heat modulation in response to strain. Its multifunctions are demonstrated for convolutional neural network-powered omnidirectional motion and gesture recognition, strain magnitude-adjusted thermotherapy, intuitive thermochromic overheating alerts, and quantitative cervical spine monitoring via wireless sensor arrays."
6,A3_sensors,39465142,PMC11502717,10.1002/mco2.726,2024,MedComm,research-article; Journal Article,Point-of-care breath sample analysis by semiconductor-based E-Nose technology discriminates non-infected subjects from SARS-CoV-2 pneumonia patients: a multi-analyst experiment.,"Metal oxide sensor-based electronic nose (E-Nose) technology provides an easy to use method for breath analysis by detection of volatile organic compound (VOC)-induced changes of electrical conductivity. Resulting signal patterns are then analyzed by machine learning (ML) algorithms. This study aimed to establish breath analysis by E-Nose technology as a diagnostic tool for severe acute respiratory syndrome coronavirus type 2 (SARS-CoV-2) pneumonia within a multi-analyst experiment. Breath samples of 126 subjects with (n = 63) or without SARS-CoV-2 pneumonia (n = 63) were collected using the ReCIVA® Breath Sampler, enriched and stored on Tenax sorption tubes, and analyzed using an E-Nose unit with 10 sensors. ML approaches were applied by three independent data analyst teams and included a wide range of classifiers, hyperparameters, training modes, and subsets of training data. Within the multi-analyst experiment, all teams successfully classified individuals as infected or uninfected with an averaged area under the curve (AUC) larger than 90% and misclassification error lower than 19%, and identified the same sensor as most relevant to classification success. This new method using VOC enrichment and E-Nose analysis combined with ML can yield results similar to polymerase chain reaction (PCR) detection and superior to point-of-care (POC) antigen testing. Reducing the sensor set to the most relevant sensor may prove interesting for developing targeted POC testing."
7,A3_sensors,38924313,PMC11348057,10.1002/advs.202401800,2024,"Advanced science (Weinheim, Baden-Wurttemberg, Germany)","Research Support, Non-U.S. Gov't; research-article; Journal Article",A Flexible Skin Bionic Thermally Comfortable Wearable for Machine Learning-Facilitated Ultrasensitive Sensing.,"Tremendous popularity is observed for multifunctional flexible electronics with appealing applications in intelligent electronic skins, human-machine interfaces, and healthcare sensing. However, the reported sensing electronics, mostly can hardly provide ultrasensitive sensing sensitivity, wider sensing range, and robust cycling stability simultaneously, and are limited of efficient heat conduction out from the contacted skin interface after wearing flexible electronics on human skin to satisfy thermal comfort of human skin. Inspired from the ultrasensitive tactile perception microstructure (epidermis/spinosum/signal transmission) of human skin, a flexible comfortably wearable ultrasensitive electronics is hereby prepared from thermal conductive boron nitride nanosheets-incorporated polyurethane elastomer matrix with MXene nanosheets-coated surface microdomes as epidermis/spinosum layers assembled with interdigitated electrode as sensing signal transmission layer. It demonstrates appealing sensing performance with ultrasensitive sensitivity (≈288.95 kPa-1), up to 300 kPa sensing range, and up to 20 000 sensing cycles from obvious contact area variation between microdome microstructures and the contact electrode under external compression. Furthermore, the bioinspired electronics present advanced thermal management by timely efficient thermal dissipation out from the contacted skin surface to meet human skin thermal comfort with the incorporated thermal conductive boron nitride nanosheets. Thus, it is vitally promising in wearable artificial electronic skins, intelligent human-interactive sensing, and personal health management."
8,A3_sensors,39157074,PMC11325392,10.1021/acsomega.4c03485,2024,ACS omega,research-article; Journal Article,First-Principles Structure Search Study of 17-β-Estradiol Adsorption on Graphene.,"17-Beta-estradiol (E2), a steroid hormone synthesized from cholesterol, has various impacts on health and the environment. Currently, the gold standard for its measurement in the body is a conventional blood test (mass spectrometry), but carbon-based electrochemical sensors have been proposed as an alternative due to their advantages, such as rapid analysis time and sensitivity. To improve the atomic-level understanding of the interactions at the substrate surface, we performed density functional theory (DFT) simulations to study the nature of the adsorption of E2 on pristine graphene. Bayesian Optimization Structure Search (BOSS) was employed to reduce human bias in the determination of the most favorable adsorption configurations. Two stable adsorption minimum configurations were found. Analysis of their electronic properties indicates that E2 physisorbs on graphene. Embarking upon complex carbonaceous materials, the importance of finding all possible minimum candidates with automated structure search tools is highlighted. Computational investigations facilitate tailoring substrate materials with outstanding performance and applications in neuroscientific research, fertility monitoring, and clinical trials. Combining them with experimental research carries significant potential to advance sensor design beyond the current state-of-the-art."
9,A3_sensors,40474423,PMC12369696,10.1002/adma.202502203,2025,"Advanced materials (Deerfield Beach, Fla.)",research-article; Journal Article,"Stretchable, Multiplexed, and Bimodal Sensing Electronic Armor for Colonoscopic Continuum Robot Enhanced by Triboelectric Artificial Synapse.","Colonoscopic continuum robots often lack sensing capabilities, risking tissue damage. An ideal robot electronic skin should offer full-body coverage, multiplexing, stretchability, and multifunctionality, but integration is challenging due to the robot's elongated structure. This work presents a stretchable electronic armor (E-armor) with a 3D crosslinked structure that enables 300 mm full coverage while accomplishing multiplexed simultaneous tactile and strain sensing through bioinspired artificial synapse mechanisms. The E-armor integrates 48 tactile sensing points through bilayer co-electrode strategy, reducing wiring while combining triboelectric encoding intelligence with innovative stretchable triboelectric interlinked films (TIFs) to form a triboelectric artificial synapse that generates digitally encoded signal pairs upon contact. A convolutional neural network and long short-term memory network (CNN-LSTM) deep learning framework achieve 99.31% accuracy in identifying multi-point tactile signals. A sodium alginate/polyacrylamide/sodium chloride (SA/PAM/NaCl) conductive hydrogel serves as a strain sensing element, providing excellent stretchability and biocompatibility, and allowing precise inference of bending angles at 12 strain sensing edges. A compliance control strategy coordinates tactile and strain signals to autonomously adjust continuum robot postures while ensuring smooth operation. The digital twin-based 3D visualization interface enhances human-robot interaction by digitally reconstructing both tactile and strain feedback, enabling real-time visualization of the continuum robot's intracolonic posture."
10,A3_sensors,37542154,PMC10403537,10.1038/s41598-023-39177-4,2023,Scientific reports,"Research Support, Non-U.S. Gov't; research-article; Journal Article","Artificial neural network approach for prediction of AuNPs biosynthesis by Streptomyces flavolimosus, characterization, antitumor potency in-vitro and in-vivo against Ehrlich ascites carcinoma.","Gold nanoparticles (AuNPs) have emerged as promising and versatile nanoparticles for cancer therapy and are widely used in drug and gene delivery, biomedical imaging, diagnosis, and biosensors. The current study describes a biological-based strategy for AuNPs biosynthesis using the cell-free supernatant of Streptomyces flavolimosus. The biosynthesized AuNPs have an absorption peak at 530-535 nm. The TEM images indicate that AuNPs were spherical and ranged in size from 4 to 20 nm. The surface capping molecules of AuNPs are negatively charged, having a Zeta potential of - 10.9 mV. FTIR analysis revealed that the AuNPs surface composition contains a variety of functional groups as -OH, C-H, N-, C=O, NH3+, amine hydrochloride, amide group of proteins, C-C and C-N. The bioprocess variables affecting AuNPs biosynthesis were optimized by using the central composite design (CCD) in order to maximize the AuNPs biosynthesis. The maximum yield of AuNPs (866.29 µg AuNPs/mL) was obtained using temperature (35 °C), incubation period (4 days), HAuCl4 concentration (1000 µg/mL) and initial pH level 6. Comparison was made between the fitness of CCD versus Artificial neural network (ANN) approach based on their prediction and the corresponding experimental results. AuNPs biosynthesis values predicted by ANN exhibit a more reasonable agreement with the experimental result. The anticancer activities of AuNPs were assessed under both in vitro and in vivo conditions. The results revealed a significant inhibitory effect on the proliferation of the MCF-7 and Hela carcinoma cell lines treated with AuNPs with IC50 value of 13.4 ± 0.44 μg/mL and 13.8 ± 0.45 μg/mL for MCF-7 and Hela cells; respectively. Further, AuNPs showed potential inhibitory effect against tumor growth in tumor-bearing mice models. AuNPs significantly reduced the tumor volume, tumor weight, and decreased number of viable tumor cells in EAC bearing mice."
11,A3_sensors,38654624,PMC11220713,10.1002/advs.202401515,2024,"Advanced science (Weinheim, Baden-Wurttemberg, Germany)","Research Support, Non-U.S. Gov't; research-article; Journal Article",Self-Powered Biomimetic Pressure Sensor Based on Mn-Ag Electrochemical Reaction for Monitoring Rehabilitation Training of Athletes.,"Self-powered pressure detection using smart wearable devices is the subject of intense research attention, which is intended to address the critical need for prolonged and uninterrupted operations. Current piezoelectric and triboelectric sensors well respond to dynamic stimuli while overlooking static stimuli. This study proposes a dual-response potentiometric pressure sensor that responds to both dynamic and static stimuli. The proposed sensor utilizes interdigital electrodes with MnO2/carbon/polyvinyl alcohol (PVA) as the cathode and conductive silver paste as the anode. The electrolyte layer incorporates a mixed hydrogel of PVA and phosphoric acid. The optimized interdigital electrodes and sandpaper-like microstructured surface of the hydrogel electrolyte contribute to enhanced performance by facilitating an increased contact area between the electrolyte and electrodes. The sensor features an open-circuit voltage of 0.927 V, a short-circuit current of 6 µA, a higher sensitivity of 14 mV/kPa, and outstanding cycling performance (>5000 cycles). It can accurately recognize letter writing and enable capacitor charging and LED lighting. Additionally, a data acquisition and display system employing the proposed sensor, which facilitates the monitoring of athletes' rehabilitation training, and machine learning algorithms that effectively guide rehabilitation actions are presented. This study offers novel solutions for the future development of smart wearable devices."
12,A3_sensors,40306624,PMC12080330,10.1021/acs.langmuir.4c03971,2025,Langmuir : the ACS journal of surfaces and colloids,research-article; Journal Article,Deep Learning Based Surface Classification of Functionalized Polymer Coatings.,"Low-technology characterization of material surfaces poses a challenge of significant importance for many scientific fields such as medical implants, biosensors, and regenerative medicine. Simple, fast, and scalable surface analysis methods that can be applied to a wide range of functionalized polymer coatings would thus constitute a major scientific and technological advance. In this work, we studied stain patterns formed by depositing a defined protein solution onto various polymer surfaces. The images of the resulting drying droplet patterns were captured by polarized light microscopy and analyzed by a deep-learning neural network. In this proof-of-concept study, we used chemical vapor deposition polymerization to deposit ten structurally distinct polymer coatings that share an identical polymer backbone, but differ in their functional groups. Despite the relatively minute differences in their chemical structure, the CNN classification of the stain patterns was highly reproducible. Across all different polymers, the overall classification accuracy of the CNN was 96%. When challenging the CNN with images from an unknown polymer coating, i.e., poly[(4-bromo-p-xylylene)-co-(p-xylylene)], these surfaces were classified as halogenated or pseudohalogenated coatings with 95% accuracy. These findings confirm that the scope of surfaces that can be analyzed with this approach goes beyond polymer coatings already known to the CNN through the training procedure and validates the method as a simple, yet versatile surface analysis tool."
13,A3_sensors,41281662,PMC12639595,10.1016/j.mtbio.2025.102524,2025,Materials today. Bio,research-article; Journal Article,Multifunctional hydrogel sensors with dynamic covalent networks for machine learning-assisted Parkinson's disease diagnosis and encrypted human-computer interaction.,"Flexible sensors hold significant application value in the fields of human-computer interaction and medical monitoring. In this study, we developed a smart hydrogel strain sensor based on dynamic covalent cross-linking. A multifunctional hydrogel was fabricated by constructing a multicomponent synergistic network composed of poly (acrylic acid) (PAA), dialdehyde carboxymethyl cellulose (OCMC), gelatin methacryloyl (GelMA), and lignosulfonate methacrylate (MLS). This hydrogel (AGOM) exhibited synergistically enhanced interfacial adhesion strength (>77.8 kPa) and mechanical properties, with an elongation at break exceeding 1820 %. The unique gradient network structure not only provides the material with excellent electrical conductivity (conductivity >0.55 S/m). A message transmission system has been developed based on the principles of Morse code, allowing for the coding and decoding of messages by recognizing different amplitudes of finger bending. Electrodes constructed from this hydrogel reliably record human electromyography (EMG) and electrocardiography (ECG) signals. The conductive network, combined with its wide-range and high-sensitivity characteristics (GF = 5.31), enables the sensor to accurately recognize clinical symptoms. This includes the characteristic tremor signals associated with Parkinson's disease. By leveraging machine learning, the sensor achieves a high recognition rate. This technology offers an innovative solution for monitoring and assisted treatment of Parkinson's disease, presenting significant application prospects in the field of intelligent medicine."
14,A3_sensors,40349187,PMC12224976,10.1002/advs.202500412,2025,"Advanced science (Weinheim, Baden-Wurttemberg, Germany)",research-article; Journal Article,Hybrid Series of Carbon-Vacancy Electrodes for Multi Chemical Vapors Diagnosis Using a Residual Multi-Task Model.,"Detecting individual gases with various sensors is a well-established field in gas sensing. However, substantial challenges and opportunities remain in the simultaneous detection and classification of multiple gases. Artificial intelligence (AI) integrated gas sensor systems effectively enable multi-gas detection using specialized algorithms. Nevertheless, these algorithms are prone to overfitting owing to their high model complexity; this study proposes a sensor array that engineers carbon vacancies in graphene oxide via metal ion doping and high-temperature reduction, enabling high-sensitivity, simultaneous detection of various gases at low temperatures (20 °C). By integrating an advanced artificial intelligence framework, the acquired electrical signals are transformed, and a multi-task learning (MTL) approach is applied to achieve instantaneous identification of four gas types and four-level concentrations. The proposed MTL framework demonstrates superior performance by effectively mitigating overfitting and improving generalization through feature sharing and mutual regularization between gas type classification and concentration estimation tasks. Experimental validation on vehicle exhaust gas fault diagnosis highlights the method's effectiveness and applicability in complex conditions, achieving 98.22% accuracy and 48% faster inference compared to traditional single-task models. This study provides a basis for developing more intelligent and adaptable sensor systems capable."
15,A3_sensors,41219294,PMC12606275,10.1038/s41598-025-22949-5,2025,Scientific reports,research-article; Journal Article,Plasmonic SPR biosensor with bayesian regression for non-invasive protein biomarker detection.,"This paper presents a designed metasurface sensor for protein biomarkers detection. The design of this metasurface structure is essentially dependent on the coating of four identical figure-eight-shaped resonators of MXene through black phosphorus and graphene. Meanwhile, the performance analysis demonstrates a competitive sensitivity (395 GHz/RIU) with a linear frequency response of R² = 0.954 and protein biomarker concentration (R² = 0.956). The sensor exhibits stable performance across 0.31-0.46 THz and maintains consistent operation at incident angles up to 30°. Interestingly, this tunability is achieved through graphene chemical potential modulation, with transmittance decreasing from 97.7% to 66.7% as its value increases. Additionally, the machine learning optimization using Bayesian Ridge Regression demonstrates exceptional predictive capabilities for both refractive index variations (R² ≈ 86%) and angular dependencies (R² ≈ 96%). This integrated photonic-microfluidic sensor platform offers significant potential for early detection of neurological disorders through rapid, sensitive, and scalable brain tumor biomarker analysis."
16,A3_sensors,40732595,PMC12298904,10.3390/s25144466,2025,"Sensors (Basel, Switzerland)",research-article; Journal Article,Single-Sensor Impact Source Localization Method for Anisotropic Glass Fiber Composite Wind Turbine Blades.,"The wind turbine blade is subject to multi-source impacts, such as bird strikes, lightning strikes, and hail, throughout its extended service. Accurate localization of those impact sources is a key technical link in structural health monitoring of the wind turbine blade. In this paper, a single-sensor impact source localization method is proposed. Capitalizing on deep learning frameworks, this method innovatively transforms the impact source localization problem into a classification task, thereby eliminating the need for anisotropy compensation and correction required by conventional localization algorithms. Furthermore, it leverages the inherent coding effects of the blade's material and geometric anisotropy on impact sources originating from different positions, enabling localization using only a single sensor. Experimental results show that the method has a high localization accuracy of 96.9% under single-sensor conditions, which significantly reduces the cost compared to the traditional multi-sensor array scheme. This study provides a cost-effective solution for real-time detection of wind turbine blade impact events."
17,A3_sensors,39685429,PMC11643587,10.3390/ma17235993,2024,"Materials (Basel, Switzerland)",research-article; Journal Article,Multifunctional Sensor Array for User Interaction Based on Dielectric Elastomers with Sputtered Metal Electrodes.,"The integration of textile-based sensing and actuation elements has become increasingly important across various fields, driven by the growing demand for smart textiles in healthcare, sports, and wearable electronics. This paper presents the development of a small, smart dielectric elastomer (DE)-based sensing array designed for user control input in applications such as human-machine interaction, virtual object manipulation, and robotics. DE-based sensors are ideal for textile integration due to their flexibility, lightweight nature, and ability to seamlessly conform to surfaces without compromising comfort. By embedding these sensors into textiles, continuous user interaction can be achieved, providing a more intuitive and unobtrusive user experience. The design of this DE array draws inspiration from a flexible and wearable version of a touchpad, which can be incorporated into clothing or accessories. Integrated advanced machine learning algorithms enhance the sensing system by improving resolution and enabling pattern recognition, reaching a prediction performance of at least 80. Additionally, the array's electrodes are fabricated using a novel sputtering technique for low resistance as well as high geometric flexibility and size reducibility. A new crimping method is also introduced to ensure a reliable connection between the sensing array and the custom electronics. The advantages of the presented design, data evaluation, and manufacturing process comprise a reduced structure size, the flexible adaptability of the system to the respective application, reliable pattern recognition, reduced sensor and line resistance, the adaptability of mechanical force sensitivity, and the integration of electronics. This research highlights the potential for innovative, highly integrated textile-based sensors in various practical applications."
18,A3_sensors,40847776,PMC12622424,10.1002/advs.202505712,2025,"Advanced science (Weinheim, Baden-Wurttemberg, Germany)",research-article; Journal Article,Electron Transfer-Tailored D-Band Center to Boost Nanozyme Catalysis for Interpretable Machine Learning-Empowered Intelligent Biosensing.,"The escalating global burden of infectious diseases demands biosensing technologies that transcend the complexity-sensitivity-accuracy trade-off in real-world applications. Herein, an interpretable machine learning-empowered multimodal biosensor synergizing electron transfer-enhanced nanozymes and aggregation-induced emission luminogens (AIEgens) for ultrasensitive pathogen detection is presented. By engineering aminophenol formaldehyde resin nanobowls anchored with monodisperse Pt nanoparticles, interfacial electron transfer (N→Pt→O) induces an upshift of Pt d-band center relative to the Fermi level, as validated by density functional theory. This electronic modulation optimizes H2O2 adsorption energy, lowers the energy barrier of the rate-determining step, and reduces activation energy, resulting in a 3.4-fold enhancement in peroxidase-like activity over conventional Pt nanozymes. Then, AIEgens are strategically integrated to generate cross-validated anti-interference signals, achieving a record-low detection limit for Salmonella typhimurium, surpassing classical immunoassays in sensitivity and accuracy. A SHapley Additive exPlanations (SHAP)-guided eXtreme Gradient Boosting (XGBoost) algorithm dynamically fuses multimodal signals, enhancing sensitivity by five fold over single-mode detection and delivering 100% diagnostic accuracy for positive samples. SHAP further deciphers the synergetic mechanism, revealing concentration-dependent signal contributions and validating decision logic. This work pioneers a nanozyme-AI co-design framework, bridging d-band-driven catalytic precision and machine learning-powered signal intelligence to redefine biosensing paradigms for combating public health emergencies."
19,A3_sensors,40431806,PMC12115265,10.3390/s25103011,2025,"Sensors (Basel, Switzerland)",research-article; Journal Article,Real-Time Detection and Localization of Force on a Capacitive Elastomeric Sensor Array Using Image Processing and Machine Learning.,"Soft and flexible capacitive tactile sensors are vital in prosthetics, wearable health monitoring, and soft robotics applications. However, achieving accurate real-time force detection and spatial localization remains a significant challenge, especially in dynamic, non-rigid environments like prosthetic liners. This study presents a real-time force point detection and tracking system using a custom-fabricated soft elastomeric capacitive sensor array in conjunction with image processing and machine learning techniques. The system integrates Otsu's thresholding, Connected Component Labeling, and a tailored cluster-tracking algorithm for anomaly detection, enabling real-time localization within 1 ms. A 6×6 Dragon Skin-based sensor array was fabricated, embedded with copper yarn electrodes, and evaluated using a UR3e robotic arm and a Schunk force-torque sensor to generate controlled stimuli. The fabricated tactile sensor measures the applied force from 1 to 3 N. Sensor output was captured via a MUCA breakout board and Arduino Nano 33 IoT, transmitting the Ratio of Mutual Capacitance data for further analysis. A Python-based processing pipeline filters and visualizes the data with real-time clustering and adaptive thresholding. Machine learning models such as linear regression, Support Vector Machine, decision tree, and Gaussian Process Regression were evaluated to correlate force with capacitance values. Decision Tree Regression achieved the highest performance (R2=0.9996, RMSE=0.0446), providing an effective correlation factor of 51.76 for force estimation. The system offers robust performance in complex interactions and a scalable solution for soft robotics and prosthetic force mapping, supporting health monitoring, safe automation, and medical diagnostics."
20,A3_sensors,41156378,PMC12565868,10.3390/mi16101132,2025,Micromachines,research-article; Journal Article,Wearable Flexible Wireless Pressure Sensor Based on Poly(vinyl alcohol)/Carbon Nanotube/MXene Composite for Health Monitoring.,"Accurate pressure monitoring is crucial for both human body applications and intelligent robotic arms, particularly for whole-body motion monitoring in human-machine interfaces. Conventional wearable electronic devices, however, often suffer from rigid connections, non-conformity, and inaccuracies. In this study, we propose a high-precision wireless flexible sensor using a poly(vinyl alcohol)/single-walled carbon nanotube/MXene composite as the sensitive material, combined with a randomly distributed wrinkle structure to accurately monitor pressure parameters. To validate the sensor's performance, it was used to monitor movements of the vocal cords, bent fingers, and human pulse. The sensor exhibits a pressure measurement range of approximately 0-130 kPa and a minimum resolution of 20 Pa. At pressures below 1 kPa, the sensor exhibits high sensitivity, enabling the detection of transient pressure changes. Within the pressure range of 1-10 kPa, the sensitivity decreases to approximately 54.71 kPa-1. Additionally, the sensor demonstrates response times of 12.5 ms at 10 kPa. For wireless signal acquisition, the pressure sensor was integrated with a Bluetooth chip, enabling real-time high-precision pressure monitoring. A deep learning-based training model was developed, achieving over 98% accuracy in motion recognition without additional computing equipment. This advancement is significant for streamlined human motion monitoring systems and intelligent components."
21,A3_sensors,41064369,PMC12501636,10.34133/research.0933,2025,"Research (Washington, D.C.)",research-article; Journal Article,Highly Stretchable and Reliable Graphene-Based Strain Sensor for Plant Health Monitoring and Deep Learning-Assisted Crop Recognition.,"Stretchable sensors hold great potential for monitoring plant physiological parameters and enabling crop identification in smart agriculture. However, achieving long-term, stable, reliable monitoring of plants in dynamic environments, as well as improving crop identification accuracy, remains a substantial challenge, primarily due to the limited biocompatibility of conventional stretchable sensors. Here, we present a highly stretchable and reliable strain sensor based on a graphene/Ecoflex composite. This sensor features a mesh structure that combines graphene's high electrical conductivity and strain sensitivity with Ecoflex's excellent stretchability, biocompatibility, and resistance to environmental degradation. By structural optimization, the sensor achieves high sensitivity (gauge factor = 138), a low detection limit (0.1% strain), and high reliability (over 1,500 cycles), along with waterproofing and resistance to both acidic and alkaline conditions. Furthermore, the sensor conforms tightly to various plant leaves and stems without hindering growth, enabling real-time monitoring of plant growth patterns and in situ detection of mechanical damage to predict plant stress. Moreover, assisted by deep learning, it precisely classifies 8 crop types with an accuracy of 95.2%. These demonstrate that stretchable sensors based on mesh graphene/Ecoflex can operate reliably in outdoor agricultural environments even in the face of variable climatic and chemical conditions, providing a practical platform for advancing plant phenomics and smart agricultural robotics."
22,A3_sensors,35098136,PMC8793024,10.1021/acsaelm.1c01010,2022,ACS applied electronic materials,research-article; Journal Article,Skin-Inspired Flexible and Stretchable Electrospun Carbon Nanofiber Sensors for Neuromorphic Sensing.,"During the past few decades, a significant amount of research effort has been dedicated toward developing skin-inspired sensors for real-time human motion monitoring and next-generation robotic devices. Although several flexible and wearable sensors have been developed in the past, the need of the hour is developing accurate, reliable, sophisticated, facile yet inexpensive flexible sensors coupled with neuromorphic systems or spiking neural networks to encode tactile information without the need for complex digital architectures, thus achieving true skin-like sensing with limited resources. In this work, we propose an approach entailing carbon nanofiber-polydimethylsiloxane composite-based piezoresistive sensors, coupled with spiking neural networks, to mimic skin-like sensing. The strain and pressure sensors have been combined with appropriately designed neural networks to encode analog voltages to spikes to recreate bioinspired tactile sensing and proprioception. To further validate the proprioceptive capability of the system, a gesture tracking smart glove, combined with a spiking neural network, was demonstrated. Wearable and flexible sensors with accompanying neural networks such as the ones proposed in this work will pave the way for a future generation of skin-mimetic sensors for advanced prosthetic devices, apparel integrable smart sensors for human motion monitoring, and human-machine interfaces."
23,A3_sensors,40432782,PMC12105526,10.1016/j.xinn.2025.100877,2025,Innovation (Cambridge (Mass.)),brief-report; Journal Article,Multi-bioinspired electronic skins with on-demand adhesion and opto-electronic synergistic display capabilities.,"Flexible electronic skins hold great promise for biomedical applications, although challenges remain in achieving controllable interactions with the biological interface and accurate signal collection. Inspired by octopuses and chameleons, we propose a novel electronic skin paradigm with on-demand adhesion and opto-electronic synergistic display capabilities. Our electronic skins are composed of a stretchable polyurethane (PU) inverse opal film integrated with a carbon nanotube (CNT)-hybridized polyacrylamide (PAAm)-gelatin double-network-hydrogel conductive flexible substrate and a temperature-responsive poly(N-isopropylacrylamide) (PNIPAm) octopus-inspired hemispherical adhesive array. The device's CNT hybrid double-network provides robust and sensitive monitoring of temperature and motion. Meanwhile, its flexible PU layer with an inverse opal structure allows for visual motion color sensing. Integrated neural network processing ensures accurate, wide-range, and independent multimodal display. Additionally, the integration of the photothermal effect of CNTs and the temperature-sensitive octopus-inspired PNIPAm adhesive array enables on-demand adhesion. The sensing and adhesion demonstrations ex vivo and in vivo showcase the proposed flexible electronic skin's inspirational design and functional utilities. The potential applications of such a versatile device are vast, ranging from healthcare to human-machine interactions."
24,A3_sensors,36235878,PMC9570729,10.3390/polym14193930,2022,Polymers,research-article; Journal Article,Soft Conductive Hydrogel-Based Electronic Skin for Robot Finger Grasping Manipulation.,"Electronic skin with human-like sensory capabilities has been widely applied to artificial intelligence, biomedical engineering, and the prosthetic hand for expanding the sensing ability of robots. Robotic electronic skin (RES) based on conductive hydrogel is developed to collect strain and pressure data for improving the grasping capability of the robot finger. RES is fabricated and assembled by the soft functional materials through a sol-gel process for guaranteeing the overall softness. The strain sensor based on piezoresistive hydrogel (gauge factor ~9.98) is integrated onto the back surface of the robot finger to collect the bending angle of the robot finger. The capacitive pressure sensor based on a hydrogel electrode (sensitivity: 0.105 kPa-1 below 3.61 kPa, and 0.0327 kPa-1 in the range from 4.12 to 15 kPa.) is adhered onto the fingertip to collect the pressure data when touching the objects. A robot-finger-compatible RES with strain and pressure sensing function is designed for finger gesture detection and grasping manipulation. The negative force feedback control framework is built to improve grasping manipulation of the robot finger with RES, which would provide a self-adaptive control method to determine whether the objects are grasped successfully or not. Robot fingers integrated with soft sensors would promote the development of sensing and grasping abilities of the robot finger and interaction with human beings."
25,A3_sensors,37238653,PMC10216447,10.3390/biom13050783,2023,Biomolecules,"Research Support, Non-U.S. Gov't; research-article; Journal Article",Impact of Magnetite Nanowires on In Vitro Hippocampal Neural Networks.,"Nanomaterials design, synthesis, and characterization are ever-expanding approaches toward developing biodevices or neural interfaces to treat neurological diseases. The ability of nanomaterials features to tune neuronal networks' morphology or functionality is still under study. In this work, we unveil how interfacing mammalian brain cultured neurons and iron oxide nanowires' (NWs) orientation affect neuronal and glial densities and network activity. Iron oxide NWs were synthesized by electrodeposition, fixing the diameter to 100 nm and the length to 1 µm. Scanning electron microscopy, Raman, and contact angle measurements were performed to characterize the NWs' morphology, chemical composition, and hydrophilicity. Hippocampal cultures were seeded on NWs devices, and after 14 days, the cell morphology was studied by immunocytochemistry and confocal microscopy. Live calcium imaging was performed to study neuronal activity. Using random nanowires (R-NWs), higher neuronal and glial cell densities were obtained compared with the control and vertical nanowires (V-NWs), while using V-NWs, more stellate glial cells were found. R-NWs produced a reduction in neuronal activity, while V-NWs increased the neuronal network activity, possibly due to a higher neuronal maturity and a lower number of GABAergic neurons, respectively. These results highlight the potential of NWs manipulations to design ad hoc regenerative interfaces."
26,A3_sensors,40652523,PMC12520506,10.1002/advs.202509400,2025,"Advanced science (Weinheim, Baden-Wurttemberg, Germany)",research-article; Journal Article,Solvent Replacement-Driven Ionic Liquid Thermoelectric Gel for Self-Powered Morse Code Communication Assisted by Machine Learning.,"The development of ionic liquid gels (IL gels) with both high thermoelectric performance and mechanical flexibility is essential for advancing low-grade heat energy harvesting in next-generation flexible electronics and self-powered systems. Herein, a poly(methacrylic acid) (PMAA)-based IL gel is reported, fabricated via a solvent replacement strategy. By tailoring the synergistic coordination between Fe2+/Fe3+ redox couples and carboxyl (─COOH) groups in the polymer network, the gel functions as a thermogalvanic electrolyte, and its voltage generation is driven by temperature-dependent redox reactions of Fe2+/Fe3+. The resulting gel demonstrates excellent thermoelectric stability over a broad temperature range, achieving a high ionic conductivity (σ) of 13.45 S·m-1 and the Seebeck coefficient (Si) of -4.67 mV·K-1. In situ Raman spectroscopy and low-field solid-state nuclear magnetic resonance (NMR) analysis reveal the directional migration behavior of Fe2+/Fe3+ ions under a thermal gradient and their dynamic coupling with polymer chain motion. Furthermore, a self-powered Morse-code communication system is developed using a machine learning (ML)-assisted framework. A logistic regression model achieved 100% accuracy on an independent test set, indicating a strict monotonic mapping between voltage signals and encoded characters. This work provides new insights into the molecular design and thermoelectric regulation mechanisms of flexible thermoelectric gel, paving the way for their practical application in wearable self-powered communication devices."
27,A3_sensors,39451717,PMC11505716,10.3390/bios14100504,2024,Biosensors,research-article; Journal Article,A Machine Learning Assisted Non-Enzymatic Electrochemical Biosensor to Detect Urea Based on Multi-Walled Carbon Nanotube Functionalized with Copper Oxide Micro-Flowers.,"Detecting urea is crucial for diagnosing related health conditions and ensuring timely medical intervention. The addition of machine learning (ML) technologies has completely changed the field of biochemical sensing, providing enhanced accuracy and reliability. In the present work, an ML-assisted screen-printed, flexible, electrochemical, non-enzymatic biosensor was proposed to quantify urea concentrations. For the detection of urea, the biosensor was modified with a multi-walled carbon nanotube-zinc oxide (MWCNT-ZnO) nanocomposite functionalized with copper oxide (CuO) micro-flowers (MFs). Further, the CuO-MFs were synthesized using a standard sol-gel approach, and the obtained particles were subjected to various characterization techniques, including X-ray diffraction (XRD), field emission scanning electron microscopy (FESEM), and Fourier transform infrared (FTIR) spectroscopy. The sensor's performance for urea detection was evaluated by assessing the dependence of peak currents on analyte concentration using cyclic voltammetry (CV) at different scan rates of 50, 75, and 100 mV/s. The designed non-enzymatic biosensor showed an acceptable linear range of operation of 0.5-8 mM, and the limit of detection (LoD) observed was 78.479 nM, which is well aligned with the urea concentration found in human blood and exhibits a good sensitivity of 117.98 mA mM-1 cm-2. Additionally, different regression-based ML models were applied to determine CV parameters to predict urea concentrations experimentally. ML significantly improves the accuracy and reliability of screen-printed biosensors, enabling accurate predictions of urea levels. Finally, the combination of ML and biosensor design emphasizes not only the high sensitivity and accuracy of the sensor but also its potential for complex non-enzymatic urea detection applications. Future advancements in accurate biochemical sensing technologies are made possible by this strong and dependable methodology."
28,A3_sensors,40714834,PMC12561418,10.1002/advs.202509658,2025,"Advanced science (Weinheim, Baden-Wurttemberg, Germany)",research-article; Journal Article,A Wearable Electrochemical Biosensor for Salivary Detection of Periodontal Inflammation Biomarkers: Molecularly Imprinted Polymer Sensor with Deep Learning Integration.,"The work presented here introduces a developed electrochemical biosensor for the salivary detection of matrix metalloproteinase-8 (MMP-8), utilizing a molecularly imprinted polymer (MIP) matrix based on poly(o-phenylenediamine). To enhance detection sensitivity and modulate impedance responses, graphene oxide (GO) is incorporated as an interlayer, providing a conductive and chemically stable matrix for precise electrochemical sensing. Density functional theory simulations confirm the formation of highly selective binding sites, further reinforcing the sensor's specificity for MMP-8 detection. The impedance-based mechanism allows real-time, label-free detection of salivary MMP-8 by tracking charge transfer resistance changes via the K[Fe(CN)₆]3⁻/⁴⁻ redox probe, offering a non-invasive and highly sensitive alternative to conventional methods. Clinical validation using patient samples demonstrates excellent sensor performance, achieving high specificity and reproducibility. Additionally, a deep learning-assisted data analysis framework is integrated to enhance diagnostic accuracy by filtering out noise, identifying disease progression trends. Furthermore, a wearable mouthguard platform integrating the MIP-based electrode, enabling continuous monitoring of oral inflammation and facilitating early therapeutic intervention is developed. This approach, which combines MIP technology, electrochemical biosensing, wearable healthcare, and AI-driven diagnostics, has the potential to establish a next-generation precision oral health monitoring platform, advancing periodontal disease detection and personalized clinical management."
29,A3_sensors,35746152,PMC9228771,10.3390/s22124370,2022,"Sensors (Basel, Switzerland)",research-article; Journal Article,Deep Learning Approach to Impact Classification in Sensorized Panels Using Self-Attention.,"This paper proposes a new method of impact classification for a Structural Health Monitoring system through the use of Self-Attention, the central building block of the Transformer neural network. As a topical and highly promising neural network architecture, the Transformer has the potential to greatly improve the speed and robustness of impact detection. This paper investigates the suitability of this new network, confronting the advantages and disadvantages offered by the Transformer and a well-known and established neural network for impact detection, the Convolutional Neural Network (CNN). The comparison is undertaken on performance, scalability, and computational time. The inputs to the networks were created using a data transformation technique, which transforms the raw time series data collected from the network of piezoelectric sensors, installed on a composite panel, through the use of Fourier Transform. It is demonstrated that the Transformer method reduces the computational complexity of the impact detection significantly, while achieving excellent prediction results."
30,A3_sensors,40583160,PMC12407276,10.1002/advs.202505873,2025,"Advanced science (Weinheim, Baden-Wurttemberg, Germany)",research-article; Journal Article,Bionic Multimodal Augmented Somatosensory Receptor Enabled by Thermogalvanic Hydrogel.,"The emergence of an e-skin receptor is an optimal solution for restoring the hand function of patients with sensation disorder, while constructing an e-skin receptor with high sensitivity, self-supervised capability, and open-environmental stability remains challenging. Here, inspired by the human skin perception mechanism, an ultrasensitive self-powered multimodal fingertip receptor that integrates thermogalvanic hydrogels as active mechanoreceptors and thermoreceptors for entropy-stabilized material fingerprint perception is proposed. A micropatterned and gradient structure strategy is introduced to improve the sensitivity to 53.6 kPa-1 with a low detection limit of 1.9 Pa. By exploiting static thermovoltage and dynamic differential signals to visualize the unsteady interfacial heat conduction, different materials can be determined in 80 ms based on the fast and slow adaptive sensations of the receptor. The self-supervised thermovoltage compensation is realized by self-decoupling contact pressure and thermal contact coefficients of materials, accommodating variations in applied forces. Benefiting from the robust interfacial heat transfer process and thermoelectric conversion, the tactile perception mechanism demonstrates universality under various external surroundings and contact conditions. With the assistance of deep learning, the fingertip receptor can function as an augmented somatosensory receptor to accurately perceive cutaneous cues of objects with an accuracy of 95.5%, which provides the potential of intelligent haptic perception to human-machine interfaces and prosthetics."
31,A3_sensors,40621006,PMC12223865,10.1021/acsomega.5c02363,2025,ACS omega,research-article; Journal Article,Harnessing Machine Learning to Revolutionize Electrochemical Detection of Vitamin E Acetate in E‑Liquids.,"This study presents the development of a novel molecularly imprinted electrochemical sensor for the sensitive and selective detection of vitamin E acetate (VEA) in e-cigarette liquids, a critical step in addressing the rising public health concern of e-cigarette, or vaping, product use-associated lung injury. VEA-imprinted polymeric nanoparticles, intended to serve as the recognition element on the sensor surface, were synthesized using surfactant-free emulsion polymerization. The synthesized polymer was characterized using Fourier Transformed Infrared Spectroscopy, scanning electron microscope, and zeta potential analyses. The sensor, fabricated using VEA-imprinted poly-(HMA-co-PA)/Nafion on screen-printed carbon electrodes, demonstrated a limit of quantification (LoQ) of 112.3 μg/mL (3.3× S/N) with a wide linear range extending to 3.0 mg/mL (10× S/N). While the sensor exhibited limitations in detecting VEA at concentrations below the LoQ, the integration of machine learning algorithms effectively mitigated these challenges. Machine learning models successfully classified the presence of VEA, even at subdetection limit concentrations, significantly enhancing the sensor's analytical capabilities. Rigorous testing on real-world e-cigarette liquid samples yielded high recovery rates (96.83% ± 2.79-102.56% ± 3.84), validating the sensor's accuracy and selectivity in complex matrices. This research not only establishes a promising platform for the rapid and sensitive detection of VEA in e-cigarette liquids but also underscores the transformative potential of integrating artificial intelligence with sensor technologies for addressing critical public health challenges."
32,A3_sensors,40801439,PMC12591205,10.1002/advs.202509740,2025,"Advanced science (Weinheim, Baden-Wurttemberg, Germany)",research-article; Journal Article,Bio-Inspired SA-FA Bionic Dual Receptor Electronic Skin for Intelligent Gesture and Material Cognition Systems Enhanced by Static-Dynamic Mutual Interaction.,"Traditional electronic skins (e-skins) face significant challenges in system integration and practical usability demonstrations, limiting their ability to meet the development demands of robot intellectualization under future artificial intelligence (AI) frameworks. Here, a bionic dual receptor (BDR) e-skin motivated by AI-based hardware-software coordination is proposed, which consists of electrospinning fiber triboelectric unit inspired by fast-adapting receptors and micropyramid ionic hydrogel iontronic unit inspired by slow-adapting receptors. Benefiting from the iontronic effect and micropyramid structure, the iontronic unit yields impressive features: a linear sensitivity of 172 kPa-1 (30 kPa), a fast response/recovery time of 11.2 ms. Based on this innovation, the BDR e-skin is integrated into the glove, and a dual-channel signal-motivated intelligent glove cognitive system for sign language gesture identification and robot interaction is developed, laying the foundation for subsequent usability demonstrations. Further, the BDR e-skin is deeply integrated with intelligent software algorithms and high-speed hardware circuits to construct an intelligent autonomous material cognition system. This system enables the robot finger controlled by the intelligent glove to accurately identify multidimensional properties (average accuracy: 99.3%) of smooth surface films-such as electronegativity, softness/hardness, and material species-with a single touch, showing a tactile cognition level comparable to that of humans."
33,A3_sensors,39590076,PMC11593876,10.3390/gels10110720,2024,"Gels (Basel, Switzerland)",research-article; Journal Article,Alkali Ion-Accelerated Gelation of MXene-Based Conductive Hydrogel for Flexible Sensing and Machine Learning-Assisted Recognition.,"Conductive hydrogels are promising active materials for wearable flexible electronics, yet it is still challenging to fabricate conductive hydrogels with good environmental stability and electrical properties. In this work, a conductive MXene/LiCl/poly(sulfobetaine methacrylate) hydrogel system was successfully prepared with an impressive conductivity of 12.2 S/m. Interestingly, the synergistic effect of MXene and a lithium bond can significantly accelerate the polymerization process, forming the conductive hydrogel within 1 min. In addition, adding LiCl to the hydrogel not only significantly increases its water retention ability, but also enhances its conductivity, both of which are important for practical applications. The flexible strain sensors based on the as-prepared hydrogel have demonstrated excellent monitoring ability for human joint motion, pulse, and electromyographic signals. More importantly, based on machine learning image recognition technology, the handwritten letter recognition system displayed a high accuracy rate of 93.5%. This work demonstrates the excellent comprehensive performance of MXene-based hydrogels in health monitoring and image recognition and shows potential applications in human-machine interfaces and artificial intelligence."
34,A3_sensors,35140219,PMC8828782,10.1038/s41467-022-28443-0,2022,Nature communications,"Research Support, Non-U.S. Gov't; research-article; Journal Article",Highly sensitive strain sensors based on piezotronic tunneling junction.,"Piezotronics with capacity of constructing adaptive and seamless interactions between electronics/machines and human/ambient are of value in Internet of Things, artificial intelligence and biomedical engineering. Here, we report a kind of highly sensitive strain sensor based on piezotronic tunneling junction (Ag/HfO2/n-ZnO), which utilizes the strain-induced piezoelectric potential to control the tunneling barrier height and width in parallel, and hence to synergistically modulate the electrical transport process. The piezotronic tunneling strain sensor has a high on/off ratio of 478.4 and high gauge factor of 4.8 × 105 at the strain of 0.10%, which is more than 17.8 times larger than that of a conventional Schottky-barrier based strain sensor in control group as well as some existing ZnO nanowire or nanobelt based sensors. This work provides in-depth understanding for the basic mechanism of piezotronic modulation on tunneling junction, and realizes the highly sensitive strain sensor of piezotronic tunneling junction on device scale, which has great potential in advanced micro/nano-electromechanical devices and systems."
35,A3_sensors,41272266,PMC12749509,10.1038/s41598-025-28279-w,2025,Scientific reports,research-article; Journal Article,Design and optimization of localized plasmon resonance sensing via square-slotted Ag-graphene-dielectric metasurfaces for dermatological cancer identification using machine learning.,"Skin cancer is a dangerous, life-threatening illness impacting countless individuals globally, requiring urgent awareness, prevention, and early detection. It is one of the most common forms of cancer, often caused by excessive sun exposure or tanning, and requires early detection for effective treatment. Early detection of skin cancer is achievable through advanced sensor designs that utilize graphene material. Graphene's exceptional properties make it extremely appropriate for creating sensitive, accurate, and non-invasive diagnostic tools to identify cancer at early stages. The integration of silver (Ag), graphene, and silicon dioxide (SiO₂) materials forms a highly sensitive multilayer structure, significantly enhancing the surface plasmon resonance response, which enables precise detection of skin cancer biomarkers at extremely low concentrations. An exceptional sensitivity of 1050 nm/RIU is attained, enabling efficient skin cancer detection through advanced plasmonic biosensing technology. Optimizing the biosensor design by systematically varying key physical parameters-such as layer thicknesses, slot dimensions, and material configurations-significantly enhanced its sensitivity. The optimization is also achieved by using a Machine learning algorithm. The highest R2 value of 0.99 is achieved for this research. This strategic tuning of the structural and optical characteristics enabled more accurate detection capabilities, making the sensor highly effective for early skin cancer diagnosis through plasmonic resonance."
36,A3_sensors,40710111,PMC12293215,10.3390/bios15070461,2025,Biosensors,research-article; Journal Article,3D-Printed PLA Hollow Microneedles Loaded with Chitosan Nanoparticles for Colorimetric Glucose Detection in Sweat Using Machine Learning.,"Biosensors play a central role in the early detection of abnormal glucose levels in individuals with diabetes; therefore, the development of less invasive systems is essential. Herein, a 3D-printed colorimetric biosensor combining microneedles and chitosan nanoparticles was developed for glucose detection in sweat using machine learning. Briefly, hollow 3D-printed polylactic acid microneedles were constructed and loaded with chitosan nanoparticles encapsulating glucose oxidase, horseradish peroxidase, and the chromogenic substrate 2,2'-azino-bis(3-ethylbenzothiazoline-6-sulfonic acid), resulting in the formation of the chitosan nanoparticle-microneedle patches. Glucose detection was performed colorimetrically by first incubating the chitosan nanoparticle-microneedle patches with glucose samples of varying concentrations and then by using photographs of the top side of each microneedle and a color recognition application on a smartphone. The Random Sample Consensus algorithm was used to train a simple linear regression model to predict glucose concentrations in unknown samples. The developed biosensor system exhibited a good linear response range toward glucose (0.025-0.375 mM), a low limit of detection (0.023 mM), a limit of quantification (0.078 mM), high specificity, and recovery rates ranging between 86-112%. Lastly, the biosensor was applied to glucose detection in spiked artificial sweat samples, confirming the potential of the proposed methodology for glucose detection in real samples."
37,A3_sensors,38410359,PMC10895412,10.1039/d3ra08471j,2024,RSC advances,research-article; Journal Article,Flexible thermoelectric CMTs/KCl/gelatin composite for a wearable pressure and temperature sensor.,"Flexible sensors have promising applications in the fields of health monitoring and artificial intelligence, which have attracted much attention from researchers. However, the design and manufacture of sensors with multiple sensing functions (like simultaneously having both temperature and pressure sensing capabilities) still present a significant challenge. Here, an ionic thermoelectric sensor for synchronous temperature and pressure sensing was developed on the basis of a carbon microtubes (CMTs)/potassium chloride (KCl)/gelatin composite consisting of gelatin as the polymer matrix, CMTs as the conductive material and KCl as the ion source. The designed CMTs/KCl/gelatin composite with the good ductility (830%) and flexibility can achieve a Seebeck coefficient of 4 mV K-1 and a dual stimulus responsiveness to pressure and temperature. In addition, not only the movement of the human body (e.g., fingers, arms), but also the temperature difference between the human body and the environment, were able to be monitored by the designed CMTs/KCl/gelatin sensors. This study provides a novel strategy for the design and preparation of high-performance flexible sensors by utilizing ion-gel thermoelectric materials and promotes the research of temperature and pressure sensing technologies."
38,A3_sensors,41296871,PMC12652324,10.1126/sciadv.ady2661,2025,Science advances,"Research Support, Non-U.S. Gov't; research-article; Journal Article","An intelligent, compact wearable pressure-strain combo sensor system for continuous fetal movement monitoring.","Continuous fetal movement monitoring in late pregnancy may improve fetal wellbeing and pregnancy outcomes. While fetal movements can be visualized with ultrasound, it is intermittent and limited to clinical settings. Inertial measurement units may enable at-home fetal monitoring but usually require a large-footprint, multisensor design. Here, we report smart, compact wearable pressure-strain combo sensors continuously monitoring fetal movements through maternal abdominal skin motions. In the 2D and 3D artificial abdomen systems, our octagonal-shaped gold nanowire-based strain sensor served as an isotropic sensor, enabling omnidirectional simulated ""kicking load"" detection within an area of ~77 (2D) and ~217 cm2 (3D), while an interdigitated electrode-based pressure sensor showed highly sensitive localized load detection. Building upon these findings, we designed compact pressure- and strain-sensing integrated Band-Aids and tested on 59 pregnant women. We developed machine learning models to distinguish fetal from nonfetal movements with >90% accuracy in ultrasound-based validation studies. This AI-powered, Band-Aid-like sensing system offers potential as a compact, comfortable, and accurate continuous out-of-hospital fetal movement monitoring technology."
39,A3_sensors,38273340,PMC10809621,10.1186/s12916-024-03252-y,2024,BMC medicine,"Research Support, Non-U.S. Gov't; research-article; Journal Article",Predicting cognitive scores from wearable-based digital physiological features using machine learning: data from a clinical trial in mild cognitive impairment.,"BackgroundContinuous assessment and remote monitoring of cognitive function in individuals with mild cognitive impairment (MCI) enables tracking therapeutic effects and modifying treatment to achieve better clinical outcomes. While standardized neuropsychological tests are inconvenient for this purpose, wearable sensor technology collecting physiological and behavioral data looks promising to provide proxy measures of cognitive function. The objective of this study was to evaluate the predictive ability of digital physiological features, based on sensor data from wrist-worn wearables, in determining neuropsychological test scores in individuals with MCI.MethodsWe used the dataset collected from a 10-week single-arm clinical trial in older adults (50-70 years old) diagnosed with amnestic MCI (N = 30) who received a digitally delivered multidomain therapeutic intervention. Cognitive performance was assessed before and after the intervention using the Neuropsychological Test Battery (NTB) from which composite scores were calculated (executive function, processing speed, immediate memory, delayed memory and global cognition). The Empatica E4, a wrist-wearable medical-grade device, was used to collect physiological data including blood volume pulse, electrodermal activity, and skin temperature. We processed sensors' data and extracted a range of physiological features. We used interpolated NTB scores for 10-day intervals to test predictability of scores over short periods and to leverage the maximum of wearable data available. In addition, we used individually centered data which represents deviations from personal baselines. Supervised machine learning was used to train models predicting NTB scores from digital physiological features and demographics. Performance was evaluated using ""leave-one-subject-out"" and ""leave-one-interval-out"" cross-validation.ResultsThe final sample included 96 aggregated data intervals from 17 individuals. In total, 106 digital physiological features were extracted. We found that physiological features, especially measures of heart rate variability, correlated most strongly to the executive function compared to other cognitive composites. The model predicted the actual executive function scores with correlation r = 0.69 and intra-individual changes in executive function scores with r = 0.61.ConclusionsOur findings demonstrated that wearable-based physiological measures, primarily HRV, have potential to be used for the continuous assessments of cognitive function in individuals with MCI."
40,A3_sensors,39333067,PMC11437102,10.1038/s41467-024-52563-4,2024,Nature communications,research-article; Journal Article,Birdlike broadband neuromorphic visual sensor arrays for fusion imaging.,"Wearable visual bionic devices, fueled by advancements in artificial intelligence, are making remarkable progress. However, traditional silicon vision chips often grapple with high energy losses and challenges in emulating complex biological behaviors. In this study, we constructed a van der Waals P3HT/GaAs nanowires P-N junction by carefully directing the arrangement of organic molecules. Combined with a Schottky junction, this facilitated multi-faceted birdlike visual enhancement, including broadband non-volatile storage, low-light perception, and a near-zero power consumption operating mode in both individual devices and 5 × 5 arrays on arbitrary substrates. Specifically, we realized over 5 bits of in-memory sensing and computing with both negative and positive photoconductivity. When paired with two imaging modes (visible and UV), our reservoir computing system demonstrated up to 94% accuracy for color recognition. It achieved motion and UV grayscale information extraction (displayed with sunscreen), leading to fusion visual imaging. This work provides a promising co-design of material and device for a broadband and highly biomimetic optoelectronic neuromorphic system."
41,A3_sensors,35458810,PMC9028188,10.3390/s22082825,2022,"Sensors (Basel, Switzerland)",research-article; Journal Article,Detection of Human Gait Phases Using Textile Pressure Sensors: A Low Cost and Pervasive Approach.,"Human gait analysis is a standard method used for detecting and diagnosing diseases associated with gait disorders. Wearable technologies, due to their low costs and high portability, are increasingly being used in gait and other medical analyses. This paper evaluates the use of low-cost homemade textile pressure sensors to recognize gait phases. Ten sensors were integrated into stretch pants, achieving an inexpensive and pervasive solution. Nevertheless, such a simple fabrication process leads to significant sensitivity variability among sensors, hindering their adoption in precision-demanding medical applications. To tackle this issue, we evaluated the textile sensors for the classification of gait phases over three machine learning algorithms for time-series signals, namely, random forest (RF), time series forest (TSF), and multi-representation sequence learner (Mr-SEQL). Training and testing signals were generated from participants wearing the sensing pants in a test run under laboratory conditions and from an inertial sensor attached to the same pants for comparison purposes. Moreover, a new annotation method to facilitate the creation of such datasets using an ordinary webcam and a pose detection model is presented, which uses predefined rules for label generation. The results show that textile sensors successfully detect the gait phases with an average precision of 91.2% and 90.5% for RF and TSF, respectively, only 0.8% and 2.3% lower than the same values obtained from the IMU. This situation changes for Mr-SEQL, which achieved a precision of 79% for the textile sensors and 36.8% for the IMU. The overall results show the feasibility of using textile pressure sensors for human gait recognition."
42,A3_sensors,34502855,PMC8434643,10.3390/s21175964,2021,"Sensors (Basel, Switzerland)",research-article; Journal Article,Plantar Pressure Detection System Based on Flexible Hydrogel Sensor Array and WT-RF.,"This paper presents a hydrogel-based flexible sensor array to detect plantar pressure distribution and recognize the gait patterns to assist those who suffer from gait disorders to rehabilitate better. The traditional pressure detection array is composed of rigid metal sensors, which have poor biocompatibility and expensive manufacturing costs. To solve the above problems, we have designed and fabricated a novel flexible sensor array based on AAM/NaCl (Acrylamide/Sodium chloride) hydrogel and PI (Polyimide) membrane. The proposed array exhibits excellent structural flexibility (209 KPa) and high sensitivity (12.3 mV·N-1), which allows it to be in full contact with the sole of the foot to collect pressure signals accurately. The Wavelet Transform-Random Forest (WT-RF) algorithm is introduced to recognize the gaits based on the plantar pressure signals. Wavelet transform realizes the signal filtering and normalization, and random forest is responsible for the classification of the processed signals. The classification accuracy of the WT-RF algorithm reaches 91.9%, which ensures the precise recognition of gaits."
43,A3_sensors,35516603,PMC9054528,10.1039/d0ra03293j,2020,RSC advances,research-article; Journal Article,Piezoelectric polymer nanofibers for pressure sensors and their applications in human activity monitoring.,"Miniaturized, wearable and self-powered sensors are crucial for applications in artificial intelligence, robotics, healthcare, and communication devices. In particular, piezoelectric polymer-based sensing systems have the advantages of light weight, large piezoelectricity and mechanical flexibility, offering great opportunities in flexible and stretchable electronic devices. Herein, free-standing large-size nanofiber (NF) membranes have been fabricated by an electrospinning technique. Our results show that the as-synthesized P(VDF-TrFE) NFs are pure β-phase and exhibit excellent mechanical and thermal properties. Besides having high sensitivity and operational stability, the fibrous sensor can generate remarkable electrical signals from applied pressure, with an output voltage of 18.1 V, output current of 0.177 μA, and power density of 22.9 μW cm-2. Moreover, such sensors also produce significant electrical performance of up to a few volts under human mechanical stress, thereby allowing for the monitoring of biomechanical movement of the human foot, elbow, and finger. Our study sheds light onto the use of piezoelectric polymers for flexible self-powered sensing electronics and wearable devices."
44,A3_sensors,40527913,PMC12174331,10.1038/s41531-025-01034-8,2025,NPJ Parkinson's disease,brief-report; Journal Article,Wrist accelerometry and machine learning sensitively capture disease progression in prodromal Parkinson's disease.,"Sensitive motor measures are needed to support trials in Parkinson's disease (PD). Wrist sensor data was collected continuously at home from 269 individuals with PD (106 with prodromal PD). Submovements were smaller, slower, and less variable in PD and prodromal PD. A machine-learned composite measure captured disease progression in prodromal PD more sensitively than the MDS-UPDRS Part III motor score. Wearable sensor-based measures may be useful in upcoming clinical trials."
45,A3_sensors,33420275,PMC7794369,10.1038/s41598-020-80570-0,2021,Scientific reports,"Clinical Trial; Research Support, Non-U.S. Gov't; research-article; Journal Article",Breath biopsy of breast cancer using sensor array signals and machine learning analysis.,"Breast cancer causes metabolic alteration, and volatile metabolites in the breath of patients may be used to diagnose breast cancer. The objective of this study was to develop a new breath test for breast cancer by analyzing volatile metabolites in the exhaled breath. We collected alveolar air from breast cancer patients and non-cancer controls and analyzed the volatile metabolites with an electronic nose composed of 32 carbon nanotubes sensors. We used machine learning techniques to build prediction models for breast cancer and its molecular phenotyping. Between July 2016 and June 2018, we enrolled a total of 899 subjects. Using the random forest model, the prediction accuracy of breast cancer in the test set was 91% (95% CI: 0.85-0.95), sensitivity was 86%, specificity was 97%, positive predictive value was 97%, negative predictive value was 97%, the area under the receiver operating curve was 0.99 (95% CI: 0.99-1.00), and the kappa value was 0.83. The leave-one-out cross-validated discrimination accuracy and reliability of molecular phenotyping of breast cancer were 88.5 ± 12.1% and 0.77 ± 0.23, respectively. Breath tests with electronic noses can be applied intraoperatively to discriminate breast cancer and molecular subtype and support the medical staff to choose the best therapeutic decision."
46,A3_sensors,40952539,PMC12436258,10.1007/s40820-025-01924-9,2025,Nano-micro letters,research-article; Journal Article,Flexible Monolithic 3D-Integrated Self-Powered Tactile Sensing Array Based on Holey MXene Paste.,"Flexible electronics face critical challenges in achieving monolithic three-dimensional (3D) integration, including material compatibility, structural stability, and scalable fabrication methods. Inspired by the tactile sensing mechanism of the human skin, we have developed a flexible monolithic 3D-integrated tactile sensing system based on a holey MXene paste, where each vertical one-body unit simultaneously functions as a microsupercapacitor and pressure sensor. The in-plane mesopores of MXene significantly improve ion accessibility, mitigate the self-stacking of nanosheets, and allow the holey MXene to multifunctionally act as a sensing material, an active electrode, and a conductive interconnect, thus drastically reducing the interface mismatch and enhancing the mechanical robustness. Furthermore, we fabricate a large-scale device using a blade-coating and stamping method, which demonstrates excellent mechanical flexibility, low-power consumption, rapid response, and stable long-term operation. As a proof-of-concept application, we integrate our sensing array into a smart access control system, leveraging deep learning to accurately identify users based on their unique pressing behaviors. This study provides a promising approach for designing highly integrated, intelligent, and flexible electronic systems for advanced human-computer interactions and personalized electronics."
47,A3_sensors,40136949,PMC11940286,10.3390/bios15030152,2025,Biosensors,research-article; Journal Article,Machine Learning-Driven D-Glucose Prediction Using a Novel Biosensor for Non-Invasive Diabetes Management.,"Developing reliable noninvasive diagnostic and monitoring systems for diabetes remains a significant challenge, especially in the e-healthcare domain, due to computational inefficiencies and limited predictive accuracy in current approaches. The current study integrates machine learning with a molecularly imprinted polymer biosensor for detecting D-glucose in the exhaled breath condensate or aerosol. Advanced models, such as Convolutional Neural Networks and Recurrent Neural Networks, were used to analyze resistance signals, while classical algorithms served as benchmarks. To address challenges like data imbalance, limited samples, and inter-sensor variability, synthetic data generation methods like Synthetic Minority Oversampling Technique and Generative Adversarial Networks were employed. This framework aims to classify clinically relevant glucose levels accurately, enabling non-invasive diabetes monitoring."
48,A3_sensors,39981403,PMC11841462,10.3389/fnins.2025.1543508,2025,Frontiers in neuroscience,research-article; Journal Article,A composite improved attention convolutional network for motor imagery EEG classification.,"IntroductionA brain-computer interface (BCI) is an emerging technology that aims to establish a direct communication pathway between the human brain and external devices. Motor imagery electroencephalography (MI-EEG) signals are analyzed to infer users' intentions during motor imagery. These signals hold potential for applications in rehabilitation training and device control. However, the classification accuracy of MI-EEG signals remains a key challenge for the development of BCI technology.MethodsThis paper proposes a composite improved attention convolutional network (CIACNet) for MI-EEG signals classification. CIACNet utilizes a dual-branch convolutional neural network (CNN) to extract rich temporal features, an improved convolutional block attention module (CBAM) to enhance feature extraction, temporal convolutional network (TCN) to capture advanced temporal features, and multi-level feature concatenation for more comprehensive feature representation.ResultsThe CIACNet model performs well on both the BCI IV-2a and BCI IV-2b datasets, achieving accuracies of 85.15 and 90.05%, respectively, with a kappa score of 0.80 on both datasets. These results indicate that the CIACNet model's classification performance exceeds that of four other comparative models.ConclusionExperimental results demonstrate that the proposed CIACNet model has strong classification capabilities and low time cost. Removing one or more blocks results in a decline in the overall performance of the model, indicating that each block within the model makes a significant contribution to its overall effectiveness. These results demonstrate the ability of the CIACNet model to reduce time costs and improve performance in motor imagery brain-computer interface (MI-BCI) systems, while also highlighting its practical applicability."
49,A3_sensors,41083573,PMC12518625,10.1038/s41598-025-19571-w,2025,Scientific reports,research-article; Journal Article,"High-precision multiple defect detection and localization in composite laminates using integrated piezoelectric sensing, regression and neural networks methods.","This study presents a novel methodology that integrates piezoelectric actuation and sensing with regression models and neural networks for high-accuracy detection and localization of multiple delamination and crack defects in composite laminates. An eight-layer graphite/epoxy composite plate, instrumented with piezoelectric patches, is excited using random voltage stimuli, generating structural responses captured by sensors. The proposed framework employs six regression techniques and artificial neural networks, achieving localization accuracy with [Formula: see text] values exceeding 99.6%. Additionally, combining five signal decomposition methods with four classifiers enables defect type identification with up to 98.26% accuracy. The methodology demonstrates exceptional precision in detecting previously unseen delamination and crack defects down to the lamina level, optimized through grid search cross-validation. A comparative analysis highlights that piezoelectric sensor voltage signals outperform acceleration signals for defect characterization. This integrated piezoelectric-regression/neural network framework establishes a robust foundation for non-destructive evaluation, offering significant potential for real-time structural health monitoring applications."
50,A3_sensors,32252336,PMC7221763,10.3390/nano10040664,2020,"Nanomaterials (Basel, Switzerland)",research-article; Journal Article,Nano Carbon Black-Based High Performance Wearable Pressure Sensors.,"The reasonable design pattern of flexible pressure sensors with excellent performance and prominent features including high sensitivity and a relatively wide workable linear range has attracted significant attention owing to their potential application in the advanced wearable electronics and artificial intelligence fields. Herein, nano carbon black from kerosene soot, an atmospheric pollutant generated during the insufficient burning of hydrocarbon fuels, was utilized as the conductive material with a bottom interdigitated textile electrode screen printed using silver paste to construct a piezoresistive pressure sensor with prominent performance. Owing to the distinct loose porous structure, the lumpy surface roughness of the fabric electrodes, and the softness of polydimethylsiloxane, the piezoresistive pressure sensor exhibited superior detection performance, including high sensitivity (31.63 kPa-1 within the range of 0-2 kPa), a relatively large feasible range (0-15 kPa), a low detection limit (2.26 pa), and a rapid response time (15 ms). Thus, these sensors act as outstanding candidates for detecting the human physiological signal and large-scale limb movement, showing their broad range of application prospects in the advanced wearable electronics field."
51,A3_sensors,40433949,PMC12412577,10.1002/advs.202414732,2025,"Advanced science (Weinheim, Baden-Wurttemberg, Germany)",research-article; Journal Article,Soft Bioelectronic Interfaces for Continuous Peripheral Neural Signal Recording and Robust Cross-Subject Decoding.,"Accurate decoding of peripheral nerve signals is essential for advancing neuroscience research, developing therapeutics for neurological disorders, and creating reliable human-machine interfaces. However, the poor mechanical compliance of conventional metal electrodes and limited generalization of existing decoding models have significantly hindered progress in understanding peripheral nerve function. This study introduces low-impedance, soft-conducting polymer electrodes capable of forming stable, intimate contacts with peripheral nerve tissues, allowing for continuous and reliable recording of neural activity in awake animals. Using this unique dataset of neurophysiological signals, a neural network model that integrates both handcrafted and deep learning-derived features, while incorporating parameter-sharing and adaptation training strategies, is developed. This approach significantly improves the generalizability of the decoding model across subjects, reducing the reliance on extensive training data. The findings not only deepen the understanding of peripheral nerve function but also open avenues for developing advanced interventions to augment and restore neurological functions."
52,A3_sensors,39997024,PMC11852995,10.3390/bios15020122,2025,Biosensors,research-article; Journal Article,"A Wide-Range, Highly Stable Intelligent Flexible Pressure Sensor Based on Micro-Wrinkled SWCNT/rGO-PDMS with Efficient Thermal Shrinkage.","Flexible pressure sensors have drawn growing attention in areas like human physiological signal monitoring and human-computer interaction. Nevertheless, it still remains a significant challenge to guarantee their long-term stability while attaining a wide detection range, a minute pressure testing limit, and high sensitivity. Inspired by the wrinkles on animal skins, this paper introduces a flexible pressure sensor with wrinkled microstructures. This sensor is composed of a composite of reduced graphene oxide (rGO), single-walled carbon nanotubes (SWCNTs), and polydimethylsiloxane (PDMS). After optimizing the proportion of the composite materials, the flexible pressure sensor was manufactured using highly efficient heat-shrinkable films. It has a sensitivity as high as 15.364 kPa-1. Owing to the wrinkled microstructures, the sensor can achieve an ultra-wide pressure detection range, with the maximum reaching 1150 kPa, and is capable of detecting water wave vibrations at the minimum level. Moreover, the wrinkled microstructures were locked by PDMS. The sensor acquired waterproof performance and its mechanical stability was enhanced. Even after 18,000 cycles of repeated loading and unloading, its performance remained unchanged. By combining with an artificial neural network, high-precision recognition of different sounds and postures when grasping different objects was realized, with the accuracies reaching 98.3333% and 99.1111%, respectively. Through the integration of flexible WIFI, real-time wireless transmission of sensing data was made possible. In general, the studied sensor can facilitate the application of flexible pressure sensors in fields such as drowning monitoring, remote traditional Chinese medicine, and intelligent voice."
53,A3_sensors,38107253,PMC10722413,10.3389/fchem.2023.1265211,2023,Frontiers in chemistry,research-article; Journal Article,Exploration on flexible wearable sensor motion monitoring based on novel functional polymer conjugated materials.,"With the continuous development of flexible electronics, multi-functional device integration, artificial intelligence technology, etc., flexible wearable sensors are playing an increasingly important role in people's daily motion monitoring. However, current flexible wearable sensors have problems such as low accuracy, poor real-time performance, and poor stability in motion monitoring, which seriously hinder the better application of flexible wearable sensors and are not conducive to the collection and monitoring of motion signals. To this end, this paper designed a flexible wearable sensor motion monitoring system and tested its performance through the preparation and performance research of new functional polymer conjugated materials. The research results show that the motion monitoring system designed based on the new functional polymer conjugated material flexible wearable sensor has good monitoring accuracy and real-time performance. When the output data is 500 pieces, the running monitoring accuracy reaches 95.4%, and the monitoring feedback time is 0.321 s; the high jump movement monitoring accuracy rate reaches 97%, and the monitoring feedback time is 0.287 s; the long jump movement monitoring accuracy rate reaches 96%, and the monitoring feedback time is 0.296 s. This shows that the flexible wearable sensor motion monitoring system of this paper has better performance and can meet the current demand for accuracy and real-time motion monitoring. This study highlights the impact of new functional polymer conjugated materials on flexible wearable sensors, helping to further solve the deficiencies of flexible wearable sensors in sports monitoring and promote their better development."
54,A3_sensors,39310190,PMC11411667,10.1021/acsomega.3c09067,2024,ACS omega,research-article; Journal Article,Laser-Induced Graphene Strain Sensors for Body Movement Monitoring.,"To enable the development of artificial intelligence of things, the improvement of the strain sensing mechanisms and optimization of the interconnections are needed. Direct laser writing to obtain laser-induced graphene (LIG) is being studied as a promising technique for producing wearable, lightweight, highly sensitive, and reliable strain sensors. These devices show a higher degree of flexibility and stretchability when transferred to an elastomeric substrate. In this article, we manufactured polydimethylsiloxane (PDMS)-encapsulated LIG piezoresistive strain sensors with a quasi-linear behavior and a gauge factor of 111. The produced LIG was morphologically characterized via Raman spectroscopy and scanning electron microscopy before and after the electromechanical characterization and before and after the LIG transfer to PDMS. The results from these analyses revealed that the integrity of the material after the test was not affected and that the LIG volume in contact with the substrate increased after transfer and encapsulation in PDMS, leading to the improvement of the sensor performance. The sensors' capability for measuring bend angles accurately was demonstrated experimentally, making them useable in a wide range of applications for human body movement monitoring as well as for structural health monitoring. Regarding body monitoring, a PDMS-encapsulated LIG sensor for knee bending angle detection was proposed. This device showed unaffected performance of 1500 cycles under 8% uniaxial deformation and with response times in the range of 1-2 s."
55,A3_sensors,39556733,PMC11621509,10.1073/pnas.2412684121,2024,Proceedings of the National Academy of Sciences of the United States of America,research-article; Journal Article,Symmetry engineering in 2D bioelectronics facilitating augmented biosensing interfaces.,"Symmetry lies at the heart of two-dimensional (2D) bioelectronics, determining material properties at the fundamental level. Breaking the symmetry allows emergent functionalities and effects. However, symmetry modulation in 2D bioelectronics and the resultant applications have been largely overlooked. Here, we devise an oxidized architectural MXene, referred to as oxidized MXene (OXene), that couples orbit symmetric breaking with inverse symmetric breaking to entitle the optimized interfacial impedance and Schottky-induced piezoelectric effects. The resulting OXene validates applications ranging from microelectrode arrays, gait analysis, active transistor matrix, and wireless signaling transmission, which enables high-fidelity signal transmission and reconfigurable logic gates. Furthermore, OXene interfaces were investigated in both rodent and porcine myocardium, featuring high-quality and spatiotemporally resolved physiological recordings, while accurate differentiated predictions, enabled via various machine learning pipelines."
56,A3_sensors,40942794,PMC12431005,10.3390/s25175365,2025,"Sensors (Basel, Switzerland)",research-article; Journal Article,Evaluating Machine Learning-Based Classification of Human Locomotor Activities for Exoskeleton Control Using Inertial Measurement Unit and Pressure Insole Data.,"Classifying human locomotor activities from wearable sensor data is an important high-level component of control schemes for many wearable robotic exoskeletons. In this study, we evaluated three machine learning models for classifying activity type (walking, running, jumping), speed, and surface incline using input data from body-worn inertial measurement units (IMUs) and e-textile insole pressure sensors. The IMUs were positioned on segments of the lower limb and pelvis during lab-based data collection from 16 healthy participants (11 men, 5 women), who walked and ran on a treadmill at a range of preset speeds and inclines. Logistic Regression (LR), Random Forest (RF), and Light Gradient-Boosting Machine (LGBM) models were trained, tuned, and scored on a validation data set (n = 14), and then evaluated on a test set (n = 2). The LGBM model consistently outperformed the other two, predicting activity and speed well, but not incline. Further analysis showed that LGBM performed equally well with data from a limited number of IMUs, and that speed prediction was challenged by inclusion of abnormally fast walking and slow running trials. Gyroscope data was most important to model performance. Overall, LGBM models show promise for implementing locomotor activity prediction from lower-limb-mounted IMU data recorded at different anatomical locations."
57,A3_sensors,32155991,PMC7153259,10.3390/nano10030479,2020,"Nanomaterials (Basel, Switzerland)",research-article; Journal Article,Bioelectronic Nose Based on Single-Stranded DNA and Single-Walled Carbon Nanotube to Identify a Major Plant Volatile Organic Compound (p-Ethylphenol) Released by Phytophthora Cactorum Infected Strawberries.,"The metabolic activity in plants or fruits is associated with volatile organic compounds (VOCs), which can help identify the different diseases. P-ethylphenol has been demonstrated as one of the most important VOCs released by the Phytophthora cactorum (P. cactorum) infected strawberries. In this study, a bioelectronic nose based on a gas biosensor array and signal processing model was developed for the noninvasive diagnostics of the P. cactorum infected strawberries, which could overcome the limitations of the traditional spectral analysis methods. The gas biosensor array was fabricated using the single-wall carbon nanotubes (SWNTs) immobilized on the surface of field-effect transistor, and then non-covalently functionalized with different single-strand DNAs (ssDNA) through π-π interaction. The characteristics of ssDNA-SWNTs were investigated using scanning electron microscope, atomic force microscopy, Raman, UV spectroscopy, and electrical measurements, indicating that ssDNA-SWNTs revealed excellent stability and repeatability. By comparing the responses of different ssDNA-SWNTs, the sensitivity to P-ethylphenol was significantly higher for the s6DNA-SWNTs than other ssDNA-SWNTs, in which the limit of detection reached 0.13% saturated vapor of P-ethylphenol. However, s6DNA-SWNTs can still be interfered with by other VOCs emitted by the strawberries in the view of poor selectivity. The bioelectronic nose took advantage of the different sensitivities of different gas biosensors to different VOCs. To improve measure precision, all ssDNA-SWNTs as a gas biosensor array were applied to monitor the different VOCs released by the strawberries, and the detecting data were processed by neural network fitting (NNF) and Gaussian process regression (GPR) with high accuracy."
58,A3_sensors,41597784,PMC12843744,10.3390/mi17010003,2025,Micromachines,research-article; Journal Article,Self-Assembled MXene/MWCNTs Pressure Sensors Combined with Novel Hollow Microstructures for High Sensitivity.,"Flexible pressure sensors have garnered significant attention over the past few decades owing to their indispensable role in electronic skin and health monitoring, and there is an urgent demand for high sensitivity to meet the requirements of large-scale applications. In this work, we demonstrate a resistive pressure sensor with self-assembled MXene/MWCNTs complex conductive networks, whose hollow substrate is achieved via designed molds and thermally expandable microspheres. Herein, the pressure sensor exhibits the desired performances, including a high sensitivity of 2.63 kPa-1, an ultra-low detection limit of ~0.25% relative resistance change, and rapid response times of 340 ms. The high performance enables promising prospects for detecting diverse human body movements. More importantly, it has been applied in numerical classification based on machine learning with the Hidden Markov Model, achieving an impressive accuracy of ~99.2%. Our research offers novel insights for enhancing the performance of pressure sensors, which hold great potential for practical applications."
59,A3_sensors,39943465,PMC11819921,10.3390/s25030826,2025,"Sensors (Basel, Switzerland)",research-article; Journal Article,A Hybrid Deep Transfer Learning Framework for Delamination Identification in Composite Laminates.,"Structural health monitoring (SHM) has proven to be an effective technique to maintain the safety and reliability of laminated composites. Recently, both deep learning and machine learning methodologies have gained popularity in sensor-based SHM. However, machine learning approaches often require tedious manual feature extraction, while deep learning models require large training datasets, which may not be feasible. To overcome these limitations, this study presents a hybrid deep transfer learning (HTL) framework to identify delamination in composite laminates. The proposed framework enhances SHM performance by utilizing pre-trained EfficientNet and ResNet models to allow for deep feature extraction with limited data. EfficientNet contributes to this by efficiently scaling the model to capture multi-scale spatial features, while ResNet contributes by extracting hierarchical representations through its residual connections. Vibration signals from piezoelectric (PZT) sensors attached to the composite laminates, consisting of three health states, are used to validate the approach. Compared to the existing transfer learning approaches, the suggested method achieved better performance, hence improving both the accuracy and robustness of delamination detection in composite structures."
60,A3_sensors,39412621,PMC11485280,10.1007/s40820-024-01539-6,2024,Nano-micro letters,research-article; Journal Article,Ultra-High Sensitivity Anisotropic Piezoelectric Sensors for Structural Health Monitoring and Robotic Perception.,"Monitoring minuscule mechanical signals, both in magnitude and direction, is imperative in many application scenarios, e.g., structural health monitoring and robotic sensing systems. However, the piezoelectric sensor struggles to satisfy the requirements for directional recognition due to the limited piezoelectric coefficient matrix, and achieving sensitivity for detecting micrometer-scale deformations is also challenging. Herein, we develop a vector sensor composed of lead zirconate titanate-electronic grade glass fiber composite filaments with oriented arrangement, capable of detecting minute anisotropic deformations. The as-prepared vector sensor can identify the deformation directions even when subjected to an unprecedented nominal strain of 0.06%, thereby enabling its utility in accurately discerning the 5 μm-height wrinkles in thin films and in monitoring human pulse waves. The ultra-high sensitivity is attributed to the formation of porous ferroelectret and the efficient load transfer efficiency of continuous lead zirconate titanate phase. Additionally, when integrated with machine learning techniques, the sensor's capability to recognize multi-signals enables it to differentiate between 10 types of fine textures with 100% accuracy. The structural design in piezoelectric devices enables a more comprehensive perception of mechanical stimuli, offering a novel perspective for enhancing recognition accuracy."
61,A3_sensors,35884309,PMC9313071,10.3390/bios12070506,2022,Biosensors,research-article; Journal Article,Full Soft Capacitive Omnidirectional Tactile Sensor Based on Micro-Spines Electrode and Hemispheric Dielectric Structure.,"Flourishing in recent years, intelligent electronics is desirably pursued in many fields including bio-symbiotic, human physiology regulatory, robot operation, and human-computer interaction. To support this appealing vision, human-like tactile perception is urgently necessary for dexterous object manipulation. In particular, the real-time force perception with strength and orientation simultaneously is critical for intelligent electronic skin. However, it is still very challenging to achieve directional tactile sensing that has eminent properties, and at the same time, has the feasibility for scale expansion. Here, a fully soft capacitive omnidirectional tactile (ODT) sensor was developed based on the structure of MWCNTs coated stripe electrode and Ecoflex hemisphere array dielectric. The theoretical analysis of this structure was conducted for omnidirectional force detection by finite element simulation. Combined with the micro-spine and the hemispheric hills dielectric structure, this sensing structure could achieve omnidirectional detection with high sensitivity (0.306 ± 0.001 kPa-1 under 10 kPa) and a wide response range (2.55 Pa to 160 kPa). Moreover, to overcome the inherent disunity in flexible sensor units due to nano-materials and polymer, machine learning approaches were introduced as a prospective technical routing to recognize various loading angles and finally performed more than 99% recognition accuracy. The practical validity of the design was demonstrated by the detection of human motion, physiological activities, and gripping of a cup, which was evident to have great potential for tactile e-skin for digital medical and soft robotics."
62,A3_sensors,41094901,PMC12526629,10.3390/s25196080,2025,"Sensors (Basel, Switzerland)",research-article; Journal Article,Passive Brain-Computer Interface Using Textile-Based Electroencephalography.,"Background: Passive brain-computer interface (pBCI) systems use a combination of electroencephalography (EEG) and machine learning (ML) to evaluate a user's cognitive and physiological state, with increasing applications in both clinical and non-clinical scenarios. pBCI systems have been limited by their traditional reliance on sensor technologies that cannot easily be integrated into non-laboratory settings where pBCIs are most needed. Advances in textile-electrode-based EEG show promise in overcoming the operational limitations; however, no study has demonstrated their use in pBCIs. This study presents the first application of fully textile-based EEG for pBCIs in differentiating cognitive states. Methods: Cognitive state comparisons between eyes-open (EO) and eyes-closed (EC) conditions were conducted using publicly available data for both novel textile and traditional dry-electrode EEG. EO vs. EC differences across both EEG sensor technologies were assessed in delta, theta, alpha, and beta EEG power bands, followed by the application of a Support Vector Machine (SVM) classifier. The SVM was applied to each EEG system separately and in a combined setting, where the classifier was trained on dry EEG data and tested on textile EEG data. Results: The textile EEG system accurately captured the characteristic increase in alpha power from EO to EC (p Conclusions: This study presents the first use of textile-based EEG for pBCI applications. Our results indicate that textile-based EEG can reliably capture changes in EEG power bands between EO and EC, and that a pBCI system utilizing non-traditional textile electrodes is both accurate and generalizable."
63,A3_sensors,35632276,PMC9146283,10.3390/s22103867,2022,"Sensors (Basel, Switzerland)",research-article; Journal Article,Optimal Sensor Placement for Modal-Based Health Monitoring of a Composite Structure.,"Optimal sensor placement is one of the important issues in monitoring the condition of structures, which has a major influence on monitoring system performance and cost. Due to this, it is still an open problem to find a compromise between these two parameters. In this study, the problem of optimal sensor placement was investigated for a composite plate with simulated internal damage. To solve this problem, different sensor placement methods with different constraint variants were applied. The advantage of the proposed approach is that information for sensor placement was used only from the structure's healthy state. The results of the calculations according to sensor placement methods were subsets of possible sensor network candidates, which were evaluated using the aggregation of different metrics. The evaluation of selected sensor networks was performed and validated using machine learning techniques and visualized appropriately. Using the proposed approach, it was possible to precisely detect damage based on a limited number of strain sensors and mode shapes taken into consideration, which leads to efficient structural health monitoring with resource savings both in costs and computational time and complexity."
64,A3_sensors,35957068,PMC9370412,10.3390/nano12152637,2022,"Nanomaterials (Basel, Switzerland)",research-article; Journal Article,Multiwalled Carbon Nanotube/Graphite Powder Film for Wearable Pressure Sensors with High Sensing Performance.,"With the continuous progress of artificial intelligence and other manufacturing technologies, there is promising potential for wearable piezoresistive sensors in human physiological signal detection and bionic robots. Here, we present a facile solution-mixing process to fabricate a multiwalled carbon nanotube/graphite powder (MWCNT@Gp) film, which has high sensitivity and great linearity and is more oriented to flexible piezoresistive sensors. The sensor consists of two parts: a spinosum microstructure shaped by a sandpaper template and polydimethylsiloxane (PDMS) as the top substrate and interdigital electrodes as the bottom substrate. The experiments we have conducted show that these two parts provide good protection to the MWCNTs@Gp film and improve sensor sensitivity. Additionally, the sensitivity of the optimal ratio of multiwalled carbon nanotubes and graphite powder is analyzed. The 5%MWCNT@5%Gp composites were found to have relatively good conductivity, which is convenient for the fabrication of conductive films of piezoresistive sensors. Finally, we conducted application experiments and found that the flexible piezoresistive sensor can detect minute signals of human motion and different pressure points. This indicates the feasibility of portable sensors in electronic skin and smart devices."
65,A3_sensors,39982550,PMC11845634,10.1007/s40820-025-01656-w,2025,Nano-micro letters,research-article; Journal Article,A Flexible-Integrated Multimodal Hydrogel-Based Sensing Patch.,"Sleep monitoring is an important part of health management because sleep quality is crucial for restoration of human health. However, current commercial products of polysomnography are cumbersome with connecting wires and state-of-the-art flexible sensors are still interferential for being attached to the body. Herein, we develop a flexible-integrated multimodal sensing patch based on hydrogel and its application in unconstraint sleep monitoring. The patch comprises a bottom hydrogel-based dual-mode pressure-temperature sensing layer and a top electrospun nanofiber-based non-contact detection layer as one integrated device. The hydrogel as core substrate exhibits strong toughness and water retention, and the multimodal sensing of temperature, pressure, and non-contact proximity is realized based on different sensing mechanisms with no crosstalk interference. The multimodal sensing function is verified in a simulated real-world scenario by a robotic hand grasping objects to validate its practicability. Multiple multimodal sensing patches integrated on different locations of a pillow are assembled for intelligent sleep monitoring. Versatile human-pillow interaction information as well as their evolution over time are acquired and analyzed by a one-dimensional convolutional neural network. Track of head movement and recognition of bad patterns that may lead to poor sleep are achieved, which provides a promising approach for sleep monitoring."
66,A3_sensors,41011884,PMC12471454,10.3390/mi16090994,2025,Micromachines,research-article; Journal Article,Laser-Induced Graphene-Based Strain Sensor Array Integrated into Smart Tires for a Load Perception.,"Tire deformation monitoring is a critical requirement for improving vehicle safety, performance, and intelligent transportation systems. However, most existing flexible strain sensors either lack directional sensitivity or have not been validated in real-world driving environments, limiting their practical application in smart tires. In this work, we report the fabrication of a flexible piezoresistive strain sensor based on a porous laser-induced graphene (LIG) network embedded in an Ecoflex elastomer matrix, with integrated directional force recognition. The LIG-Ecoflex sensor exhibits a high gauge factor of 9.7, fast response and recovery times, and stable performance over 10,000 cycles. More importantly, the anisotropic structure of the LIG enables accurate multi-directional stress recognition when combined with a convolutional neural network (CNN), achieving an overall classification accuracy exceeding 98%. To further validate real-world applicability, the sensor was mounted inside passenger car tires and tested under different loads and speeds. The results demonstrate reliable monitoring of tire deformation with clear correlations to load and velocity, confirming robustness under dynamic driving conditions. This study provides a new pathway for the integration of direction-aware, high-performance strain sensors into intelligent tire systems, with broader potential for wearable electronics, vehicle health monitoring, and next-generation Internet of Vehicles applications."
67,A3_sensors,39851169,PMC11803620,10.1021/acsami.4c17369,2025,ACS applied materials & interfaces,research-article; Journal Article,Full Body-Worn Textile-Integrated Nanomaterials and Soft Electronics for Real-Time Continuous Motion Recognition Using Cloud Computing.,"Recognizing human body motions opens possibilities for real-time observation of users' daily activities, revolutionizing continuous human healthcare and rehabilitation. While some wearable sensors show their capabilities in detecting movements, no prior work could detect full-body motions with wireless devices. Here, we introduce a soft electronic textile-integrated system, including nanomaterials and flexible sensors, which enables real-time detection of various full-body movements using the combination of a wireless sensor suit and deep-learning-based cloud computing. This system includes an array of a nanomembrane, laser-induced graphene strain sensors, and flexible electronics integrated with textiles for wireless detection of different body motions and workouts. With multiple human subjects, we demonstrate the system's performance in real-time prediction of eight different activities, including resting, walking, running, squatting, walking upstairs, walking downstairs, push-ups, and jump roping, with an accuracy of 95.3%. The class of technologies, integrated as full body-worn textile electronics and interactive pairing with smartwatches and portable devices, can be used in real-world applications such as ambulatory health monitoring via conjunction with smartwatches and feedback-enabled customized rehabilitation workouts."
68,A3_sensors,40439842,PMC12122957,10.1007/s40820-025-01780-7,2025,Nano-micro letters,research-article; Journal Article,"Machine Learning Enabled Reusable Adhesion, Entangled Network-Based Hydrogel for Long-Term, High-Fidelity EEG Recording and Attention Assessment.","Due to their high mechanical compliance and excellent biocompatibility, conductive hydrogels exhibit significant potential for applications in flexible electronics. However, as the demand for high sensitivity, superior mechanical properties, and strong adhesion performance continues to grow, many conventional fabrication methods remain complex and costly. Herein, we propose a simple and efficient strategy to construct an entangled network hydrogel through a liquid-metal-induced cross-linking reaction, hydrogel demonstrates outstanding properties, including exceptional stretchability (1643%), high tensile strength (366.54 kPa), toughness (350.2 kJ m-3), and relatively low mechanical hysteresis. The hydrogel exhibits long-term stable reusable adhesion (104 kPa), enabling conformal and stable adhesion to human skin. This capability allows it to effectively capture high-quality epidermal electrophysiological signals with high signal-to-noise ratio (25.2 dB) and low impedance (310 ohms). Furthermore, by integrating advanced machine learning algorithms, achieving an attention classification accuracy of 91.38%, which will significantly impact fields like education, healthcare, and artificial intelligence."
69,A3_sensors,41301231,PMC12650714,10.3390/bioengineering12111275,2025,"Bioengineering (Basel, Switzerland)",brief-report; Journal Article,Smart e-Textile Singlet Prototype and Concept: Multi Sensor Sensing for Geriatric Monitoring.,"This paper explores the development of a Smart e-Textile Singlet designed to enhance geriatric care through continuous monitoring of vital health parameters. The proposed garment integrates various sensors to measure core body temperature, blood oxygen saturation, respiration rate, blood pressure, pulse, electrocardiogram (ECG), activity level, and risk of falls. Leveraging advanced technologies such as inertial measurement unit (IMU) sensors, thermoelectric materials, and piezoelectric fibers, the e-textile ensures both functionality and sustainability. Additionally, artificial intelligence algorithms are employed to provide near-real-time feedback and early warnings, significantly improving health management for elderly individuals. This innovative approach not only promotes autonomy and well-being among the elderly but also alleviates the workload of healthcare providers. The Smart e-Textile Singlet represents a multi-sensor solution by offering a holistic monitoring system."
70,A3_sensors,39771793,PMC11679092,10.3390/s24248057,2024,"Sensors (Basel, Switzerland)",research-article; Journal Article,Damage Localization and Severity Assessment in Composite Structures Using Deep Learning Based on Lamb Waves.,"In composite structures, the precise identification and localization of damage is necessary to preserve structural integrity in applications across such fields as aeronautical, civil, and mechanical engineering. This study presents a deep learning (DL)-assisted framework for simultaneous damage localization and severity assessment in composite structures using Lamb waves (LWs). Previous studies have often focused on either damage detection or localization in composite structures. In contrast, this study aims to perform damage detection, severity assessment, and localization using independent DL models. Three DL models, namely the artificial neural network (ANN), convolutional neural network (CNN), and gated recurrent unit (GRU), are compared. To assess their damage detection and localization capabilities. Moreover, zero-mean Gaussian noise is introduced as a data augmentation technique to address the variability and noise inherent in LW signals, improving the generalization capability of the DL models. The proposed framework is validated on a composite plate with four piezoelectric transducers, one at each corner, and achieves high accuracy in both damage localization and severity assessment, offering an effective solution for real-time structural health monitoring. This dual-function approach provides a scalable data-driven method to evaluate composite structures, with applications in predictive maintenance and reliability assurance in critical engineering systems."
71,A3_sensors,38257578,PMC11154430,10.3390/s24020486,2024,"Sensors (Basel, Switzerland)",research-article; Journal Article,Application of Dynamic Mode Decomposition to Characterize Temporal Evolution of Plantar Pressures from Walkway Sensor Data in Women with Cancer.,"Pressure sensor-impregnated walkways transform a person's footfalls into spatiotemporal signals that may be sufficiently complex to inform emerging artificial intelligence (AI) applications in healthcare. Key consistencies within these plantar signals show potential to uniquely identify a person, and to distinguish groups with and without neuromotor pathology. Evidence shows that plantar pressure distributions are altered in aging and diabetic peripheral neuropathy, but less is known about pressure dynamics in chemotherapy-induced peripheral neuropathy (CIPN), a condition leading to falls in cancer survivors. Studying pressure dynamics longitudinally as people develop CIPN will require a composite model that can accurately characterize a survivor's gait consistencies before chemotherapy, even in the presence of normal step-to-step variation. In this paper, we present a state-of-the-art data-driven learning technique to identify consistencies in an individual's plantar pressure dynamics. We apply this technique to a database of steps taken by each of 16 women before they begin a new course of neurotoxic chemotherapy for breast or gynecologic cancer. After extracting gait features by decomposing spatiotemporal plantar pressure data into low-rank dynamic modes characterized by three features: frequency, a decay rate, and an initial condition, we employ a machine-learning model to identify consistencies in each survivor's walking pattern using the centroids for each feature. In this sample, our approach is at least 86% accurate for identifying the correct individual using their pressure dynamics, whether using the right or left foot, or data from trials walked at usual or fast speeds. In future work, we suggest that persistent deviation from a survivor's pre-chemotherapy step consistencies could be used to automate the identification of peripheral neuropathy and other chemotherapy side effects that impact mobility."
72,A3_sensors,33225180,PMC7676330,10.1021/acsomega.0c04433,2020,ACS omega,research-article; Journal Article,Intelligent Mobile Electronic Nose System Comprising a Hybrid Polymer-Functionalized Quartz Crystal Microbalance Sensor Array.,"We devised a low-cost mobile electronic nose (e-nose) system using a quartz crystal microbalance (QCM) sensor array functionalized with various polymer-based thin active films (i.e., polyacrylonitrile, poly(vinylidene fluoride), poly(vinyl pyrrolidone), and poly(vinyl acetate)). It works based on the gravimetric detection principle, where the additional mass of the adsorbed molecules on the polymer surface can induce QCM resonance frequency shifts. To collect and process the obtained sensing data sets, a multichannel data acquisition (DAQ) circuitry was developed and calibrated using a function generator resulting in a device frequency resolution of 0.5 Hz. Four prepared QCM sensors demonstrated various sensitivity levels with high reproducibility and consistency under exposure to seven different volatile organic compounds (VOCs). Moreover, two types of machine learning algorithms (i.e., linear discriminant analysis and support vector machine models) were employed to differentiate and classify those tested analytes, in which classification accuracies of up to 98 and 99% could be obtained, respectively. This high-performance e-nose system is expected to be used as a versatile sensing platform for performing reliable qualitative and quantitative analyses in complex gaseous mixtures containing numerous VOCs for early disease diagnosis and environmental quality monitoring."
73,A3_sensors,35161507,PMC8840666,10.3390/s22030759,2022,"Sensors (Basel, Switzerland)",research-article; Journal Article,Neural Network-Enabled Flexible Pressure and Temperature Sensor with Honeycomb-like Architecture for Voice Recognition.,"Flexible pressure sensors have been studied as wearable voice-recognition devices to be utilized in human-machine interaction. However, the development of highly sensitive, skin-attachable, and comfortable sensing devices to achieve clear voice detection remains a considerable challenge. Herein, we present a wearable and flexible pressure and temperature sensor with a sensitive response to vibration, which can accurately recognize the human voice by combing with the artificial neural network. The device consists of a polyethylene terephthalate (PET) printed with a silver electrode, a filament-microstructured polydimethylsiloxane (PDMS) film embedded with single-walled carbon nanotubes and a polyimide (PI) film sputtered with a patterned Ti/Pt thermistor strip. The developed pressure sensor exhibited a pressure sensitivity of 0.398 kPa-1 in the low-pressure regime, and the fabricated temperature sensor shows a desirable temperature coefficient of resistance of 0.13% ∘C in the range of 25 ∘C to 105 ∘C. Through training and testing the neural network model with the waveform data of the sensor obtained from human pronunciation, the vocal fold vibrations of different words can be successfully recognized, and the total recognition accuracy rate can reach 93.4%. Our results suggest that the fabricated sensor has substantial potential for application in the human-computer interface fields, such as voice control, vocal healthcare monitoring, and voice authentication."
74,A3_sensors,36506197,PMC9730765,10.1021/acsomega.2c06548,2022,ACS omega,research-article; Journal Article,"Carbon Black/Multi-Walled Carbon Nanotube-Based, Highly Sensitive, Flexible Pressure Sensor.","Flexible piezoresistive pressure sensors have promising applications in wearable devices, artificial intelligence, and other fields. However, developing low-cost and high-performance pressure sensors still poses a great challenge. Herein, we utilize low-cost carbon black (CB) and multi-walled carbon nanotubes (MWCNTs) mixed in porous polydimethylsiloxane to assemble a flexible piezoresistive pressure sensor combined with interdigitated electrodes. Simultaneously, the COMSOL Multiphysics simulation analysis was performed to predict the sensing behavior of the pressure sensor, which was verified by experiments; the preparation of the pressure sensor was guided according to the prediction. Additionally, we studied the effects of the mixed conductive filler's weight ratio, the shape of the interdigital electrode, and the line width and spacing of the interdigital electrode on the performance of the sensor. Based on the interaction of the 3D porous structure and the synergistic conductive network of CB/MWCNTs, the prepared pressure sensor exhibits a high sensitivity of 3.57 kPa-1 (∼21 kPa), a wide detection range of 0-275 kPa, fast response time (96 ms), fast recovery time (198 ms), good durability (about 3000 cycles), and good flexibility. Moreover, the fabricated sensor can monitor and recognize human activities (such as finger bending and mouse clicking), indicating that it has great potential in flexible wearable devices and other fields. It is worth noting that the preparation process of the entire pressure sensor was simple, low cost, and environmentally friendly, which provides a certain basis for industrial and commercial applications."
75,A3_sensors,40775661,PMC12561432,10.1002/advs.202510894,2025,"Advanced science (Weinheim, Baden-Wurttemberg, Germany)",research-article; Journal Article,MXene-Integrated Printed Piezoresistive Flexible Sensors: A Breakthrough in Real-Time Monitoring for Medical and Smart Applications.,"As an emerging 2D transition metal carbide material with metal-like conductivity, MXene exhibits significant potential in the development of piezoresistive sensors. Nevertheless, achieving favorable combined properties in MXene-based pressure sensors remains challenging. This research explores a method for the assisted deposition of Ag nanoparticles between the layers of waffle-structured MXene by template-directed growth strategy, preparing the chocolate-inlaid Ag@waffle-structured MXene (WSM-A8). With DFT calculations and finite element simulations, the theoretical analysis for the transition of energy bands and the increase of charge density is conducted for the WSM-A8. Meanwhile, the conducting pathways established in WSM-A8 are systematically simulated, verifying the construction of the oriented field-modulation piezoresistive structure proposed in this study. The pressure sensor prepared with WSM-A8 presents the highest ΔI/I0 response intensity (507 in 210 kPa) among the reported MXene-based piezoresistive sensors with a satisfactory sensitivity (45/30 ms for response/recovery time), which also possesses outstanding structural stability (less than 4% attenuation of the response value after 500 bending cycles) and superior oxidation resistance. Utilizing the convolutional neural network and machine learning, the recognition accuracy of the integrated device is effectively improved. This study provides a feasible approach for realizing real-time pressure monitoring, demonstrating great potential in medical diagnosis, intelligent actuators, and human-computer interactions."
76,A3_sensors,36522364,PMC9755227,10.1038/s41598-022-24640-5,2022,Scientific reports,research-article; Journal Article,Texture recognition based on multi-sensory integration of proprioceptive and tactile signals.,"The sense of touch plays a fundamental role in enabling us to interact with our surrounding environment. Indeed, the presence of tactile feedback in prostheses greatly assists amputees in doing daily tasks. In this line, the present study proposes an integration of artificial tactile and proprioception receptors for texture discrimination under varying scanning speeds. Here, we fabricated a soft biomimetic fingertip including an 8 × 8 array tactile sensor and a piezoelectric sensor to mimic Merkel, Meissner, and Pacinian mechanoreceptors in glabrous skin, respectively. A hydro-elastomer sensor was fabricated as an artificial proprioception sensor (muscle spindles) to assess the instantaneous speed of the biomimetic fingertip. In this study, we investigated the concept of the complex receptive field of RA-I and SA-I afferents for naturalistic textures. Next, to evaluate the synergy between the mechanoreceptors and muscle spindle afferents, ten naturalistic textures were manipulated by a soft biomimetic fingertip at six different speeds. The sensors' outputs were converted into neuromorphic spike trains to mimic the firing pattern of biological mechanoreceptors. These spike responses are then analyzed using machine learning classifiers and neural coding paradigms to explore the multi-sensory integration in real experiments. This synergy between muscle spindle and mechanoreceptors in the proposed neuromorphic system represents a generalized texture discrimination scheme and interestingly irrespective of the scanning speed."
77,A3_sensors,41094811,PMC12526701,10.3390/s25195988,2025,"Sensors (Basel, Switzerland)",research-article; Journal Article,SecureEdge-MedChain: A Post-Quantum Blockchain and Federated Learning Framework for Real-Time Predictive Diagnostics in IoMT.,"The burgeoning Internet of Medical Things (IoMT) offers unprecedented opportunities for real-time patient monitoring and predictive diagnostics, yet the current systems struggle with scalability, data confidentiality against quantum threats, and real-time privacy-preserving intelligence. This paper introduces Med-Q Ledger, a novel, multi-layered framework designed to overcome these critical limitations in the Medical IoT domain. Med-Q Ledger integrates a permissioned Hyperledger Fabric for transactional integrity with a scalable Holochain Distributed Hash Table for high-volume telemetry, achieving horizontal scalability and sub-second commit times. To fortify long-term data security, the framework incorporates post-quantum cryptography (PQC), specifically CRYSTALS-Di lithium signatures and Kyber Key Encapsulation Mechanisms. Real-time, privacy-preserving intelligence is delivered through an edge-based federated learning (FL) model, utilizing lightweight autoencoders for anomaly detection on encrypted gradients. We validate Med-Q Ledger's efficacy through a critical application: the prediction of intestinal complications like necrotizing enterocolitis (NEC) in preterm infants, a condition frequently necessitating emergency colostomy. By processing physiological data from maternal wearable sensors and infant intestinal images, our integrated Random Forest model demonstrates superior performance in predicting colostomy necessity. Experimental evaluations reveal a throughput of approximately 3400 transactions per second (TPS) with ~180 ms end-to-end latency, a >95% anomaly detection rate with <2% false positives, and an 11% computational overhead for PQC on resource-constrained devices. Furthermore, our results show a 0.90 F1-score for colostomy prediction, a 25% reduction in emergency surgeries, and 31% lower energy consumption compared to MQTT baselines. Med-Q Ledger sets a new benchmark for secure, high-performance, and privacy-preserving IoMT analytics, offering a robust blueprint for next-generation healthcare deployments."
78,A3_sensors,35987761,PMC9392780,10.1038/s41598-022-18321-6,2022,Scientific reports,research-article; Journal Article,Printed temperature sensor array for high-resolution thermal mapping.,"Fully-printed temperature sensor arrays-based on a flexible substrate and featuring a high spatial-temperature resolution-are immensely advantageous across a host of disciplines. These range from healthcare, quality and environmental monitoring to emerging technologies, such as artificial skins in soft robotics. Other noteworthy applications extend to the fields of power electronics and microelectronics, particularly thermal management for multi-core processor chips. However, the scope of temperature sensors is currently hindered by costly and complex manufacturing processes. Meanwhile, printed versions are rife with challenges pertaining to array size and sensor density. In this paper, we present a passive matrix sensor design consisting of two separate silver electrodes that sandwich one layer of sensing material, composed of poly(3,4-ethylenedioxythiophene):polystyrene sulfonate (PEDOT:PSS). This results in appreciably high sensor densities of 100 sensor pixels per cm[Formula: see text] for spatial-temperature readings, while a small array size is maintained. Thus, a major impediment to the expansive application of these sensors is efficiently resolved. To realize fast and accurate interpretation of the sensor data, a neural network (NN) is trained and employed for temperature predictions. This successfully accounts for potential crosstalk between adjacent sensors. The spatial-temperature resolution is investigated with a specially-printed silver micro-heater structure. Ultimately, a fairly high spatial temperature prediction accuracy of 1.22  °C is attained."
79,A3_sensors,39738330,PMC11686128,10.1038/s41598-024-82274-1,2024,Scientific reports,"Research Support, Non-U.S. Gov't; research-article; Journal Article",The assessment of sports performance by grip pressure using flexible piezoresistive pressure sensors in seven sports events.,"Flexible micro-sensors have significant application potential in the field of sports performance evaluation. The aim of this study is to assess sports performance by grip pressure using a MMSS sensor (MXene as the sensitive material and melamine sponge as the substrate, a type of flexible piezoresistive pressure sensor). The grip pressures of expert and amateur players are evaluated in single skills events (golf, billiards, basketball, javelin and shot put) and in skills conversion (badminton and tennis). Indicators (time nodes, intervals, peaks, etc.) related to grip pressure on the handle are collected, analyzed, and identified by artificial intelligence. Finally, the K-Nearest Neighbor (KNN) of artificial intelligence algorithms is employed to identify differences for 400 strokes of tennis players in interval training session. Expert tennis athlete exhibits a higher level of precision, concentration and stability for exert and release of grip force (KNN accuracy of train 95.0%) than amateur (KNN: 84.6%) during single movement, technical conversion, and interval training condition. This research offers a new perspective for evaluating sports performance in hand-held equipment events and presents a feasible direction for facing challenges of flexible wearable technology in practice."
80,A3_sensors,40805415,PMC12347900,10.3390/ma18153537,2025,"Materials (Basel, Switzerland)",research-article; Journal Article,Deep Neural-Assisted Flexible MXene-Ag Composite Strain Sensor with Crack Dual Conductive Network for Human Motion Sensing.,"Developing stretchable strain sensors that combine both high sensitivity and a wide linear range is a critical requirement for health electronics, yet it remains challenging to meet the practical demands of daily health monitoring. This study proposes a novel heterogeneous surface strategy by in situ silver deposition on modified PDMS followed by MXene spray coating, constructing a multilevel microcrack strain sensor (MAP) using silver nanoparticles and MXene. This innovative multilevel heterogeneous microcrack structure forms a dual conductive network, which demonstrates excellent detection performance within GFmax = 487.3 and response time ≈65 ms across various deformation variables. And the seamless integration of the sensor arrays was designed and employed for the detection of human activities without sacrificing biocompatibility and comfort. Furthermore, by adopting advanced deep learning technology, these sensor arrays could identify different joint movements with an accuracy of up to 95%. These results provide a promising example for designing high-performance stretchable strain sensors and intelligent recognition systems."
81,A3_sensors,40316813,PMC12048387,10.1007/s40820-025-01753-w,2025,Nano-micro letters,research-article; Journal Article,AI-Enabled Piezoelectric Wearable for Joint Torque Monitoring.,"Joint health is critical for musculoskeletal (MSK) conditions that are affecting approximately one-third of the global population. Monitoring of joint torque can offer an important pathway for the evaluation of joint health and guided intervention. However, there is no technology that can provide the precision, effectiveness, low-resource setting, and long-term wearability to simultaneously achieve both rapid and accurate joint torque measurement to enable risk assessment of joint injury and long-term monitoring of joint rehabilitation in wider environments. Herein, we propose a piezoelectric boron nitride nanotubes (BNNTs)-based, AI-enabled wearable device for regular monitoring of joint torque. We first adopted an iterative inverse design to fabricate the wearable materials with a Poisson's ratio precisely matched to knee biomechanics. A highly sensitive piezoelectric film was constructed based on BNNTs and polydimethylsiloxane and applied to precisely capture the knee motion, while concurrently realizing self-sufficient energy harvesting. With the help of a lightweight on-device artificial neural network, the proposed wearable device was capable of accurately extracting targeted signals from the complex piezoelectric outputs and then effectively mapping these signals to their corresponding physical characteristics, including torque, angle, and loading. A real-time platform was constructed to demonstrate the capability of fine real-time torque estimation. This work offers a relatively low-cost wearable solution for effective, regular joint torque monitoring that can be made accessible to diverse populations in countries and regions with heterogeneous development levels, potentially producing wide-reaching global implications for joint health, MSK conditions, ageing, rehabilitation, personal health, and beyond."
82,A3_sensors,38764614,PMC11097169,10.1021/acsomega.4c01315,2024,ACS omega,research-article; Journal Article,Empowering an Acute Kidney Injury 3D Graphene-Based Sensor Using Extreme Learning Machine.,"This study reports on the application of an extreme learning machine (ELM) in near-real-time kidney monitoring via urine neutrophil gelatinase-associated lipocalin (NGAL) detection with a 3D graphene electrode. This integration marks the first instance of combining a graphene-based electrode with machine learning to enhance the NGAL detection accuracy, building on our group's 2020 research. The methodology involves two key components: a graphene electrode functionalized with a lipocalin-2 antibody for NGAL detection and the ELM application for improved prediction accuracy by using urine analysis data. The results show a significant 15% increase in the area under the curve (AUC) for NGAL determination, with error reduction from ±6 to 0.54 ng/mL within a linear range of 2.7-140 ng/mL. The ELM also lowered the detection limit from 14.8 to 0.89 ng/mL and increased accuracy, precision, sensitivity, specificity, and F1 score for AKI prediction by 8.89, 30.69, 6.78, 9.94, and 19.07%, respectively. These findings underscore the efficacy of simple neural networks in enhancing graphene-based electrochemical sensors for AKI biomarkers. ELM was chosen for its optimal performance-resource balance, with a comparative analysis of ELM, support vector machines, multilayer perceptron, and random forest algorithms also included. This research suggests the potential for miniaturizing AI-enhanced sensors for practical applications."
83,A3_sensors,33269428,PMC7709806,10.1007/s00464-020-08169-0,2021,Surgical endoscopy,"Research Support, Non-U.S. Gov't; research-article; Journal Article",Applying the electronic nose for pre-operative SARS-CoV-2 screening.,"BackgroundInfection with SARS-CoV-2 causes corona virus disease (COVID-19). The most standard diagnostic method is reverse transcription-polymerase chain reaction (RT-PCR) on a nasopharyngeal and/or an oropharyngeal swab. The high occurrence of false-negative results due to the non-presence of SARS-CoV-2 in the oropharyngeal environment renders this sampling method not ideal. Therefore, a new sampling device is desirable. This proof-of-principle study investigated the possibility to train machine-learning classifiers with an electronic nose (Aeonose) to differentiate between COVID-19-positive and negative persons based on volatile organic compounds (VOCs) analysis.MethodsBetween April and June 2020, participants were invited for breath analysis when a swab for RT-PCR was collected. If the RT-PCR resulted negative, the presence of SARS-CoV-2-specific antibodies was checked to confirm the negative result. All participants breathed through the Aeonose for five minutes. This device contains metal-oxide sensors that change in conductivity upon reaction with VOCs in exhaled breath. These conductivity changes are input data for machine learning and used for pattern recognition. The result is a value between - 1 and + 1, indicating the infection probability.Results219 participants were included, 57 of which COVID-19 positive. A sensitivity of 0.86 and a negative predictive value (NPV) of 0.92 were found. Adding clinical variables to machine-learning classifier via multivariate logistic regression analysis, the NPV improved to 0.96.ConclusionsThe Aeonose can distinguish COVID-19 positive from negative participants based on VOC patterns in exhaled breath with a high NPV. The Aeonose might be a promising, non-invasive, and low-cost triage tool for excluding SARS-CoV-2 infection in patients elected for surgery."
84,A3_sensors,39147964,PMC11327237,10.1007/s40820-024-01481-7,2024,Nano-micro letters,research-article; Journal Article,Light-Activated Virtual Sensor Array with Machine Learning for Non-Invasive Diagnosis of Coronary Heart Disease.,"Early non-invasive diagnosis of coronary heart disease (CHD) is critical. However, it is challenging to achieve accurate CHD diagnosis via detecting breath. In this work, heterostructured complexes of black phosphorus (BP) and two-dimensional carbide and nitride (MXene) with high gas sensitivity and photo responsiveness were formulated using a self-assembly strategy. A light-activated virtual sensor array (LAVSA) based on BP/Ti3C2Tx was prepared under photomodulation and further assembled into an instant gas sensing platform (IGSP). In addition, a machine learning (ML) algorithm was introduced to help the IGSP detect and recognize the signals of breath samples to diagnose CHD. Due to the synergistic effect of BP and Ti3C2Tx as well as photo excitation, the synthesized heterostructured complexes exhibited higher performance than pristine Ti3C2Tx, with a response value 26% higher than that of pristine Ti3C2Tx. In addition, with the help of a pattern recognition algorithm, LAVSA successfully detected and identified 15 odor molecules affiliated with alcohols, ketones, aldehydes, esters, and acids. Meanwhile, with the assistance of ML, the IGSP achieved 69.2% accuracy in detecting the breath odor of 45 volunteers from healthy people and CHD patients. In conclusion, an immediate, low-cost, and accurate prototype was designed and fabricated for the noninvasive diagnosis of CHD, which provided a generalized solution for diagnosing other diseases and other more complex application scenarios."
85,A3_sensors,39797026,PMC11723262,10.3390/s25010236,2025,"Sensors (Basel, Switzerland)",research-article; Journal Article,An FPGA-Based SiNW-FET Biosensing System for Real-Time Viral Detection: Hardware Amplification and 1D CNN for Adaptive Noise Reduction.,"Impedance-based biosensing has emerged as a critical technology for high-sensitivity biomolecular detection, yet traditional approaches often rely on bulky, costly impedance analyzers, limiting their portability and usability in point-of-care applications. Addressing these limitations, this paper proposes an advanced biosensing system integrating a Silicon Nanowire Field-Effect Transistor (SiNW-FET) biosensor with a high-gain amplification circuit and a 1D Convolutional Neural Network (CNN) implemented on FPGA hardware. This attempt combines SiNW-FET biosensing technology with FPGA-implemented deep learning noise reduction, creating a compact system capable of real-time viral detection with minimal computational latency. The integration of a 1D CNN model on FPGA hardware for adaptive, non-linear noise filtering sets this design apart from conventional filtering approaches by achieving high accuracy and low power consumption in a portable format. This integration of SiNW-FET with FPGA-based CNN noise reduction offers a unique approach, as prior noise reduction techniques for biosensors typically rely on linear filtering or digital smoothing, which lack adaptive capabilities for complex, non-linear noise patterns. By introducing the 1D CNN on FPGA, this architecture enables real-time, high-fidelity noise reduction, preserving critical signal characteristics without compromising processing speed. Notably, the findings presented in this work are based exclusively on comprehensive simulations using COMSOL and MATLAB, as no physical prototypes or biomarker detection experiments were conducted. The SiNW-FET biosensor, functionalized with antibodies specific to viral antigens, detects impedance shifts caused by antibody-antigen interactions, providing a highly sensitive platform for viral detection. A high-gain folded-cascade amplifier enhances the Signal-to-Noise Ratio (SNR) to approximately 70 dB, verified through COMSOL and MATLAB simulations. Additionally, a 1D CNN model is employed for adaptive noise reduction, filtering out non-linear noise patterns and achieving an approximate 75% noise reduction across a broad frequency range. The CNN model, implemented on an Altera DE2 FPGA, enables high-throughput, low-latency signal processing, making the system viable for real-time applications. Performance evaluations confirmed the proposed system's capability to enhance the SNR significantly while maintaining a compact and energy-efficient design suitable for portable diagnostics. This integrated architecture thus provides a powerful solution for high-precision, real-time viral detection, and continuous health monitoring, advancing the role of biosensors in accessible point-of-care diagnostics."
86,A3_sensors,38520708,PMC11165469,10.1002/advs.202310141,2024,"Advanced science (Weinheim, Baden-Wurttemberg, Germany)",research-article; Journal Article,Mechanical Field Guiding Structure Design Strategy for Meta-Fiber Reinforced Hydrogel Composites by Deep Learning.,"Fiber-reinforced hydrogel composites are widely employed in many engineering applications, such as drug release, and flexible electronics, with more flexible mechanical properties than pure hydrogel materials. Comparing to the hydrogel strengthened by continuous fiber, the meta-fiber reinforced hydrogel provides stronger individualized design ability of deformation patterns and tunable stiffness, especially for the elaborate applications in joint, cartilage, and organ. In this paper, a novel structure design strategy based on deep learning algorithm is proposed for hydrogel reinforced by meta-fiber to achieve targeted mechanical properties, such as stress and displacement fields. A solid mechanic model for meta-fiber reinforced hydrogel is first developed to construct the dataset of fiber distribution and the corresponding mechanical properties of the composite. Generative adversarial network (GAN) is then trained to characterize the relationship between stress or displacement field, and meta-fiber distribution. The well-trained GAN is implemented to design meta-fiber reinforced hydrogel composite structure under specific operation conditions. The results show that the deep learning method may efficiently predict the structure of the hydrogel composite with satisfied confidence, and has great potential for applications in drug delivery and flexible electronics."
87,A3_sensors,40657052,PMC12251120,10.1109/ojemb.2023.3330290,2025,IEEE open journal of engineering in medicine and biology,research-article; Journal Article,"Printed Strain Sensors for Motion Recognition: A Review of Materials, Fabrication Methods, and Machine Learning Algorithms.","Recent studies in functional nanomaterials with advanced macro, micro, and nano-scale structures have yielded substantial improvements in human-interfaced strain sensors for motion and gesture recognition. Furthermore, fundamental advances in nanomaterial printing have been developed and leveraged to translate these materials and mechanical innovations into practical applications. Significant progress in machine learning for human-interfaced strain sensing has unlocked numerous opportunities to improve lives and the human experience through healthcare innovations, sports performance monitoring, and human-machine interfaces. However, several key challenges still must be overcome if strain sensors can become ubiquitous tools for human motion recognition. This review begins with a summary of the critical strain-sensing mechanisms employed today and how recent works have sought to push their boundaries. It then proceeds to cover the primary functional materials used in wearable strain sensors from a performance and printability perspective. Next is a review of recent advances in nanomaterial printing to produce the complex structures necessary for functional devices. Next, we summarize machine learning approaches for human gesture recognition and the myriad applications and use cases for human-interfaced strain sensors. Finally, it concludes with a discussion of challenges and opportunities for future research in the field."
88,A3_sensors,34300453,PMC8309563,10.3390/s21144713,2021,"Sensors (Basel, Switzerland)",research-article; Journal Article,Physical Activity Recognition Based on a Parallel Approach for an Ensemble of Machine Learning and Deep Learning Classifiers.,"Human activity recognition (HAR) by wearable sensor devices embedded in the Internet of things (IOT) can play a significant role in remote health monitoring and emergency notification to provide healthcare of higher standards. The purpose of this study is to investigate a human activity recognition method of accrued decision accuracy and speed of execution to be applicable in healthcare. This method classifies wearable sensor acceleration time series data of human movement using an efficient classifier combination of feature engineering-based and feature learning-based data representation. Leave-one-subject-out cross-validation of the method with data acquired from 44 subjects wearing a single waist-worn accelerometer on a smart textile, and engaged in a variety of 10 activities, yielded an average recognition rate of 90%, performing significantly better than individual classifiers. The method easily accommodates functional and computational parallelization to bring execution time significantly down."
89,A3_sensors,38582770,PMC10998919,10.1038/s41598-024-58843-9,2024,Scientific reports,research-article; Journal Article,Machine learning-enhanced drug testing for simultaneous morphine and methadone detection in urinary biofluids.,"The simultaneous identification of drugs has considerable difficulties due to the intricate interplay of analytes and the interference present in biological matrices. In this study, we introduce an innovative electrochemical sensor that overcomes these hurdles, enabling the precise and simultaneous determination of morphine (MOR), methadone (MET), and uric acid (UA) in urine samples. The sensor harnesses the strategically adapted carbon nanotubes (CNT) modified with graphitic carbon nitride (g-C3N4) nanosheets to ensure exceptional precision and sensitivity for the targeted analytes. Through systematic optimization of pivotal parameters, we attained accurate and quantitative measurements of the analytes within intricate matrices employing the fast Fourier transform (FFT) voltammetry technique. The sensor's performance was validated using 17 training and 12 test solutions, employing the widely acclaimed machine learning method, partial least squares (PLS), for predictive modeling. The root mean square error of cross-validation (RMSECV) values for morphine, methadone, and uric acid were significantly low, measuring 0.1827 µM, 0.1951 µM, and 0.1584 µM, respectively, with corresponding root mean square error of prediction (RMSEP) values of 0.1925 µM, 0.2035 µM, and 0.1659 µM. These results showcased the robust resiliency and reliability of our predictive model. Our sensor's efficacy in real urine samples was demonstrated by the narrow range of relative standard deviation (RSD) values, ranging from 3.71 to 5.26%, and recovery percentages from 96 to 106%. This performance underscores the potential of the sensor for practical and clinical applications, offering precise measurements even in complex and variable biological matrices. The successful integration of g-C3N4-CNT nanocomposites and the robust PLS method has driven the evolution of sophisticated electrochemical sensors, initiating a transformative era in drug analysis."
90,A3_sensors,35891059,PMC9319473,10.3390/s22145379,2022,"Sensors (Basel, Switzerland)",research-article; Journal Article,Optimization of Printed Polyaniline Composites for Gas Sensing Applications.,"Polyaniline (PANI) films are promising candidates for electronic nose-based IoT applications, but device performances are influenced by fabrication parameters and ambient conditions. Affinities of different PANI composites to analytes for gas sensing applications remain elusive. In this study, we investigate the material properties in detail for two different dopant systems: F4TCNQ and carbon black. Using a reproducibility-driven approach, we investigate different dopant concentrations in regard to their sensitivity and specificity towards five relevant markers for breath cancer diagnosis. We benchmark the system using ammonia measurements and evaluate limits of detection. Furthermore, we provide statistical analysis on reproducibility and pave the way towards machine learning discrimination via principal component analysis. The influence of relative humidity on sensor hysteresis is also investigated. We find that F4TCNQ-doped PANI films show improved reproducibility compared to carbon black-doped films. We establish and quantify a tradeoff between sensitivity, reproducibility, and environmental stability by the choice of dopant and concentrations ratios."
91,A3_sensors,40871890,PMC12390462,10.3390/s25165027,2025,"Sensors (Basel, Switzerland)",research-article; Journal Article,Boxing Punch Detection and Classification Using Motion Tape and Machine Learning.,"The objective of this study is to classify the types of boxing punches using machine learning algorithms that processed skin-strain time history measurements from a self-adhesive, elastic fabric, wearable sensor called Motion Tape. A human participant study was designed to capture movements during boxing training. Subjects were asked to perform multiple sets of punches during the entire test, which consisted of jabs and hooks with and without striking a heavy bag. The collected Motion Tape data was used to train and compare time series classification algorithms to identify the types of punches performed and associated conditions. The results demonstrated that Motion Tape, in combination with machine learning techniques, could effectively classify different punch types based on skin-strain measurements. These findings highlighted the potential of the system as an effective tool for human performance analysis in sports and biomechanics applications."
92,A3_sensors,41174104,PMC12578945,10.1038/s41598-025-22103-1,2025,Scientific reports,research-article; Journal Article,Deep learning for motion classification in ankle exoskeletons using surface EMG and IMU signals.,"Ankle exoskeletons have garnered considerable interest for their potential to enhance mobility, support rehabilitation, and reduce fall risks, particularly among the aging population. Their effectiveness depends on accurate, real-time prediction of user intentions from wearable sensor data, as even small delays or errors can compromise stability and safety. Here, we present a motion classification framework that integrates three Inertial Measurement Units (IMUs) with eight surface Electromyography (sEMG) sensors fabricated as towel-based textile electrodes, which improve comfort, durability, and usability for long-term deployment compared to traditional gel electrodes. The dataset comprises multichannel time-series recordings of five functional daily motions, enabling a realistic evaluation of exoskeleton use in everyday environments. Using this framework, Convolutional Neural Networks (CNNs) achieved an accuracy of 99.263±0.26% , substantially surpassing previously reported results in the field. Beyond overall accuracy, we address deployment-critical requirements: transfer learning enables reliable adaptation to new users with as few as ten calibration samples per motion, while robustness testing demonstrates that the system continues to provide stable classification even when individual sensors are disrupted. Together, these results highlight the feasibility of safe, high-accuracy, and real-world-ready exoskeleton control through deep learning combined with wearable textile electrodes and IMUs."
93,A3_sensors,38793972,PMC11124880,10.3390/s24103118,2024,"Sensors (Basel, Switzerland)",research-article; Journal Article,Delamination Depth Detection in Composite Plates Using the Lamb Wave Technique Based on Convolutional Neural Networks.,"Delamination represents one of the most significant and dangerous damages in composite plates. Recently, many papers have presented the capability of structural health monitoring (SHM) techniques for the investigation of structural delamination with various shapes and thickness depths. However, few studies have been conducted regarding the utilization of convolutional neural network (CNN) methods for automating the non-destructive testing (NDT) techniques database to identify the delamination size and depth. In this paper, an automated system qualified for distinguishing between pristine and damaged structures and classifying three classes of delamination with various depths is presented. This system includes a proposed CNN model and the Lamb wave technique. In this work, a unidirectional composite plate with three samples of delamination inserted at different depths was prepared for numerical and experimental investigations. In the numerical part, the guided wave propagation and interaction with three samples of delamination were studied to observe how the delamination depth can affect the scattered and trapped waves over the delamination region. This numerical study was validated experimentally using an efficient ultrasonic guided waves technique. This technique involved piezoelectric wafer active sensors (PWASs) and a scanning laser Doppler vibrometer (SLDV). Both numerical and experimental studies demonstrate that the delamination depth has a direct effect on the trapped waves' energy and distribution. Three different datasets were collected from the numerical and experimental studies, involving the numerical wavefield image dataset, experimental wavefield image dataset, and experimental wavenumber spectrum image dataset. These three datasets were used independently with the proposed CNN model to develop a system that can automatically classify four classes (pristine class and three different delamination classes). The results of all three datasets show the capability of the proposed CNN model for predicting the delamination depth with high accuracy. The proposed CNN model results of the three different datasets were validated using the GoogLeNet CNN. The results of both methods show an excellent agreement. The results proved the capability of the wavefield image and wavenumber spectrum datasets to be used as input data to the CNN for the detection of delamination depth."
94,A3_sensors,34690533,PMC8525496,10.1016/j.cej.2021.132966,2022,"Chemical engineering journal (Lausanne, Switzerland : 1996)",research-article; Journal Article,Electrochemical sensors for the detection of SARS-CoV-2 virus.,"Coronavirus (COVID-19), a deadly pandemic has spread worldwide and created many global health issues. Though methods of its detection are being continuously developed for the early detection and monitoring of COVID-19, still there is need for more novel methods. The presently used methods include rapid antigen tests, serological surveys, reverse transcription-polymerase chain reaction (RT-PCR), artificial intelligence-based techniques, and assays based on sensors/biosensors. Of all these, RT-PCR test has high sensitivity and specificity though it requires more time for testing and need for skilled technicians. Recently, electrochemical sensors have been developed for rapid monitoring and detection of SARS-CoV-2 from the patient's biological fluid samples. This review covers the recently developed electrochemical sensors that are focused on the detection of viral nucleic acid, immunoglobulin, antigen, and the entire viral particles. In addition, we also compare and assess their detection limits, sensitivities and specificities for the identification and monitoring of COVID-19. Furthermore, this review will address the best practices for the development of electrochemical sensors such as electrode fouling, limit of detection/limit of quantification determination and verification."
95,A3_sensors,40363517,PMC12072391,10.3390/ma18092014,2025,"Materials (Basel, Switzerland)",research-article; Journal Article,Anti-Freezing Conductive Ionic Hydrogel-Enabled Triboelectric Nanogenerators for Wearable Speech Recognition.,"Flexible wearable electronics face critical challenges in achieving reliable physiological monitoring, particularly due to the trade-off between sensitivity and durability in flexible electrodes, compounded by mechanical modulus mismatch with biological tissues. To address these limitations, we develop an anti-freezing ionic hydrogel through a chitosan/acrylamide/LiCl system engineered via the solution post-treatment strategy. The optimized hydrogel exhibits exceptional ionic conductivity (24.1 mS/cm at 25 °C) and excellent cryogenic tolerance. Leveraging these attributes, we construct a gel-based triboelectric nanogenerator (G-TENG) that demonstrates ultrahigh sensitivity (1.56 V/kPa) under low pressure. The device enables the precise capture of subtle vibrations at a frequency of 1088 Hz with a signal-to-noise ratio of 16.27 dB and demonstrates operational stability (>16,000 cycles), successfully differentiating complex physiological activities including swallowing, coughing, and phonation. Through machine learning-assisted analysis, the system achieves 96.56% recognition accuracy for five words and demonstrates good signal recognition ability in different ambient sound scenarios. This work provides a paradigm for designing environmentally adaptive wearable sensors through interfacial modulus engineering and ion transport optimization."
96,A3_sensors,38398915,PMC10890478,10.3390/mi15020185,2024,Micromachines,research-article; Journal Article,Gesture Recognition Based on a Convolutional Neural Network-Bidirectional Long Short-Term Memory Network for a Wearable Wrist Sensor with Multi-Walled Carbon Nanotube/Cotton Fabric Material.,"Flexible pressure sensors play a crucial role in detecting human motion and facilitating human-computer interaction. In this paper, a type of flexible pressure sensor unit with high sensitivity (2.242 kPa-1), fast response time (80 ms), and remarkable stability (1000 cycles) is proposed and fabricated by the multi-walled carbon nanotube (MWCNT)/cotton fabric (CF) material based on a dip-coating method. Six flexible pressure sensor units are integrated into a flexible wristband and made into a wearable and portable wrist sensor with favorable stability. Then, seven wrist gestures (Gesture Group #1), five letter gestures (Gesture Group #2), and eight sign language gestures (Gesture Group #3) are performed by wearing the wrist sensor, and the corresponding time sequence signals of the three gesture groups (#1, #2, and #3) from the wrist sensor are collected, respectively. To efficiently recognize different gestures from the three groups detected by the wrist sensor, a fusion network model combined with a convolutional neural network (CNN) and the bidirectional long short-term memory (BiLSTM) neural network, named CNN-BiLSTM, which has strong robustness and generalization ability, is constructed. The three types of Gesture Groups were recognized based on the CNN-BiLSTM model with accuracies of 99.40%, 95.00%, and 98.44%. Twenty gestures (merged by Group #1, #2, and #3) were recognized with an accuracy of 96.88% to validate the applicability of the wrist sensor based on this model for gesture recognition. The experimental results denote that the CNN-BiLSTM model has very efficient performance in recognizing different gestures collected from the flexible wrist sensor."
97,A3_sensors,37837064,PMC10574864,10.3390/s23198234,2023,"Sensors (Basel, Switzerland)",research-article; Journal Article,A Hierarchical Multitask Learning Approach for the Recognition of Activities of Daily Living Using Data from Wearable Sensors.,"Machine learning with deep neural networks (DNNs) is widely used for human activity recognition (HAR) to automatically learn features, identify and analyze activities, and to produce a consequential outcome in numerous applications. However, learning robust features requires an enormous number of labeled data. Therefore, implementing a DNN either requires creating a large dataset or needs to use the pre-trained models on different datasets. Multitask learning (MTL) is a machine learning paradigm where a model is trained to perform multiple tasks simultaneously, with the idea that sharing information between tasks can lead to improved performance on each individual task. This paper presents a novel MTL approach that employs combined training for human activities with different temporal scales of atomic and composite activities. Atomic activities are basic, indivisible actions that are readily identifiable and classifiable. Composite activities are complex actions that comprise a sequence or combination of atomic activities. The proposed MTL approach can help in addressing challenges related to recognizing and predicting both atomic and composite activities. It can also help in providing a solution to the data scarcity problem by simultaneously learning multiple related tasks so that knowledge from each task can be reused by the others. The proposed approach offers advantages like improved data efficiency, reduced overfitting due to shared representations, and fast learning through the use of auxiliary information. The proposed approach exploits the similarities and differences between multiple tasks so that these tasks can share the parameter structure, which improves model performance. The paper also figures out which tasks should be learned together and which tasks should be learned separately. If the tasks are properly selected, the shared structure of each task can help it learn more from other tasks."
98,A3_sensors,32694751,PMC7870807,10.1038/s41393-020-0522-7,2021,Spinal cord,research-article; Journal Article,Feedback improves compliance of pressure relief activities in wheelchair users with spinal cord injury.,"Study designProspective cross-sectional pre-post pilot study.ObjectivesThis pilot study aimed to evaluate the potential for improving pressure relief behaviour in wheelchair users with spinal cord injury (SCI) using a novel feedback system based on textile pressure sensor technology.SettingIn- and out-patient clinic of the Spinal Cord Injury Center, Balgrist University Hospital, Zurich, Switzerland.MethodsNine wheelchair users with SCI (3 females, 50 ± 12 years of age, 2 tetra- and 7 paraplegics) were equipped with a feedback system (sensomativewheelchair) for three continuous weeks. The system consists of a textile pressure mat and a mobile smartphone application that reminds participants to perform missing pressure reliefs during regular and unobserved wheelchair usage in a customized manner. Pressure reliefs were detected using a subject-specific random forest classifier. Improvements of relief quality, duration and frequency were analysed by comparing week 1 (baseline) with no feedback, i.e., only pressure data recorded, against week 2 (with feedback). Carry-over effects of improved relief behaviour were studied in week 3 (no feedback, pressure data only recorded).ResultsAll participants increased their relief frequency and performed in median 82% (IQRs: 55%-99%) of the required reliefs while using the feedback system, whereas the median relief frequency was only 11% (IQRs: 10%-31%) during the baseline condition. Every participant who did not perform reliefs of sufficient duration (based on the recommendations of the therapist) during week 1 showed a significant improvement while using the feedback system.ConclusionSubject-specific feedback using the novel feedback system may have the potential for improving the regularity of an individual's relief activities, and may ultimately be an instrument for reducing the risk of developing pressure ulcers."
99,A3_sensors,36216925,PMC9550802,10.1038/s41467-022-33716-9,2022,Nature communications,"Research Support, Non-U.S. Gov't; research-article; Journal Article",Dual sensing signal decoupling based on tellurium anisotropy for VR interaction and neuro-reflex system application.,"Anisotropy control of the electronic structure in inorganic semiconductors is an important step in developing devices endowed with multi-function. Here, we demonstrate that the intrinsic anisotropy of tellurium nanowires can be used to modulate the electronic structure and piezoelectric polarization and decouple pressure and temperature difference signals, and realize VR interaction and neuro-reflex applications. The architecture design of the device combined with self-locking effect can eliminate dependence on displacement, enabling a single device to determine the hardness and thermal conductivity of materials through a simple touch. We used a bimodal Te-based sensor to develop a wearable glove for endowing real objects to the virtual world, which greatly improves VR somatosensory feedback. In addition, we successfully achieved stimulus recognition and neural-reflex in a rabbit sciatic nerve model by integrating the sensor signals using a deep learning technique. In view of in-/ex-vivo feasibility, the bimodal Te-based sensor would be considered a novel sensing platform for a wide range application of metaverse, AI robot, and electronic medicine."
100,A3_sensors,39597167,PMC11596923,10.3390/mi15111355,2024,Micromachines,research-article; Journal Article,Highly Flexible and Compressible 3D Interconnected Graphene Foam for Sensitive Pressure Detection.,"A flexible pressure sensor, capable of effectively detecting forces exerted on soft or deformable surfaces, has demonstrated broad application in diverse fields, including human motion tracking, health monitoring, electronic skin, and artificial intelligence systems. However, the design of convenient sensors with high sensitivity and excellent stability is still a great challenge. Herein, we present a multi-scale 3D graphene pressure sensor composed of two types of 3D graphene foam. The sensor exhibits a high sensitivity of 0.42 kPa-1 within the low-pressure range of 0-390 Pa and 0.012 kPa-1 within the higher-pressure range of 0.4 to 42 kPa, a rapid response time of 62 ms, and exceptional repeatability and stability exceeding 10,000 cycles. These characteristics empower the sensor to realize the sensation of a drop of water, the speed of airflow, and human movements."
101,A3_sensors,38555281,PMC10981753,10.1038/s41467-024-47074-1,2024,Nature communications,research-article; Journal Article,Flexible large-area ultrasound arrays for medical applications made using embossed polymer structures.,"With the huge progress in micro-electronics and artificial intelligence, the ultrasound probe has become the bottleneck in further adoption of ultrasound beyond the clinical setting (e.g. home and monitoring applications). Today, ultrasound transducers have a small aperture, are bulky, contain lead and are expensive to fabricate. Furthermore, they are rigid, which limits their integration into flexible skin patches. New ways to fabricate flexible ultrasound patches have therefore attracted much attention recently. First prototypes typically use the same lead-containing piezo-electric materials, and are made using micro-assembly of rigid active components on plastic or rubber-like substrates. We present an ultrasound transducer-on-foil technology based on thermal embossing of a piezoelectric polymer. High-quality two-dimensional ultrasound images of a tissue mimicking phantom are obtained. Mechanical flexibility and effective area scalability of the transducer are demonstrated by functional integration into an endoscope probe with a small radius of 3 mm and a large area (91.2×14 mm2) non-invasive blood pressure sensor."
102,A3_sensors,35268999,PMC8911346,10.3390/ma15051769,2022,"Materials (Basel, Switzerland)",research-article; Journal Article,Enhanced Electromechanical Response in PVDF-BNBT Composite Nanofibers for Flexible Sensor Applications.,"Wearable energy harvesters and sensors have recently attracted significant attention with the rapid development of artificial intelligence and the Internet of Things (IoT). Compared to high-output bulk materials, these wearable devices are mainly fabricated by thin-film-based materials that limit their application. Therefore, the enhancement of output voltage and power for these devices has recently become an urgent topic. In this paper, the lead-free bismuth titanate-barium titanate (0.93(Na0.5Bi0.5)TiO3-0.07BaTiO3(BNBT)) nanoparticles and nanofibers were embedded into the PVDF nanofibers. They produced high inorganic electrical voltage coefficients, high electromechanical coupling coefficients, and environmentally friendly properties that enhance the electromechanical performance of pure PVDF nanofibers, and they are all the critical requirements for modern flexible pressure sensors. In detail, PVDF and PVDF-based composites nanofibers were prepared by electrospinning, and different flexible sandwich composite devices were fabricated by the PDMS encapsulation method. As a result, the six-time enhancement maximum output voltage was obtained in a PVDF-BNBT (fiber)-based composite sensor compared to the pure PVDF one. Our results indicate that the output voltage of the pressure sensors has been significantly enhanced, and the development gate is enabled by analyzing the related physical process and influence mechanism."
103,A3_sensors,40666831,PMC12260224,10.34133/research.0769,2025,"Research (Washington, D.C.)",research-article; Journal Article,Acousto-Electric Conversion Fiber Networks via Regional Activation of Schwann Cell-Derived Exosomes for Neurogenic Bone Regeneration.,"Neurogenic bone regeneration is essential for the effective restoration of bone tissue functionality, with exosomes derived from Schwann cells regionalized in bone injury tissue playing a crucial role in this process. However, precisely regulating the secretion of Schwann cells localized in bone injury tissue to enhance neurogenic bone regeneration remains a considerable challenge. In this study, an injectable, ultrasound-responsive piezoelectric conductive short fiber network (US@SFG) was innovatively developed using uniform short fiber homogenization techniques and multifunctional chemical modifications, enabling precise acoustic-electrical conversion that regionally activated the secretion of miRNAs from Schwann cell-derived exosomes, thereby promoting neurogenic bone regeneration. The incorporation of the piezoelectric polymer glycine imparts superior piezoelectric characteristics to the fiber network, while the conjugated π-electron motion within the conductive graphene network enhances internal electron transfer efficiency, thereby facilitating electrical conductivity. Compared with traditional piezoelectric fiber networks, acousto-electric conversion fiber networks demonstrated a 1.7-fold increase in piezoelectric performance and a 30-fold increase in conductivity, facilitating precise electrochemical regulation under ultrasound stimulation. In vitro studies revealed that acousto-electric conversion fiber networks precisely modulate the secretion of localized Schwann cell exosomal miRNAs (miRNA-494-3p, miRNA-381-3p, and miRNA-369-3p), activating the phosphatidylinositol 3-kinase/protein kinase B and Wnt signaling pathways in bone marrow mesenchymal stem cells, and thereby promoting osteogenic differentiation. Furthermore, in vivo experiments confirmed that under ultrasound imaging guidance, acousto-electric conversion fiber networks could be directed precisely to bone defects, where precise control of ultrasound parameters facilitated acoustic-electrical conversion and electrical signal modulation, markedly promoting the formation of neural networks and bone tissue regeneration. In this study, for the first time, an injectable acousto-electric conversion fiber network was constructed to activate Schwann cell exosomes in bone injury tissue regionally, providing a novel therapeutic strategy and potential molecular targets for neurogenic bone regeneration."
104,A3_sensors,39812129,PMC11884592,10.1002/advs.202410751,2025,"Advanced science (Weinheim, Baden-Wurttemberg, Germany)",research-article; Journal Article,"""Three-in-one"" Analysis of Proteinuria for Disease Diagnosis through Multifunctional Nanoparticles and Machine Learning.","Urinalysis is one of the predominant tools for clinical testing owing to the abundant composition, sufficient volume, and non-invasive acquisition of urine. As a critical component of routine urinalysis, urine protein testing measures the levels and types of proteins, enabling the early diagnosis of diseases. Traditional methods require three separate steps including strip testing, protein/creatinine ratio measurement, and electrophoresis respectively to achieve qualitative, quantitative, and classification analyses of proteins in urine with long time and cumbersome operations. Herein, this work demonstrates a ""three-in-one"" protocol to analyze the urine composition by combining multifunctional nanoparticles with machine learning. This work constructs a sensor array to analyze proteinuria by employing nanoparticles with unique optical properties, outstanding catalytic activity, diverse composition, and tunable structure as probes. Different proteins interacted with nanoprobes differently and are classified by this sensor array based on their physicochemical heterogeneities. With the aid of machine learning, the urine composition is precisely detected for the diagnosis of bladder cancer. This protocol enables quantification and classification of 5 proteinuria in 10 min without any tedious pretreatment, showing proimise for the comprehensive analysis of body fluid for early disease diagnosis."
105,A3_sensors,35122157,PMC8816976,10.1007/s40820-022-00796-7,2022,Nano-micro letters,research-article; Journal Article,Self-Assembly 3D Porous Crumpled MXene Spheres as Efficient Gas and Pressure Sensing Material for Transient All-MXene Sensors.,"Environmentally friendly degradable sensors with both hazardous gases and pressure efficient sensing capabilities are highly desired for various promising applications, including environmental pollution monitoring/prevention, wisdom medical, wearable smart devices, and artificial intelligence. However, the transient gas and pressure sensors based on only identical sensing material that concurrently meets the above detection needs have not been reported. Here, we present transient all-MXene NO2 and pressure sensors employing three-dimensional porous crumpled MXene spheres prepared by ultrasonic spray pyrolysis technology as the sensing layer, accompanied with water-soluble polyvinyl alcohol substrates embedded with patterned MXene electrodes. The gas sensor achieves a ppb-level of highly selective NO2 sensing, with a response of up to 12.11% at 5 ppm NO2 and a detection range of 50 ppb-5 ppm, while the pressure sensor has an extremely wide linear pressure detection range of 0.14-22.22 kPa and fast response time of 34 ms. In parallel, all-MXene NO2 and pressure sensors can be rapidly degraded in medical H2O2 within 6 h. This work provides a new avenue toward environmental monitoring, human physiological signal monitoring, and recyclable transient electronics."
106,A3_sensors,39915672,PMC11802847,10.1038/s41598-025-88766-y,2025,Scientific reports,research-article; Journal Article,Machine learning optimized design of THz piezoelectric perovskite-based biosensor for the detection of formalin in aqueous environments.,"This investigation presents the development and characterization of an advanced piezoelectric perovskite-based biosensing platform optimized for formalin detection in aqueous media through the implementation of Locally Weighted Linear Regression (LWLR) machine learning algorithms. The sensor architecture operates within the terahertz spectral region and incorporates an advanced nanomaterial composite system comprising black phosphorus, gold nanostructures, graphene, and barium titanate to maximize detection sensitivity and operational performance metrics. The engineered platform integrates a circular graphene metasurfaces configuration with a gold-based H-resonator assembly and concentrically arranged circular ring resonators. Computational simulations demonstrate vigorous sensing capabilities across three discrete frequency bands, achieving remarkable sensitivity parameters of 444 GHzRIU⁻¹, accompanied by a quality factor of 5.970 and detection accuracy of 7.576. The integration of LWLR-based optimization protocols substantially enhances prediction accuracy while reducing computational time by ≥ 85% as well as cutting down the required resources. The proposed sensor architecture presents significant potential for environmental monitoring and clinical applications, offering a highly sensitive and efficient methodology for quantitative formalin detection in aqueous environments."
107,A3_sensors,40047595,PMC11857537,10.3390/mi16020123,2025,Micromachines,research-article; Journal Article,MXene-MWCNT Conductive Network for Long-Lasting Wearable Strain Sensors with Gesture Recognition Capabilities.,"In this work, a conductive composite film composed of multi-walled carbon nanotubes (MWCNTs) and multi-layer Ti3C2Tx MXene nanosheets is used to construct a strain sensor on sandpaper Ecoflex substrate. The composite material forms a sophisticated conductive network with exceptional electrical conductivity, resulting in sensors with broad detection ranges and high sensitivities. The findings indicate that the strain sensing range of the Ecoflex/Ti3C2Tx/MWCNT strain sensor, when the mass ratio is set to 5:2, extends to 240%, with a gauge factor (GF) of 933 within the strain interval from 180% to 240%. The strain sensor has demonstrated its robustness by enduring more than 33,000 prolonged stretch-and-release cycles at 20% cyclic tensile strain. Moreover, a fast response time of 200 ms and detection limit of 0.05% are achieved. During application, the sensor effectively enables the detection of diverse physiological signals in the human body. More importantly, its application in a data glove that is coupled with machine learning and uses the Support Vector Machine (SVM) model trained on the collected gesture data results in an impressive recognition accuracy of 93.6%."
108,A3_sensors,40094081,PMC11905930,10.1021/acsaelm.4c02059,2025,ACS applied electronic materials,research-article; Journal Article,Hydrogel In-Tape Electronic Tongue.,"An electronic tongue is a sensor-based system designed to mimic human taste by detecting and analyzing the chemical properties of liquids through electrochemical methods. Here, we introduce the HITS concept, an electronic tongue system that enables rapid and sequential classification of various beverages. This system utilizes a single, cost-effective platform with interdigital electrodes made of carbon printed on recyclable poly(ethylene terephthalate) (PET), significantly reducing the need for multiple electrodes. With the use of interchangeable hydrogel tapes, the system requires a single deep (150 μL) pore per analysis, allowing for efficient sequential testing. The hydrogel seamlessly accommodates the electrode interface and operates with a semisolid electrolyte, achieving ultrafast analysis times of just 5 min. Employing AI and machine learning algorithms, HITS accurately differentiated between coffee, juice, water, white wine, and red wine with a 100% success rate. This sustainable approach combines high precision, speed, and low environmental impact, offering a versatile solution for various technological applications, including food science, quality control, and health monitoring. This e-solution not only enhances precision and speed but also aligns with growing environmental concerns, offering a low-impact and scalable platform for advanced liquid analysis."
109,A3_sensors,37679093,PMC10625104,10.1002/advs.202304121,2023,"Advanced science (Weinheim, Baden-Wurttemberg, Germany)",research-article; Journal Article,Bioinspired Young's Modulus-Hierarchical E-Skin with Decoupling Multimodality and Neuromorphic Encoding Outputs to Biosystems.,"As key interfaces for the disabled, optimal prosthetics should elicit natural sensations of skin touch or proprioception, by unambiguously delivering the multimodal signals acquired by the prosthetics to the nervous system, which still remains challenging. Here, a bioinspired temperature-pressure electronic skin with decoupling capability (TPD e-skin), inspired by the high-low modulus hierarchical structure of human skin, is developed to restore such functionality. Due to the bionic dual-state amplifying microstructure and contact resistance modulation, the MXene TPD e-skin exhibits high sensitivity over a wide pressure range and excellent temperature insensitivity (91.2% reduction). Additionally, the high-low modulus structural configuration enables the pressure insensitivity of the thermistor. Furthermore, a neural model is proposed to neutrally code the temperature-pressure signals into three types of nerve-acceptable frequency signals, corresponding to thermoreceptors, slow-adapting receptors, and fast-adapting receptors. Four operational states in the time domain are also distinguished after the neural coding in the frequency domain. Besides, a brain-like machine learning-based fusion process for frequency signals is also constructed to analyze the frequency pattern and achieve object recognition with a high accuracy of 98.7%. The TPD neural system offers promising potential to enable advanced prosthetic devices with the capability of multimodality-decoupling sensing and deep neural integration."
110,A3_sensors,40075176,PMC11903668,10.1038/s41598-025-92991-w,2025,Scientific reports,research-article; Journal Article,Graphene metasurfaces biosensor for COVID-19 detection in the infra-red regime.,"This study presents the design and analysis of a biosensor for COVID-19 detection, integrating graphene metasurfaces with gold, silver, and GST materials. The proposed sensor architecture combines a square ring resonator with a circular ring resonator, optimized through COMSOL Multiphysics simulations in the infrared regime. The sensor demonstrates exceptional performance characteristics, with absorption values exceeding 99.5% in the primary detection band (4.2-4.6 μm) and approximately 97.5% in the secondary band (5.0-5.5 μm). The device exhibits high sensitivity (4000 nm/RIU), a detection limit of 0.078, and a figure of merit of 16.000 RIU⁻¹ when utilizing crystalline GST as the substrate material. The sensor's performance was further enhanced through machine learning optimization using XGBoost regression, achieving perfect correlation (R² = 100%) between predicted and experimental values across various operational parameters. The dual-band detection mechanism, combined with the integration of advanced materials and machine learning optimization, offers a promising platform for rapid, label-free, and highly sensitive COVID-19 detection. This research contributes to the development of next-generation biosensing technologies for viral detection and disease diagnosis."
111,A3_sensors,36448023,PMC9691282,10.1016/j.biosx.2022.100284,2022,Biosensors & bioelectronics: X,research-article; Journal Article,"Emerging 0D, 1D, 2D, and 3D nanostructures for efficient point-of-care biosensing.","The recent COVID-19 infection outbreak has raised the demand for rapid, highly sensitive POC biosensing technology for intelligent health and wellness. In this direction, efforts are being made to explore high-performance nano-systems for developing novel sensing technologies capable of functioning at point-of-care (POC) applications for quick diagnosis, data acquisition, and disease management. A combination of nanostructures [i.e., 0D (nanoparticles & quantum dots), 1D (nanorods, nanofibers, nanopillars, & nanowires), 2D (nanosheets, nanoplates, nanopores) & 3D nanomaterials (nanocomposites and complex hierarchical structures)], biosensing prototype, and micro-electronics makes biosensing suitable for early diagnosis, detection & prevention of life-threatening diseases. However, a knowledge gap associated with the potential of 0D, 1D, 2D, and 3D nanostructures for the design and development of efficient POC sensing is yet to be explored carefully and critically. With this focus, this review highlights the latest engineered 0D, 1D, 2D, and 3D nanomaterials for developing next-generation miniaturized, portable POC biosensors development to achieve high sensitivity with potential integration with the internet of medical things (IoMT, for miniaturization and data collection, security, and sharing), artificial intelligence (AI, for desired analytics), etc. for better diagnosis and disease management at the personalized level."
112,A3_sensors,35270849,PMC8914988,10.3390/s22051702,2022,"Sensors (Basel, Switzerland)",research-article; Journal Article,Smart-Sleeve: A Wearable Textile Pressure Sensor Array for Human Activity Recognition.,"Human activity recognition is becoming increasingly important. As contact with oneself and the environment accompanies almost all human activities, a Smart-Sleeve, made of soft and stretchable textile pressure sensor matrix, is proposed to sense human contact with the surroundings and identify performed activities in this work. Additionally, a dataset including 18 activities, performed by 14 subjects in 10 repetitions, is generated. The Smart-Sleeve is evaluated over six classical machine learning classifiers (support vector machine, k-nearest neighbor, logistic regression, random forest, decision tree and naive Bayes) and a convolutional neural network model. For classical machine learning, a new normalization approach is proposed to overcome signal differences caused by different body sizes and statistical, geometric, and symmetry features are used. All classification techniques are compared in terms of classification accuracy, precision, recall, and F-measure. Average accuracies of 82.02% (support vector machine) and 82.30% (convolutional neural network) can be achieved in 10-fold cross-validation, and 72.66% (support vector machine) and 74.84% (convolutional neural network) in leave-one-subject-out validation, which shows that the Smart-Sleeve and the proposed data processing method are suitable for human activity recognition."
113,A3_sensors,40520251,PMC12165852,10.1038/s43246-025-00839-7,2025,Communications materials,research-article; Journal Article,3D printing of self-healing longevous multi-sensory e-skin.,"Electrically conductive hydrogels can simulate the sensory capabilities of natural skin, such that they are well-suited for electronic skin. Unfortunately, currently available electronic skin cannot detect multiple stimuli in a selective manner. Inspired by the deep eutectic solvent chemistry of the frog Lithobates Sylvaticus, we introduce a double network granular organogel capable of simultaneously detecting mechanical deformation, structural damage, changes in ambient temperature, and humidity. The deep eutectic solvent chemistry adds an additional benefit: Thanks to strong hydrogen bonding, our sensor can recover 97% of the Young's modulus after being damaged. The sensing performance and self-healing capacity are maintained within a temperature range of -20 °C to 50 °C for at least 2 weeks. We exploit the granular nature of this system to direct ink to write a cm-sized frog and e-skin wearables. We realize selective tactile perception by training recurrent neural networks to achieve sensory stimulus classification between the temperature and strain with 98% accuracy."
114,A3_sensors,40814138,PMC12671001,10.1021/acssensors.5c01816,2025,ACS sensors,research-article; Journal Article,Low-Cost Polyphenol-Polypyrrole Molecularly Imprinted Sensor for Point-of-Care Alzheimer's Detection.,"There is an urgent need for rapid, affordable diagnostics for Alzheimer's disease (AD), particularly those that can detect phosphorylated Tau 181 (p-tau181)─a key biomarker─directly in plasma. We present a scalable, label-free electrochemical biosensor fabricated on a printed circuit board platform, integrating a novel nanomolecularly imprinted polymer transducer based on a polyphenol red-polypyrrole composite. This platform enables sensitive detection of p-tau181 in undiluted plasma, serum, and clinical AD samples using a custom-designed potentiostat and machine learning-assisted classification. The sensor achieves a detection limit of 498 fg mL-1, a sensitivity of 8.99 μA/pg mL, and an area under the ROC curve (AUC) of 0.84 in clinical samples, comparable to the single molecule array (SIMOA) assay (AUC = 0.91), but at a fraction of the cost. This integrated platform, validated in real patient samples, demonstrates significant advancement toward accessible, point-of-care diagnostics for early AD detection."
115,A3_sensors,41120391,PMC12540824,10.1038/s41598-025-20570-0,2025,Scientific reports,research-article; Journal Article,Enhancement and optimization of a graphene-based biosensing platform using machine learning for precise breast cancer detection.,"In this study, we introduce a machine learning optimized graphene-based biosensor tailored for the early and accurate detection of breast cancer, aiming to elevate diagnostic reliability and clinical efficacy. The device employs a multilayer Ag-SiO₂-Ag architecture to amplify optical response, achieving a peak sensitivity of 1785 nm/RIU. Machine learning models are used to optimize structural parameters, enabling systematic refinement of detection accuracy and reproducibility. The optimized design demonstrates superior sensitivity compared with conventional biosensor configurations, underscoring its effectiveness in bioanalytical applications. The proposed platform offers a precise and robust solution for breast cancer screening and monitoring, with strong potential for clinical translation. To further refine sensor efficacy, a comprehensive parametric optimization approach is employed, strategically enhancing its sensitivity metrics. The sensor's heightened precision and responsiveness position it as a promising tool in biomedical diagnostics, particularly for early-stage breast cancer screening and monitoring."
116,A3_sensors,37196417,PMC10369299,10.1002/advs.202301341,2023,"Advanced science (Weinheim, Baden-Wurttemberg, Germany)","Research Support, Non-U.S. Gov't; research-article; Journal Article",Integrated Multifunctional Electronic Skins with Low-Coupling for Complicated and Accurate Human-Robot Collaboration.,"Multifunctional capability and low coupling electronic skin (e-skin) is of great significance in advanced robot systems interacting with the human body or the external environment directly. Herein, a multifunctional e-skin system via vertical integrated different sensing materials and structures is presented. The multifunctional e-skin has capacity sensing the proximity, pressure, temperature, and relative humidity simultaneously, with scope of 100-0 mm, 0-30 N, 20-120 °C and 20-70%, respectively. The sensitivity of the four kinds of sensors can be achieved to 0.72 mm-1 , 16.34 N-1 , 0.0032 °C-1 , and 15.2 pF/%RH, respectively. The cross-coupling errors are less than 1.96%, 1.08%, 2.65%, and 1.64%, respectively, after temperature compensation. To be state-of-the-art, a commercial robot is accurately controlled via the multifunctional e-skin system in the complicated environment. The following and safety controlling exhibit both accuracy and high dynamic features. To improve the sensing performance to the insulating objects, machine learning is employed to classify the conductivity during the object approaching, leading to set the threshold in dynamic. The accuracy for isolating the insulator increases from 18% to 88%. Looking forward, the multifunctional e-skin system has broader applications in human-machine collaboration and industrial safety production technology."
117,A3_sensors,41597836,PMC12844293,10.3390/mi17010056,2025,Micromachines,research-article; Journal Article,A Novel Fabric Strain Sensor Array with Hybrid Deep Learning for Accurate Knee Movement Recognition.,"This paper presents a novel lightweight fabric strain sensor array specifically designed for comprehensive knee joint monitoring. The sensor system features a unique two-layer design incorporating eight strategically positioned sensing elements, enabling effective spatial mapping of strain distribution across the knee during movement. This configuration offers advantages in capturing complex multi-axis kinematics (flexion/extension, rotation) and localized tissue deformation when compared to simpler sensor layouts. To evaluate the system, ten subjects performed three distinct activities (seated leg raise, standing, walking), generating resistance data from the sensors. A hybrid deep learning model (CNN + BiLSTM + Attention) processed the data and significantly improved performance to 95%. This enhanced accuracy is attributed to the model's ability to extract spatial-temporal features and leverage long-term dependencies within the time-series sensor data. Furthermore, channel attention analysis within the deep learning model identified sensors 2, 4, and 6 as major contributors to classification performance. The results demonstrate the feasibility of the proposed fabric sensor array for accurately recognizing fundamental knee movements. Despite limitations in the diversity of postures, this system holds significant promise for future applications in rehabilitation monitoring, sports science analytics, and personalized healthcare within the medical and athletic domains."
118,A3_sensors,39161809,PMC11332826,10.1016/j.heliyon.2024.e35187,2024,Heliyon,research-article; Journal Article,High stretchable and self-adhesive multifunctional hydrogel for wearable and flexible sensors.,"Ionic conductive hydrogel has recently garnered significant research attention due to its potential applications in the field of wearable and flexible electronics. Nonetheless, the integration of multifunctional and synergistic advantages, including reliable electronic properties, high swelling capacity, exceptional mechanical characteristics, and self-adhesive properties, presents an ongoing challenge. In this study, we have developed an ionic conductive hydrogel through the co-polymerization of 4-Acryloylmorpholine (ACMO) and sodium acrylate using UV curing technology. The hydrogel exhibits excellent mechanical properties, high conductivity, superior swelling capacity, and remarkable self-adhesive attributes. The hydrogel serves as a highly sensitive strain sensor, enabling precise monitoring of both substantial and subtle human motions. Furthermore, the hydrogel demonstrates the capability to adhere to human skin, functioning as a human-machine interface for the detection of physiological signals, including electromyogram (EMG) signals, with low interfacial impedance. This work is anticipated to yield a new class of stretchable and conductive materials with diverse potential applications, ranging from flexible sensors and wearable bio-electronics to contributions in the field of artificial intelligence."
119,A3_sensors,35333568,PMC8956263,10.1126/sciadv.abj9220,2022,Science advances,research-article; Journal Article,Frequency-selective acoustic and haptic smart skin for dual-mode dynamic/static human-machine interface.,"Accurate transmission of biosignals without interference of surrounding noises is a key factor for the realization of human-machine interfaces (HMIs). We propose frequency-selective acoustic and haptic sensors for dual-mode HMIs based on triboelectric sensors with hierarchical macrodome/micropore/nanoparticle structure of ferroelectric composites. Our sensor shows a high sensitivity and linearity under a wide range of dynamic pressures and resonance frequency, which enables high acoustic frequency selectivity in a wide frequency range (145 to 9000 Hz), thus rendering noise-independent voice recognition possible. Our frequency-selective multichannel acoustic sensor array combined with an artificial neural network demonstrates over 95% accurate voice recognition for different frequency noises ranging from 100 to 8000 Hz. We demonstrate that our dual-mode sensor with linear response and frequency selectivity over a wide range of dynamic pressures facilitates the differentiation of surface texture and control of an avatar robot using both acoustic and mechanical inputs without interference from surrounding noise."
120,A3_sensors,39404278,PMC11477666,10.3390/nano14191549,2024,"Nanomaterials (Basel, Switzerland)",research-article; Journal Article,Graphene-Doped Thermoplastic Polyurethane Nanocomposite Film-Based Triboelectric Nanogenerator for Self-Powered Sport Sensor.,"Triboelectric nanogenerators (TENGs), as novel electronic devices for converting mechanical energy into electrical energy, are better suited as signal-testing sensors or as components within larger wearable Internet of Things (IoT) or Artificial Intelligence (AI) systems, where they handle small-device power supply and signal acquisition. Consequently, TENGs hold promising applications in self-powered sensor technology. As global energy supplies become increasingly tight, research into self-powered sensors has become critical. This study presents a self-powered sport sensor system utilizing a triboelectric nanogenerator (TENG), which incorporates a thermoplastic polyurethane (TPU) film doped with graphene and polytetrafluoroethylene (PTFE) as friction materials. The graphene-doped TPU nanocomposite film-based TENG (GT-TENG) demonstrates excellent working durability. Furthermore, the GT-TENG not only consistently powers an LED but also supplies energy to a sports timer and an electronic watch. It serves additionally as a self-powered sensor for monitoring human movement. The design of this self-powered motion sensor system effectively harnesses human kinetic energy, integrating it seamlessly with sport sensing capabilities."
121,A3_sensors,34208524,PMC8234407,10.3390/bios11060198,2021,Biosensors,research-article; Journal Article,Eye-Movement-Controlled Wheelchair Based on Flexible Hydrogel Biosensor and WT-SVM.,"To assist patients with restricted mobility to control wheelchair freely, this paper presents an eye-movement-controlled wheelchair prototype based on a flexible hydrogel biosensor and Wavelet Transform-Support Vector Machine (WT-SVM) algorithm. Considering the poor deformability and biocompatibility of rigid metal electrodes, we propose a flexible hydrogel biosensor made of conductive HPC/PVA (Hydroxypropyl cellulose/Polyvinyl alcohol) hydrogel and flexible PDMS (Polydimethylsiloxane) substrate. The proposed biosensor is affixed to the wheelchair user's forehead to collect electrooculogram (EOG) and strain signals, which are the basis to recognize eye movements. The low Young's modulus (286 KPa) and exceptional breathability (18 g m-2 h-1 of water vapor transmission rate) of the biosensor ensures a conformal and unobtrusive adhesion between it and the epidermis. To improve the recognition accuracy of eye movements (straight, upward, downward, left, and right), the WT-SVM algorithm is introduced to classify EOG and strain signals according to different features (amplitude, duration, interval). The average recognition accuracy reaches 96.3%, thus the wheelchair can be manipulated precisely."
122,A3_sensors,35792975,PMC9259531,10.1007/s00604-022-05368-5,2022,Mikrochimica acta,"Research Support, Non-U.S. Gov't; research-article; Journal Article",2D nanomaterial sensing array using machine learning for differential profiling of pathogenic microbial taxonomic identification.,"An integrated custom cross-response sensing array has been developed combining the algorithm module's visible machine learning approach for rapid and accurate pathogenic microbial taxonomic identification. The diversified cross-response sensing array consists of two-dimensional nanomaterial (2D-n) with fluorescently labeled single-stranded DNA (ssDNA) as sensing elements to extract a set of differential response profiles for each pathogenic microorganism. By altering the 2D-n and different ssDNA with different sequences, we can form multiple sensing elements. While interacting with microorganisms, the competition between ssDNA and 2D-n leads to the release of ssDNA from 2D-n. The signals are generated from binding force driven by the exfoliation of either ssDNA or 2D-n from the microorganisms. Thus, the signal is distinguished from different ssDNA and 2D-n combinations, differentiating the extracted information and visualizing the recognition process. Fluorescent signals collected from each sensing element at the wavelength around 520 nm are applied to generate a fingerprint. As a proof of concept, we demonstrate that a six-sensing array enables rapid and accurate pathogenic microbial taxonomic identification, including the drug-resistant microorganisms, under a data size of n = 288. We precisely identify microbial with an overall accuracy of 97.9%, which overcomes the big data dependence for identifying recurrent patterns in conventional methods. For each microorganism, the detection concentration is 105 ~ 108 CFU/mL for Escherichia coli, 102 ~ 107 CFU/mL for E. coli-β, 103 ~ 108 CFU/mL for Staphylococcus aureus, 103 ~ 107 CFU/mL for MRSA, 102 ~ 108 CFU/mL for Pseudomonas aeruginosa, 103 ~ 108 CFU/mL for Enterococcus faecalis, 102 ~ 108 CFU/mL for Klebsiella pneumoniae, and 103 ~ 108 CFU/mL for Candida albicans. Combining the visible machine learning approach, this sensing array provides strategies for precision pathogenic microbial taxonomic identification. • A molecular response differential profiling (MRDP) was established based on custom cross-response sensor array for rapid and accurate recognition and phenotyping common pathogenic microorganism. • Differential response profiling of pathogenic microorganism is derived from the competitive response capacity of 6 sensing elements of the sensor array. Each of these sensing elements' performance has competitive reaction with the microorganism. • MRDP was applied to LDA algorithm and resulted in the classification of 8 microorganisms."
123,A3_sensors,33240868,PMC7677185,10.3389/fbioe.2020.601704,2020,Frontiers in bioengineering and biotechnology,research-article; Journal Article,Hydrogels for 3D Neural Tissue Models: Understanding Cell-Material Interactions at a Molecular Level.,"The development of 3D neural tissue analogs is of great interest to a range of biomedical engineering applications including tissue engineering of neural interfaces, treatment of neurodegenerative diseases and in vitro assessment of cell-material interactions. Despite continued efforts to develop synthetic or biosynthetic hydrogels which promote the development of complex neural networks in 3D, successful long-term 3D approaches have been restricted to the use of biologically derived constructs. In this study a poly (vinyl alcohol) biosynthetic hydrogel functionalized with gelatin and sericin (PVA-SG), was used to understand the interplay between cell-cell communication and cell-material interaction. This was used to probe critical short-term interactions that determine the success or failure of neural network growth and ultimately the development of a useful model. Complex primary ventral mesencephalic (VM) neural cells were encapsulated in PVA-SG hydrogels and critical molecular cues that demonstrate mechanosensory interaction were examined. Neuronal presence was constant over the 10 day culture, but the astrocyte population decreased in number. The lack of astrocytic support led to a reduction in neural process outgrowth from 24.0 ± 1.3 μm on Day 7 to 7.0 ± 0.1 μm on Day 10. Subsequently, purified astrocytes were studied in isolation to understand the reasons behind PVA-SG hydrogel inability to support neural network development. It was proposed that the spatially restrictive nature (or tight mesh size) of PVA-SG hydrogels limited the astrocytic actin polymerization together with a cytoplasmic-nuclear translocation of YAP over time, causing an alteration in their cell cycle. This was confirmed by the evaluation of p27/Kip1 gene that was found to be upregulated by a twofold increase in expression at both Days 7 and 10 compared to Day 3, indicating the quiescent stage of the astrocytes in PVA-SG hydrogel. Cell migration was further studied by the quantification of MMP-2 production that was negligible compared to 2D controls, ranging from 2.7 ± 2.3% on Day 3 to 5.3 ± 2.9% on Day 10. This study demonstrates the importance of understanding astrocyte-material interactions at the molecular level, with the need to address spatial constraints in the 3D hydrogel environment. These findings will inform the design of future hydrogel constructs with greater capacity for remodeling by the cell population to create space for cell migration and neural process extension."
124,A3_sensors,32651424,PMC7351733,10.1038/s41467-020-17288-0,2020,Nature communications,"Research Support, Non-U.S. Gov't; research-article; Research Support, U.S. Gov't, Non-P.H.S.; Journal Article; Research Support, N.I.H., Extramural",All-printed nanomembrane wireless bioelectronics using a biocompatible solderable graphene for multimodal human-machine interfaces.,"Recent advances in nanomaterials and nano-microfabrication have enabled the development of flexible wearable electronics. However, existing manufacturing methods still rely on a multi-step, error-prone complex process that requires a costly cleanroom facility. Here, we report a new class of additive nanomanufacturing of functional materials that enables a wireless, multilayered, seamlessly interconnected, and flexible hybrid electronic system. All-printed electronics, incorporating machine learning, offers multi-class and versatile human-machine interfaces. One of the key technological advancements is the use of a functionalized conductive graphene with enhanced biocompatibility, anti-oxidation, and solderability, which allows a wireless flexible circuit. The high-aspect ratio graphene offers gel-free, high-fidelity recording of muscle activities. The performance of the printed electronics is demonstrated by using real-time control of external systems via electromyograms. Anatomical study with deep learning-embedded electrophysiology mapping allows for an optimal selection of three channels to capture all finger motions with an accuracy of about 99% for seven classes."
125,A3_sensors,37091421,PMC10116536,10.1021/acsomega.2c07944,2023,ACS omega,research-article; Journal Article,Nanoarchitectonic E-Tongue of Electrospun Zein/Curcumin Carbon Dots for Detecting Staphylococcus aureusin Milk.,"We report a nanoarchitectonic electronic tongue made with flexible electrodes coated with curcumin carbon dots and zein electrospun nanofibers, which could detect Staphylococcus aureus(S. aureus) in milk using electrical impedance spectroscopy. Electronic tongues are based on the global selectivity concept in which the electrical responses of distinct sensing units are combined to provide a unique pattern, which in this case allowed the detection of S. aureus through non-specific interactions. The electronic tongue used here comprised 3 sensors with electrodes coated with zein nanofibers, carbon dots, and carbon dots with zein nanofibers. The capacitance data obtained with the three sensors were processed with a multidimensional projection technique referred to as interactive document mapping (IDMAP) and analyzed using the machine learning-based concept of multidimensional calibration space (MCS). The concentration of S. aureus could be determined with the sensing units, especially with the one containing zein as the limit of detection was 0.83 CFU/mL (CFU stands for colony-forming unit). This high sensitivity is attributed to molecular-level interactions between the protein zein and C-H groups in S. aureus according to polarization-modulated infrared reflection-absorption spectroscopy (PM-IRRAS) data. Using machine learning and IDMAP, we demonstrated the selectivity of the electronic tongue in distinguishing milk samples from mastitis-infected cows from milk collected from healthy cows, and from milk spiked with possible interferents. Calibration of the electronic tongue can also be reached with the MCS concept employing decision tree algorithms, with an 80.1% accuracy in the diagnosis of mastitis. The low-cost electronic tongue presented here may be exploited in diagnosing mastitis at early stages, with tests performed in the farms without requiring specialized laboratories or personnel."
126,A3_sensors,36807836,PMC10104662,10.1002/advs.202207400,2023,"Advanced science (Weinheim, Baden-Wurttemberg, Germany)","Research Support, Non-U.S. Gov't; research-article; Journal Article",Using Wool Keratin as a Structural Biomaterial and Natural Mediator to Fabricate Biocompatible and Robust Bioelectronic Platforms.,"The design and fabrication of biopolymer-incorporated flexible electronics have attracted immense interest in healthcare systems, degradable implants, and electronic skin. However, the application of these soft bioelectronic devices is often hampered by their intrinsic drawbacks, such as poor stability, inferior scalability, and unsatisfactory durability. Herein, for the first time, using wool keratin (WK) as a structural biomaterial and natural mediator to fabricate soft bioelectronics is presented. Both theoretical and experimental studies reveal that the unique features of WK can endow carbon nanotubes (CNTs) with excellent water dispersibility, stability, and biocompatibility. Therefore, well-dispersed and electroconductive bio-inks can be prepared via a straightforward mixing process of WK and CNTs. The as-obtained WK/CNTs inks can be directly exploited to design versatile and high-performance bioelectronics, such as flexible circuits and electrocardiogram electrodes. More impressively, WK can also be a natural mediator to connect CNTs and polyacrylamide chains to fabricate a strain sensor with enhanced mechanical and electrical properties. With conformable and soft architectures, these WK-derived sensing units can be further assembled into an integrated glove for real-time gesture recognition and dexterous robot manipulations, suggesting the great potential of the WK/CNT composites for wearable artificial intelligence."
127,A3_sensors,40389552,PMC12089585,10.1038/s41598-025-01408-1,2025,Scientific reports,research-article; Journal Article,A cost-effective approach using generative AI and gamification to enhance biomedical treatment and real-time biosensor monitoring.,"Biosensors are crucial to the diagnosis process since they are designed to detect a specific biological analyte by changing from a biological entity into electrical signals that can be processed for further inspection and analysis. The method provides stability while evaluating cancer cell imaging and real-time angiogenesis monitoring, together with a robust, accurate, and successful identification. Nevertheless, there are several advantages to using nanomaterials in biological therapies like cancer therapy. In support of this strategy, gamification creates a new framework for therapeutic training that provides patients and first aid responders with immunological, photothermal, photodynamic, and chemo-like therapy. Multimedia systems, gamification, and generative artificial intelligence enable us to set up virtual training sessions. In these sessions, game-based training is being developed to help with skin cancer early detection and treatment. The study offers a new, cost-effective solution called GAI, which combines gamification and general awareness training in a virtual environment, to give employees and patients a hierarchy of first aid instruction. The goal of GAI is to evaluate a patient's performance at each stage. Nonetheless, the following is how the scaling conditions are defined: learners can be divided into three categories: passive, moderate, and active. Through the use of simulations, we argue that the proposed work's outcome is unique in that it provides learners with therapeutic training that is reliable, effective, efficient, and deliverable. The examination shows good changes in training feasibility, up to 22%, with chemo-like therapy being offered as learning opportunities."
128,A3_sensors,39943558,PMC11820130,10.3390/s25030919,2025,"Sensors (Basel, Switzerland)",research-article; Journal Article,Prediction of Member Forces of Steel Tubes on the Basis of a Sensor System with the Use of AI.,"The rapid development of AI (artificial intelligence), sensor technology, high-speed Internet, and cloud computing has demonstrated the potential of data-driven approaches in structural health monitoring (SHM) within the field of structural engineering. Algorithms based on machine learning (ML) models are capable of discerning intricate structural behavioral patterns from real-time data gathered by sensors, thereby offering solutions to engineering quandaries in structural mechanics and SHM. This study presents an innovative approach based on AI and a fiber-reinforced polymer (FRP) double-helix sensor system for the prediction of forces acting on steel tube members in offshore wind turbine support systems; this enables structural health monitoring of the support system. The steel tube as the transitional member and the FRP double helix-sensor system were initially modeled in three dimensions using ABAQUS finite element software. Subsequently, the data obtained from the finite element analysis (FEA) were inputted into a fully connected neural network (FCNN) model, with the objective of establishing a nonlinear mapping relationship between the inputs (strain) and the outputs (reaction force). In the FCNN model, the impact of the number of input variables on the model's predictive performance is examined through cross-comparison of different combinations and positions of the six sets of input variables. And based on an evaluation of engineering costs and the number of strain sensors, a series of potential combinations of variables are identified for further optimization. Furthermore, the potential variable combinations were optimized using a convolutional neural network (CNN) model, resulting in optimal input variable combinations that achieved the accuracy level of more input variable combinations with fewer sensors. This not only improves the prediction performance of the model but also effectively controls the engineering cost. The model performance was evaluated using several metrics, including R2, MSE, MAE, and SMAPE. The results demonstrated that the CNN model exhibited notable advantages in terms of fitting accuracy and computational efficiency when confronted with a limited data set. To provide further support for practical applications, an interactive graphical user interface (GUI)-based sensor-coupled mechanical prediction system for steel tubes was developed. This system enables engineers to predict the member forces of steel tubes in real time, thereby enhancing the efficiency and accuracy of SHM for offshore wind turbine support systems."
129,A3_sensors,40333989,PMC12057686,10.1126/sciadv.adl2741,2025,Science advances,"Research Support, Non-U.S. Gov't; research-article; Journal Article",Piezoelectric nanofiber-based intelligent hearing system.,"Hearing loss, affecting individuals of all ages, can impair education, social function, and quality of life. Current treatments, such as hearing aids and implants, aim to mitigate these effects but often fall short in addressing the critical issue of accurately pinpointing sound sources. We report an intelligent hearing system inspired by the human auditory system: asymmetric well-aligned piezoelectric nanofibers combined with neural networks to mimic natural auditory processes. Piezoelectric nanofibers with spirally varying lengths and directions transmit and convert acoustic sound into mechanoelectrical signals, mimicking the complex cochlear dynamics. These signals are then encoded by digital neural networks, enabling accurate sound direction recognition. This intelligent hearing system surpasses human directional hearing, accurately recognizing sound directions horizontally and vertically. The advancement represents a substantial stride toward next-generation artificial hearing, harmonizing transduction and perception with a nature-inspired design. It promises for applications in hearing aids, wearable devices, and implants, offering enhanced auditory experiences for those with hearing impairments."
130,A3_sensors,34683270,PMC8540298,10.3390/mi12101219,2021,Micromachines,research-article; Journal Article,"Human Motion State Recognition Based on Flexible, Wearable Capacitive Pressure Sensors.","Human motion state recognition technology based on flexible, wearable sensor devices has been widely applied in the fields of human-computer interaction and health monitoring. In this study, a new type of flexible capacitive pressure sensor is designed and applied to the recognition of human motion state. The electrode layers use multi-walled carbon nanotubes (MWCNTs) as conductive materials, and polydimethylsiloxane (PDMS) with microstructures is embedded in the surface as a flexible substrate. A composite film of barium titanate (BaTiO3) with a high dielectric constant and low dielectric loss and PDMS is used as the intermediate dielectric layer. The sensor has the advantages of high sensitivity (2.39 kPa-1), wide pressure range (0-120 kPa), low pressure resolution (6.8 Pa), fast response time (16 ms), fast recovery time (8 ms), lower hysteresis, and stability. The human body motion state recognition system is designed based on a multi-layer back propagation neural network, which can collect, process, and recognize the sensor signals of different motion states (sitting, standing, walking, and running). The results indicate that the overall recognition rate of the system for the human motion state reaches 94%. This proves the feasibility of the human motion state recognition system based on the flexible wearable sensor. Furthermore, the system has high application potential in the field of wearable motion detection."
131,A3_sensors,38116450,PMC10728160,10.1038/s41378-023-00605-0,2023,Microsystems & nanoengineering,research-article; Journal Article,MXene/PPy@PDMS sponge-based flexible pressure sensor for human posture recognition with the assistance of a convolutional neural network in deep learning.,"The combination of flexible sensors and deep learning has attracted much attention as an efficient method for the recognition of human postures. In this paper, an in situ polymerized MXene/polypyrrole (PPy) composite is dip-coated on a polydimethylsiloxane (PDMS) sponge to fabricate an MXene/PPy@PDMS (MPP) piezoresistive sensor. The sponge sensor achieves ultrahigh sensitivity (6.8925 kPa-1) at 0-15 kPa, a short response/recovery time (100/110 ms), excellent stability (5000 cycles) and wash resistance. The synergistic effect of PPy and MXene improves the performance of the composite materials and facilitates the transfer of electrons, making the MPP sponge at least five times more sensitive than sponges based on each of the individual single materials. The large-area conductive network allows the MPP sensor to maintain excellent electrical performance over a large-scale pressure range. The MPP sensor can detect a variety of human body activity signals, such as radial artery pulse and different joint movements. The detection and analysis of human motion data, which is assisted by convolutional neural network (CNN) deep learning algorithms, enable the recognition and judgment of 16 types of human postures. The MXene/PPy flexible pressure sensor based on a PDMS sponge has broad application prospects in human motion detection, intelligent sensing and wearable devices."
132,A3_sensors,35711672,PMC9188022,10.34133/2022/9814767,2022,"Research (Washington, D.C.)",research-article; Journal Article,A Scalable Bacterial Cellulose Ionogel for Multisensory Electronic Skin.,"Electronic skin (e-skin), a new generation of flexible electronics, has drawn interest in soft robotics, artificial intelligence, and biomedical devices. However, most existing e-skins involve complex preparation procedures and are characterized by single-sensing capability and insufficient scalability. Here, we report on a one-step strategy in which a thermionic source is used for the in situ molecularization of bacterial cellulose polymeric fibers into molecular chains, controllably constructing an ionogel with a scalable mode for e-skin. The synergistic effect of a molecular-scale hydrogen bond interweaving network and a nanoscale fiber skeleton confers a robust tensile strength (up to 7.8 MPa) and high ionic conductivity (up to 62.58 mS/cm) on the as-developed ionogel. Inspired by the tongue to engineer the perceptual patterns in this ionogel, we present a smart e-skin with the perfect combination of excellent ion transport and discriminability, showing six stimulating responses to pressure, touch, temperature, humidity, magnetic force, and even astringency. This study proposes a simple, efficient, controllable, and sustainable approach toward a low-carbon, versatile, and scalable e-skin design and structure-performance development."
133,A3_sensors,36235895,PMC9572318,10.3390/polym14193947,2022,Polymers,research-article; Journal Article,Structural Health Monitoring Impact Classification Method Based on Bayesian Neural Network.,"This paper proposes a novel method for multi-class classification and uncertainty quantification of impact events on a flat composite plate with a structural health monitoring (SHM) system by using a Bayesian neural network (BNN). Most of the existing research in passive sensing has focused on deterministic approaches for impact detection and characterization. However, there are variability in impact location, angle and energy in real operational conditions which results in uncertainty in the diagnosis. Therefore, this paper proposes a reliability-based impact characterization method based on BNN for the first time. Impact data are acquired by a passive sensing system of piezoelectric (PZT) sensors. Features extracted from the sensor signals, such as their transferred energy, frequency at maximum amplitude and time interval of the largest peak, are used to develop a BNN for impact classification (i.e., energy level). To test the robustness and reliability of the proposed model to impact variability, it is trained with perpendicular impacts and tested by variable angle impacts. The same dataset is further applied in a method called multi-artificial neural network (multi-ANN) to compare its ability in uncertainty quantification and its computational efficiency against the BNN for validation of the developed meta-model. It is demonstrated that both the BNN and multi-ANN can measure the uncertainty and confidence of the diagnosis from the prediction results. Both have very high performance in classifying impact energies when the networks are trained and tested with perpendicular impacts of different energy and location, with 94% and 98% reliable predictions for BNN and multi-ANN, respectively. However, both metamodels struggled to detect new impact scenarios (angled impacts) when the data set was not used in the development stage and only used for testing. Including additional features improved the performance of the networks in regularization; however, not to the acceptable accuracy. The BNN significantly outperforms the multi-ANN in computational time and resources. For perpendicular impacts, both methods can reach a reliable accuracy, while for angled impacts, the accuracy decreases but the uncertainty provides additional information that can be further used to improve the classification."
134,A3_sensors,40790014,PMC12339963,10.1038/s41378-025-00975-7,2025,Microsystems & nanoengineering,research-article; Journal Article,Micro-spring force sensors using conductive photosensitive resin fabricated via two-photon polymerization.,"The rapid miniaturization of electronic devices has fueled unprecedented demand for flexible, high-performance sensors across fields ranging from medical devices to robotics. Despite advances in fabrication techniques, the development of micro- and nano-scale flexible force sensors with superior sensitivity, stability, and biocompatibility remains a formidable challenge. In this study, we developed a novel conductive photosensitive resin specifically designed for two-photon polymerization, systematically optimized its printing parameters, and improved its structural design, thereby enabling the fabrication of high-precision micro-spring force sensors (MSFS). The proposed photosensitive resin, doped with MXene nanomaterials, combines exceptional mechanical strength and conductivity, overcoming limitations of traditional materials. Using a support vector machine model in machine learning techniques, we optimized the polymerizability of the resin under varied laser parameters, achieving a predictive accuracy of 92.66%. This model significantly reduced trial-and-error in the TPP process, accelerating the discovery of ideal fabrication conditions. Finite element analysis was employed to design and simulate the performance of the MSFS, guiding structural optimization to achieve high sensitivity and mechanical stability. The fabricated MSFS demonstrated outstanding electromechanical performance, with a sensitivity coefficient of 5.65 and a fabrication accuracy within ±50 nm, setting a new standard for MSFS precision. This work not only pushes the boundaries of sensor miniaturization but also introduces a scalable, efficient pathway for the rapid design and fabrication of high-performance flexible sensors. The development of flexible, high-performance microscale force sensors remains a critical challenge for next-generation biomedical and wearable electronics. Here, we report a novel micro-spring force sensor fabricated via two-photon polymerization using a custom-designed conductive photosensitive resin doped with MXene nanosheets. The resin formulation was optimized to balance mechanical strength and electrical conductivity while ensuring high-resolution printability. To accelerate parameter optimization, a support vector machine model was trained to predict polymerization outcomes based on laser conditions and material compositions, achieving a prediction accuracy of 92.66%. Finite element analysis guided the design of the MSFS structure, enabling tunable electromechanical performance. The fabricated MSFS exhibited excellent sensitivity high fabrication precision and long-term stability. These results demonstrate the potential of integrating machine learning, functional nanomaterials, and TPP microfabrication to enable scalable, high-precision production of intelligent microsensors for biomedical and soft robotic applications."
135,A3_sensors,34796695,PMC8811828,10.1002/advs.202103694,2022,"Advanced science (Weinheim, Baden-Wurttemberg, Germany)","Research Support, Non-U.S. Gov't; research-article; Journal Article",Wearable Triboelectric Sensors Enabled Gait Analysis and Waist Motion Capture for IoT-Based Smart Healthcare Applications.,"Gait and waist motions always contain massive personnel information and it is feasible to extract these data via wearable electronics for identification and healthcare based on the Internet of Things (IoT). There also remains a demand to develop a cost-effective human-machine interface to enhance the immersion during the long-term rehabilitation. Meanwhile, triboelectric nanogenerator (TENG) revealing its merits in both wearable electronics and IoT tends to be a possible solution. Herein, the authors present wearable TENG-based devices for gait analysis and waist motion capture to enhance the intelligence and performance of the lower-limb and waist rehabilitation. Four triboelectric sensors are equidistantly sewed onto a fabric belt to recognize the waist motion, enabling the real-time robotic manipulation and virtual game for immersion-enhanced waist training. The insole equipped with two TENG sensors is designed for walking status detection and a 98.4% identification accuracy for five different humans aiming at rehabilitation plan selection is achieved by leveraging machine learning technology to further analyze the signals. Through a lower-limb rehabilitation robot, the authors demonstrate that the sensory system performs well in user recognition, motion monitoring, as well as robot and gaming-aided training, showing its potential in IoT-based smart healthcare applications."
136,A3_sensors,40862968,PMC12384475,10.3390/bios15080507,2025,Biosensors,research-article; Journal Article,Smartphone-Compatible Colorimetric Detection of CA19-9 Using Melanin Nanoparticles and Deep Learning.,"Paper-based colorimetric biosensors represent a promising class of low-cost diagnostic tools that do not require external instrumentation. However, their broader applicability is limited by the environmental concerns associated with conventional metal-based nanomaterials and the subjectivity of visual interpretation. To address these challenges, this study introduces a proof-of-concept platform-using CA19-9 as a model biomarker-that integrates naturally derived melanin nanoparticles (MNPs) with machine learning-based image analysis to enable environmentally sustainable and analytically robust colorimetric quantification. Upon target binding, MNPs induce a concentration-dependent color transition from yellow to brown. This visual signal was quantified using a machine learning pipeline incorporating automated region segmentation and regression modeling. Sensor areas were segmented using three different algorithms, with the U-Net model achieving the highest accuracy (average IoU: 0.9025 ± 0.0392). Features extracted from segmented regions were used to train seven regression models, among which XGBoost performed best, yielding a Mean Absolute Percentage Error (MAPE) of 17%. Although reduced sensitivity was observed at higher analyte concentrations due to sensor saturation, the model showed strong predictive accuracy at lower concentrations, which are especially challenging for visual interpretation. This approach enables accurate, reproducible, and objective quantification of colorimetric signals, thereby offering a sustainable and scalable alternative for point-of-care diagnostic applications."
137,A3_sensors,38894186,PMC11174641,10.3390/s24113395,2024,"Sensors (Basel, Switzerland)",research-article; Journal Article,Fabrication of a Capacitive 3D Spacer Fabric Pressure Sensor with a Dielectric Constant Change for High Sensitivity.,"Smart wearable sensors are increasingly integrated into everyday life, interfacing with the human body to enable real-time monitoring of biological signals. This study focuses on creating high-sensitivity capacitive-type sensors by impregnating polyester-based 3D spacer fabric with a Carbon Nanotube (CNT) dispersion. The unique properties of conductive particles lead to nonlinear variations in the dielectric constant when pressure is applied, consequently affecting the gauge factor. The results reveal that while the fabric without CNT particles had a gauge factor of 1.967, the inclusion of 0.04 wt% CNT increased it significantly to 5.210. As sensor sensitivity requirements vary according to the application, identifying the necessary CNT wt% is crucial. Artificial intelligence, particularly the Multilayer Perception (MLP) model, enables nonlinear regression analysis for this purpose. The MLP model created and validated in this research showed a high correlation coefficient of 0.99564 between the model predictions and actual target values, indicating its effectiveness and reliability."
138,A3_sensors,37939292,PMC10754119,10.1002/advs.202304132,2023,"Advanced science (Weinheim, Baden-Wurttemberg, Germany)","Research Support, Non-U.S. Gov't; research-article; Journal Article",3D Printed Conformal Strain and Humidity Sensors for Human Motion Prediction and Health Monitoring via Machine Learning.,"Wearable sensors have garnered considerable attention due to their flexibility and lightweight characteristics in the realm of healthcare applications. However, developing robust wearable sensors with facile fabrication and good conformity remains a challenge. In this study, a conductive graphene nanoplate-carbon nanotube (GC) ink is synthesized for multi jet fusion (MJF) printing. The layer-by-layer fabrication process of MJF not only improves the mechanical and flame-retardant properties of the printed GC sensor but also bolsters its robustness and sensitivity. The direction of sensor bending significantly impacts the relative resistance changes, allowing for precise investigations of joint motions in the human body, such as those of the fingers, wrists, elbows, necks, and knees. Furthermore, the data of resistance changes collected by the GC sensor are utilized to train a support vector machine with a 95.83% accuracy rate for predicting human motions. Due to its stable humidity sensitivity, the sensor also demonstrates excellent performance in monitoring human breath and predicting breath modes (normal, fast, and deep breath), thereby expanding its potential applications in healthcare. This work opens up new avenues for using MJF-printed wearable sensors for a variety of healthcare applications."
139,A3_sensors,40953879,PMC12434780,10.1136/bmjopen-2025-105597,2025,BMJ open,Clinical Trial Protocol; research-article; Journal Article,"Effectiveness of an AI-enhanced management system for coronary heart disease (AIM-CHD): rationale and design of a single-centre, open-label, randomised, parallel-controlled trial.","IntroductionEffective secondary prevention of coronary heart disease (CHD) is often hindered by limited healthcare resources and poor patient adherence. We therefore developed an artificial intelligence (AI)-enhanced CHD management platform (AIM-CHD) that (i) automatically captures follow-up data through AI-driven voice calls, optical character recognition of laboratory reports and wearable sensor streams; (ii) enables closed-loop, automated risk factor management; and (iii) dynamically personalises follow-up intensity via continuously updated risk stratification and achievement of treatment targets. This trial aims to evaluate whether AIM-CHD improves risk factor control and reduces cardiovascular events compared with usual care.Methods and analysisIn this prospective, single-centre, open-label, randomised controlled trial, 1100 CHD patients aged 18-85 years will be enrolled at Fuwai Hospital and randomised 1:1 to either the AIM-CHD group (n=550) or the usual care group (n=550) for a 3 month post-discharge intervention. The primary outcome is low-density lipoprotein cholesterol (LDL-C) level at 3 months. Secondary outcomes include target achievement for LDL-C and blood pressure, as well as glycosylated haemoglobin level, nonsmoking status, body mass index, composite cardiovascular endpoint and medication adherence.Ethics and disseminationEthical approval was approved by the Ethics Committee of Fuwai Hospital on 4 November 2024 (2024-2422). The findings will be disseminated in peer-reviewed publications. An anonymised template of the written informed-consent form (Chinese and English versions) is available as Supplementary Material 1.Trial registration numberClinicalTrial, NCT06686056."
140,A3_sensors,37763889,PMC10537244,10.3390/mi14091726,2023,Micromachines,research-article; Journal Article,Health Monitoring System from Pyralux Copper-Clad Laminate Film and Random Forest Algorithm.,"Sensor technologies have been core features for various wearable electronic products for decades. Their functions are expected to continue to play an essential role in future generations of wearable products. For example, trends in industrial, military, and security applications include smartwatches used for monitoring medical indicators, hearing devices with integrated sensor options, and electronic skins. However, many studies have focused on a specific area of the system, such as manufacturing processes, data analysis, or actual testing. This has led to challenges regarding the reliability, accuracy, or connectivity of components in the same wearable system. There is an urgent need for studies that consider the whole system to maximize the efficiency of soft sensors. This study proposes a method to fabricate a resistive pressure sensor with high sensitivity, resilience, and good strain tolerance for recognizing human motion or body signals. Herein, the sensor electrodes are shaped on a thin Pyralux film. A layer of microfiber polyesters, coated with carbon nanotubes, is used as the bearing and pressure sensing layer. Our sensor shows superior capabilities in respiratory monitoring. More specifically, the sensor can work in high-humidity environments, even when immersed in water-this is always a big challenge for conventional sensors. In addition, the embedded random forest model, built for the application to recognize restoration signals with high accuracy (up to 92%), helps to provide a better overview when placing flexible sensors in a practical system."
141,A3_sensors,40258620,PMC12080340,10.1021/acsnano.5c03601,2025,ACS nano,"Research Support, Non-U.S. Gov't; research-article; Journal Article",Intelligent Olfactory System Utilizing In Situ Ceria Nanoparticle-Integrated Laser-Induced Graphene.,"The digitization of human senses has driven innovation across various technologies and transformed our daily lives, yet the digitization of olfaction remains a challenging frontier. Artificial olfactory systems, or electronic noses (e-noses), offer great potential for environmental monitoring, food safety, healthcare, and the fragrance industry. However, integrating sensor arrays that mimic olfactory receptors remains difficult, typically requiring complex, repetitive, and costly fabrication processes. In this research, we report the development of a porous laser-induced graphene (LIG) sensor array with in situ-doped cerium oxide nanoparticles for the classification of odorant molecules. By adjusting the laser irradiation parameters, we achieve a high degree of physical and chemical diversity in both LIG and CeOx. Consequently, a sensor array exhibiting diverse response patterns to different odorant molecules can be fabricated through one-step laser irradiation of a polymer precursor. Using t-distributed stochastic neighbor embedding (t-SNE) and support vector machine (SVM)-based machine learning, we accurately predict the type and concentration of nine odorant molecules used in perfumes and cosmetics, achieving a high accuracy exceeding 95%. This study provides a rapid and straightforward solution for creating functional olfactory receptor-mimicking arrays, advancing the development of artificial olfaction systems."
142,A3_sensors,41450855,PMC12728062,10.3389/fspor.2025.1724021,2025,Frontiers in sports and active living,research-article; Journal Article,An adaptive hand exoskeleton rehabilitation training system integrating virtual reality and an AI-based assessment engine.,"IntroductionPost-stroke hand motor impairment is a major cause of long-term functional disability and reduced quality of life, with approximately 70% of stroke survivors experiencing persistent limitations in fine motor control. Conventional rehabilitation is constrained by low adherence, subjective assessment, and insufficient individualization, which limits exploitation of the neuroplasticity window for motor relearning. To address these challenges, we propose a bio-AI-VR integrated hand rehabilitation system that fuses biosignal sensing (bio), AI-based analysis, and virtual reality (VR) interaction to realize an efficient, adaptive, and quantifiable closed-loop training process. The integration rationale is grounded in three theoretical pillars: (i) multimodal data fusion theory-combining heterogeneous biosignal and behavioral data through AI to overcome single-modality limitations; (ii) closed-loop adaptive control theory-dynamically balancing challenge and capability via real-time feedback; (iii) neuroplasticity multisensory enhancement theory-coordinating visual, proprioceptive, and motor pathways to strengthen cortical reorganization. This work addresses three testable hypotheses: (RQ1) Can multimodal biosignal fusion achieve real-time assessment with R2≥0.65 and latency MethodsA lightweight hand exoskeleton ( ResultsAll 24 participants completed the study with one missed session (479 of 480 scheduled sessions, 8,946 annotated segments); end-to-end latency median 38 ms (IQR 33-42 ms), decomposed as: sampling 8±2 ms, preprocessing 4±1 ms, network 12±3 ms, AI inference 5±1 ms, control 2±0.5 ms, command return 7±2 ms. Offline model performance: R2=0.72 (GroupKFold), MAE = 3.2 points, Spearman ρ=0.68 with FMA-UE ( pDiscussionResults validate all three hypotheses: (i) multimodal fusion exceeded technical targets ( R2=0.72>0.65 , latency 38 ms 6 points, d=0.98>0.8 ), exceeding published spontaneous recovery rates (2-4 points); (iii) ablation experiments demonstrated ≥15% degradation when removing any component, confirming non-additive synergistic effects of bio-AI-VR integration. Compared to recent brain-computer interface systems using EEG-based motor imagery, this approach achieves paradigm shift toward execution-based rehabilitation with direct motor intent capture and real-time physical feedback. The AAN control law elevates from low-level motion control to high-level rehabilitation strategy, spanning multiple temporal scales (window to course-level) and dual channels (physical assistance + cognitive challenge). Limitations include single-arm design limiting causal inference, small sample size ( n=24 ), short intervention period (4 weeks), FMA-UE proxy construction via linear interpolation, and controlled clinical setting vs. real-world deployment. Future work requires larger RCTs with active control arms, extended follow-up (3-6 months), dense longitudinal assessments, exploration of deep learning architectures for temporal modeling, and validation in home-based telerehabilitation settings. The bio-AI-VR system demonstrates feasibility of data-driven, multimodal closed-loop rehabilitation, offering a wearable, low-latency, and personalized solution for post-stroke hand recovery that bridges the gap between laboratory innovation and clinical translation."
143,A3_sensors,35214386,PMC8877542,10.3390/s22041484,2022,"Sensors (Basel, Switzerland)",research-article; Journal Article,Damage Classification Using Supervised Self-Organizing Maps in Structural Health Monitoring.,"Improvements in computing capacity have allowed computers today to execute increasingly complex tasks. One of the main benefits of these improvements is the possibility of developing machine learning algorithms, of which the fields of application are extensive and varied. However, an area in which this type of algorithms acquires an increasing relevance is structural health monitoring (SHM), where inspection strategies and guided wave-based approaches make the evaluation of the structural conditions of an aircraft, vessel or building among others possible, by detecting and classifying existing damages. The use of sensors, data acquisition systems (DAQ) and computation has also allowed these damage detection and classification tasks to be carried out automatically. Despite today's advances, it is still necessary to continue with the development of more robust, reliable, and low-cost structural health monitoring systems. For this reason, this work contemplates three key points: (i) the configuration of a data acquisition system for signal gathering from an an active piezoelectric (PZT) sensor network; (ii) the development of a damage classification methodology based on signal processing techniques (normalization and PCA), from which the models that describe the structural conditions of the plate are built; and (iii) the use of machine learning algorithms, more specifically, three variants of the self-organizing maps called CPANN (counterpropagation artificial neural network), SKN (supervised Kohonen) and XYF (X-Y fused Kohonen). The data obtained allowed one to carry out an experimental validation of the damage classification methodology, to determine the presence of damages in two aluminum plates of different sizes, where masses were added to change the vibrational responses captured by the sensor network and a composite (CFRP) plate with real damages, such as delamination and cracks. This classification methodology allowed one to obtain excellent results by validating the usefulness of the SKN and XYF networks in damage classification tasks, showing overall accuracies of 73.75% and 72.5%, respectively, according to the cross-validation process. These percentages are higher than those obtained in comparison with other neural networks such as: kNN, discriminant analysis, classification trees, partial least square discriminant analysis, and backpropagation neural networks, when the cross-validation process was applied."
144,A3_sensors,37002513,PMC10066049,10.1007/s40820-023-01045-1,2023,Nano-micro letters,research-article; Journal Article,Screen-Printable Functional Nanomaterials for Flexible and Wearable Single-Enzyme-Based Energy-Harvesting and Self-Powered Biosensing Devices.,"Developing flexible bioelectronics is essential to the realization of artificial intelligence devices and biomedical applications, such as wearables, but their potential is limited by sustainable energy supply. An enzymatic biofuel cell (BFC) is promising for power supply, but its use is limited by the challenges of incorporating multiple enzymes and rigid platforms. This paper shows the first example of screen-printable nanocomposite inks engineered for a single-enzyme-based energy-harvesting device and a self-powered biosensor driven by glucose on bioanode and biocathode. The anode ink is modified with naphthoquinone and multiwalled carbon nanotubes (MWCNTs), whereas the cathode ink is modified with Prussian blue/MWCNT hybrid before immobilizing with glucose oxidase. The flexible bioanode and the biocathode consume glucose. This BFC yields an open circuit voltage of 0.45 V and a maximum power density of 266 μW cm-2. The wearable device coupled with a wireless portable system can convert chemical energy into electric energy and detect glucose in artificial sweat. The self-powered sensor can detect glucose concentrations up to 10 mM. Common interfering substances, including lactate, uric acid, ascorbic acid, and creatinine, have no effect on this self-powered biosensor. Additionally, the device can endure multiple mechanical deformations. New advances in ink development and flexible platforms enable a wide range of applications, including on-body electronics, self-sustainable applications, and smart fabrics."
145,A3_sensors,36145900,PMC9504861,10.3390/polym14183755,2022,Polymers,research-article; Journal Article,Analysis of Force Sensing Accuracy by Using SHM Methods on Conventionally Manufactured and Additively Manufactured Small Polymer Parts.,"Fabricating complex parts using additive manufacturing is becoming more popular in diverse engineering sectors. Structural Health Monitoring (SHM) methods can be implemented to reduce inspection costs and ensure structural integrity and safety in these parts. In this study, the Surface Response to Excitation (SuRE) method was used to investigate the wave propagation characteristics and load sensing capability in conventionally and additively manufactured ABS parts. For the first set of the test specimens, one conventionally manufactured and three additively manufactured rectangular bar-shaped specimens were prepared. Moreover, four additional parts were also additively manufactured with 30% and 60% infill ratios and 1 mm and 2 mm top surface thicknesses. The external geometry of all parts was the same. Ultrasonic surface waves were generated using three different signals via a piezoelectric actuator bonded to one end of the part. At the other end of each part, a piezoelectric disk was bonded to monitor the response to excitation. It was found that hollow sections inside the 3D printed part slowed down the wave travel. The Continuous Wavelet Transform (CWT) and Short-Time Fourier Transform (STFT) were implemented for converting the recorded sensory data into time-frequency images. These image datasets were fed into a convolutional neural network for the estimation of the compressive loading when the load was applied at the center of specimens at five different levels (0 N, 50 N, 100 N, 150 N, and 200 N). The results showed that the classification accuracy was improved when the CWT scalograms were used."
146,A3_sensors,34764446,PMC8586225,10.1038/s41746-021-00531-3,2021,NPJ digital medicine,research-article; Journal Article,Temporal convolutional networks predict dynamic oxygen uptake response from wearable sensors across exercise intensities.,"Oxygen consumption ([Formula: see text]) provides established clinical and physiological indicators of cardiorespiratory function and exercise capacity. However, [Formula: see text] monitoring is largely limited to specialized laboratory settings, making its widespread monitoring elusive. Here we investigate temporal prediction of [Formula: see text] from wearable sensors during cycle ergometer exercise using a temporal convolutional network (TCN). Cardiorespiratory signals were acquired from a smart shirt with integrated textile sensors alongside ground-truth [Formula: see text] from a metabolic system on 22 young healthy adults. Participants performed one ramp-incremental and three pseudorandom binary sequence exercise protocols to assess a range of [Formula: see text] dynamics. A TCN model was developed using causal convolutions across an effective history length to model the time-dependent nature of [Formula: see text]. Optimal history length was determined through minimum validation loss across hyperparameter values. The best performing model encoded 218 s history length (TCN-VO2 A), with 187, 97, and 76 s yielding -1, [-262, 218]), spanning transitions from low-moderate (-23 ml min-1, [-250, 204]), low-high (14 ml min-1, [-252, 280]), ventilatory threshold-high (-49 ml min-1, [-274, 176]), and maximal (-32 ml min-1, [-261, 197]) exercise. Second-by-second classification of physical activity across 16,090 s of predicted [Formula: see text] was able to discern between vigorous, moderate, and light activity with high accuracy (94.1%). This system enables quantitative aerobic activity monitoring in non-laboratory settings, when combined with tidal volume and heart rate reserve calibration, across a range of exercise intensities using wearable sensors for monitoring exercise prescription adherence and personal fitness."
147,A3_sensors,39584792,PMC11744520,10.1002/advs.202408313,2025,"Advanced science (Weinheim, Baden-Wurttemberg, Germany)",research-article; Journal Article,Smart Driving Hardware Augmentation by Flexible Piezoresistive Sensor Matrices with Grafted-on Anticreep Composites.,"Signal drift and hysteresis of flexible piezoresistive sensors pose significant challenges against the widespread applications in emerging fields such as electronic skin, wearable equipment for metaverse and human-AI (artificial intelligence) interfaces. To address the creep and relaxation issues associated with pressure-sensitive materials, a highly stable piezoresistive composite is proposed, using polyamide-imide (PAI) fibers as the matrix and in situ grafted-polymerized polyaniline (PANI) as the semi-conducting layer. The PAI with large rigid fluorenylidene groups exhibits a high glass transition temperature of 372 °C (PAI 5-5), which results in an extremely long relaxation time at room temperature and consequently offers outstanding anti-creep/relaxation performances. The enhancement of PAI-PANI interfacial bonding through in situ grafting improves the sensor reliably. The sensor presents high linear sensitivity of 35.3 kPa-1 over a pressure range of 0.2-20 kPa, outstanding repeatability, and excellent dynamic stability with only a 3.8% signal deviation through ≈10 000 cycles. Real-time visualization of pressure distribution is realized by sensor matrices, which demonstrate the capability of tactile gesture recognition on both flat and curved surfaces. The recognition of sitting postures is achieved by two 12 × 12 matrices facilitated by machine learning, which prompts the potential for the augmentation of smart driving."
148,A3_sensors,41023062,PMC12480986,10.1038/s41598-025-18753-w,2025,Scientific reports,research-article; Journal Article,Next-generation COVID-19 detection using a metasurface biosensor with machine learning-enhanced refractive index sensing.,"This work introduces a high-performance graphene-silver hybrid metasurface biosensor for the fast and precise detection of COVID-19. Through parametric optimization with COMSOL Multiphysics, the sensor achieves a sensitivity of 400 GHz/RIU, a figure of merit (FOM) of 5.000 RIU⁻¹, and a Q factor of 12.7 within the refractive index range of 1.334-1.355 RIU. A machine learning framework enhances predictive reliability across different refractive indices, as reflected by a coefficient of determination (R²) of 0.90. The fabrication strategy-combining CVD graphene growth, electron beam lithography, and silver deposition-ensures scalability and practical realization. The novelty of this study lies in the synergistic integration of a graphene-silver metasurface platform with machine learning-based predictive modeling, enabling rapid, label-free, and highly accurate COVID-19 detection. Unlike conventional RT-PCR and antigen-based tests, which suffer from delays, high costs, or reduced sensitivity in asymptomatic cases, the proposed sensor achieves superior balance between sensitivity, figure of merit, and predictive accuracy, thereby surpassing state-of-the-art optical and terahertz biosensors. This positions the device as a novel, portable, and cost-effective diagnostic tool for next-generation pandemic preparedness."
149,A3_sensors,35974062,PMC9379872,10.1038/s41746-022-00661-2,2022,NPJ digital medicine,research-article; Journal Article,Fast and noninvasive electronic nose for sniffing out COVID-19 based on exhaled breath-print recognition.,"The reverse transcription-quantitative polymerase chain reaction (RT-qPCR) approach has been widely used to detect the severe acute respiratory syndrome coronavirus 2 (SARS-CoV-2). However, instead of using it alone, clinicians often prefer to diagnose the coronavirus disease 2019 (COVID-19) by utilizing a combination of clinical signs and symptoms, laboratory test, imaging measurement (e.g., chest computed tomography scan), and multivariable clinical prediction models, including the electronic nose. Here, we report on the development and use of a low cost, noninvasive method to rapidly sniff out COVID-19 based on a portable electronic nose (GeNose C19) integrating an array of metal oxide semiconductor gas sensors, optimized feature extraction, and machine learning models. This approach was evaluated in profiling tests involving a total of 615 breath samples composed of 333 positive and 282 negative samples. The samples were obtained from 43 positive and 40 negative COVID-19 patients, respectively, and confirmed with RT-qPCR at two hospitals located in the Special Region of Yogyakarta, Indonesia. Four different machine learning algorithms (i.e., linear discriminant analysis, support vector machine, stacked multilayer perceptron, and deep neural network) were utilized to identify the top-performing pattern recognition methods and to obtain a high system detection accuracy (88-95%), sensitivity (86-94%), and specificity (88-95%) levels from the testing datasets. Our results suggest that GeNose C19 can be considered a highly potential breathalyzer for fast COVID-19 screening."
150,A3_sensors,40813413,PMC12354778,10.1038/s41598-025-06724-0,2025,Scientific reports,research-article; Journal Article,"Synthesis and characterization of hematite nanomaterials imprinted with acetone, ethanol and methanol for AI-Based IoT gas sensor arrays.","Indoor air pollution, primarily caused by volatile organic compounds (VOCs) such as acetone, ethanol, and methanol, poses significant health risks and necessitates the development of efficient, real-time monitoring solutions. Conventional gas sensors often operate at high temperatures and are limited to detecting a single gas type, which restricts their applicability for comprehensive air quality management. To address these challenges, this study presents the development and evaluation of an advanced electronic nose (E-nose) system capable of detecting acetone, ethanol, and methanol at low operating temperatures. The proposed E-nose system comprises a gas sensor array integrating three metal oxide sensors (SM10, SE10, and Sp) designed for the simultaneous detection of these VOCs. The sensor array is seamlessly combined with Internet of Things (IoT) and cloud-based platforms to enable real-time gas monitoring and analysis. Hematite nanomaterials, imprinted with ethanol and methanol at varying concentrations of 10%, 15%, and 25%, were synthesized via a hydrothermal method. Comprehensive characterization of the synthesized nanopowders was performed using scanning electron microscopy (SEM), X-ray diffraction (XRD), photoluminescence (PL), and thermogravimetric analysis (TGA). Electrical performance assessments, including response versus temperature, resistance versus gas concentration, and output voltage versus gas concentration, were conducted to evaluate sensor efficiency. To enhance the accuracy and reliability of gas detection, artificial intelligence (AI) algorithms were employed to analyze sensor data, enabling precise gas concentration monitoring and issuing alerts when predefined threshold levels are exceeded. The dataset, obtained from sensor responses to different concentrations of acetone, ethanol, and methanol, was analyzed using multiple hybrid machine learning models, including CNN-LSTM, PCA-CNN-LSTM, PCA-XGBoost, Random Forest (RF), RF-GB, RF-GB-NN, and KNN. Notably, the RF, RF-GB, and RF-GB-NN models achieved 100% accuracy in classifying both gas type and condition. Regression analysis further demonstrated that the RF-GB model achieved an ideal coefficient of determination (R2 = 1) across all three gases, with RF and RF-GB-NN yielding R2 values of 0.999. Among the models, RF-GB exhibited the lowest limit of detection (LOD), while RF presented relatively higher LOD values. The findings validate the effectiveness of the developed sensor array, combined with AI-driven analysis, in accurately classifying and quantifying gas concentrations. Threshold values were established at 500 ppm for acetone and ethanol, and 200 ppm for methanol, with monitoring capabilities tailored to these limits."
151,A3_sensors,40710711,PMC12294283,10.3390/gels11070550,2025,"Gels (Basel, Switzerland)",research-article; Journal Article,Interpretable Prediction and Analysis of PVA Hydrogel Mechanical Behavior Using Machine Learning.,"Polyvinyl alcohol (PVA) hydrogels have emerged as versatile materials due to their exceptional biocompatibility and tunable mechanical properties, showing great promise for flexible sensors, smart wound dressings, and tissue engineering applications. However, rational design remains challenging due to complex structure-property relationships involving multiple formulation parameters. This study presents an interpretable machine learning framework for predicting PVA hydrogel tensile strain properties with emphasis on mechanistic understanding, based on a comprehensive dataset of 350 data points collected from a systematic literature review. XGBoost demonstrated superior performance after Optuna-based optimization, achieving R2 values of 0.964 for training and 0.801 for testing. SHAP analysis provided unprecedented mechanistic insights, revealing that PVA molecular weight dominates mechanical performance (SHAP importance: 84.94) through chain entanglement and crystallization mechanisms, followed by degree of hydrolysis (72.46) and cross-linking parameters. The interpretability analysis identified optimal parameter ranges and critical feature interactions, elucidating complex non-linear relationships and reinforcement mechanisms. By addressing the ""black box"" limitation of machine learning, this approach enables rational design strategies and mechanistic understanding for next-generation multifunctional hydrogels."
152,A3_sensors,39512323,PMC11541681,10.1016/j.heliyon.2024.e38762,2024,Heliyon,research-article; Journal Article,Research trends and hot topics of wearable sensors in wound care over past 18 years: A bibliometric analysis.,"ObjectiveThis study determined the development trends, analyzed collaboration networks, and identified research hotspots in the field of wearable sensors for wound care from 2007 to 2024 using a rigorous bibliometric analysis approach.MethodsBibliometric and scientometric analyses were performed utilizing data sourced from the Web of Science Core Collection database. This study examined publication trends, contributions from various countries and institutions, author productivity, keyword prevalence, and citation patterns to discern research hotspots and potential future avenues in the application of wearable sensors for wound care.ResultsThis study included 1177 articles, which demonstrated a marked increase in publications since 2016 and underscores the burgeoning interest in wearable sensors for wound care. China and the United States have emerged as prominent contributors to the research field, exhibiting numerous international collaborations. An analysis of keywords and citation bursts highlighted wound healing, hydrogels, and sensors as the key research foci with recent trends shifting towards the integration of wearable technology with advanced materials and artificial intelligence for advanced wound management. The research landscape is characterized by a diverse network of international collaborations and an emphasis on interdisciplinary approaches that integrate materials science, sensor technology, and clinical applications.ConclusionThe utilization of wearable sensors in wound care constitutes a rapidly progressing area of research, garnering significant interest and promising avenues for future advances. The integration of wearable sensors with advanced materials and AI technologies presents a frontier of opportunity for innovating wound care methodologies, enhancing patient outcomes, and optimizing the allocation of healthcare resources."
153,A3_sensors,40327042,PMC12105082,10.1021/acssensors.4c03592,2025,ACS sensors,"Research Support, Non-U.S. Gov't; research-article; Journal Article",Machine Learning-Guided Cobalt@Copper Dual-Metal Electrochemical Sensor for Urinary Creatinine Detection.,"By utilizing the synergistic effects of a dual-metal cobalt@copper electrode and advanced machine learning algorithms, we have developed a reliable and cost-effective electrochemical sensor for creatinine monitoring. The sensor's active surface was fabricated through the sequential electrodeposition of copper and cobalt nanoparticles, with their complexation with creatinine confirmed via cyclic voltammetry and spectroelectrochemical analyses. The combined contributions of both transition metals significantly enhanced the sensor's sensitivity and selectivity, yielding a linear detection range of 0.00-4.00 mM, a sensitivity of 6.06 ± 0.65 μA mM-1, and a limit of detection of 0.13 mM. The sensor demonstrated excellent selectivity against common interferences, including urea, lactate, ascorbic acid, uric acid, dopamine, and glucose. Its practical application was demonstrated in urine samples, with results showing strong agreement with the standard creatinine assay. Machine learning models, such as Random Forest, Extra Trees, and XGBoost, were employed to optimize data analysis, delivering high predictive accuracy and uncovering key electrochemical features critical to the sensor's performance."
154,A3_sensors,41184430,PMC12583832,10.1038/s41598-025-22251-4,2025,Scientific reports,research-article; Journal Article,Smart monitoring of composite concrete damage using EMI technique with temperature effects compensation and ANN integration.,"The composite materials are widely used across industries however, these materials are prone to damages like cracking and delamination due to its complexity. The Electromechanical Impedance (EMI) technique offers a reliable non-destructive solution for detecting such damage using piezoelectric sensors and enabling effective structural health monitoring and enhancing safety and durability. This study explores the application of the EMI technique for monitoring damages in composite fibre concrete specimens. The specimens were prepared using Ordinary Portland Cement (OPC), fly ash, and polypropylene, glass fiber mixture, water, fine and coarse aggregates. The Piezoelectric sensors were employed to record conductance and susceptance signatures, enabling early detection and quantification of damages. The severity of damages were assessed using statistical indices such as Root Mean Square Deviation (RMSD), Mean Absolute Percentage Deviation (MAPD), and Correlation Coefficient (CC) revealing higher sensitivity. A notable leftward shift in EMI signatures with increasing damage was confirmed progressive structural degradation. Additionally, structural parameters equivalent stiffness and equivalent damping were evaluated, demonstrating a decrease in stiffness and an increase in damping with greater damage depth. Temperature effects on EMI responses were also investigated, necessitating compensation for reliable analysis. An Artificial Neural Network (ANN) model was trained using Levenberg-Marquardt (LM) algorithm and implemented to predict conductance values and damage depth. The developed ANN showed high accuracy, with strong agreement between experimental and predicted results. Overall, the findings confirm the EMI technique's potential for SHM of composite fiber concrete and integration with machine learning for improved predictive its durability assessment."
155,A3_sensors,38932669,PMC11348070,10.1002/advs.202308915,2024,"Advanced science (Weinheim, Baden-Wurttemberg, Germany)","Research Support, Non-U.S. Gov't; research-article; Journal Article",Systematic Selection of High-Affinity ssDNA Sequences to Carbon Nanotubes.,"Single-walled carbon nanotubes (SWCNTs) have gained significant interest for their potential in biomedicine and nanoelectronics. The functionalization of SWCNTs with single-stranded DNA (ssDNA) enables the precise control of SWCNT alignment and the development of optical and electronic biosensors. This study addresses the current gaps in the field by employing high-throughput systematic selection, enriching high-affinity ssDNA sequences from a vast random library. Specific base compositions and patterns are identified that govern the binding affinity between ssDNA and SWCNTs. Molecular dynamics simulations validate the stability of ssDNA conformations on SWCNTs and reveal the pivotal role of hydrogen bonds in this interaction. Additionally, it is demonstrated that machine learning could accurately distinguish high-affinity ssDNA sequences, providing an accessible model on a dedicated webpage (http://service.k-medai.com/ssdna4cnt). These findings open new avenues for high-affinity ssDNA-SWCNT constructs for stable and sensitive molecular detection across diverse scientific disciplines."
156,A3_sensors,40391298,PMC12088768,10.1016/j.csbj.2025.04.022,2025,Computational and structural biotechnology journal,research-article; Journal Article,Prediction and validation of nanowire proteins in Oleidesulfovibrio alaskensis G20 using machine learning and feature engineering.,"The type-IV bacterial pili and multiheme c-type cytochrome protein family have gained significant attention due to their role in extracellular electron transfer (EET), which defines their electrogenic properties. These electrogenic behaviors play a crucial role in interspecies microbial communication, essential for microbial biofilm formation and the development of robust technologies such as biosensors. Given the technological and ecological significance of electron transfer mechanisms, this study presents NanowireML (NWML), a 2-staged machine learning (ML) system to identify and analyze nanowire (NW) proteins. Stage 1 predicts NW proteins using minimal features, and Stage 2 leverages graphical knowledge representation to predict the most relevant NW mechanism governing candidates in specific experimental conditions. To train the stage 1 model, we used a comprehensive dataset of 999 proteins from a public database specializing in NW development. The primary objective of the NWML model is to identify and validate microbial proteins involved in the biogenesis of NW. Protein feature, such as dipeptide amino acid composition, transition, and distribution enhance the model's performance. Gene ontology (GO) analysis revealed that NW are structural extrusions, part of membranal proteins, with several exposed metal ion binding motifs. The predicted NW protein collection advances to stage 2, where their GO knowledge is stored using a graphical representation. A customized deep neural network (biologically influenced neural networks: BINN) then predicts the most relevant biological pathways governing NW formation using experimental gene expression data. Our study provides detailed insights into gene sets, unveiling the mechanistic networks and pathways crucial for NW formation. These findings enable data-driven decisions for biomedical and biotechnological applications. The NWML model demonstrated high accuracy achieving 94.87 %, 96.68 %, 96.65 %, 96.05 %, and 96.13 % on support vector machine (SVM), random forest (RF), extreme gradient boosting (XGBoost), logistic regression (LR), and artificial neural network (ANN)."
157,A3_sensors,38864344,PMC11321626,10.1002/advs.202401123,2024,"Advanced science (Weinheim, Baden-Wurttemberg, Germany)","Research Support, Non-U.S. Gov't; research-article; Journal Article",Machine Learning Assisted Electronic/Ionic Skin Recognition of Thermal Stimuli and Mechanical Deformation for Soft Robots.,"Soft robots have the advantage of adaptability and flexibility in various scenarios and tasks due to their inherent flexibility and mouldability, which makes them highly promising for real-world applications. The development of electronic skin (E-skin) perception systems is crucial for the advancement of soft robots. However, achieving both exteroceptive and proprioceptive capabilities in E-skins, particularly in terms of decoupling and classifying sensing signals, remains a challenge. This study presents an E-skin with mixed electronic and ionic conductivity that can simultaneously achieve exteroceptive and proprioceptive, based on the resistance response of conductive hydrogels. It is integrated with soft robots to enable state perception, with the sensed signals further decoded using the machine learning model of decision trees and random forest algorithms. The results demonstrate that the newly developed hydrogel sensing system can accurately predict attitude changes in soft robots when subjected to varying degrees of pressing, hot pressing, bending, twisting, and stretching. These findings that multifunctional hydrogels combine with machine learning to decode signals may serve as a basis for improving the sensing capabilities of intelligent soft robots in future advancements."
158,A3_sensors,38543384,PMC10974077,10.3390/polym16060778,2024,Polymers,research-article; Journal Article,Non-Woven Fabric Thermal-Conductive Triboelectric Nanogenerator via Compositing Zirconium Boride.,"With the vigorous development of the Internet of Things, 5G technology, and artificial intelligence, flexible wearable sensors have received great attention. As a simple and low-cost power supply in wearable sensors, the triboelectric nanogenerator (TENG) has a wide range of applications in the field of flexible electronics. However, most polymers are thermally poor conductors (less than 0.1 W/(m·K)), resulting in insufficient heat dissipation performance and limiting the development of TENG. In this study, a high-performance non-woven fabric TENG with strong thermal conductivity (0.26 W/m·K) was achieved by introducing ZrB2 into the polyurethane (PU) matrix. The excellent output performance with an open circuit voltage (Voc) of 347.6 V, a short circuit current (Isc) of 3.61 μA, and an accumulated charge of 142.4 nC endows it with good sensitivity. The electrospun PU/ZrB2 composites exhibit excellent sensing performance to detect body movements in situ, such as pressing, clapping, running, and walking. Moreover, the generated power can light up 224 LED bulbs as a demonstration of self-powering ability."
159,A3_sensors,33364143,PMC7736687,10.3762/bjnano.11.166,2020,Beilstein journal of nanotechnology,research-article; Journal Article,Piezotronic effect in AlGaN/AlN/GaN heterojunction nanowires used as a flexible strain sensor.,"1D semiconductor nanowires (NWs) have been extensively studied in recent years due to the predominant mechanical flexibility caused by a large surface-to-volume ratio and unique electrical and optical properties induced by the 1D quantum confinement effect. Herein, we use a top-down two-step preparation method to synthesize AlGaN/AlN/GaN heterojunction NWs with controllable size. A single NW is transferred to a flexible poly(ethylene terephthalate) substrate and fixed by indium tin oxide electrodes to form an ohmic contact for the strain sensor. An external mechanical stress is introduced to study the performance of the fabricated piezotronic strain sensor. The gauge factor is as high as 30 under compressive or tensile stress, which indicates a high sensitivity of the strain sensor. Periodic strain tests show the high stability and repeatability of the sensor. The working mechanism of the strain sensor is investigated and systematically analyzed under compressive and tensile strain. Here, we describe a strain sensor that shows a great application potential in wearable integrated circuits, in health-monitoring devices, and in artificial intelligence."
160,A3_sensors,36085341,PMC9461448,10.1038/s41467-022-33021-5,2022,Nature communications,"Research Support, Non-U.S. Gov't; research-article; Journal Article",Topographic design in wearable MXene sensors with in-sensor machine learning for full-body avatar reconstruction.,"Wearable strain sensors that detect joint/muscle strain changes become prevalent at human-machine interfaces for full-body motion monitoring. However, most wearable devices cannot offer customizable opportunities to match the sensor characteristics with specific deformation ranges of joints/muscles, resulting in suboptimal performance. Adequate wearable strain sensor design is highly required to achieve user-designated working windows without sacrificing high sensitivity, accompanied with real-time data processing. Herein, wearable Ti3C2Tx MXene sensor modules are fabricated with in-sensor machine learning (ML) models, either functioning via wireless streaming or edge computing, for full-body motion classifications and avatar reconstruction. Through topographic design on piezoresistive nanolayers, the wearable strain sensor modules exhibited ultrahigh sensitivities within the working windows that meet all joint deformation ranges. By integrating the wearable sensors with a ML chip, an edge sensor module is fabricated, enabling in-sensor reconstruction of high-precision avatar animations that mimic continuous full-body motions with an average avatar determination error of 3.5 cm, without additional computing devices."
161,A3_sensors,35009845,PMC8749657,10.3390/s22010299,2021,"Sensors (Basel, Switzerland)",research-article; Journal Article,Machine Learning Methods for Automatic Silent Speech Recognition Using a Wearable Graphene Strain Gauge Sensor.,"Silent speech recognition is the ability to recognise intended speech without audio information. Useful applications can be found in situations where sound waves are not produced or cannot be heard. Examples include speakers with physical voice impairments or environments in which audio transference is not reliable or secure. Developing a device which can detect non-auditory signals and map them to intended phonation could be used to develop a device to assist in such situations. In this work, we propose a graphene-based strain gauge sensor which can be worn on the throat and detect small muscle movements and vibrations. Machine learning algorithms then decode the non-audio signals and create a prediction on intended speech. The proposed strain gauge sensor is highly wearable, utilising graphene's unique and beneficial properties including strength, flexibility and high conductivity. A highly flexible and wearable sensor able to pick up small throat movements is fabricated by screen printing graphene onto lycra fabric. A framework for interpreting this information is proposed which explores the use of several machine learning techniques to predict intended words from the signals. A dataset of 15 unique words and four movements, each with 20 repetitions, was developed and used for the training of the machine learning algorithms. The results demonstrate the ability for such sensors to be able to predict spoken words. We produced a word accuracy rate of 55% on the word dataset and 85% on the movements dataset. This work demonstrates a proof-of-concept for the viability of combining a highly wearable graphene strain gauge and machine leaning methods to automate silent speech recognition."
162,A3_sensors,35476814,PMC9045607,10.1371/journal.pone.0267311,2022,PloS one,"research-article; Research Support, U.S. Gov't, Non-P.H.S.; Journal Article",Towards skin-acetone monitors with selective sensitivity: Dynamics of PANI-CA films.,"Most research aimed at measuring biomarkers on the skin is only concerned with sensing chemicals in sweat using electrical signals, but these methods are not truly non-invasive nor non-intrusive because they require substantial amounts of sweat to get a reading. This project aims to create a truly non-invasive wearable sensor that continuously detects the gaseous acetone (a biomarker related to metabolic disorders) that ambiently comes out of the skin. Composite films of polyaniline and cellulose acetate, exhibiting chemo-mechanical actuation upon exposure to gaseous acetone, were tested in the headspaces above multiple solutions containing acetone, ethanol, and water to gauge response sensitivity, selectivity, and repeatability. The bending of the films in response to exposures to these environments was tracked by an automatic video processing code, which was found to out-perform an off-the-shelf deep neural network-based tracker. Using principal component analysis, we showed that the film bending is low dimensional with over 90% of the shape changes being captured with just two parameters. We constructed forward models to predict shape changes from the known exposure history and found that a linear model can explain 40% of the observed variance in film tip angle changes. We constructed inverse models, going from third order fits of shape changes to acetone concentrations where about 45% of the acetone variation and about 30% of ethanol variation are captured by linear models, and non-linear models did not perform substantially better. This suggests there is sufficient sensitivity and inherent selectivity of the films. These models, however, provide evidence for substantial hysteretic or long-time-scale responses of the PANI films, seemingly due to the presence of water. Further experiments will allow more accurate discrimination of unknown exposure environments. Nevertheless, the sensor will operate with high selectivity in low sweat body locations, like behind the ear or on the nails."
163,A3_sensors,40269935,PMC12020317,10.1186/s12984-025-01613-z,2025,Journal of neuroengineering and rehabilitation,research-article; Randomized Controlled Trial; Journal Article,First-in-human implementation of a bidirectional somatosensory neuroprosthetic system with wireless communication.,"BackgroundLimitations in upper limb prosthesis function and lack of sensory feedback are major contributors to high prosthesis abandonment rates. Peripheral nerve stimulation and intramuscular recording can restore touch and relay motor intentions for individuals with upper limb loss. Percutaneous systems have enabled significant progress in implanted neural interfaces but require chronic lead maintenance and unwieldy external equipment. Fully implanted sensorimotor systems without percutaneous leads are crucial for advancing implanted neuroprosthetic technologies to long-term community use and commercialization.MethodsWe present the first-in-human technical performance of the implanted Somatosensory Electrical Neurostimulation and Sensing (iSens®) system-an implanted, high-channel count myoelectric sensing and nerve stimulation system that uses wireless communication for advanced prosthetic systems. Two individuals with unilateral transradial amputations received iSens® with four 16-channel composite Flat Interface Nerve Electrodes (C-FINEs) and four Tetra Intramuscular (TIM) electrodes. This study achieved two key objectives to demonstrate system feasibility prior to long-term community use: (1) evaluating the chronic stability of extraneural cuff electrodes, intramuscular electrodes, and active implantable devices in a wirelessly connected system and (2) assessing the impacts of peripheral nerve stimulation on three degree-of-freedom controller performance in a wirelessly connected system to validate iSens® as a bidirectional interface.ResultsSimilar to prior percutaneous systems, we demonstrate chronically stable extraneural cuff electrodes and intramuscular electrodes in a wirelessly connected implanted system for more than two years in one participant and four months in the second participant, whose iSens® system was explanted due to an infection of unknown origin. Using an artificial neural network controller trained on implanted electromyographic data collected during known hand movements, one participant commanded a virtual hand and sensorized prosthesis in 3 degrees-of-freedom. The iSens® system simultaneously produced stimulation for sensation while recording high resolution muscle activity for real-time control. Although restored sensation did not significantly improve initial trials of prosthetic controller performance, the participant reported that sensation was helpful for functional tasks.ConclusionsThis case series describes a wirelessly connected, bidirectional neuroprosthetic system with somatosensory feedback and advanced myoelectric prosthetic control that is ready for implementation in long-term home use clinical trials.Trial registrationClinicalTrials.gov ID: NCT04430218, 2020-06-30."
164,A3_sensors,32714750,PMC7375248,10.1002/advs.202000261,2020,"Advanced science (Weinheim, Baden-Wurttemberg, Germany)",research-article; Journal Article,Machine Learning Glove Using Self-Powered Conductive Superhydrophobic Triboelectric Textile for Gesture Recognition in VR/AR Applications.,"The rapid progress of Internet of things (IoT) technology raises an imperative demand on human machine interfaces (HMIs) which provide a critical linkage between human and machines. Using a glove as an intuitive and low-cost HMI can expediently track the motions of human fingers, resulting in a straightforward communication media of human-machine interactions. When combining several triboelectric textile sensors and proper machine learning technique, it has great potential to realize complex gesture recognition with the minimalist-designed glove for the comprehensive control in both real and virtual space. However, humidity or sweat may negatively affect the triboelectric output as well as the textile itself. Hence, in this work, a facile carbon nanotubes/thermoplastic elastomer (CNTs/TPE) coating approach is investigated in detail to achieve superhydrophobicity of the triboelectric textile for performance improvement. With great energy harvesting and human motion sensing capabilities, the glove using the superhydrophobic textile realizes a low-cost and self-powered interface for gesture recognition. By leveraging machine learning technology, various gesture recognition tasks are done in real time by using gestures to achieve highly accurate virtual reality/augmented reality (VR/AR) controls including gun shooting, baseball pitching, and flower arrangement, with minimized effect from sweat during operation."
165,A3_sensors,36061666,PMC9434788,10.1021/acsomega.2c03099,2022,ACS omega,research-article; Journal Article,Machine Learning-Based Quantification of (-)-trans-Δ-Tetrahydrocannabinol from Human Saliva Samples on a Smartphone-Based Paper Microfluidic Platform.,"(-)-trans-Δ-Tetrahydrocannabinol (THC) is a major psychoactive component in cannabis. Despite the recent trends of THC legalization for medical or recreational use in some areas, many THC-driven impairments have been verified. Therefore, convenient, sensitive, quantitative detection of THC is highly needed to improve its regulation and legalization. We demonstrated a biosensor platform to detect and quantify THC with a paper microfluidic chip and a handheld smartphone-based fluorescence microscope. Microfluidic competitive immunoassay was applied with anti-THC-conjugated fluorescent nanoparticles. The smartphone-based fluorescence microscope counted the fluorescent nanoparticles in the test zone, achieving a 1 pg/mL limit of detection from human saliva samples. Specificity experiments were conducted with cannabidiol (CBD) and various mixtures of THC and CBD. No cross-reactivity to CBD was found. Machine learning techniques were also used to quantify the THC concentrations from multiple saliva samples. Multidimensional data were collected by diluting the saliva samples with saline at four different dilutions. A training database was established to estimate the THC concentration from multiple saliva samples, eliminating the sample-to-sample variations. The classification algorithms included k-nearest neighbor (k-NN), decision tree, and support vector machine (SVM), and the SVM showed the best accuracy of 88% in estimating six different THC concentrations. Additional validation experiments were conducted using independent validation sample sets, successfully identifying positive samples at 100% accuracy and quantifying the THC concentration at 80% accuracy. The platform provided a quick, low-cost, sensitive, and quantitative point-of-care saliva test for cannabis."
166,A3_sensors,37292515,PMC10246885,10.34133/research.0157,2023,"Research (Washington, D.C.)",research-article; Journal Article,A Deep Learning-Enabled Skin-Inspired Pressure Sensor for Complicated Recognition Tasks with Ultralong Life.,"Flexible full-textile pressure sensor is able to integrate with clothing directly, which has drawn extensive attention from scholars recently. But the realization of flexible full-textile pressure sensor with high sensitivity, wide detection range, and long working life remains challenge. Complex recognition tasks necessitate intricate sensor arrays that require extensive data processing and are susceptible to damage. The human skin is capable of interpreting tactile signals, such as sliding, by encoding pressure changes and performing complex perceptual tasks. Inspired by the skin, we have developed a simple dip-and-dry approach to fabricate a full-textile pressure sensor with signal transmission layers, protective layers, and sensing layers. The sensor achieves high sensitivity (2.16 kPa-1), ultrawide detection range (0 to 155.485 kPa), impressive mechanical stability of 1 million loading/unloading cycles without fatigue, and low material cost. The signal transmission layers that collect local signals enable real-world complicated task recognition through one single sensor. We developed an artificial Internet of Things system utilizing a single sensor, which successfully achieved high accuracy in 4 tasks, including handwriting digit recognition and human activity recognition. The results demonstrate that skin-inspired full-textile sensor paves a promising route toward the development of electronic textiles with important potential in real-world applications, including human-machine interaction and human activity detection."
167,A3_sensors,40940317,PMC12677675,10.1002/advs.202512439,2025,"Advanced science (Weinheim, Baden-Wurttemberg, Germany)",research-article; Journal Article,A Super-Capacitive Pressure Sensor with Ultrahigh Sensitivity and Wide Linear Pressure Sensing Range for Human Bio-Signal Detection and Electronic Skin.,"Soft super-capacitive sensors offer several advantages, including mechanical flexibility, high sensitivity, and rapid response, primarily due to the use of soft ionic elastomers and the electrical double layer (EDL) sensing mechanism. As for those sensors, achieving a broad linear pressure sensing range remains crucial, particularly when paired with a well-defined microstructure in the electrolyte layer, which enhances sensor repeatability and facilitates quality control. In this study, a novel design strategy is proposed to simultaneously enhance sensitivity and extend the linear sensing range by integrating a hierarchical dome microstructure within the electrolyte layer and incorporating a curvilinear design in the top electrode. Specifically, the optimized sensor shows an ultrahigh sensitivity (34.79 nF kPa-1), a wide linear sensing range (0-800 kPa), high pressure resolution (0.1%), and stable capacitance responses for dynamic pressure even at high pressure conditions (200 kPa). Moreover, the sensor is successfully examined to perform the detection of human bio-signals, including body movement, respiration pattern recognition, and wrist pulse detection. Additionally, the sensor demonstrates strong potential for serving as an electronic skin (e-skin), as it enables accurate object weight estimation and object identification through machine learning techniques, achieving 100% classification accuracy."
168,A3_sensors,39323746,PMC11422183,10.1093/rb/rbae109,2024,Regenerative biomaterials,research-article; Journal Article,Integrating machine learning for the optimization of polyacrylamide/alginate hydrogel.,"Hydrogels are highly promising due to their soft texture and excellent biocompatibility. However, the designation and optimization of hydrogels involve numerous experimental parameters, posing challenges in achieving rapid optimization through conventional experimental methods. In this study, we leverage machine learning algorithms to optimize a dual-network hydrogel based on a blend of acrylamide (AM) and alginate, targeting applications in flexible electronics. By treating the concentrations of components as experimental parameters and utilizing five material properties as evaluation criteria, we conduct a comprehensive property assessment of the material using a linear weighting method. Subsequently, we design a series of experimental plans using the Bayesian optimization algorithm and validate them experimentally. Through iterative refinement, we optimize the experimental parameters, resulting in a hydrogel with superior overall properties, including heightened strain sensitivity and flexibility. Leveraging the available experimental data, we employ a classification algorithm to separate the cutoff data. The feature importance identified by the classification model highlights the pronounced impact of AM, ammonium persulfate, and N,N-methylene on the classification outcomes. Additionally, we develop a regression model and demonstrate its utility in predicting and analyzing the relationship between experimental parameters and hydrogel properties through experimental validation."
169,A3_sensors,37512722,PMC10385105,10.3390/mi14071411,2023,Micromachines,research-article; Journal Article,Flexible Pressure Sensors and Machine Learning Algorithms for Human Walking Phase Monitoring.,"Soft sensors are attracting much attention from researchers worldwide due to their versatility in practical projects. There are already many applications of soft sensors in aspects of life, consisting of human-robot interfaces, flexible electronics, medical monitoring, and healthcare. However, most of these studies have focused on a specific area, such as fabrication, data analysis, or experimentation. This approach can lead to challenges regarding the reliability, accuracy, or connectivity of the components. Therefore, there is a pressing need to consider the sensor's placement in an overall system and find ways to maximize the efficiency of such flexible sensors. This paper proposes a fabrication method for soft capacitive pressure sensors with spacer fabric, conductive inks, and encapsulation glue. The sensor exhibits a good sensitivity of 0.04 kPa-1, a fast recovery time of 7 milliseconds, and stability of 10,000 cycles. We also evaluate how to connect the sensor to other traditional sensors or hardware components. Some machine learning models are applied to these built-in soft sensors. As expected, the embedded wearables achieve a high accuracy of 96% when recognizing human walking phases."
170,A3_sensors,35277947,PMC9069389,10.1002/advs.202105550,2022,"Advanced science (Weinheim, Baden-Wurttemberg, Germany)","Research Support, Non-U.S. Gov't; research-article; Journal Article",Optimizing Piezoelectric Nanocomposites by High-Throughput Phase-Field Simulation and Machine Learning.,"Piezoelectric nanocomposites with oxide fillers in a polymer matrix combine the merit of high piezoelectric response of the oxides and flexibility as well as biocompatibility of the polymers. Understanding the role of the choice of materials and the filler-matrix architecture is critical to achieving desired functionality of a composite towards applications in flexible electronics and energy harvest devices. Herein, a high-throughput phase-field simulation is conducted to systematically reveal the influence of morphology and spatial orientation of an oxide filler on the piezoelectric, mechanical, and dielectric properties of the piezoelectric nanocomposites. It is discovered that with a constant filler volume fraction, a composite composed of vertical pillars exhibits superior piezoelectric response and electromechanical coupling coefficient as compared to the other geometric configurations. An analytical regression is established from a linear regression-based machine learning model, which can be employed to predict the performance of nanocomposites filled with oxides with a given set of piezoelectric coefficient, dielectric permittivity, and stiffness. This work not only sheds light on the fundamental mechanism of piezoelectric nanocomposites, but also offers a promising material design strategy for developing high-performance polymer/inorganic oxide composite-based wearable electronics."
171,A3_sensors,40268887,PMC12019587,10.1038/s41378-025-00934-2,2025,Microsystems & nanoengineering,research-article; Journal Article,Pulse-driven MEMS gas sensor combined with machine learning for selective gas identification.,"The sensing and identification of trace gases are essential for ensuring chemical safety and protecting human health. This study introduces a low-power electronic nose system that utilizes a single sensor driven by repeated pulsed power inputs, offering a viable alternative to conventional sensor array-based methods. The sensor's compact design and suspended architecture facilitate a rapid thermal response, effectively decoupling the influences of temperature, physisorption, and charge exchange on the conductivity of the sensing material. This mechanism generates distinct gas sensing responses, characterized by alternating dual responses within a single time period. The unique dynamics of the dual signals, which vary with gas type and concentration, enable precise identification of multiple gas species using machine learning (ML) algorithms. Microfabricated through wafer-level batch processing, our innovative electronic nose system holds significant potential for battery-powered mobile devices and IoT-based monitoring applications."
172,A3_sensors,37687970,PMC10490817,10.3390/s23177515,2023,"Sensors (Basel, Switzerland)",research-article; Journal Article,Multi-Damage Detection in Composite Space Structures via Deep Learning.,"The diagnostics of environmentally induced damages in composite structures plays a critical role for ensuring the operational safety of space platforms. Recently, spacecraft have been equipped with lightweight and very large substructures, such as antennas and solar panels, to meet the performance demands of modern payloads and scientific instruments. Due to their large surface, these components are more susceptible to impacts from orbital debris compared to other satellite locations. However, the detection of debris-induced damages still proves challenging in large structures due to minimal alterations in the spacecraft global dynamics and calls for advanced structural health monitoring solutions. To address this issue, a data-driven methodology using Long Short-Term Memory (LSTM) networks is applied here to the case of damaged solar arrays. Finite element models of the solar panels are used to reproduce damage locations, which are selected based on the most critical risk areas in the structures. The modal parameters of the healthy and damaged arrays are extracted to build the governing equations of the flexible spacecraft. Standard attitude manoeuvres are simulated to generate two datasets, one including local accelerations and the other consisting of piezoelectric voltages, both measured in specific locations of the structure. The LSTM architecture is then trained by associating each sensed time series with the corresponding damage label. The performance of the deep learning approach is assessed, and a comparison is presented between the accuracy of the two distinct sets of sensors: accelerometers and piezoelectric patches. In both cases, the framework proved effective in promptly identifying the location of damaged elements within limited measured time samples."
173,A3_sensors,39932995,PMC11848432,10.1073/pnas.2420498122,2025,Proceedings of the National Academy of Sciences of the United States of America,research-article; Journal Article,A deep learning-enabled smart garment for accurate and versatile monitoring of sleep conditions in daily life.,"In wearable smart systems, continuous monitoring and accurate classification of different sleep-related conditions are critical for enhancing sleep quality and preventing sleep-related chronic conditions. However, the requirements for device-skin coupling quality in electrophysiological sleep monitoring systems hinder the comfort and reliability of night wearing. Here, we report a washable, skin-compatible smart garment sleep monitoring system that captures local skin strain signals under weak device-skin coupling conditions without positioning or skin preparation requirements. A printed textile-based strain sensor array responds to strain from 0.1 to 10% with a gauge factor as high as 100 and shows independence to extrinsic motion artifacts via strain-isolating printed pattern design. Through reversible starching treatment, ink penetration depth during direct printing on garments is controlled to achieve batch-to-batch performance variation <10%. Coupled with deep learning, explainable AI, and transfer learning data processing, the smart garment is capable of classifying six sleep states with an accuracy of 98.6%, maintaining excellent explainability (classification with low bias) and generalization (95% accuracy on new users with few-shot learning less than 15 samples per class) in practical applications, paving the way for next-generation daily sleep healthcare management."
174,A3_sensors,40533473,PMC12177076,10.1038/s41378-025-00961-z,2025,Microsystems & nanoengineering,research-article; Journal Article,Intelligent planetary gear fault diagnosis system based on MEMS acoustic emission sensor.,"Early equipment fault diagnosis can identify potential risks, significantly reduce maintenance costs, and minimize property damage. However, vibration, strain, and force sensors operating at low frequencies with narrow bandwidths are insufficiently sensitive to fault information, making early fault prediction challenging. Here, we introduce a high-performance, cost-effective, and tiny-sized micro-electromechanical system (MEMS) acoustic emission sensor. This sensor utilizes a 10 × 11 hexagonal array of piezoelectric micromachined ultrasonic transducers with a chip size of 4 mm × 4 mm × 0.4 mm. The sensor is encapsulated using an epoxy/Al2O3 composite for acoustic impedance matching, and its overall size is Φ 16 mm × H 5.5 mm, with a weight of approximately 3 g. This acoustic emission sensor achieves a peak sensitivity of 88.4 dB (ref. V/(m/s)) at 335 kHz, and its sensitivity remains above 60 dB across the frequency range from 15 kHz to 620 kHz. In addition, combined with the residual neural networks, an intelligent fault diagnosis of the planetary gear is realized. This MEMS acoustic emission sensor can provide a promising approach for in-situ fault monitoring of highly integrated and miniaturized industrial equipment."
175,A3_sensors,34502646,PMC8434432,10.3390/s21175755,2021,"Sensors (Basel, Switzerland)",research-article; Journal Article,Analysis of the Impact of Sustained Load and Temperature on the Performance of the Electromechanical Impedance Technique through Multilevel Machine Learning and FBG Sensors.,"The electro-mechanical impedance (EMI) technique has been applied successfully to detect minor damage in engineering structures including reinforced concrete (RC). However, in the presence of temperature variations, it can cause false alarms in structural health monitoring (SHM) applications. This paper has developed an innovative approach that integrates the EMI methodology with multilevel hierarchical machine learning techniques and the use of fiber Bragg grating (FBG) temperature and strain sensors to evaluate the mechanical performance of RC beams strengthened with near surface mounted (NSM)-fiber reinforced polymer (FRP) under sustained load and varied temperatures. This problem is a real challenge since the bond behavior at the concrete-FRP interface plays a key role in the performance of this type of structure, and additionally, its failure occurs in a brittle and sudden way. The method was validated in a specimen tested over a period of 1.5 years under different conditions of sustained load and temperature. The analysis of the experimental results in an especially complex problem with the proposed approach demonstrated its effectiveness as an SHM method in a combined EMI-FBG framework."
176,A3_sensors,36949735,PMC10025282,10.1038/s41378-023-00499-y,2023,Microsystems & nanoengineering,research-article; Journal Article,Multiplexed DNA-functionalized graphene sensor with artificial intelligence-based discrimination performance for analyzing chemical vapor compositions.,"This study presents a new technology that can detect and discriminate individual chemical vapors to determine the chemical vapor composition of mixed chemical composition in situ based on a multiplexed DNA-functionalized graphene (MDFG) nanoelectrode without the need to condense the original vapor or target dilution. To the best of our knowledge, our artificial intelligence (AI)-operated arrayed electrodes were capable of identifying the compositions of mixed chemical gases with a mixed ratio in the early stage. This innovative technology comprised an optimized combination of nanodeposited arrayed electrodes and artificial intelligence techniques with advanced sensing capabilities that could operate within biological limits, resulting in the verification of mixed vapor chemical components. Highly selective sensors that are tolerant to high humidity levels provide a target for ""breath chemovapor fingerprinting"" for the early diagnosis of diseases. The feature selection analysis achieved recognition rates of 99% and above under low-humidity conditions and 98% and above under humid conditions for mixed chemical compositions. The 1D convolutional neural network analysis performed better, discriminating the compositional state of chemical vapor under low- and high-humidity conditions almost perfectly. This study provides a basis for the use of a multiplexed DNA-functionalized graphene gas sensor array and artificial intelligence-based discrimination of chemical vapor compositions in breath analysis applications."
177,A3_sensors,40924231,PMC12420570,10.1007/s40820-025-01912-z,2025,Nano-micro letters,research-article; Journal Article,Deep Learning-Assisted Organogel Pressure Sensor for Alphabet Recognition and Bio-Mechanical Motion Monitoring.,"Wearable sensors integrated with deep learning techniques have the potential to revolutionize seamless human-machine interfaces for real-time health monitoring, clinical diagnosis, and robotic applications. Nevertheless, it remains a critical challenge to simultaneously achieve desirable mechanical and electrical performance along with biocompatibility, adhesion, self-healing, and environmental robustness with excellent sensing metrics. Herein, we report a multifunctional, anti-freezing, self-adhesive, and self-healable organogel pressure sensor composed of cobalt nanoparticle encapsulated nitrogen-doped carbon nanotubes (CoN CNT) embedded in a polyvinyl alcohol-gelatin (PVA/GLE) matrix. Fabricated using a binary solvent system of water and ethylene glycol (EG), the CoN CNT/PVA/GLE organogel exhibits excellent flexibility, biocompatibility, and temperature tolerance with remarkable environmental stability. Electrochemical impedance spectroscopy confirms near-stable performance across a broad humidity range (40%-95% RH). Freeze-tolerant conductivity under sub-zero conditions (-20 °C) is attributed to the synergistic role of CoN CNT and EG, preserving mobility and network integrity. The CoN CNT/PVA/GLE organogel sensor exhibits high sensitivity of 5.75 kPa-1 in the detection range from 0 to 20 kPa, ideal for subtle biomechanical motion detection. A smart human-machine interface for English letter recognition using deep learning achieved 98% accuracy. The organogel sensor utility was extended to detect human gestures like finger bending, wrist motion, and throat vibration during speech."
178,A3_sensors,39669520,PMC11632522,10.1039/d4na00463a,2025,Nanoscale advances,research-article; Journal Article,Laser writing of metal-oxide doped graphene films for tunable sensor applications.,"Flexible and wearable devices play a pivotal role in the realm of smart portable electronics due to their diverse applications in healthcare monitoring, soft robotics, human-machine interfaces, and artificial intelligence. Nonetheless, the extensive integration of intelligent wearable sensors into mass production faces challenges within a resource-limited environment, necessitating low-cost manufacturing, high reliability, stability, and multi-functionality. In this study, a cost-effective fiber laser direct writing method (fLDW) was illustrated to create highly responsive and robust flexible sensors. These sensors integrate laser-induced graphene (LiG) with mixed metal oxides on a flexible polyimide film. fLDW simplifies the synthesis of graphene, functionalization of carbon structures into graphene oxides and reduced graphene oxides, and deposition of metal-oxide nanoparticles within a single experimental laser writing setup. The preparation and surface modification of dense oxygenated graphene networks and semiconducting metal oxide nanoparticles (CuO x , ZnO x , FeO x ) enables rapid fabrication of LiG/MO x composite sensors with the ability to detect and differentiate various stimuli, including visible light, UV light, temperature, humidity, and magnetic fluxes. Further, this in situ customizability of fLDW-produced sensors allows for tunable sensitivity, response time, recovery time, and selectivity. The normalized current gain of resistive LiG/MO x sensors can be controlled between -2.7 to 3.5, with response times ranging from 0.02 to 15 s, and recovery times from 0.04 to 6 s. Furthermore, the programmable properties showed great endurance after 200 days in air and extended bend cycles. Collectively, these LiG/MO x sensors stand as a testament to the effectiveness of fLDW in economically mass-producing flexible and wearable electronic devices to meet the explicit demands of the Internet of Things."
179,A3_sensors,38225616,PMC10790556,10.1186/s12931-024-02668-7,2024,Respiratory research,research-article; Journal Article,Advancing accuracy in breath testing for lung cancer: strategies for improving diagnostic precision in imbalanced data.,"BackgroundBreath testing using an electronic nose has been recognized as a promising new technique for the early detection of lung cancer. Imbalanced data are commonly observed in electronic nose studies, but methods to address them are rarely reported.ObjectiveThe objectives of this study were to assess the accuracy of electronic nose screening for lung cancer with imbalanced learning and to select the best mechanical learning algorithm.MethodsWe conducted a case‒control study that included patients with lung cancer and healthy controls and analyzed metabolites in exhaled breath using a carbon nanotube sensor array. The study used five machine learning algorithms to build predictive models and a synthetic minority oversampling technique to address imbalanced data. The diagnostic accuracy of lung cancer was assessed using pathology reports as the gold standard.ResultsWe enrolled 190 subjects between 2020 and 2023. A total of 155 subjects were used in the final analysis, which included 111 lung cancer patients and 44 healthy controls. We randomly divided samples into one training set, one internal validation set, and one external validation set. In the external validation set, the summary sensitivity was 0.88 (95% CI 0.84-0.91), the summary specificity was 1.00 (95% CI 0.85-1.00), the AUC was 0.96 (95% CI 0.94-0.98), the pAUC was 0.92 (95% CI 0.89-0.96), and the DOR was 207.62 (95% CI 24.62-924.64).ConclusionElectronic nose screening for lung cancer is highly accurate. The support vector machine algorithm is more suitable for analyzing chemical sensor data from electronic noses."
180,A3_sensors,32478033,PMC7237200,10.3389/fchem.2020.00362,2020,Frontiers in chemistry,research-article; Journal Article,Asymptomatic Diagnosis of Huanglongbing Disease Using Metalloporphyrin Functionalized Single-Walled Carbon Nanotubes Sensor Arrays.,"Porphyrins, with or without metal ions (MPs), have been explored and applied in optical and electrochemical sensor fields owing to their special physicochemical properties. The presence of four nitrogen atoms at the centers of porphyrins means that porphyrins chelate most metal ions, which changes the binding ability of MPs with gas molecules via non-specific binding. In this article, we report hybrid chemiresistor sensor arrays based on single-walled carbon nanotubes (SWNTs) non-covalently functionalized with six different MPs using the solvent casting technique. The characteristics of MP-SWNTs were investigated through various optical and electrochemical methods, including UV spectroscopy, Raman, atomic force microscopy, current-voltage (I-V), and field-effect transistor (FET) measurement. The proposed sensor arrays were employed to monitor the four VOCs (tetradecene, linalool, phenylacetaldehyde, and ethylhexanol) emitted by citrus trees infected with Huanglongbing (HLB), of which the contents changed dramatically at the asymptomatic stage. The sensitivity to VOCs could change significantly, exceeding the lower limits of the SWNT-based sensors. For qualitative and quantitative analysis of the four VOCs, the data collected by the sensor arrays were processed using different regression models including partial least squares (PLS) and an artificial neural network (ANN), which further offered a diagnostic basis for Huanglongbing disease at the asymptomatic stage."
181,A3_sensors,34291037,PMC8287097,10.3389/fchem.2021.706460,2021,Frontiers in chemistry,research-article; Journal Article,Analysis of Milk Using a Portable Potentiometric Electronic Tongue Based on Five Polymeric Membrane Sensors.,"A portable potentiometric electronic tongue (PE-tongue) was developed and applied to evaluate the quality of milk with different fat content (skimmed, semi-skimmed, and whole) and with different nutritional content (classic, calcium-enriched, lactose-free, folic acid-enriched, and enriched in sterols of vegetal origin). The system consisted of a simplified array of five sensors based on PVC membranes, coupled to a data logger. The five sensors were selected from a larger set of 20 sensors by applying the genetic algorithm (GA) to the responses to compounds usually found in milk including salts (KCl, CaCl2, and NaCl), sugars (lactose, glucose, and galactose), and organic acids (citric acid and lactic acid). Principal component analysis (PCA) and support vector machine (SVM) results indicated that the PE-tongue consisting of a five-electrode array could successfully discriminate and classify milk samples according to their nutritional content. The PE-tongue provided similar discrimination capability to that of a more complex system formed by a 20-sensor array. SVM regression models were used to predict the physicochemical parameters classically used in milk quality control (acidity, density, %proteins, %lactose, and %fat). The prediction results were excellent and similar to those obtained with a much more complex array consisting of 20 sensors. Moreover, the SVM method confirmed that spoilage of unsealed milk could be correctly identified with the simplified system and the increase in acidity could be accurately predicted. The results obtained demonstrate the possibility of using the simplified PE-tongue to predict milk quality and provide information on the chemical composition of milk using a simple and portable system."
182,A3_sensors,39686354,PMC11645102,10.3390/s24237817,2024,"Sensors (Basel, Switzerland)",research-article; Journal Article,SHM System for Composite Material Based on Lamb Waves and Using Machine Learning on Hardware.,"There is extensive use of nondestructive test (NDT) inspections on aircraft, and many techniques nowadays exist to inspect failures and cracks in their structures. Moreover, NDT inspections are part of a more general structural health monitoring (SHM) system, where cutting-edge technologies are needed as powerful resources to achieve high performance. The high-performance aspects of SHM systems are response time, power consumption, and usability, which are difficult to achieve because of the system's complexity. Then, it is even more challenging to develop a real-time low-power SHM system. Today, the ideal process is for structural health information extraction to be completed on the flight; however, the defects and damage are quantitatively made offline and on the ground, and sometimes, the respective procedure test is applied later on the ground, after the flight. For this reason, the present paper introduces an FPGA-based intelligent SHM system that processes Lamb wave signals using piezoelectric sensors to detect, classify, and locate damage in composite structures. The system employs machine learning (ML), specifically support vector machines (SVM), to classify damage while addressing outlier challenges with the Mahalanobis distance during the classification phase. To process the complex Lamb wave signals, the system incorporates well-known signal processing (DSP) techniques, including power spectrum density (PSD), wavelet transform, and Principal Component Analysis (PCA), for noise reduction, feature extraction, and data compression. These techniques enable the system to handle material anisotropy and mitigate the effects of edge reflections and mode conversions. Damage is quantitatively evaluated with classification accuracies of 96.25% for internal defects and 97.5% for external defects, with localization achieved by associating receiver positions with damage occurrence. This robust system is validated through experiments and demonstrates its potential for real-time applications in aerospace composite structures, addressing challenges related to material complexity, outliers, and scalable hardware implementation for larger sensor networks."
183,A3_sensors,40859909,PMC12631923,10.1002/advs.202507610,2025,"Advanced science (Weinheim, Baden-Wurttemberg, Germany)",research-article; Journal Article,Thinned and Welded Silver Nanowires for Intelligent Pressure and Humidity Sensing Enabled by Machine Learning.,"The rapid development of flexible and wearable technologies urgently requires high-performance and compatible flexible electrodes. Silver nanowires (AgNWs) are considered a promising conductive material, but their inherent structural drawbacks significantly hinder their widespread application. Here, an innovative and facile strategy is employed to simultaneously enhance the electrical and optical properties of AgNWs by precisely tuning their microstructure. Thinner AgNWs are achieved through the selective etching, alongside enhanced heating and mechanical properties, stemming from the welded structure and preserved conductive network integrity. A pressure sensor constructed with modified AgNWs demonstrates improved sensitivity compared to one using pristine AgNWs. By leveraging machine learning, the sensor can identify pressing behaviors with different fingers, achieving a high accuracy of 94.5%. The letters of the alphabet are also accurately recognized through analysis of unique resistance patterns in their Morse code. With the incorporation of a moisture-sensitive graphene oxide layer, the device is capable of recognizing human respiration behaviors and detecting voices based on their distinctive respiration and pronunciation patterns. The strategy employed to tailor the functionality of AgNWs, combined with further integration of machine learning, presents a promising avenue for advancing flexible and wearable electronics."
184,A3_sensors,39738742,PMC11683042,10.1007/s40820-024-01605-z,2024,Nano-micro letters,research-article; Journal Article,Ti3C2Tx Composite Aerogels Enable Pressure Sensors for Dialect Speech Recognition Assisted by Deep Learning.,"Wearable pressure sensors capable of adhering comfortably to the skin hold great promise in sound detection. However, current intelligent speech assistants based on pressure sensors can only recognize standard languages, which hampers effective communication for non-standard language people. Here, we prepare an ultralight Ti3C2Tx MXene/chitosan/polyvinylidene difluoride composite aerogel with a detection range of 6.25 Pa-1200 kPa, rapid response/recovery time, and low hysteresis (13.69%). The wearable aerogel pressure sensor can detect speech information through the throat muscle vibrations without any interference, allowing for accurate recognition of six dialects (96.2% accuracy) and seven different words (96.6% accuracy) with the assistance of convolutional neural networks. This work represents a significant step forward in silent speech recognition for human-machine interaction and physiological signal monitoring."
185,A3_sensors,37049275,PMC10096685,10.3390/nano13071181,2023,"Nanomaterials (Basel, Switzerland)",research-article; Journal Article,Electrospun Nanofibers Hybrid Wrinkled Micropyramidal Architectures for Elastic Self-Powered Tactile and Motion Sensors.,"Conformable, sensitive, long-lasting, external power supplies-free multifunctional electronics are highly desired for personal healthcare monitoring and artificial intelligence. Herein, we report a series of stretchable, skin-like, self-powered tactile and motion sensors based on single-electrode mode triboelectric nanogenerators. The triboelectric sensors were composed of ultraelastic polyacrylamide (PAAm)/(polyvinyl pyrrolidone) PVP/(calcium chloride) CaCl2 conductive hydrogels and surface-modified silicon rubber thin films. The significant enhancement of electrospun polyvinylidene fluoride (PVDF) nanofiber-modified hierarchically wrinkled micropyramidal architectures for the friction layer was studied. The mechanism of the enhanced output performance of the electrospun PVDF nanofibers and the single-side/double-side wrinkled micropyramidal architectures-based sensors has been discussed in detail. The as-prepared devices exhibited excellent sensitivity of a maximum of 20.1 V/N (or 8.03 V/kPa) as tactile sensors to recognize a wide range of forces from 0.1 N to 30 N at low frequencies. In addition, multiple human motion monitoring was demonstrated, such as knee, finger, wrist, and neck movement and voice recognition. This work shows great potential for skin-like epidermal electronics in long-term medical monitoring and intelligent robot applications."
186,A3_sensors,33904712,PMC8278388,10.1021/acs.jctc.1c00159,2021,Journal of chemical theory and computation,research-article; Journal Article,Beyond Tripeptides Two-Step Active Machine Learning for Very Large Data sets.,"Self-assembling peptide nanostructures have been shown to be of great importance in nature and have presented many promising applications, for example, in medicine as drug-delivery vehicles, biosensors, and antivirals. Being very promising candidates for the growing field of bottom-up manufacture of functional nanomaterials, previous work (Frederix, et al. 2011 and 2015) has screened all possible amino acid combinations for di- and tripeptides in search of such materials. However, the enormous complexity and variety of linear combinations of the 20 amino acids make exhaustive simulation of all combinations of tetrapeptides and above infeasible. Therefore, we have developed an active machine-learning method (also known as ""iterative learning"" and ""evolutionary search method"") which leverages a lower-resolution data set encompassing the whole search space and a just-in-time high-resolution data set which further analyzes those target peptides selected by the lower-resolution model. This model uses newly generated data upon each iteration to improve both lower- and higher-resolution models in the search for ideal candidates. Curation of the lower-resolution data set is explored as a method to control the selected candidates, based on criteria such as log P. A major aim of this method is to produce the best results in the least computationally demanding way. This model has been developed to be broadly applicable to other search spaces with minor changes to the algorithm, allowing its use in other areas of research."
187,A3_sensors,38544935,PMC10966183,10.1016/j.fochx.2024.101281,2024,Food chemistry: X,research-article; Journal Article,Colorimetric sensor array for the rapid distinction and detection of various antibiotic-resistant psychrophilic bacteria in raw milk based-on machine learning.,"In this study, a rapid, inexpensive, and accurate colorimetric sensor for detecting psychrophilic bacteria was designed, comprising gold (Au) nanoparticles (NPs) modified by d-amino acid (D-AA) as color-metric probes. Based on the aggregation of Au NPs induced by psychrophilic bacteria, a noticeable color shift occurred within 6 h. Depending on the various metabolic behaviors of bacteria to different D-AA, four primary psychrophilic bacteria in raw milk were successfully distinguished by learning the response patterns. Furthermore, the quantification of single bacteria and the practical application in milk samples could be realized. Notably, a rapid colorimetric method was constructed by combining Au/D-AA with antibiotics for the minimum inhibitory concentration of psychrophilic bacteria, which relied on differences in bacteria metabolic activity in response to diverse antibiotic treatments. Therefore, the method enables the rapid detection and susceptibility evaluation of psychrophilic bacteria, promoting clinical practicability and antibiotic management."
188,A3_sensors,36281963,PMC9706806,10.1021/acssensors.2c01260,2022,ACS sensors,"Research Support, Non-U.S. Gov't; research-article; Journal Article",A Sensor Array Based on Molecularly Imprinted Polymers and Machine Learning for the Analysis of Fluoroquinolone Antibiotics.,"Fluoroquinolones (FQs) are one of the most important types of antibiotics in the clinical, poultry, and aquaculture industries, and their monitoring is required as the abuse has led to severe issues, such as antibiotic residues and antimicrobial resistance. In this study, we report a voltammetric electronic tongue (ET) for the simultaneous determination of ciprofloxacin, levofloxacin, and moxifloxacin in both pharmaceutical and biological samples. The ET comprises four sensors modified with three different customized molecularly imprinted polymers (MIPs) and a nonimprinted polymer integrated with Au nanoparticle-decorated multiwall carbon nanotubes (Au-fMWCNTs). MWCNTs were first functionalized to serve as a supporting substrate, while the anchored Au nanoparticles acted as a catalyst. Subsequently, MIP films were obtained by electropolymerization of pyrrole in the presence of the different target FQs. The sensors' morphology was characterized by scanning electron microscopy and transmission electron microscopy, while the modification process was followed electrochemically step by step employing [Fe(CN)6]3-/4- as the redox probe. Under the optimal conditions, the MIP(FQs)@Au-fMWCNT sensors exhibited different responses, limits of detection of ca. 1 μM, and a wide detection range up to 300 μM for the three FQs. Lastly, the developed ET presents satisfactory agreement between the expected and obtained values when used for the simultaneous determination of mixtures of the three FQs (R2 ≥0.960, testing subset), which was also applied to the analysis of FQs in commercial pharmaceuticals and spiked human urine samples."
189,A3_sensors,39327317,PMC11427634,10.1007/s40820-024-01532-z,2024,Nano-micro letters,research-article; Journal Article,Bioinspired Passive Tactile Sensors Enabled by Reversible Polarization of Conjugated Polymers.,"Tactile perception plays a vital role for the human body and is also highly desired for smart prosthesis and advanced robots. Compared to active sensing devices, passive piezoelectric and triboelectric tactile sensors consume less power, but lack the capability to resolve static stimuli. Here, we address this issue by utilizing the unique polarization chemistry of conjugated polymers for the first time and propose a new type of bioinspired, passive, and bio-friendly tactile sensors for resolving both static and dynamic stimuli. Specifically, to emulate the polarization process of natural sensory cells, conjugated polymers (including poly(3,4-ethylenedioxythiophene):poly(styrenesulfonate), polyaniline, or polypyrrole) are controllably polarized into two opposite states to create artificial potential differences. The controllable and reversible polarization process of the conjugated polymers is fully in situ characterized. Then, a micro-structured ionic electrolyte is employed to imitate the natural ion channels and to encode external touch stimulations into the variation in potential difference outputs. Compared with the currently existing tactile sensing devices, the developed tactile sensors feature distinct characteristics including fully organic composition, high sensitivity (up to 773 mV N-1), ultralow power consumption (nW), as well as superior bio-friendliness. As demonstrations, both single point tactile perception (surface texture perception and material property perception) and two-dimensional tactile recognitions (shape or profile perception) with high accuracy are successfully realized using self-defined machine learning algorithms. This tactile sensing concept innovation based on the polarization chemistry of conjugated polymers opens up a new path to create robotic tactile sensors and prosthetic electronic skins."
