rank,area,epmc_id,pmcid,doi,year,journal,pub_types,title,abstract
1,A4_tissue,38333615,PMC10850738,10.1016/j.bioactmat.2024.01.012,2024,Bioactive materials,research-article; Journal Article,Construction of functional neural network tissue combining CBD-NT3-modified linear-ordered collagen scaffold and TrkC-modified iPSC-derived neural stem cells for spinal cord injury repair.,"Induced pluripotent stem cells (iPSCs) can be personalized and differentiated into neural stem cells (NSCs), thereby effectively providing a source of transplanted cells for spinal cord injury (SCI). To further improve the repair efficiency of SCI, we designed a functional neural network tissue based on TrkC-modified iPSC-derived NSCs and a CBD-NT3-modified linear-ordered collagen scaffold (LOCS). We confirmed that transplantation of this tissue regenerated neurons and synapses, improved the microenvironment of the injured area, enhanced remodeling of the extracellular matrix, and promoted functional recovery of the hind limbs in a rat SCI model with complete transection. RNA sequencing and metabolomic analyses also confirmed the repair effect of this tissue from multiple perspectives and revealed its potential mechanism for treating SCI. Together, we constructed a functional neural network tissue using human iPSCs-derived NSCs as seed cells based on the interaction of receptors and ligands for the first time. This tissue can effectively improve the therapeutic effect of SCI, thus confirming the feasibility of human iPSCs-derived NSCs and LOCS for SCI repair and providing a valuable direction for SCI research."
2,A4_tissue,40335689,PMC12158774,10.1038/s41586-025-08985-1,2025,Nature,research-article; Journal Article,Light-microscopy-based connectomic reconstruction of mammalian brain tissue.,"The information-processing capability of the brain's cellular network depends on the physical wiring pattern between neurons and their molecular and functional characteristics. Mapping neurons and resolving their individual synaptic connections can be achieved by volumetric imaging at nanoscale resolution1,2 with dense cellular labelling. Light microscopy is uniquely positioned to visualize specific molecules, but dense, synapse-level circuit reconstruction by light microscopy has been out of reach, owing to limitations in resolution, contrast and volumetric imaging capability. Here we describe light-microscopy-based connectomics (LICONN). We integrated specifically engineered hydrogel embedding and expansion with comprehensive deep-learning-based segmentation and analysis of connectivity, thereby directly incorporating molecular information into synapse-level reconstructions of brain tissue. LICONN will allow synapse-level phenotyping of brain tissue in biological experiments in a readily adoptable manner."
3,A4_tissue,40657048,PMC12251101,10.1109/ojemb.2025.3562382,2025,IEEE open journal of engineering in medicine and biology,research-article; Journal Article,Biomimetic Chitosan-Based Hydrogels for Sustainable Wound Healing With AI/ML Insights.,"Wound healing process is associated with multifaceted complications and is a functional way to advance the therapeutic process. Polymeric biomaterials exhibit structural mimicry with the extracellular matrix of the tissue to be regenerated and they also avoid chronic inflammation and immunological responses. Chitosan, a biopolymer demonstrates exceptional healing properties because of its biocompatibility, biodegradability, antimicrobial nature and affinity for biomolecules. Biomaterials consisting of chitosan along with herbal extracts could be ideal for wound healing. Click chemistry can provide one of the best ways to combine these bio-actives with chitosan. Advancing wound healing strategies with artificial intelligence /machine learning approaches can be employed further to boost the clinical efficacies of bioactive-loaded chitosan composite hydrogels. This review article investigates functionalized wound dressings with special emphasis on chitosan-based hydrogels, their effects on wound healing, and advanced approaches to increase hydrogel benefits by adding bioactive substances to form nanocomposites."
4,A4_tissue,36416374,PMC10107930,10.1111/his.14846,2023,Histopathology,research-article; Journal Article,Myelofibrosis progression grading based on type I and type III collagen and fibrillin 1 expression boosted by whole slide image analysis.,"AimsThe progression of primary myelofibrosis is characterised by ongoing extracellular matrix deposition graded based on 'reticulin' and 'collagen' fibrosis, as revealed by Gomori's silver impregnation. Here we studied the expression of the major extracellular matrix proteins of fibrosis in relation to diagnostic silver grading supported by image analysis.Methods and resultsBy using automated immunohistochemistry, in this study we demonstrate that the expression of both types I and III collagens and fibrillin 1 by bone marrow stromal cells can reveal the extracellular matrix scaffolding in line with myelofibrosis progression as classified by silver grading. 'Reticulin' fibrosis indicated by type III collagen expression and 'collagen' fibrosis featured by type I collagen expression were parallel, rather than sequential, events. This is line with the proposed role of type III collagen in regulating type I collagen fibrillogenesis. The uniformly strong fibrillin 1 immune signals offered the best inter-rater agreements and the highest statistical correlations with silver grading of the three markers, which was robustly confirmed by automated whole slide digital image analysis using a machine learning-based algorithm. The progressive up-regulation of fibrillin 1 during myelofibrosis may result from a negative feedback loop as fibrillin microfibrils sequester TGF-β, the major promoter of fibrosis. This can also reduce TGF-β-induced RANKL levels, which would stimulate osteoclastogenesis and thus can support osteosclerosis in advanced myelofibrosis.ConclusionsThrough the in-situ detection of these extracellular matrix proteins, our results verify the molecular pathobiology of fibrosis during myelofibrosis progression. In particular, fibrillin 1 immunohistochemistry, with or without image analysis, can complement diagnostic silver grading at decent cell morphology."
5,A4_tissue,38510171,PMC10951922,10.1017/s2633903x23000247,2023,Biological imaging,research-article; Journal Article,A spatial statistical framework for the parametric study of fiber networks: Application to fibronectin deposition by normal and activated fibroblasts.,"Due to the complex architectural diversity of biological networks, there is an increasing need to complement statistical analyses with a qualitative and local description of their spatial properties. One such network is the extracellular matrix (ECM), a biological scaffold for which changes in its spatial organization significantly impact tissue functions in health and disease. Quantifying variations in the fibrillar architecture of major ECM proteins should considerably advance our understanding of the link between tissue structure and function. Inspired by the analysis of functional magnetic resonance imaging (fMRI) images, we propose a novel statistical analysis approach embedded into a machine learning paradigm, to measure and detect local variations of meaningful ECM parameters. We show that parametric maps representing fiber length and pore directionality can be analyzed within the proposed framework to differentiate among various tissue states. The parametric maps are derived from graph-based representations that reflect the network architecture of fibronectin (FN) fibers in a normal, or disease-mimicking in vitro setting. Such tools can potentially lead to a better characterization of dynamic matrix networks within fibrotic tumor microenvironments and contribute to the development of better imaging modalities for monitoring their remodeling and normalization following therapeutic intervention."
6,A4_tissue,40395497,PMC12082301,10.1016/j.mbm.2024.100083,2024,Mechanobiology in medicine,discussion; Journal Article,From sequence to mechanobiology? Promises and challenges for AlphaFold 3.,"Interactions between macromolecules orchestrate many mechanobiology processes. However, progress in the field has often been hindered by the monetary and time costs of obtaining reliable experimental structures. In recent years, deep-learning methods, such as AlphaFold, have democratized access to high-quality predictions of the structural properties of proteins and other macromolecules. The newest implementation, AlphaFold 3, significantly expands the applications of its predecessor, AlphaFold 2, by incorporating reliable models for small molecules and nucleic acids and enhancing the prediction of macromolecular complexes. While several limitations still exist, the continuous improvement of machine learning methods like AlphaFold is producing a significant revolution in the field. The possibility of easily accessing structural predictions of biomolecular complexes may create substantial impacts in mechanobiology. Indeed, structural studies are at the basis of several applications in the field, such as drug discovery for mechanosensing proteins, development of mechanotherapy, understanding the mechanotransduction mechanisms and the mechanistic basis of diseases, or designing biomaterials for tissue engineering."
7,A4_tissue,35124896,PMC11468966,10.1002/adhm.202102508,2022,Advanced healthcare materials,"Research Support, Non-U.S. Gov't; research-article; Journal Article",Sublingual Boosting with a Novel Mucoadhesive Thermogelling Hydrogel Following Parenteral CAF01 Priming as a Strategy Against Chlamydia trachomatis.,"Chlamydia trachomatis is the most prevalent sexually transmitted disease of bacterial origin. The high number of asymptomatic cases makes it difficult to stop the transmission, requiring vaccine development. Herein, a strategy is proposed to obtain local genital tract immunity against C. trachomatis through parenteral prime and sublingual boost. Subcutaneous administration of chlamydia CTH522 subunit vaccine loaded in the adjuvant CAF01 is combined with sublingual administration of CTH522 loaded in a novel thermosensitive and mucoadhesive hydrogel. Briefly, a ternary optimized hydrogel (OGEL) with desirable biological and physicochemical properties is obtained using artificial intelligence techniques. This formulation exhibits a high gel strength and a strong mucoadhesive, adhesive and cohesive nature. The thermosensitive properties of the hydrogel facilitate application under the tongue. Meanwhile the fast gelation at body temperature together with rapid antigen release should avoid CTH522 leakage by swallowing and increase the contact with sublingual tissue, thus promoting absorption. In vivo studies demonstrate that parenteral-sublingual prime-boost immunization, using CAF01 and OGEL as CTH522 vaccine carriers, shows a tendency to increase cellular (Th1/Th17) immune responses when compared to mucosal or parenteral vaccination alone. Furthermore, parenteral prime with CAF01/CTH522 followed by sublingual boosting with OGEL/CTH522 elicits a local IgA response in the genital tract."
8,A4_tissue,38732656,PMC11085928,10.3390/polym16091187,2024,Polymers,research-article; Journal Article,Deep Learning for Cell Migration in Nonwoven Materials and Evaluating Gene Transfer Effects following AAV6-ND4 Transduction.,"Studying cell settlement in the three-dimensional structure of synthetic biomaterials over time is of great interest in research and clinical translation for the development of artificial tissues and organs. Tracking cells as physical objects improves our understanding of the processes of migration, homing, and cell division during colonisation of the artificial environment. In this study, the 3D environment had a direct effect on the behaviour of biological objects. Recently, deep learning-based algorithms have shown significant benefits for cell segmentation tasks and, furthermore, for biomaterial design optimisation. We analysed the primary LHON fibroblasts in an artificial 3D environment after adeno-associated virus transduction. Application of these tools to model cell homing in biomaterials and to monitor cell morphology, migration and proliferation indirectly demonstrated restoration of the normal cell phenotype after gene manipulation by AAV transduction. Following the 3Rs principles of reducing the use of living organisms in research, modeling the formation of tissues and organs by reconstructing the behaviour of different cell types on artificial materials facilitates drug testing, the study of inherited and inflammatory diseases, and wound healing. These studies on the composition and algorithms for creating biomaterials to model the formation of cell layers were inspired by the principles of biomimicry."
9,A4_tissue,37012266,PMC10070414,10.1038/s41598-023-31677-7,2023,Scientific reports,"Research Support, Non-U.S. Gov't; research-article; Research Support, U.S. Gov't, Non-P.H.S.; Journal Article",Machine learning unifies flexibility and efficiency of spinodal structure generation for stochastic biomaterial design.,"Porous biomaterials design for bone repair is still largely limited to regular structures (e.g. rod-based lattices), due to their easy parameterization and high controllability. The capability of designing stochastic structure can redefine the boundary of our explorable structure-property space for synthesizing next-generation biomaterials. We hereby propose a convolutional neural network (CNN) approach for efficient generation and design of spinodal structure-an intriguing structure with stochastic yet interconnected, smooth, and constant pore channel conducive to bio-transport. Our CNN-based approach simultaneously possesses the tremendous flexibility of physics-based model in generating various spinodal structures (e.g. periodic, anisotropic, gradient, and arbitrarily large ones) and comparable computational efficiency to mathematical approximation model. We thus successfully design spinodal bone structures with target anisotropic elasticity via high-throughput screening, and directly generate large spinodal orthopedic implants with desired gradient porosity. This work significantly advances stochastic biomaterials development by offering an optimal solution to spinodal structure generation and design."
10,A4_tissue,37006302,PMC10050687,10.3389/fimmu.2023.1127879,2023,Frontiers in immunology,"Research Support, Non-U.S. Gov't; research-article; Journal Article",Establishing a human bone marrow single cell reference atlas to study ageing and diseases.,"IntroductionAgeing in the human bone marrow is associated with immune function decline that results in the elderly being vulnerable to illnesses. A comprehensive healthy bone marrow consensus atlas can serve as a reference to study the immunological changes associated with ageing, and to identify and study abnormal cell states.MethodsWe collected publicly available single cell transcriptomic data of 145 healthy samples encompassing a wide spectrum of ages ranging from 2 to 84 years old to construct our human bone marrow atlas. The final atlas has 673,750 cells and 54 annotated cell types.ResultsWe first characterised the changes in cell population sizes with respect to age and the corresponding changes in gene expression and pathways. Overall, we found significant age-associated changes in the lymphoid lineage cells. The naïve CD8+ T cell population showed significant shrinkage with ageing while the effector/memory CD4+ T cells increased in proportion. We also found an age-correlated decline in the common lymphoid progenitor population, in line with the commonly observed myeloid skew in haematopoiesis among the elderly. We then employed our cell type-specific ageing gene signatures to develop a machine learning model that predicts the biological age of bone marrow samples, which we then applied to healthy individuals and those with blood diseases. Finally, we demonstrated how to identify abnormal cell states by mapping disease samples onto the atlas. We accurately identified abnormal plasma cells and erythroblasts in multiple myeloma samples, and abnormal cells in acute myeloid leukaemia samples.DiscussionThe bone marrow is the site of haematopoiesis, a highly important bodily process. We believe that our healthy bone marrow atlas is a valuable reference for studying bone marrow processes and bone marrow-related diseases. It can be mined for novel discoveries, as well as serve as a reference scaffold for mapping samples to identify and investigate abnormal cells."
11,A4_tissue,34831010,PMC8616054,10.3390/cancers13225857,2021,Cancers,research-article; Journal Article,Human Breast Extracellular Matrix Microstructures and Protein Hydrogel 3D Cultures of Mammary Epithelial Cells.,"Tissue extracellular matrix (ECM) is a structurally and compositionally unique microenvironment within which native cells can perform their natural biological activities. Cells grown on artificial substrata differ biologically and phenotypically from those grown within their native tissue microenvironment. Studies examining human tissue ECM structures and the biology of human tissue cells in their corresponding tissue ECM are lacking. Such investigations will improve our understanding about human pathophysiological conditions for better clinical care. We report here human normal breast tissue and invasive ductal carcinoma tissue ECM structural features. For the first time, a hydrogel was successfully fabricated using whole protein extracts of human normal breast ECM. Using immunofluorescence staining of type I collagen (Col I) and machine learning of its fibrous patterns in the polymerized human breast ECM hydrogel, we have defined the microstructural characteristics of the hydrogel and compared the microstructures with those of other native ECM hydrogels. Importantly, the ECM hydrogel supported 3D growth and cell-ECM interaction of both normal and cancerous mammary epithelial cells. This work represents further advancement toward full reconstitution of the human breast tissue microenvironment, an accomplishment that will accelerate the use of human pathophysiological tissue-derived matrices for individualized biomedical research and therapeutic development."
12,A4_tissue,35987777,PMC9392801,10.1038/s41598-022-18332-3,2022,Scientific reports,"Research Support, Non-U.S. Gov't; research-article; Journal Article",Feasibility and application of machine learning enabled fast screening of poly-beta-amino-esters for cartilage therapies.,"Despite the large prevalence of diseases affecting cartilage (e.g. knee osteoarthritis affecting 16% of population globally), no curative treatments are available because of the limited capacity of drugs to localise in such tissue caused by low vascularisation and electrostatic repulsion. While an effective delivery system is sought, the only option is using high drug doses that can lead to systemic side effects. We introduced poly-beta-amino-esters (PBAEs) to effectively deliver drugs into cartilage tissues. PBAEs are copolymer of amines and di-acrylates further end-capped with other amine; therefore encompassing a very large research space for the identification of optimal candidates. In order to accelerate the screening of all possible PBAEs, the results of a small pool of polymers (n = 90) were used to train a variety of machine learning (ML) methods using only polymers properties available in public libraries or estimated from the chemical structure. Bagged multivariate adaptive regression splines (MARS) returned the best predictive performance and was used on the remaining (n = 3915) possible PBAEs resulting in the recognition of pivotal features; a further round of screening was carried out on PBAEs (n = 150) with small variations of structure of the main candidates from the first round. The refinements of such characteristics enabled the identification of a leading candidate predicted to improve drug uptake > 20 folds over conventional clinical treatment; this uptake improvement was also experimentally confirmed. This work highlights the potential of ML to accelerate biomaterials development by efficiently extracting information from a limited experimental dataset thus allowing patients to benefit earlier from a new technology and at a lower price. Such roadmap could also be applied for other drug/materials development where optimisation would normally be approached through combinatorial chemistry."
13,A4_tissue,38882138,PMC11170757,10.1021/acsomega.4c01234,2024,ACS omega,research-article; Journal Article,Quantitative Evaluation of the Pore and Window Sizes of Tissue Engineering Scaffolds on Scanning Electron Microscope Images Using Deep Learning.,"The morphological characteristics of tissue engineering scaffolds, such as pore and window diameters, are crucial, as they directly impact cell-material interactions, attachment, spreading, infiltration of the cells, degradation rate and the mechanical properties of the scaffolds. Scanning electron microscopy (SEM) is one of the most commonly used techniques for characterizing the microarchitecture of tissue engineering scaffolds due to its advantages, such as being easily accessible and having a short examination time. However, SEM images provide qualitative data that need to be manually measured using software such as ImageJ to quantify the morphological features of the scaffolds. As it is not practical to measure each pore/window in the SEM images as it requires extensive time and effort, only the number of pores/windows is measured and assumed to represent the whole sample, which may cause user bias. Additionally, depending on the number of samples and groups, a study may require measuring thousands of samples and the human error rate may increase. To overcome such problems, in this study, a deep learning model (Pore D2) was developed to quantify the morphological features (such as the pore size and window size) of the open-porous scaffolds automatically for the first time. The developed algorithm was tested on emulsion-templated scaffolds fabricated under different fabrication conditions, such as changing mixing speed, temperature, and surfactant concentration, which resulted in scaffolds with various morphologies. Along with the developed model, blind manual measurements were taken, and the results showed that the developed tool is capable of quantifying pore and window sizes with a high accuracy. Quantifying the morphological features of scaffolds fabricated under different circumstances and controlling these features enable us to engineer tissue engineering scaffolds precisely for specific applications. Pore D2, an open-source software, is available for everyone at the following link: https://github.com/ilaydakaraca/PoreD2."
14,A4_tissue,32094341,PMC7039897,10.1038/s41467-020-14930-9,2020,Nature communications,"Research Support, Non-U.S. Gov't; research-article; Research Support, U.S. Gov't, Non-P.H.S.; Journal Article; Research Support, N.I.H., Extramural",Neural cell integration into 3D bioprinted skeletal muscle constructs accelerates restoration of muscle function.,"A bioengineered skeletal muscle construct that mimics structural and functional characteristics of native skeletal muscle is a promising therapeutic option to treat extensive muscle defect injuries. We previously showed that bioprinted human skeletal muscle constructs were able to form multi-layered bundles with aligned myofibers. In this study, we investigate the effects of neural cell integration into the bioprinted skeletal muscle construct to accelerate functional muscle regeneration in vivo. Neural input into this bioprinted skeletal muscle construct shows the improvement of myofiber formation, long-term survival, and neuromuscular junction formation in vitro. More importantly, the bioprinted constructs with neural cell integration facilitate rapid innervation and mature into organized muscle tissue that restores normal muscle weight and function in a rodent model of muscle defect injury. These results suggest that the 3D bioprinted human neural-skeletal muscle constructs can be rapidly integrated with the host neural network, resulting in accelerated muscle function restoration."
15,A4_tissue,35056244,PMC8778756,10.3390/mi13010079,2022,Micromachines,research-article; Journal Article,Optimization of Complete Rat Heart Decellularization Using Artificial Neural Networks.,"Whole organ decellularization techniques have facilitated the fabrication of extracellular matrices (ECMs) for engineering new organs. Unfortunately, there is no objective gold standard evaluation of the scaffold without applying a destructive method such as histological analysis or DNA removal quantification of the dry tissue. Our proposal is a software application using deep convolutional neural networks (DCNN) to distinguish between different stages of decellularization, determining the exact moment of completion. Hearts from male Sprague Dawley rats (n = 10) were decellularized using 1% sodium dodecyl sulfate (SDS) in a modified Langendorff device in the presence of an alternating rectangular electric field. Spectrophotometric measurements of deoxyribonucleic acid (DNA) and total proteins concentration from the decellularization solution were taken every 30 min. A monitoring system supervised the sessions, collecting a large number of photos saved in corresponding folders. This system aimed to prove a strong correlation between the data gathered by spectrophotometry and the state of the heart that could be visualized with an OpenCV-based spectrometer. A decellularization completion metric was built using a DCNN based classifier model trained using an image set comprising thousands of photos. Optimizing the decellularization process using a machine learning approach launches exponential progress in tissue bioengineering research."
16,A4_tissue,34027089,PMC8126813,10.1002/btm2.10200,2021,Bioengineering & translational medicine,research-article; Journal Article,Screening of important metabolites and KRAS genotypes in colon cancer using secondary ion mass spectrometry.,"Time-of-flight secondary ion mass spectrometry (TOF-SIMS) is an imaging-based analytical technique that can characterize the surfaces of biomaterials. We used TOF-SIMS to identify important metabolites and oncogenic KRAS mutation expressed in human colorectal cancer (CRC). We obtained 540 TOF-SIMS spectra from 180 tissue samples by scanning cryo-sections and selected discriminatory molecules using the support vector machine (SVM) algorithm. Each TOF-SIMS spectrum contained nearly 860,000 ion profiles and hundreds of spectra were analyzed; therefore, reducing the dimensionality of the original data was necessary. We performed principal component analysis after preprocessing the spectral data, and the principal components (20) of each spectrum were used as the inputs of the SVM algorithm using the R package. The performance of the algorithm was evaluated using the receiver operating characteristic (ROC) area under the curve (AUC) (0.9297). Spectral peaks (m/z) corresponding to discriminatory molecules used to classify normal and tumor samples were selected according to p-value and were assigned to arginine, α-tocopherol, and fragments of glycerophosphocholine. Pathway analysis using these discriminatory molecules showed that they were involved in gastrointestinal disease and organismal abnormalities. In addition, spectra were classified according to the expression of KRAS somatic mutation, with 0.9921 AUC. Taken together, TOF-SIMS efficiently and simultaneously screened metabolite biomarkers and performed KRAS genotyping. In addition, a machine learning algorithm was provided as a diagnostic tool applied to spectral data acquired from clinical samples prepared as frozen tissue slides, which are commonly used in a variety of biomedical tests."
17,A4_tissue,37276437,PMC10427398,10.1002/advs.202301207,2023,"Advanced science (Weinheim, Baden-Wurttemberg, Germany)",research-article; Journal Article,Surgical Sealant with Integrated Shape-Morphing Dual Modality Ultrasound and Computed Tomography Sensors for Gastric Leak Detection.,"Postoperative anastomotic leaks are the most feared complications after gastric surgery. For diagnostics clinicians mostly rely on clinical symptoms such as fever and tachycardia, often developing as a result of an already fully developed, i.e., symptomatic, surgical leak. A gastric fluid responsive, dual modality, electronic-free, leak sensor system integrable into surgical adhesive suture support materials is introduced. Leak sensors contain high atomic number carbonates embedded in a polyacrylamide matrix, that upon exposure to gastric fluid convert into gaseous carbon dioxide (CO2 ). CO2 bubbles remain entrapped in the hydrogel matrix, leading to a distinctly increased echogenic contrast detectable by a low-cost and portable ultrasound transducer, while the dissolution of the carbonate species and the resulting diffusion of the cation produces a markedly reduced contrast in computed tomography imaging. The sensing elements can be patterned into a variety of characteristic shapes and can be combined with nonreactive tantalum oxide reference elements, allowing the design of shape-morphing sensing elements visible to the naked eye as well as artificial intelligence-assisted automated detection. In summary, shape-morphing dual modality sensors for the early and robust detection of postoperative complications at deep tissue sites, opening new routes for postoperative patient surveillance using existing hospital infrastructure is reported."
18,A4_tissue,38960112,PMC13128258,10.1016/j.actbio.2024.06.038,2024,Acta biomaterialia,"research-article; Journal Article; Research Support, N.I.H., Extramural",Discovering 3D hidden elasticity in isotropic and transversely isotropic materials with physics-informed UNets.,"Three-dimensional variation in structural components or fiber alignments results in complex mechanical property distribution in tissues and biomaterials. In this paper, we use a physics-informed UNet-based neural network model (El-UNet) to discover the three-dimensional (3D) internal composition and space-dependent material properties of heterogeneous isotropic and transversely isotropic materials without a priori knowledge of the composition. We then show the capabilities of El-UNet by validating against data obtained from finite-element simulations of two soft tissues, namely, brain tissue and articular cartilage, under various loading conditions. We first simulated compressive loading of 3D brain tissue comprising of distinct white matter and gray matter mechanical properties undergoing small strains with isotropic linear elastic behavior, where El-UNet reached mean absolute relative errors under 1.5 % for elastic modulus and Poisson's ratio estimations across the 3D volume. We showed that the 3D solution achieved by El-UNet was superior to relative stiffness mapping by inverse of axial strain and two-dimensional plane stress/plane strain approximations. Additionally, we simulated a transversely isotropic articular cartilage with known fiber orientations undergoing compressive loading, and accurately estimated the spatial distribution of all five material parameters, with mean absolute relative errors under 5 %. Our work demonstrates the application of the computationally efficient physics-informed El-UNet in 3D elasticity imaging and provides methods for translation to experimental 3D characterization of soft tissues and other materials. The proposed El-UNet offers a powerful tool for both in vitro and ex vivo tissue analysis, with potential extensions to in vivo diagnostics. STATEMENT OF SIGNIFICANCE: Elasticity imaging is a technique that reconstructs mechanical properties of tissue using deformation and force measurements. Given the complexity of this reconstruction, most existing methods have mostly focused on 2D problems. Our work is the first implementation of physics-informed UNets to reconstruct three-dimensional material parameter distributions for isotropic and transversely isotropic linear elastic materials by having deformation and force measurements. We comprehensively validate our model using synthetic data generated using finite element models of biological tissues with high bio-fidelity-the brain and articular cartilage. Our method can be implemented in elasticity imaging scenarios for in vitro and ex vivo mechanical characterization of biomaterials and biological tissues, with potential extensions to in vivo diagnostics."
19,A4_tissue,37304146,PMC10250676,10.3389/fbioe.2023.1105377,2023,Frontiers in bioengineering and biotechnology,research-article; Journal Article,Computational approaches for evaluating morphological changes in the corneal stroma associated with decellularization.,"Decellularized corneas offer a promising and sustainable source of replacement grafts, mimicking native tissue and reducing the risk of immune rejection post-transplantation. Despite great success in achieving acellular scaffolds, little consensus exists regarding the quality of the decellularized extracellular matrix. Metrics used to evaluate extracellular matrix performance are study-specific, subjective, and semi-quantitative. Thus, this work focused on developing a computational method to examine the effectiveness of corneal decellularization. We combined conventional semi-quantitative histological assessments and automated scaffold evaluations based on textual image analyses to assess decellularization efficiency. Our study highlights that it is possible to develop contemporary machine learning (ML) models based on random forests and support vector machine algorithms, which can identify regions of interest in acellularized corneal stromal tissue with relatively high accuracy. These results provide a platform for developing machine learning biosensing systems for evaluating subtle morphological changes in decellularized scaffolds, which are crucial for assessing their functionality."
20,A4_tissue,41767930,PMC12945539,10.1364/boe.550401,2025,Biomedical optics express,research-article; Journal Article,Automated cell properties toolbox from 3D bioprinted hydrogel scaffolds via deep learning and optical coherence tomography.,"Accurately assessing cell viability and morphological properties within 3D bioprinted hydrogel scaffolds is essential for tissue engineering but remains challenging due to the limitations of existing invasive and threshold-based methods. We present a computational toolbox that automates cell viability analysis and quantifies key properties such as elongation, flatness, and surface roughness. This framework integrates optical coherence tomography (OCT) with deep learning-based segmentation, achieving a mean segmentation precision of 88.96%. By leveraging OCT's high-resolution imaging with deep learning-based segmentation, our novel approach enables non-invasive, quantitative analysis, which can advance rapid monitoring of 3D cell cultures for regenerative medicine and biomaterial research."
21,A4_tissue,37148168,PMC10369251,10.1002/advs.202300339,2023,"Advanced science (Weinheim, Baden-Wurttemberg, Germany)","Research Support, Non-U.S. Gov't; research-article; Journal Article",Photothermal Controlled-Release Immunomodulatory Nanoplatform for Restoring Nerve Structure and Mechanical Nociception in Infectious Diabetic Ulcers.,"Infectious diabetic ulcers (IDU) require anti-infection, angiogenesis, and nerve regeneration therapy; however, the latter has received comparatively less research attention than the former two. In particular, there have been few reports on the recovery of mechanical nociception. In this study, a photothermal controlled-release immunomodulatory hydrogel nanoplatform is tailored for the treatment of IDU. Due to a thermal-sensitive interaction between polydopamine-reduced graphene oxide (pGO) and the antibiotic mupirocin, excellent antibacterial efficacy is achieved through customized release kinetics. In addition, Trem2+ macrophages recruited by pGO regulate collagen remodeling and restore skin adnexal structures to alter the fate of scar formation, promote angiogenesis, accompanied by the regeneration of neural networks, which ensures the recovery of mechanical nociception and may prevent the recurrence of IDU at the source. In all, a full-stage strategy from antibacterial, immune regulation, angiogenesis, and neurogenesis to the recovery of mechanical nociception, an indispensable neural function of skin, is introduced to IDU treatment, which opens up an effective and comprehensive therapy for refractory IDU."
22,A4_tissue,39996684,PMC11855032,10.3390/gels11020141,2025,"Gels (Basel, Switzerland)",research-article; Journal Article,The Optimization of Culture Conditions for Injectable Recombinant Collagen Hydrogel Preparation Using Machine Learning.,"Injectable recombinant collagen hydrogels (RCHs) are crucial in biomedical applications. Culture conditions play an important role in the preparation of hydrogels. However, determining the characteristics of hydrogels under certain conditions and determining the optimal conditions swiftly still remain challenging tasks. In this study, a machine learning approach was introduced to explore the correlation between hydrogel characteristics and culture conditions and determine the optimal culture conditions. The study focused on four key factors as independent variables: initial substrate concentration, reaction temperature, pH level, and reaction time, while the dependent variable was the elastic modulus of the hydrogels. To analyze the impact of these factors on the elastic modulus, four mathematical models were employed, including multiple linear regression (ML), decision tree (DT), support vector machine (SVM), and neural network (NN). The theoretical outputs of NN were closest to the actual values. Therefore, NN proved to be the most suitable model. Subsequently, the optimal culture conditions were identified as a substrate concentration of 15% (W/V), a reaction temperature of 4 °C, a pH of 7.0, and a reaction time of 12 h. The hydrogels prepared under these specific conditions exhibited a predicted elastic modulus of 15,340 Pa, approaching that of natural elastic cartilage."
23,A4_tissue,37545512,PMC10402919,10.3389/fimmu.2023.1188835,2023,Frontiers in immunology,"Research Support, Non-U.S. Gov't; research-article; Journal Article","A novel 3D spheroid model of rheumatoid arthritis synovial tissue incorporating fibroblasts, endothelial cells, and macrophages.","ObjectiveRheumatoid Arthritis (RA) is a progressive and systemic autoimmune disorder associated with chronic and destructive joint inflammation. The hallmarks of joint synovial inflammation are cellular proliferation, extensive neoangiogenesis and infiltration of immune cells, including macrophages. In vitro approaches simulating RA synovial tissue are crucial in preclinical and translational research to evaluate novel diagnostic and/or therapeutic markers. Two-dimensional (2D) settings present very limited in vivo physiological proximity as they cannot recapitulate cell-cell and cell-matrix interactions occurring in the three-dimensional (3D) tissue compartment. Here, we present the engineering of a spheroid-based model of RA synovial tissue which mimics 3D interactions between cells and pro-inflammatory mediators present in the inflamed synovium.MethodsSpheroids were generated by culturing RA fibroblast-like-synoviocytes (RAFLS), human umbilical vein endothelial cells (ECs) and monocyte-derived macrophages in a collagen-based 3D scaffold. The spheroids were cultured in the presence or absence of vascular endothelial growth factor (VEGF) and fibroblast growth factor 2 (bFGF) or RA synovial fluid (SF). Spheroid expansion and cell migration were quantified for all conditions using confocal microscopy and digital image analysis.ResultsA novel approach using machine learning was developed to quantify spheroid outgrowth and used to reexamine the existing spheroid-based model of RA synovial angiogenesis consisting of ECs and RAFLS. A 2-fold increase in the spheroid outgrowth ratio was demonstrated upon VEGF/bFGF stimulation (p4 RAFLS, 7.5x104 ECs and 3.0x104 macrophages) resulted in good incorporation of the new cell type. The addition of VEGF/bFGF significantly induced spheroid outgrowth (pConclusionWe present a novel spheroid based model consisting of RAFLS, ECs and macrophages that reflects the RA synovial tissue microenvironment. This model may be used to dissect the role of specific cell types in inflammatory responses in RA, to study specific signaling pathways involved in the disease pathogenesis and examine the effects of novel diagnostic (molecular imaging) and therapeutic compounds, including small molecule inhibitors and biologics."
24,A4_tissue,38790283,PMC11117982,10.3390/bioengineering11050415,2024,"Bioengineering (Basel, Switzerland)",research-article; Journal Article,Investigating the Effect of Processing and Material Parameters of Alginate Dialdehyde-Gelatin (ADA-GEL)-Based Hydrogels on Stiffness by XGB Machine Learning Model.,"To address the limitations of alginate and gelatin as separate hydrogels, partially oxidized alginate, alginate dialdehyde (ADA), is usually combined with gelatin to prepare ADA-GEL hydrogels. These hydrogels offer tunable properties, controllable degradation, and suitable stiffness for 3D bioprinting and tissue engineering applications. Several processing variables affect the final properties of the hydrogel, including degree of oxidation, gelatin content and type of crosslinking agent. In addition, in 3D-printed structures, pore size and the possible addition of a filler to make a hydrogel composite also affect the final physical and biological properties. This study utilized datasets from 13 research papers, encompassing 33 unique combinations of ADA concentration, gelatin concentration, CaCl2 and microbial transglutaminase (mTG) concentrations (as crosslinkers), pore size, bioactive glass (BG) filler content, and one identified target property of the hydrogels, stiffness, utilizing the Extreme Boost (XGB) machine learning algorithm to create a predictive model for understanding the combined influence of these parameters on hydrogel stiffness. The stiffness of ADA-GEL hydrogels is notably affected by the ADA to GEL ratio, and higher gelatin content for different ADA gel concentrations weakens the scaffold, likely due to the presence of unbound gelatin. Pore size and the inclusion of a BG particulate filler also have a significant impact on stiffness; smaller pore sizes and higher BG content lead to increased stiffness. The optimization of ADA-GEL composition and the inclusion of BG fillers are key determinants to tailor the stiffness of these 3D printed hydrogels, as found by the analysis of the available data."
25,A4_tissue,39850018,PMC11755050,10.1016/j.bioactmat.2024.12.017,2025,Bioactive materials,research-article; Journal Article,"bFGF-Chitosan ""brain glue"" promotes functional recovery after cortical ischemic stroke.","The mammalian brain has an extremely limited ability to regenerate lost neurons and to recover function following ischemic stroke. A biomaterial strategy of slowly-releasing various regeneration-promoting factors to activate endogenous neurogenesis represents a safe and practical neuronal replacement therapy. In this study, basic fibroblast growth factor (bFGF)-Chitosan gel is injected into the stroke cavity. This approach promotes the proliferation of vascular endothelial cell, the formation of functional vascular network, and the final restoration of cerebral blood flow. Additionally, bFGF-Chitosan gel activates neural progenitor cells (NPCs) in the subventricular zone (SVZ), promotes the NPCs' migration toward the stroke cavity and differentiation into mature neurons with diverse cell types (inhibitory gamma-aminobutyric acid neurons and excitatory glutamatergic neuron) and layer architecture (superficial cortex and deep cortex). These new-born neurons form functional synaptic connections with the host brain and reconstruct nascent neural networks. Furthermore, synaptogenesis in the stroke cavity and Nestin lineage cells respectively contribute to the improvement of sensorimotor function induced by bFGF-Chitosan gel after ischemic stroke. Lastly, bFGF-Chitosan gel inhibits microglia activation in the peri-infarct cortex. Our findings indicate that filling the stroke cavity with bFGF-Chitosan ""brain glue"" promotes angiogenesis, endogenous neurogenesis and synaptogenesis to restore function, offering innovative ideas and methods for the clinical treatment of ischemic stroke."
26,A4_tissue,37404322,PMC10315996,10.1039/d3ra02702c,2023,RSC advances,research-article; Journal Article,Gingerol extract-stabilized silver nanoparticles and their applications: colorimetric and machine learning-based sensing of Hg(ii) and antibacterial properties.,"This study focused on synthesizing ginger-stabilized silver nanoparticles (Gin-AgNPs) using a more eco-friendly method that utilized AgNO3 and natural ginger solution. These nanoparticles underwent a color change from yellow to colorless when exposed to Hg2+, enabling the detection of Hg2+ in tap water. The colorimetric sensor had good sensitivity, with a limit of detection (LOD) of 1.46 μM and a limit of quantitation (LOQ) of 3.04 μM. Importantly, the sensor operated accurately without being affected by various other metal ions. To enhance its performance, a machine learning approach was employed and achieved accuracy ranging from 0% to 14.66% when trained with images of Gin-AgNP solutions containing different Hg2+ concentrations. Furthermore, the Gin-AgNPs and Gin-AgNPs hydrogels exhibited antibacterial effects against both Gram-negative and Gram-positive bacteria, indicating potential future applications in the detection of Hg2+ and in wound healing."
27,A4_tissue,38213739,PMC10781662,10.1093/rb/rbad082,2024,Regenerative biomaterials,research-article; Journal Article,Unveiling protein corona composition: predicting with resampling embedding and machine learning.,"Biomaterials with surface nanostructures effectively enhance protein secretion and stimulate tissue regeneration. When nanoparticles (NPs) enter the living system, they quickly interact with proteins in the body fluid, forming the protein corona (PC). The accurate prediction of the PC composition is critical for analyzing the osteoinductivity of biomaterials and guiding the reverse design of NPs. However, achieving accurate predictions remains a significant challenge. Although several machine learning (ML) models like Random Forest (RF) have been used for PC prediction, they often fail to consider the extreme values in the abundance region of PC absorption and struggle to improve accuracy due to the imbalanced data distribution. In this study, resampling embedding was introduced to resolve the issue of imbalanced distribution in PC data. Various ML models were evaluated, and RF model was finally used for prediction, and good correlation coefficient (R2) and root-mean-square deviation (RMSE) values were obtained. Our ablation experiments demonstrated that the proposed method achieved an R2 of 0.68, indicating an improvement of approximately 10%, and an RMSE of 0.90, representing a reduction of approximately 10%. Furthermore, through the verification of label-free quantification of four NPs: hydroxyapatite (HA), titanium dioxide (TiO2), silicon dioxide (SiO2) and silver (Ag), and we achieved a prediction performance with an R2 value >0.70 using Random Oversampling. Additionally, the feature analysis revealed that the composition of the PC is most significantly influenced by the incubation plasma concentration, PDI and surface modification."
28,A4_tissue,37775309,PMC10646237,10.1002/advs.202304111,2023,"Advanced science (Weinheim, Baden-Wurttemberg, Germany)","Research Support, Non-U.S. Gov't; research-article; Journal Article",Geometric Angles and Gene Expression in Cells for Structural Bone Regeneration.,"Geometry and angles play crucial roles in cellular processes; however, its mechanisms of regulation remain unclear. In this study, a series of three dimensional (3D)-printed microfibers with different geometries is constructed using a near-field electrostatic printing technique to investigate the regulatory mechanisms of geometry on stem cell function and bone regeneration. The scaffolds precisely mimicked cell dimensions with high porosity and interoperability. Compared with other spatial topography angles, microfibers with a 90° topology can significantly promote the expression of osteogenic gene proteins in bone marrow-derived mesenchymal stem cells (BMSCs). The effects of different spatial structures on the expression profiles of BMSCs differentiation genes are correlated and validated using microRNA sequencing. Enrichment analysis shows that the 90° microfibers promoted osteogenesis in BMSCs by significantly upregulating miR-222-5p/cbfb/Runx2 expression. The ability of the geometric architecture to promote bone regeneration, as assessed using the cranial defect model, demonstrates that the 90° fiber scaffolds significantly promote new bone regeneration and neovascular neural network formation. This study is the first to elucidate the relationship between angular geometry and cellular gene expression, contributing significantly to the understanding of how geometric architecture can promote stem cell differentiation, proliferation, and function for structural bone regeneration."
29,A4_tissue,36683754,PMC9847532,10.1093/rb/rbac085,2023,Regenerative biomaterials,research-article; Journal Article,Integrated printed BDNF-stimulated HUCMSCs-derived exosomes/collagen/chitosan biological scaffolds with 3D printing technology promoted the remodelling of neural networks after traumatic brain injury.,"The restoration of nerve dysfunction after traumatic brain injury (TBI) faces huge challenges due to the limited self-regenerative abilities of nerve tissues. In situ inductive recovery can be achieved utilizing biological scaffolds combined with endogenous human umbilical cord mesenchymal stem cells (HUCMSCs)-derived exosomes (MExos). In this study, brain-derived neurotrophic factor-stimulated HUCMSCs-derived exosomes (BMExos) were composited with collagen/chitosan by 3D printing technology. 3D-printed collagen/chitosan/BMExos (3D-CC-BMExos) scaffolds have excellent mechanical properties and biocompatibility. Subsequently, in vivo experiments showed that 3D-CC-BMExos therapy could improve the recovery of neuromotor function and cognitive function in a TBI model in rats. Consistent with the behavioural recovery, the results of histomorphological tests showed that 3D-CC-BMExos therapy could facilitate the remodelling of neural networks, such as improving the regeneration of nerve fibres, synaptic connections and myelin sheaths, in lesions after TBI."
30,A4_tissue,38026689,PMC10679684,10.3389/fncel.2023.1287089,2023,Frontiers in cellular neuroscience,research-article; Journal Article,Spatiotemporal analysis of 3D human iPSC-derived neural networks using a 3D multi-electrode array.,"While there is a growing appreciation of three-dimensional (3D) neural tissues (i.e., hydrogel-based, organoids, and spheroids), shown to improve cellular health and network activity to mirror brain-like activity in vivo, functional assessment using current electrophysiology techniques (e.g., planar multi-electrode arrays or patch clamp) has been technically challenging and limited to surface measurements at the bottom or top of the 3D tissue. As next-generation MEAs, specifically 3D MEAs, are being developed to increase the spatial precision across all three dimensions (X, Y, Z), development of improved computational analytical tools to discern region-specific changes within the Z dimension of the 3D tissue is needed. In the present study, we introduce a novel computational analytical pipeline to analyze 3D neural network activity recorded from a ""bottom-up"" 3D MEA integrated with a 3D hydrogel-based tissue containing human iPSC-derived neurons and primary astrocytes. Over a period of ~6.5 weeks, we describe the development and maturation of 3D neural activity (i.e., features of spiking and bursting activity) within cross sections of the 3D tissue, based on the vertical position of the electrode on the 3D MEA probe, in addition to network activity (identified using synchrony analysis) within and between cross sections. Then, using the sequential addition of postsynaptic receptor antagonists, bicuculline (BIC), 2-amino-5-phosphonovaleric acid (AP-5), and 6-cyano-5-nitroquinoxaline-2,3-dione (CNQX), we demonstrate that networks within and between cross sections of the 3D hydrogel-based tissue show a preference for GABA and/or glutamate synaptic transmission, suggesting differences in the network composition throughout the neural tissue. The ability to monitor the functional dynamics of the entire 3D reconstructed neural tissue is a critical bottleneck; here we demonstrate a computational pipeline that can be implemented in studies to better interpret network activity within an engineered 3D neural tissue and have a better understanding of the modeled organ tissue."
31,A4_tissue,41424914,PMC12716889,10.1063/5.0296897,2025,APL bioengineering,other; Journal Article,"Tissue regenerative medicine: Clinical advances, challenges, and opportunities.","Regenerative medicine is transforming how we restore tissue function, leveraging advances in cell and molecular biology, biomaterials, and engineered microenvironments. While there have been notable advances and rapid progress over the past few decades, ongoing challenges persist in the technical development and effective translation of these advancements to clinical care. This perspective highlights clinically promising examples and critically assesses present challenges in translating tissue regenerative medicine therapies from the bench to the clinic. We further examine the evolving landscape of regenerative medicine by describing strategies to optimize the cellular microenvironment, the impact of patient demographics, and the use of artificial intelligence to shape the future of this field."
32,A4_tissue,36161946,PMC9546622,10.1073/pnas.2209524119,2022,Proceedings of the National Academy of Sciences of the United States of America,"Research Support, Non-U.S. Gov't; research-article; Research Support, U.S. Gov't, Non-P.H.S.; Journal Article; Research Support, N.I.H., Extramural","Discovering design principles of collagen molecular stability using a genetic algorithm, deep learning, and experimental validation.","Collagen is the most abundant structural protein in humans, providing crucial mechanical properties, including high strength and toughness, in tissues. Collagen-based biomaterials are, therefore, used for tissue repair and regeneration. Utilizing collagen effectively during materials processing ex vivo and subsequent function in vivo requires stability over wide temperature ranges to avoid denaturation and loss of structure, measured as melting temperature (Tm). Although significant research has been conducted on understanding how collagen primary amino acid sequences correspond to Tm values, a robust framework to facilitate the design of collagen sequences with specific Tm remains a challenge. Here, we develop a general model using a genetic algorithm within a deep learning framework to design collagen sequences with specific Tm values. We report 1,000 de novo collagen sequences, and we show that we can efficiently use this model to generate collagen sequences and verify their Tm values using both experimental and computational methods. We find that the model accurately predicts Tm values within a few degrees centigrade. Further, using this model, we conduct a high-throughput study to identify the most frequently occurring collagen triplets that can be directly incorporated into collagen. We further discovered that the number of hydrogen bonds within collagen calculated with molecular dynamics (MD) is directly correlated to the experimental measurement of triple-helical quality. Ultimately, we see this work as a critical step to helping researchers develop collagen sequences with specific Tm values for intended materials manufacturing methods and biomedical applications, realizing a mechanistic materials by design paradigm."
33,A4_tissue,40150779,PMC11939716,10.3390/bioengineering12030315,2025,"Bioengineering (Basel, Switzerland)",research-article; Journal Article,Investigation of the Effects of 3D Printing Parameters on the Mechanical Properties of Bone Scaffolds: Experimental Study Integrated with Artificial Neural Networks.,"Scaffolds are critical in regenerative medicine, particularly in bone tissue engineering, where they mimic the extracellular matrix to support tissue regeneration. Scaffold efficacy depends on precise control of 3D printing parameters, which determine geometric and mechanical properties, including Young's modulus. This study examines the impact of nozzle temperature, printing speed, and feed rate on the Young's modulus of polylactic acid (PLA) scaffolds. Using a Prusa MINI+ 3D printer (Prusa Research a.s., Prague, Czech Republic), systematic experiments are conducted to explore these correlations. Results show that higher nozzle temperatures decrease Young's modulus due to reduced viscosity and weaker interlayer bonding, likely caused by thermal degradation and reduced crystallinity. Printing speed exhibits an optimal range, with Young's modulus peaking at moderate speeds (around 2100 mm/min), suggesting a balance that enhances crystallinity and bonding. Material feed rate positively correlates with Young's modulus, with increased material deposition improving scaffold density and strength. The integration of an Artificial Neural Network (ANN) model further optimized the printing parameters, successfully predicting the maximum Young's modulus while maintaining geometric constraints. Notably, the Young's modulus achieved falls within the typical range for cancellous bone, indicating the model's potential to meet specific clinical requirements. These findings offer valuable insights for designing patient-specific bone scaffolds, potentially improving clinical outcomes in bone repair."
34,A4_tissue,33763978,PMC8193704,10.1111/cns.13638,2021,CNS neuroscience & therapeutics,"Research Support, Non-U.S. Gov't; research-article; Journal Article",Electroacupuncture facilitates the integration of a grafted TrkC-modified mesenchymal stem cell-derived neural network into transected spinal cord in rats via increasing neurotrophin-3.,"AimsThis study was aimed to investigate whether electroacupuncture (EA) would increase the secretion of neurotrophin-3 (NT-3) from injured spinal cord tissue, and, if so, whether the increased NT-3 would promote the survival, differentiation, and migration of grafted tyrosine kinase C (TrkC)-modified mesenchymal stem cell (MSC)-derived neural network cells. We next sought to determine if the latter would integrate with the host spinal cord neural circuit to improve the neurological function of injured spinal cord.MethodsAfter NT-3-modified Schwann cells (SCs) and TrkC-modified MSCs were co-cultured in a gelatin sponge scaffold for 14 days, the MSCs differentiated into neuron-like cells that formed a MSC-derived neural network (MN) implant. On this basis, we combined the MN implantation with EA in a rat model of spinal cord injury (SCI) and performed immunohistochemical staining, neural tracing, electrophysiology, and behavioral testing after 8 weeks.ResultsElectroacupuncture application enhanced the production of endogenous NT-3 in damaged spinal cord tissues. The increase in local NT-3 production promoted the survival, migration, and maintenance of the grafted MN, which expressed NT-3 high-affinity TrkC. The combination of MN implantation and EA application improved cortical motor-evoked potential relay and facilitated the locomotor performance of the paralyzed hindlimb compared with those of controls. These results suggest that the MN was better integrated into the host spinal cord neural network after EA treatment compared with control treatment.ConclusionsElectroacupuncture as an adjuvant therapy for TrkC-modified MSC-derived MN, acted by increasing the local production of NT-3, which accelerated neural network reconstruction and restoration of spinal cord function following SCI."
35,A4_tissue,37076933,PMC10265106,10.1002/advs.202300816,2023,"Advanced science (Weinheim, Baden-Wurttemberg, Germany)","Research Support, Non-U.S. Gov't; research-article; Journal Article",3D-Printed Functional Hydrogel by DNA-Induced Biomineralization for Accelerated Diabetic Wound Healing.,"Chronic wounds in diabetic patients are challenging because their prolonged inflammation makes healing difficult, thus burdening patients, society, and health care systems. Customized dressing materials are needed to effectively treat such wounds that vary in shape and depth. The continuous development of 3D-printing technology along with artificial intelligence has increased the precision, versatility, and compatibility of various materials, thus providing the considerable potential to meet the abovementioned needs. Herein, functional 3D-printing inks comprising DNA from salmon sperm and DNA-induced biosilica inspired by marine sponges, are developed for the machine learning-based 3D-printing of wound dressings. The DNA and biomineralized silica are incorporated into hydrogel inks in a fast, facile manner. The 3D-printed wound dressing thus generates provided appropriate porosity, characterized by effective exudate and blood absorption at wound sites, and mechanical tunability indicated by good shape fidelity and printability during optimized 3D printing. Moreover, the DNA and biomineralized silica act as nanotherapeutics, enhancing the biological activity of the dressings in terms of reactive oxygen species scavenging, angiogenesis, and anti-inflammation activity, thereby accelerating acute and diabetic wound healing. These bioinspired 3D-printed hydrogels produce using a DNA-induced biomineralization strategy are an excellent functional platform for clinical applications in acute and chronic wound repair."
36,A4_tissue,40010706,PMC11921027,10.1021/acsabm.4c01509,2025,ACS applied bio materials,research-article; Journal Article,Collagen Hybridizing Peptides Promote Collagen Fibril Growth In Vitro.,"Recreating the structural and mechanical properties of native tissues in vitro presents significant challenges, particularly in mimicking the dense fibrillar network of extracellular matrixes such as skin and tendons. This study develops a reversible collagen film through cycling collagen self-assembly and disassembly, offering an innovative approach to address these challenges. We first generated an engineered collagen scaffold by applying plastic compression to the collagen hydrogel. The reversibility of the collagen assembly was explored by treating the scaffold with lactic acid, leading to its breakdown into an amorphous gel─a process termed defibrillogenesis. Subsequent immersion of this gel in phosphate buffer facilitated the reassembly of collagen into fibrils larger than those in the original scaffold yet with the D-banding pattern characteristic of collagen fibrils. Transfer learning of the mobileNetV2 convolutional neural network trained on atomic force microscope images of collagen nanoscale D-banding patterns was created with 99% training and testing accuracy. In addition, extensive external validation was performed, and the model achieved high robustness and generalization with unseen data sets. Further innovation was introduced by applying collagen hybridizing peptides, which significantly accelerated and directed the assembly of collagen fibrils, promoting a more organized and aligned fibrillar structure. This study not only demonstrates the feasibility of creating a reversible collagen film that closely mimics the density and structural properties of the native matrix but also highlights the potential of using collagen hybridizing peptides to control and enhance collagen fibrillogenesis. Our findings offer promising tissue engineering and regenerative medicine strategies by enabling precise manipulation of collagen structures in vitro."
37,A4_tissue,36204248,PMC9513834,10.34133/2022/9784273,2022,"Research (Washington, D.C.)",research-article; Journal Article,High-Content Screening and Analysis of Stem Cell-Derived Neural Interfaces Using a Combinatorial Nanotechnology and Machine Learning Approach.,"A systematic investigation of stem cell-derived neural interfaces can facilitate the discovery of the molecular mechanisms behind cell behavior in neurological disorders and accelerate the development of stem cell-based therapies. Nevertheless, high-throughput investigation of the cell-type-specific biophysical cues associated with stem cell-derived neural interfaces continues to be a significant obstacle to overcome. To this end, we developed a combinatorial nanoarray-based method for high-throughput investigation of neural interface micro-/nanostructures (physical cues comprising geometrical, topographical, and mechanical aspects) and the effects of these complex physical cues on stem cell fate decisions. Furthermore, by applying a machine learning (ML)-based analytical approach to a large number of stem cell-derived neural interfaces, we comprehensively mapped stem cell adhesion, differentiation, and proliferation, which allowed for the cell-type-specific design of biomaterials for neural interfacing, including both adult and human-induced pluripotent stem cells (hiPSCs) with varying genetic backgrounds. In short, we successfully demonstrated how an innovative combinatorial nanoarray and ML-based platform technology can aid with the rational design of stem cell-derived neural interfaces, potentially facilitating precision, and personalized tissue engineering applications."
38,A4_tissue,32102234,PMC7073180,10.3390/ijms21041523,2020,International journal of molecular sciences,research-article; Journal Article,Discovery of Small-Molecule Activators for Glucose-6-Phosphate Dehydrogenase (G6PD) Using Machine Learning Approaches.,"Glucose-6-Phosphate Dehydrogenase (G6PD) is a ubiquitous cytoplasmic enzyme converting glucose-6-phosphate into 6-phosphogluconate in the pentose phosphate pathway (PPP). The G6PD deficiency renders the inability to regenerate glutathione due to lack of Nicotine Adenosine Dinucleotide Phosphate (NADPH) and produces stress conditions that can cause oxidative injury to photoreceptors, retinal cells, and blood barrier function. In this study, we constructed pharmacophore-based models based on the complex of G6PD with compound AG1 (G6PD activator) followed by virtual screening. Fifty-three hit molecules were mapped with core pharmacophore features. We performed molecular descriptor calculation, clustering, and principal component analysis (PCA) to pharmacophore hit molecules and further applied statistical machine learning methods. Optimal performance of pharmacophore modeling and machine learning approaches classified the 53 hits as drug-like (18) and nondrug-like (35) compounds. The drug-like compounds further evaluated our established cheminformatics pipeline (molecular docking and in silico ADMET (absorption, distribution, metabolism, excretion and toxicity) analysis). Finally, five lead molecules with different scaffolds were selected by binding energies and in silico ADMET properties. This study proposes that the combination of machine learning methods with traditional structure-based virtual screening can effectively strengthen the ability to find potential G6PD activators used for G6PD deficiency diseases. Moreover, these compounds can be considered as safe agents for further validation studies at the cell level, animal model, and even clinic setting."
39,A4_tissue,33898877,PMC8044869,10.1016/j.bioactmat.2021.03.036,2021,Bioactive materials,research-article; Journal Article,An NT-3-releasing bioscaffold supports the formation of TrkC-modified neural stem cell-derived neural network tissue with efficacy in repairing spinal cord injury.,"The mechanism underlying neurogenesis during embryonic spinal cord development involves a specific ligand/receptor interaction, which may be help guide neuroengineering to boost stem cell-based neural regeneration for the structural and functional repair of spinal cord injury. Herein, we hypothesized that supplying spinal cord defects with an exogenous neural network in the NT-3/fibroin-coated gelatin sponge (NF-GS) scaffold might improve tissue repair efficacy. To test this, we engineered tropomyosin receptor kinase C (TrkC)-modified neural stem cell (NSC)-derived neural network tissue with robust viability within an NF-GS scaffold. When NSCs were genetically modified to overexpress TrkC, the NT-3 receptor, a functional neuronal population dominated the neural network tissue. The pro-regenerative niche allowed the long-term survival and phenotypic maintenance of the donor neural network tissue for up to 8 weeks in the injured spinal cord. Additionally, host nerve fibers regenerated into the graft, making synaptic connections with the donor neurons. Accordingly, motor function recovery was significantly improved in rats with spinal cord injury (SCI) that received TrkC-modified NSC-derived neural network tissue transplantation. Together, the results suggested that transplantation of the neural network tissue formed in the 3D bioactive scaffold may represent a valuable approach to study and develop therapies for SCI."
40,A4_tissue,36406717,PMC9667272,10.1016/j.heliyon.2022.e11468,2022,Heliyon,research-article; Journal Article,In-process monitoring of a tissue-engineered oral mucosa fabricated on a micropatterned collagen scaffold: use of optical coherence tomography for quality control.,"BackgroundWe previously reported a novel technique for fabricating dermo-epidermal junction (DEJ)-like micropatterned collagen scaffolds to manufacture an ex vivo produced oral mucosa equivalent (EVPOME) for clinical translation; however, more biomimetic micropatterns are required to promote oral keratinocyte-based tissue engineering/regenerative medicine. In addition, in-process monitoring for quality control of tissue-engineered products is key to successful clinical outcomes. However, evaluating three-dimensional tissue-engineered constructs such as EVPOME is challenging. This study aimed to update our technique to fabricate a more biomimetic DEJ structure of oral mucosa and to investigate the efficacy of optical coherence tomography (OCT) in combination with deep learning for non-invasive EVPOME monitoring.MethodsA picosecond laser-textured microstructure mimicking DEJ on stainless steel was used as a negative mould to fabricate the micropatterned collagen scaffold. During EVPOME manufacturing, OCT was applied twice to monitor the EVPOME and evaluate its epithelial thickness.FindingsOur moulding system resulted in successful micropattern replication on the curved collagen scaffold. OCT imaging visualised the epithelial layer and the underlying micropatterned scaffold in EVPOME, enabling to non-invasively detect specific defects not found before the histological examination. Additionally, a gradual increase in epithelial thickness was observed over time.ConclusionThese findings demonstrate the feasibility of using a stainless-steel negative mould to create a more biomimetic micropattern on collagen scaffolds and the potential of OCT imaging for quality control in oral keratinocyte-based tissue engineering/regenerative medicine."
41,A4_tissue,32079221,PMC7076403,10.3390/pharmaceutics12020166,2020,Pharmaceutics,research-article; Journal Article,A 3D Bioprinted Pseudo-Bone Drug Delivery Scaffold for Bone Tissue Engineering.,"A 3D bioprinted pseudo-bone drug delivery scaffold was fabricated to display matrix strength, matrix resilience, as well as porous morphology of healthy human bone. Computer-aided design (CAD) software was employed for developing the 3D bioprinted scaffold. Further optimization of the scaffold was undertaken using MATLAB® software and artificial neural networks (ANN). Polymers employed for formulating the 3D scaffold comprised of polypropylene fumarate (PPF), free radical polymerized polyethylene glycol- polycaprolactone (PEG-PCL-PEG), and pluronic (PF127). Simvastatin was incorporated into the 3D bioprinted scaffolds to further promote bone healing and repair properties. The 3D bioprinted scaffold was characterized for its chemical, morphological, mechanical, and in vitro release kinetics for evaluation of its behavior for application as an implantable scaffold at the site of bone fracture. The ANN-optimized 3D bioprinted scaffold displayed significant properties as a controlled release platform, demonstrating drug release over 20 days. The 3D bioprinted scaffold further displayed formation as a pseudo-bone matrix, using a human clavicle bone model, induced with a butterfly fracture. The strength of the pseudo-bone matrix, evaluated for its matrix hardness (MH) and matrix resilience (MR), was evaluated to be as strong as original bone, having a 99% MH and 98% MR property, to healthy human clavicle bones."
42,A4_tissue,41462684,PMC12729936,10.3390/antiox14121485,2025,"Antioxidants (Basel, Switzerland)",research-article; Journal Article,Spider Venom-Derived Peptide Exhibits Dual Anti-Inflammatory and Antioxidative Activities in LPS-Stimulated BEAS-2B Cells.,"Most respiratory diseases are driven by excessive airway inflammation and oxidative stress, yet current therapies often lack durable efficacy or are unsafe. Host-defense peptides, commonly enriched in animal venoms, offer diverse, target-selective scaffolds for new therapeutics. In this study, we aimed to discover a novel bioactive peptide with therapeutic potential on respiratory tract damage by utilizing Nephila clavata venom gland transcriptome. Using in silico analysis and machine learning-based functional prediction, we designed a peptide, NC-CV, expected to have dual anti-inflammatory and antioxidant activities with low cytotoxicity. In experimental validation, NC-CV improved human bronchial epithelial BEAS-2B cell viability under lipopolysaccharide (LPS) exposure while reducing LPS-induced pro-inflammatory cytokine expression and intracellular reactive oxygen species (ROS) generation. Mechanistic studies and molecular docking simulations indicated that NC-CV prevents toll-like receptor 4 signaling activation, suppressing nuclear factor κB and mitogen-activated protein kinase pathways. Moreover, the antioxidant activity of NC-CV was primarily based on direct intracellular ROS scavenging rather than the induction of endogenous antioxidant enzymes. Collectively, these findings demonstrated that the venom-derived peptide NC-CV disrupts the self-reinforcing cycle involving inflammatory signaling and oxidative stress in airway epithelium, highlighting its promise as a therapeutic candidate for respiratory disease."
43,A4_tissue,39460720,PMC11914955,10.1002/anie.202417510,2025,Angewandte Chemie (International ed. in English),research-article; Journal Article,Printing Cell Embedded Sacrificial Strategy for Microvasculature using Degradable DNA Biolubricant.,"Microvasculature is essential for the continued function of cells in tissue and is fundamental in the fields of tissue engineering, organ repair and drug screening. However, the fabrication of microvasculature is still challenging using existing strategies. Here, we developed a general PRINting Cell Embedded Sacrificial Strategy (PRINCESS) and successfully fabricated microvasculatures using degradable DNA biolubricant. This is the first demonstration of direct cell printing to fabricate microvasculature, which eliminates the need for a subsequent cell seeding process and the associated deficiencies. Utilizing the shear-thinning property of DNA hydrogels as a novel sacrificial, cell-laden biolubricant, we can print a 70 μm endothelialized microvasculature, breaking the limit of 100 μm. To our best knowledge, this is the smallest endothelialized microvasculature that has ever been bioprinted so far. In addition, the self-healing property of DNA hydrogels allows the creation of continuous branched structures. This strategy provides a new platform for constructing complex hierarchical vascular networks and offers new opportunity towards engineering thick tissues. The extremely low volume of sacrificial biolubricant paves the way for DNA hydrogels to be used in practical tissue engineering applications. The high-resolution bioprinting technique also exhibits great potential for printing lymphatics, retinas and neural networks in the future."
44,A4_tissue,41583836,PMC12823833,10.3389/fsurg.2025.1710837,2025,Frontiers in surgery,research-article; Journal Article,Emerging applications and research trends of 3D printing and bioprinting in thoracic surgery: a bibliometric and visualized analysis.,"BackgroundThree-dimensional (3D) printing and bioprinting technologies have rapidly evolved into essential tools in thoracic surgery, enabling personalized anatomical modeling, implant fabrication, and tissue engineering. However, the global research landscape and thematic evolution of this field remain incompletely characterized.MethodsA comprehensive bibliometric and visualized analysis was conducted using the Web of Science Core Collection, Scopus, and PubMed databases, covering studies published between 2008 and 2024. Data visualization and network analyses were performed using CiteSpace (v6.2.4R) and VOSviewer (v1.6.18) to assess publication trends, author and institutional collaborations, co-citation patterns, and keyword evolution.ResultsA total of 740 publications were identified, including 627 original articles and 113 reviews, contributed by 4,077 authors from 1,277 institutions across 71 countries. Annual publications increased steadily, peaking in 2024. China ranked first in publication volume (205 papers, 27.7%), while the United States had the highest citation impact (10,969 citations; 58.66 citations per paper). The most active journals were Journal of Thoracic Disease and Medical Physics. Keyword and co-citation analyses revealed three main research phases (1): anatomical modeling and surgical simulation (2008-2015) (2); prosthetic design and clinical application (2016-2020); and (3) tissue engineering, radiotherapy guidance, and bioprinting innovations (2021-2024). Emerging hotspots included electrospinning, volatile organic compound sensing, and tumor-specific implant customization.ConclusionGlobal research on 3D printing in thoracic surgery has expanded rapidly, with a clear transition from mechanical reconstruction toward biologically functional and regenerative approaches. The integration of bioprinting with advanced imaging, artificial intelligence, and robotics holds promise for personalized, precision thoracic surgery. Continued interdisciplinary collaboration will be essential to accelerate clinical translation and regulatory approval of biofabricated constructs."
45,A4_tissue,40737392,PMC12309667,10.1126/sciadv.adt1851,2025,Science advances,research-article; Journal Article,Machine learning-assisted exploration of multidrug-drug administration regimens for organoid arrays.,"Combination therapies enhance the therapeutic effect of cancer treatment; however, identifying effective interdependent doses, durations, and sequences of multidrug administration regimens is a time- and labor-intensive task. Here, we integrated machine learning, automation, and large microfluidic arrays of cancer spheroids or patient-derived organoids formed in a tissue-mimetic hydrogel to achieve notable acceleration of the discovery of effective multidrug administration regimens. For the clinically approved drug combination, we found a sequential administration regimen leading to a substantial reduction in the total drug dose, in comparison with concurrent drug supply, both at comparable drug efficacy. For the drugs that are currently under clinical development, we found a synergistic effect of concurrently administered drugs and showed that the synergy diminishes for the sequential drug supply. The developed strategy holds promise for the discovery of effective combination therapies for advanced cancer treatment, including personalized chemotherapies."
46,A4_tissue,40487167,PMC12145565,10.1016/j.mtbio.2025.101816,2025,Materials today. Bio,research-article; Journal Article,Machine learning-based optimization of cytotoxicity testing for assessing Zn-based biodegradable metals.,"Zinc (Zn)-based biodegradable metals are emerging as promising candidates for biomedical implants. Nonetheless, discrepancies between in vitro and in vivo biocompatibility findings for these metals often complicate their evaluation. This study aims to optimize cytotoxicity testing for Zn-based metals using machine learning techniques. Data from 51 cytotoxicity experiments on pure Zn were utilized to train and refine five predictive models, i.e., decision tree (DT), random forest, gradient boosted decision tree, support vector machine, and multilayer perceptron (MLP). In addition, the impact of pure Zn samples on the viability of bone-related cells, endothelial cells, and fibroblasts was assessed. The models were optimized for comparable performance, with the MLP model indicating that at concentrations below 40 %, all cell types demonstrate a high probability of non-toxicity. The ""Extract concentration"" by the DT model was a critical predictive factor. Cytotoxicity tests confirmed that the cell survival rates remained high at Zn extract concentrations up to 40 %, beyond which cell viability significantly declined. This research offers innovative insights into the cytotoxicity testing protocols for Zn-based biomaterials, elucidating key factors that affect cytotoxicity assessments and defining the limits of in vitro evaluations. Lastly, this study enhances the reliability of toxicity assessments and supports the development of a standardized framework for evaluation metrics."
47,A4_tissue,38737974,PMC11082644,10.1039/d4ra01257g,2024,RSC advances,research-article; Journal Article,Machine learning-guided morphological property prediction of 2D electrospun scaffolds: the effect of polymer chemical composition and processing parameters.,"Among various methods for fabricating polymeric tissue engineering scaffolds, electrospinning stands out as a relatively simple technique widely utilized in research. Numerous studies have delved into understanding how electrospinning processing parameters and specific polymeric solutions affect the physical features of the resulting scaffolds. However, owing to the complexity of these interactions, no definitive approaches have emerged. This study introduces the use of Simplified Molecular Input Line Entry System (SMILES) encoding method to represent materials, coupled with machine learning algorithms, to model the relationships between material properties, electrospinning parameters and scaffolds' physical properties. Here, the scaffolds' fiber diameter and conductivity have been predicted for the first time using this approach. In the classification task, the voting classifier predicted the fibers diameter with a balanced accuracy score of 0.9478. In the regression task, a neural network regressor was architected to learn the relations between parameters and predict the fibers diameter with R2 = 0.723. In the case of fibers conductivity, regressor and classifier models were used for prediction, but the performance fluctuated due to the inadequate information in the published data and the collected dataset. Finally, the model prediction accuracy was validated by experimental electrospinning of a biocompatible polymer (i.e., polyvinyl alcohol and polyvinyl alcohol/polypyrrole). Field-emission scanning electron microscope (FE-SEM) images were used to measure fiber diameter. These results demonstrated the efficacy of the proposed model in predicting the polymer nanofiber diameter and reducing the parameter space prior to the scoping exercises. This data-driven model can be readily extended to the electrospinning of various biopolymers."
48,A4_tissue,40613918,PMC12227466,10.1007/s10142-025-01649-3,2025,Functional & integrative genomics,research-article; Journal Article,Discovering novel type I collagen fragments from Cyprinus carpio supporting bone regeneration.,"Fish collagen is gaining increasing attention in tissue engineering due to its exceptional bioactivity. This study aimed to isolate functional fish collagen fragments capable of microbial biosynthesis and supporting bone tissue regeneration. Collagen fragments of 150 amino acids were extracted from Cyprinus carpio collagen I (CcCOL1), and their bioactivity, net charge, and hydrophobicity were calculated and analyzed for correlations, these physicochemical and sequential features were using to train the machine learning model, which classified the fragments into three subgroups. Representative samples were selected from each cluster or directly from the original CcCOL1. Six out of eight variants were successfully secreted in Pichia pastoris, and all formed triple-helical structures, while only Var-2 and Var-3 retained self-assembly at 15 °C. Notably, Var-2 exhibited the highest capacity to induce osteoblast differentiation. To develop scaffolds with enhanced mechanical strength, Var-2 was combined with chitin and hydroxyapatite (HAP). The resulting composite demonstrated a compressive strength of 5.77 ± 0.32 MPa while maintaining high porosity at a chitin-HAP ratio of 2:1. Cytotoxicity assays confirmed biocompatibility, and fibroblast differentiation was comparable to Var-2 alone. In vivo rat tibia defect studies showed significant bone regeneration after 12 weeks, highlighting the potential of this fish collagen-chitin-HAP biomaterial for bone tissue engineering."
49,A4_tissue,PMC8827680,PMC8827680,,2021,Journal of clinical and translational science,Abstract,20184 A Hypothesis-Driven Parametric Study of a Computational Dermal Replacement Model,"ABSTRACT IMPACT: This work will be used to improve the design of engineered dermal replacements that can be used to treat difficult-to-heal wounds such as burns or ulcers. OBJECTIVES/GOALS: Wounds of the skin are among the most common and costly medical problems experienced. Engineered dermal replacements have been developed to improve outcomes, but the optimal design features are unknown. Here we describe a hypothesis-driven study of scaffold parameters using a computational model of wound healing to simulate a variety of treatments. METHODS/STUDY POPULATION: The computational model, which was informed by animal data, was used to simulate cell, cytokine, and collagen density fields. There are reciprocal mechanobiological interactions between the cells and collagen that guide the wound healing process. We analyzed initial wound properties such as scaffold stiffness, microstructure, degradation, and wound geometry by running a one-at-a-time order-of-magnitude parameter change. We then conducted a derivative-based local sensitivity analysis for simulated experimental conditions and constructed a surrogate model of wound contraction using Gaussian process regression. RESULTS/ANTICIPATED RESULTS: We conducted finite element model simulations of scaffolds that varied in physical properties. A sensitivity analysis demonstrated that wound contraction was highly sensitive to collagen fiber stiffness and density. Wound contraction rate was also dependent on initial wound size and surface area. Collagen fiber orientation in the scaffolds affected contraction directionality and the orientation of the final wound area. A Gaussian process regression model was fit to the simulation results for use in rapid prototyping of scaffolds for design optimization. The Gaussian process model was able to reproduce the wound contracture for training and test cases. DISCUSSION/SIGNIFICANCE OF FINDINGS: This work further analyzes a computational model of wounds treated with collagen scaffold dermal replacements. The hypothesis driven analysis of the model suggested several key design features of scaffolds. The model surrogate will further be used for the purposes of prediction and optimization of tissue regeneration outcomes."
50,A4_tissue,39795524,PMC11723248,10.3390/polym17010121,2025,Polymers,research-article; Journal Article,Artificial Intelligence-Driven Modeling for Hydrogel Three-Dimensional Printing: Computational and Experimental Cases of Study.,"Determining the values of various properties for new bio-inks for 3D printing is a very important task in the design of new materials. For this purpose, a large number of experimental works have been consulted, and a database with more than 1200 bioprinting tests has been created. These tests cover different combinations of conditions in terms of print pressure, temperature, and needle values, for example. These data are difficult to deal with in terms of determining combinations of conditions to optimize the tests and analyze new options. The best model demonstrated a specificity (Sp) of 88.4% and a sensitivity (Sn) of 86.2% in the training series while achieving an Sp of 85.9% and an Sn of 80.3% in the external validation series. This model utilizes operators based on perturbation theory to analyze the complexity of the data. For comparative purposes, neural networks have been used, and very similar results have been obtained. The developed tool could easily be applied to predict the properties of bioprinting assays in silico. These findings could significantly improve the efficiency and accuracy of predictive models in bioprinting without resorting to trial-and-error tests, thereby saving time and funds. Ultimately, this tool may help pave the way for advances in personalized medicine and tissue engineering."
51,A4_tissue,32222115,PMC7308637,10.1002/sctm.19-0389,2020,Stem cells translational medicine,research-article; Journal Article,"Improving patient outcomes with regenerative medicine: How the Regenerative Medicine Manufacturing Society plans to move the needle forward in cell manufacturing, standards, 3D bioprinting, artificial intelligence-enabled automation, education, and training.","The Regenerative Medicine Manufacturing Society (RMMS) is the first and only professional society dedicated toward advancing manufacturing solutions for the field of regenerative medicine. RMMS's vision is to provide greater patient access to regenerative medicine therapies through innovative manufacturing solutions. Our mission is to identify unmet needs and gaps in regenerative medicine manufacturing and catalyze the generation of new ideas and solutions by working with private and public stakeholders. We aim to accomplish our mission through outreach and education programs and securing grants for public-private collaborations in regenerative medicine manufacturing. This perspective will cover four impact areas that the society's leadership team has identified as critical: (a) cell manufacturing and scale-up/out, respectively, for allogeneic and autologous cell therapies, (b) standards for regenerative medicine, (c) 3D bioprinting, and (d) artificial intelligence-enabled automation. In addition to covering these areas and ways in which the society intends to advance the field in a collaborative nature, we will also discuss education and training. Education and training is an area that is critical for communicating the current challenges, developing solutions to accelerate the commercialization of the latest technological advances, and growing the workforce in the rapidly expanding sector of regenerative medicine."
52,A4_tissue,40492276,PMC12199226,10.1021/acs.analchem.5c01636,2025,Analytical chemistry,"Research Support, Non-U.S. Gov't; research-article; Journal Article",High-Throughput Analysis of Protein Adsorption to a Large Library of Polymers Using Liquid Extraction Surface Analysis-Tandem Mass Spectrometry (LESA-MS/MS).,"Biomaterials play an important role in medicine from contact lenses to joint replacements. High-throughput screening coupled with machine learning has identified synthetic polymers that prevent bacterial biofilm formation, prevent fungal cell attachment, control immune cell attachment and phenotype, or direct stem cell fate. In-vitro preadsorption of proteins from culture medium plays a pivotal role in controlling cell response. However, there is a paucity of studies on the screening of protein adsorption into material libraries. Here, we show how quantitative analysis of protein adsorption on a 208-member polymer microarray can be achieved using liquid extraction surface analysis, combined with an adaptation of the droplet microarray (DMA) approach and tandem mass spectrometry (LESA-MS/MS) for protein identification. This study uses a fully defined cell culture medium containing only four proteins (Essential 8) to demonstrate the feasibility of the analysis approach. Our findings show that we can generate quantitative and predictive machine learning models of protein adsorption that elucidate key polymer features that describe the relationship between surface chemistry and protein adsorption. This information is of use for the rational design of new materials with bespoke protein attachment properties for biomaterials, medical devices, or in vitro compound screening."
53,A4_tissue,39717531,PMC11663632,10.3389/fbioe.2024.1432737,2024,Frontiers in bioengineering and biotechnology,research-article; Journal Article,High-throughput platform for label-free sorting of 3D spheroids using deep learning.,"End-stage liver diseases have an increasing impact worldwide, exacerbated by the shortage of transplantable organs. Recognized as one of the promising solutions, tissue engineering aims at recreating functional tissues and organs in vitro. The integration of bioprinting technologies with biological 3D models, such as multi-cellular spheroids, has enabled the fabrication of tissue constructs that better mimic complex structures and in vivo functionality of organs. However, the lack of methods for large-scale production of homogeneous spheroids has hindered the upscaling of tissue fabrication. In this work, we introduce a fully automated platform, designed for high-throughput sorting of 3D spheroids based on label-free analysis of brightfield images. The compact platform is compatible with standard biosafety cabinets and includes a custom-made microscope and two fluidic systems that optimize single spheroid handling to enhance sorting speed. We use machine learning to classify spheroids based on their bioprinting compatibility. This approach enables complex morphological analysis, including assessing spheroid viability, without relying on invasive fluorescent labels. Furthermore, we demonstrate the efficacy of transfer learning for biological applications, for which acquiring large datasets remains challenging. Utilizing this platform, we efficiently sort mono-cellular and multi-cellular liver spheroids, the latter being used in bioprinting applications, and confirm that the sorting process preserves viability and functionality of the spheroids. By ensuring spheroid homogeneity, our sorting platform paves the way for standardized and scalable tissue fabrication, advancing regenerative medicine applications."
54,A4_tissue,33521628,PMC7836383,10.1016/j.matt.2020.05.009,2020,Matter,News,Shifting Gears in Biomaterials Discovery.,High-throughput screening of cell-biomaterial interactions combined with machine learning algorithms leads the way toward the future of medical device manufacturing: in silico modeling of cell and tissue response. Bio-compatible medical implants will have a huge clinical impact.
55,A4_tissue,40161541,PMC11950957,10.1016/j.adro.2025.101739,2025,Advances in radiation oncology,research-article; Journal Article,Risk Estimation of Late Rectal Toxicity Using a Convolutional Neural Network-based Dose Prediction in Prostate Cancer Radiation Therapy.,"PurposeThe present study investigated the feasibility of our automatic plan generation model based on a convolutional neural network (CNN) to estimate the baseline risk of grade ≥2 late rectal bleeding (G2-LRB) in volumetric modulated arc therapy for prostate cancer.Methods and materialsWe built the 2-dimensional U-net model to predict dose distributions using the planning computed tomography and organs at risk masks as inputs. Seventy-five volumetric modulated arc therapy plans of prostate cancer, which were delivered at 74.8 Gy in 34 fractions with a uniform planning goal, were included: 60 for training and 5-fold cross-validation, and the remaining 15 for testing. Isodose volume dice similarity coefficient, dose-volume histogram, and normal tissue complication probability (NTCP) metrics between planned and CNN-predicted dose distributions were calculated. The primary endpoint was the goodness-of-fit, expressed as a coefficient of determination (R 2) value, in predicting the percentage of G2-LRB-Lyman-Kutcher-Burman-NTCP.ResultsIn 15 test cases, 2-dimensional U-net predicted dose distributions with a mean isodose volume dice similarity coefficient value of 0.90 within the high-dose region (doses ≥ 50 Gy). Rectum V50Gy, V60Gy, and V70Gy were accurately predicted (R 2 = 0.73, 0.82, and 0.87, respectively). Strong correlations were observed between planned and predicted G2-LRB-Lyman-Kutcher-Burman-NTCP (R 2 = 0.80, P ConclusionsA risk estimation of LRB using CNN-based automatic plan generation from anatomic information was feasible. These results will contribute to the development of a decision support system that identifies priority cases for preradiation therapy interventions, such as hydrogel spacer implantation."
56,A4_tissue,39886605,PMC11780150,10.1016/j.bioactmat.2024.12.028,2025,Bioactive materials,research-article; Journal Article,3D bioprinted dynamic bioactive living construct enhances mechanotransduction-assisted rapid neural network self-organization for spinal cord injury repair.,"Biomimetic neural substitutes, constructed through the bottom-up assembly of cell-matrix modulus via 3D bioprinting, hold great promise for neural regeneration. However, achieving precise control over the fate of neural stem cells (NSCs) to ensure biological functionality remains challenging. Cell behaviors are closely linked to cellular dynamics and cell-matrix mechanotransduction within a 3D microenvironment. To address this, a dynamic bioactive bioink is designed to provide adaptable biomechanics and instructive biochemical cues, specifically tailored for the fate commitment of NSCs, through incorporating reversible Schiff-base bonds and bioactive motifs, N-cadherin-mimicking and BDNF-mimicking peptides. We demonstrate that the dynamic properties of 3D bioprinted living fibers alleviate the mechanical confinement on NSCs and significantly enhance their mechanosensing, spreading, migration, and matrix remodeling within the 3D matrix. Additionally, the inclusion of N-cadherin-mimicking and BDNF-mimicking peptides further enhances cells' ability to sense and respond to mechanical and neurotrophic cues provided by the surrounding matrix, which accelerates the self-organization of a functional neural network within the 3D bioprinted construct, leading to significant motor and sensory function recovery in a rat complete spinal cord injury model. This work underscores the critical role of precisely designing cell-instructive bioinks for the advanced functionality of 3D bioprinted living constructs in neural regeneration."
57,A4_tissue,36861434,PMC12316057,10.1002/jbm.a.37515,2023,Journal of biomedical materials research. Part A,"Research Support, N.I.H., Intramural; Research Support, Non-U.S. Gov't; research-article; Journal Article",Label-free cleared tissue microscopy and machine learning for 3D histopathology of biomaterial implants.,"Tissue clearing of whole intact organs has enhanced imaging by enabling the exploration of tissue structure at a subcellular level in three-dimensional space. Although clearing and imaging of the whole organ have been used to study tissue biology, the microenvironment in which cells evolve to adapt to biomaterial implants or allografts in the body is poorly understood. Obtaining high-resolution information from complex cell-biomaterial interactions with volumetric landscapes represents a key challenge in the fields of biomaterials and regenerative medicine. To provide a new approach to examine how tissue responds to biomaterial implants, we apply cleared tissue light-sheet microscopy and three-dimensional reconstruction to utilize the wealth of autofluorescence information for visualizing and contrasting anatomical structures. This study demonstrates the adaptability of the clearing and imaging technique to provide sub-cellular resolution (0.6 μm isotropic) 3D maps of various tissue types, using samples from fully intact peritoneal organs to volumetric muscle loss injury specimens. Specifically, in the volumetric muscle loss injury model, we provide 3D visualization of the implanted extracellular matrix biomaterial in the wound bed of the quadricep muscle groups and further apply computational-driven image classification to analyze the autofluorescence spectrum at multiple emission wavelengths to categorize tissue types at the injured site interacting with the biomaterial scaffolds."
58,A4_tissue,34422780,PMC8378215,10.3389/fbioe.2021.701778,2021,Frontiers in bioengineering and biotechnology,research-article; Journal Article,Towards the Experimentally-Informed In Silico Nozzle Design Optimization for Extrusion-Based Bioprinting of Shear-Thinning Hydrogels.,"Research in bioprinting is booming due to its potential in addressing several manufacturing challenges in regenerative medicine. However, there are still many hurdles to overcome to guarantee cell survival and good printability. For the 3D extrusion-based bioprinting, cell viability is amongst one of the lowest of all the bioprinting techniques and is strongly influenced by various factors including the shear stress in the print nozzle. The goal of this study is to quantify, by means of in silico modeling, the mechanical environment experienced by the bioink during the printing process. Two ubiquitous nozzle shapes, conical and blunted, were considered, as well as three common hydrogels with material properties spanning from almost Newtonian to highly shear-thinning materials following the power-law behavior: Alginate-Gelatin, Alginate and PF127. Comprehensive in silico testing of all combinations of nozzle geometry variations and hydrogels was achieved by combining a design of experiments approach (DoE) with a computational fluid dynamics (CFD) of the printing process, analyzed through a machine learning approach named Gaussian Process. Available experimental results were used to validate the CFD model and justify the use of shear stress as a surrogate for cell survival in this study. The lower and middle nozzle radius, lower nozzle length and the material properties, alone and combined, were identified as the major influencing factors affecting shear stress, and therefore cell viability, during printing. These results were successfully compared with those of reported experiments testing viability for different nozzle geometry parameters under constant flow rate or constant pressure. The in silico 3D bioprinting platform developed in this study offers the potential to assist and accelerate further development of 3D bioprinting."
59,A4_tissue,40710711,PMC12294283,10.3390/gels11070550,2025,"Gels (Basel, Switzerland)",research-article; Journal Article,Interpretable Prediction and Analysis of PVA Hydrogel Mechanical Behavior Using Machine Learning.,"Polyvinyl alcohol (PVA) hydrogels have emerged as versatile materials due to their exceptional biocompatibility and tunable mechanical properties, showing great promise for flexible sensors, smart wound dressings, and tissue engineering applications. However, rational design remains challenging due to complex structure-property relationships involving multiple formulation parameters. This study presents an interpretable machine learning framework for predicting PVA hydrogel tensile strain properties with emphasis on mechanistic understanding, based on a comprehensive dataset of 350 data points collected from a systematic literature review. XGBoost demonstrated superior performance after Optuna-based optimization, achieving R2 values of 0.964 for training and 0.801 for testing. SHAP analysis provided unprecedented mechanistic insights, revealing that PVA molecular weight dominates mechanical performance (SHAP importance: 84.94) through chain entanglement and crystallization mechanisms, followed by degree of hydrolysis (72.46) and cross-linking parameters. The interpretability analysis identified optimal parameter ranges and critical feature interactions, elucidating complex non-linear relationships and reinforcement mechanisms. By addressing the ""black box"" limitation of machine learning, this approach enables rational design strategies and mechanistic understanding for next-generation multifunctional hydrogels."
60,A4_tissue,35566970,PMC9104973,10.3390/polym14091802,2022,Polymers,research-article; Journal Article,Accelerated Discovery of the Polymer Blends for Cartilage Repair through Data-Mining Tools and Machine-Learning Algorithm.,"In designing successful cartilage substitutes, the selection of scaffold materials plays a central role, among several other important factors. In an empirical approach, the selection of the most appropriate polymer(s) for cartilage repair is an expensive and time-consuming affair, as traditionally it requires numerous trials. Moreover, it is humanly impossible to go through the huge library of literature available on the potential polymer(s) and to correlate the physical, mechanical, and biological properties that might be suitable for cartilage tissue engineering. Hence, the objective of this study is to implement an inverse design approach to predict the best polymer(s)/blend(s) for cartilage repair by using a machine-learning algorithm (i.e., multinomial logistic regression (MNLR)). Initially, a systematic bibliometric analysis on cartilage repair has been performed by using the bibliometrix package in the R program. Then, the database was created by extracting the mechanical properties of the most frequently used polymers/blends from the PoLyInfo library by using data-mining tools. Then, an MNLR algorithm was run by using the mechanical properties of the polymers, which are similar to the cartilages, as the input and the polymer(s)/blends as the predicted output. The MNLR algorithm used in this study predicts polyethylene/polyethylene-graftpoly(maleic anhydride) blend as the best candidate for cartilage repair."
61,A4_tissue,38130429,PMC10733684,10.1016/j.mtbio.2023.100879,2024,Materials today. Bio,research-article; Journal Article,Non-neotissue constituents as underestimated confounders in the assessment of tissue engineered constructs by near-infrared spectroscopy.,"Non-destructive assessments are required for the quality control of tissue-engineered constructs and the optimization of the tissue culture process. Near-infrared (NIR) spectroscopy coupled with machine learning (ML) provides a promising approach for such assessment. However, due to its nonspecific nature, each spectrum incorporates information on both neotissue and non-neotissue constituents of the construct; the effect of these constituents on the NIR-based assessments of tissue-engineered constructs has been overlooked in previous studies. This study investigates the effect of scaffolds, growth factors, and buffers on NIR-based assessments of tissue-engineered constructs. To determine if these non-neotissue constituents have a measurable effect on the NIR spectra of the constructs that can introduce bias in their assessment, nine ML algorithms were evaluated in classifying the NIR spectra of engineered cartilage according to the scaffold used to prepare the constructs, the growth factors added to the culture media, and the buffers used for storing the constructs. The effect of controlling for these constituents was also evaluated using controlled and uncontrolled NIR-based ML models for predicting tissue maturity as an example of neotissue-related properties of interest. Samples used in this study were prepared using norbornene-modified hyaluronic acid scaffolds with or without the conjugation of an N-cadherin mimetic peptide. Selected samples were supplemented with transforming growth factor-beta1 or bone morphogenetic protein-9 growth factor. Some samples were frozen in cell lysis buffer, while the remaining samples were frozen in PBS until required for NIR analysis. The ML models for classifying the spectra of the constructs according to the four constituents exhibited high to fair performances, with F1 scores ranging from 0.9 to 0.52. Moreover, controlling for the four constituents significantly improved the performance of the models for predicting tissue maturity, with improvement in F1 scores ranging from 0.09 to 0.77. In conclusion, non-neotissue constituents have measurable effects on the NIR spectra of tissue-engineered constructs that can be detected by ML algorithms and introduce bias in the assessment of the constructs by NIR spectroscopy. Therefore, controlling for these constituents is necessary for reliable NIR-based assessments of tissue-engineered constructs."
62,A4_tissue,39857791,PMC11761273,10.3390/biomedicines13010208,2025,Biomedicines,research-article; Journal Article,Advancing Hydrogel-Based 3D Cell Culture Systems: Histological Image Analysis and AI-Driven Filament Characterization.,"Background: Machine learning is used to analyze images by training algorithms on data to recognize patterns and identify objects, with applications in various fields, such as medicine, security, and automation. Meanwhile, histological cross-sections, whether longitudinal or transverse, expose layers of tissues or tissue mimetics, which provide crucial information for microscopic analysis. Objectives: This study aimed to employ the Google platform ""Teachable Machine"" to apply artificial intelligence (AI) in the interpretation of histological cross-section images of hydrogel filaments. Methods: The production of 3D hydrogel filaments involved different combinations of sodium alginate and gelatin polymers, as well as a cross-linking agent, and subsequent stretching until rupture using an extensometer. Cross-sections of stretched and unstretched filaments were created and stained with hematoxylin and eosin. Using the Teachable Machine platform, images were grouped and trained for subsequent prediction. Results: Over six hundred histological cross-section images were obtained and stored in a virtual database. Each hydrogel combination exhibited variations in coloration, and some morphological structures remained consistent. The AI efficiently identified and differentiated images of stretched and unstretched filaments. However, some confusion arose when distinguishing among variations in hydrogel combinations. Conclusions: Therefore, the image prediction tool for biopolymeric hydrogel histological cross-sections using Teachable Machine proved to be an efficient strategy for distinguishing stretched from unstretched filaments."
63,A4_tissue,39851302,PMC11761550,10.3390/bioengineering12010028,2025,"Bioengineering (Basel, Switzerland)",research-article; Journal Article,Deep Learning for Predicting Spheroid Viability: Novel Convolutional Neural Network Model for Automating Quality Control for Three-Dimensional Bioprinting.,"Spheroids serve as the building blocks for three-dimensional (3D) bioprinted tissue patches. When larger than 500 μm, the desired size for 3D bioprinting, they tend to have a hypoxic core with necrotic cells. Therefore, it is critical to assess the viability of spheroids in order to ensure the successful fabrication of high-viability patches. However, current viability assays are time-consuming, labor-intensive, require specialized training, or are subject to human bias. In this study, we build a convolutional neural network (CNN) model to efficiently and accurately predict spheroid viability, using a phase-contrast image of a spheroid as its input. A comprehensive dataset of mouse mesenchymal stem cell (mMSC) spheroids of varying sizes with corresponding viability percentages, which was obtained through CCK-8 assays, was established and used to train and validate the model. The model was trained to automatically classify spheroids into one of four distinct categories based on their predicted viability: 0-20%, 20-40%, 40-70%, and 70-100%. The model achieved an average accuracy of 92%, with a consistent loss below 0.2. This deep-learning model offers a non-invasive, efficient, and accurate method to streamline the assessment of spheroid quality, thereby accelerating the development of bioengineered cardiac tissue patches for cardiovascular disease therapies."
64,A4_tissue,39852017,PMC11765179,10.3390/gels11010045,2025,"Gels (Basel, Switzerland)",research-article; Journal Article,Characterization and Machine Learning-Driven Property Prediction of a Novel Hybrid Hydrogel Bioink Considering Extrusion-Based 3D Bioprinting.,"The field of tissue engineering has made significant advancements with extrusion-based bioprinting, which uses shear forces to create intricate tissue structures. However, the success of this method heavily relies on the rheological properties of bioinks. Most bioinks use shear-thinning. While a few component-based efforts have been reported to predict the viscosity of bioinks, the impact of shear rate has been vastly ignored. To address this gap, our research presents predictive models using machine learning (ML) algorithms, including polynomial fit (PF), decision tree (DT), and random forest (RF), to estimate bioink viscosity based on component weights and shear rate. We utilized novel bioinks composed of varying percentages of alginate (2-5.25%), gelatin (2-5.25%), and TEMPO-Nano fibrillated cellulose (0.5-1%) at shear rates from 0.1 to 100 s-1. Our study analyzed 169 rheological measurements using 80% training and 20% validation data. The results, based on the coefficient of determination (R2) and mean absolute error (MAE), showed that the RF algorithm-based model performed best: [(R2, MAE) RF = (0.99, 0.09), (R2, MAE) PF = (0.95, 0.28), (R2, MAE) DT = (0.98, 0.13)]. These predictive models serve as valuable tools for bioink formulation optimization, allowing researchers to determine effective viscosities without extensive experimental trials to accelerate tissue engineering."
65,A4_tissue,35884839,PMC9313127,10.3390/biomedicines10071534,2022,Biomedicines,research-article; Journal Article,Optogenetically Engineered Neurons Differentiated from Human SH-SY5Y Cells Survived and Expressed ChR2 in 3D Hydrogel.,"The cases of brain degenerative disease will rise as the human population ages. Current treatments have a transient effect and lack an investigative system that is physiologically relevant for testing. There is evidence suggesting optogenetic stimulation is a potential strategy; however, an in vitro disease and optogenetic model requires a three-dimensional microenvironment. Alginate is a promising material for tissue and optogenetic engineering. Although it is bioinert, alginate hydrogel is transparent and therefore allows optical penetration for stimulation. In this study, alginate was functionalized with arginine-glycine-aspartate acid (RGD) to serve as a 3D platform for encapsulation of human SH-SY5Y cells, which were optogenetically modified and characterized. The RGD-alginate hydrogels were tested for swelling and degradation. Prior to encapsulation, the cells were assessed for neuronal expression and optical-stimulation response. The results showed that RGD-alginate possessed a consistent swelling ratio of 18% on day 7, and degradation remained between 3.7−5% throughout 14 days. Optogenetically modified SH-SY5Y cells were highly viable (>85%) after lentiviral transduction and neuronal differentiation. The cells demonstrated properties of functional neurons, developing beta III tubulin (TuJ1)-positive long neurites, forming neural networks, and expressing vGlut2. Action potentials were produced upon optical stimulation. The neurons derived from human SH-SY5Y cells were successfully genetically modified and encapsulated; they survived and expressed ChR2 in an RGD-alginate hydrogel system."
66,A4_tissue,40677815,PMC12265450,10.1364/boe.566950,2025,Biomedical optics express,research-article; Journal Article,Phase-augmented deep learning for cell segmentation in wrapped quantitative phase images.,"Understanding cell adhesion and detachment is crucial for advancing disease diagnosis, treatment, and biomaterial development. Optical phase imaging techniques enable continuous, label-free observation of cells undergoing dynamic processes, including cell adhesion and detachment. To quantitatively study these processes with single-cell precision, accurate cell segmentation from phase images is essential. However, it is challenging to perform cell segmentation in phase images because of phase-wrapping artifacts. In this study, we developed a phase-augmented deep learning approach for cell segmentation in wrapped quantitative phase images. We acquired phase images from modulated optically computer phase microscopy (M-OCPM), a novel imaging technology recently developed in our laboratory. We trained a neural network with U-Net architecture to perform cell segmentation. The novelty of our method lies in the data augmentation strategy that introduces global phase shifts to the input images, enabling the network to distinguish true morphological features from phase-wrapping artifacts. It results in improved segmentation accuracy and eliminates the need for unwrapping. With the phase-augmented U-Net segmentation, we performed a quantitative analysis of cell morphology during cell detachment, highlighting the value of deep learning segmentation for studying dynamic cellular processes."
67,A4_tissue,39539447,PMC11556762,10.22038/ijbms.2024.78958.17077,2024,Iranian journal of basic medical sciences,research-article; Journal Article,Zinc oxide nanoparticle-reinforced sodium alginate/hydroxyapatite scaffolds for osteoporosis treatment in fragility fracture patients: Development and characterization using artificial neural networks (ANNs) modeling.,"ObjectivesOsteoporosis is a significant public health concern due to its association with fragility fractures. Despite experiencing such fractures, many patients remain at high risk of future fractures due to inadequate management and treatment of their underlying osteoporosis. This research presents a comprehensive intervention to enhance osteoporosis management in patients with fragility fractures. The intervention involves a thorough personalized assessment of fracture risk using clinical factors and bone density testing, followed by customized treatment based on the individual's fracture risk level. It also addresses non-compliance through patient education, counseling, reminders, and improved care coordination among acute, primary, and specialty providers.Materials and methodsThe aim is to create and characterize sodium alginate/hydroxyapatite (HA) scaffolds reinforced with zinc oxide nanoparticles (ZnO-NP) for bone tissue engineering. Freeze-drying was used to produce scaffolds with 0-15% ZnO-NP. Analyses confirmed the composite structure, uniform ZnO-NP distribution, and decreasing pore size with higher ZnO-NP content. Mechanical testing showed increased compressive strength with greater ZnO-NP.ResultsThe scaffolds exhibited over 70% porosity, neutral pH, and increased apatite deposition and bioactivity with higher ZnO-NP. They also demonstrated decreased swelling and strong antibacterial activity against Escherichia coli and Staphylococcus aureus, making them a promising candidate for bone regeneration.ConclusionAdditionally, the researchers used an artificial neural network (ANN) to better understand the relationships between various scaffold properties, and the ANN-based predictions showed that changes in pore size and porosity affect the other properties, with acceptable error compared to experimental results."
68,A4_tissue,40710713,PMC12295643,10.3390/gels11070552,2025,"Gels (Basel, Switzerland)",research-article; Journal Article,Optimization of SA-Gel Hydrogel Printing Parameters for Extrusion-Based 3D Bioprinting.,"Extrusion-based 3D bioprinting is prevalent in tissue engineering, but enhancing precision is critical as demands for functionality and accuracy escalate. Process parameters (nozzle diameter d, layer height h, printing speed v1, extrusion speed v2) significantly influence hydrogel deposition and structure formation. This study optimizes these parameters using an orthogonal experimental design and grey relational analysis. Hydrogel filament formability and the die swell ratio served as optimization objectives. A response mathematical model linking parameters to grey relational grade was established via support vector regression (SVR). Particle Swarm Optimization (PSO) then determined the optimal parameter combination: d = 0.6 mm, h = 0.3 mm, v1 = 8 mm/s, and v2 = 8 mm/s. Comparative experiments showed the optimized parameters predicted by the model with a mean error of 5.15% for printing precision, which outperformed random sets. This data-driven approach reduces uncertainties inherent in conventional simulation methods, enhancing predictive accuracy. The methodology establishes a novel framework for optimizing precision in extrusion-based 3D bioprinting."
69,A4_tissue,38744432,PMC12209858,10.1093/asj/sjae109,2024,Aesthetic surgery journal,research-article; Journal Article,"Artificial Intelligence, Genuine Outcome: Analysis of 72 Consecutive Cases of Subfascial Augmentation Mastopexy With Smooth Round Implants Supported by P4HB Scaffold.","BackgroundPtosis recurrence often leads to unsatisfactory results after mastopexy, even more so when additional stress is provided by implants on compromised native tissue. The poly-4-hydroxybutyrate(P4HB) scaffold (GalaFLEX) with its favorable safety profile and proven long-term mechanical strength represents a preferred option for soft tissue support.ObjectivesThe primary endpoint was assessment of lower pole stretch from the early postoperative period up to 3 years.MethodsOut of 151 patients who underwent surgery by G.B. from March 2020 to December 2023, a total of 72 with a 12-month-mininum follow-up who had primary (46) or secondary (26) augmentation mastopexy with subfascial round smooth implants and P4HB scaffold support were included in the study. Three-dimensional artificial intelligence software was utilized for all measurements. Further analysis included evaluation of ptosis recurrence and all complications.ResultsNo recurrent ptosis, bottoming out, implant displacement, or capsular contracture was reported during follow-up (mean, 24.8 months). The lower pole arch's elongation was 8.04% and 9.44% at 1 and 3 years respectively, comparing favorably with previous reports. Statistically significant correlation (P  400 cc; P = .0011) and primary cases (P = .1376). Progressive volume redistribution from upper to lower pole was observed in the first year, with substantial stability thereafter.ConclusionsThis is the largest published series reporting long-term results (up to 45 months) in mastopexy augmentation with GalaFLEX, suggesting its supportive role in lower pole stability even in the setting of concurrent breast augmentation with smooth implants in a subfascial plane.Level of evidence: 4"
70,A4_tissue,42257191,PMC13052673,10.1021/polymscitech.4c00018,2025,"Polymer science & technology (Washington, D.C.)",research-article; Journal Article,Physicochemical Dual Cross-Linked Multifunctional Conductive Organohydrogel Sensors for Fireworks Burn Wound Healing and Intelligent Real-Time Monitoring.,"Conductive hydrogels have garnered significant attention in the realm of future flexible electronic devices due to their properties such as flexibility, electrical conductivity, frost resistance, and biocompatibility. However, the integration of numerous functional applications in the biomedical field still presents notable challenges. In this research, a rigid hard-structured network was formed by cross-linking gallic acid grafted chitosan (CS-GA) and tannic acid (TA) with poly-(vinyl alcohol) (PVA) through physical freezing. The noncovalent hydrogen bonding during the freezing and thawing process facilitated the formation of microcrystalline domains in the amorphous hydrogel network system. Functional proteins from eggshell membrane were cross-linked with tetra-armed poly-(ethylene glycol) maleimide (4am-PEG-MAL) via thiol-olefin click chemistry, and lysozyme was incorporated into the network as an antibacterial component through the nucleophilic substitution reaction. These chemical cross-linking methods resulted in a soft-structured network that enhanced the mechanical properties of the hydrogel (maximum stress of 2.15 MPa and elongation of 605%). The use of ionic liquids/ethylene glycol/water (ILs/EG/H2O) ternary solvents instead of a single solvent not only provided frost resistance but also imparted excellent electrical conductivity to the hydrogels (0.37 ± 0.04 S/m). Notably, the organohydrogel showed good antimicrobial properties and biocompatibility and was effective in providing emergency cooling after fireworks burns and promoting wet healing of broken skin to minimize scarring. In the biomedical field, this multifunctional hydrogel can serve as a flexible wearable device to monitor the movement amplitude of wounds in real-time, offering a novel approach to deep learning-assisted wound healing. The multifunctional nature of this organohydrogel as a flexible wearable device in the biological field presents promising applications."
71,A4_tissue,38233557,PMC10794451,10.1038/s41598-024-51795-0,2024,Scientific reports,research-article; Journal Article,Fusion and classification algorithm of octacalcium phosphate production based on XRD and FTIR data.,"The present manuscript tested an automated analysis sequence to provide a decision support system to track the OCP synthesis from [Formula: see text]-TCP over time. Initially, the XRD and FTIR signals from a hundredfold scaled-up hydrolysis of OCP from [Formula: see text]-TCP were fused and modeled by the curve fitting based on the significantly established maxima from the literature and nine features extracted from the fitted shapes. Afterward, the analysis sequence enclosed the machine learning techniques for feature ranking, spatial filtering, and dimensionality reduction to support the automatic recognition of the synthesis stages. The proposed analysis pipeline for OCP identification might be the foundation for a decision support system explicitly targeting OCP synthesis. Future projects will exploit the suggested methodology for pinpointing the OCP production over time (including the intermediary phases present in the OCP formation) and for evaluating whether biological variables might be merged with biomaterial properties to build a unified model of tissue response to the implant."
72,A4_tissue,PMC9938698,PMC9938698,,2023,Research on Biomedical Engineering,research-article; Journal Article,Identification and ranking biomaterials for bone scaffolds using machine learning and PROMETHEE,
73,A4_tissue,34112893,PMC8192956,10.1038/s41598-021-91802-2,2021,Scientific reports,"Research Support, Non-U.S. Gov't; research-article; Journal Article",Fourier transform infrared spectroscopy coupled with machine learning classification for identification of oxidative damage in freeze-dried heart valves.,"Freeze-drying can be used to ensure off-the-shelf availability of decellularized heart valves for cardiovascular surgery. In this study, decellularized porcine aortic heart valves were analyzed by nitroblue tetrazolium (NBT) staining and Fourier transform infrared spectroscopy (FTIR) to identify oxidative damage during freeze-drying and subsequent storage as well as after treatment with H2O2 and FeCl3. NBT staining revealed that sucrose at a concentration of at least 40% (w/v) is needed to prevent oxidative damage during freeze-drying. Dried specimens that were stored at 4 °C depict little to no oxidative damage during storage for up to 2 months. FTIR analysis shows that fresh control, freeze-dried and stored heart valve specimens cannot be distinguished from one another, whereas H2O2- and FeCl3-treated samples could be distinguished in some tissue section. A feed forward artificial neural network model could accurately classify H2O2 and FeCl3 treated samples. However, fresh control, freeze-dried and stored samples could not be distinguished from one another, which implies that these groups are very similar in terms of their biomolecular fingerprints. Taken together, we conclude that sucrose can minimize oxidative damage caused by freeze-drying, and that subsequent dried storage has little effects on the overall biochemical composition of heart valve scaffolds."
74,A4_tissue,35675298,PMC9176756,10.1371/journal.pone.0268198,2022,PloS one,"Research Support, Non-U.S. Gov't; research-article; Journal Article; Research Support, N.I.H., Extramural",Predicting severity of cartilage damage in a post-traumatic porcine model: Synovial fluid and gait in a support vector machine.,"The inflammatory response to joint injury has been thought to play a key role in the development of osteoarthritis. In this preclinical study, we hypothesized that synovial fluid presence of inflammatory cytokines, as well as altered loading on the injured leg, would be associated with greater development of macroscopic cartilage damage after an ACL injury. Thirty-six Yucatan minipigs underwent ACL transection and were randomized to: 1) no further treatment, 2) ACL reconstruction, or 3) scaffold-enhanced ACL restoration. Synovial fluid samples and gait data were obtained pre-operatively and at multiple time points post-operatively. Cytokine levels were measured using a multiplex assay. Macroscopic cartilage assessments were performed following euthanasia at 52 weeks. General estimating equation modeling found the presence of IL-1α, IL-1RA, IL-2, IL-4, IL-6, and IL-10 and MMP-2, MMP-3, MMP-12, and MMP-13 in the synovial fluid was associated with better cartilage outcomes. Higher peak pressure for the surgical hind leg and contralateral hind leg aligned with worse cartilage outcomes. A support vector machine built with synovial fluid and gait metrics also demonstrated cytokine presence was predictive of better cartilage outcomes. In conclusion, this preclinical analysis suggests that synovial fluid devoid of cytokines may be a possible indicator that cartilage is more at risk of becoming pathologic after joint injury."
75,A4_tissue,34750438,PMC8575943,10.1038/s41598-021-01304-4,2021,Scientific reports,"Research Support, Non-U.S. Gov't; research-article; Research Support, U.S. Gov't, Non-P.H.S.; Journal Article",A deep learning approach to identify and segment alpha-smooth muscle actin stress fiber positive cells.,"Cardiac fibrosis is a pathological process characterized by excessive tissue deposition, matrix remodeling, and tissue stiffening, which eventually leads to organ failure. On a cellular level, the development of fibrosis is associated with the activation of cardiac fibroblasts into myofibroblasts, a highly contractile and secretory phenotype. Myofibroblasts are commonly identified in vitro by the de novo assembly of alpha-smooth muscle actin stress fibers; however, there are few methods to automate stress fiber identification, which can lead to subjectivity and tedium in the process. To address this limitation, we present a computer vision model to classify and segment cells containing alpha-smooth muscle actin stress fibers into 2 classes (α-SMA SF+ and α-SMA SF-), with a high degree of accuracy (cell accuracy: 77%, F1 score 0.79). The model combines standard image processing methods with deep learning techniques to achieve semantic segmentation of the different cell phenotypes. We apply this model to cardiac fibroblasts cultured on hyaluronic acid-based hydrogels of various moduli to induce alpha-smooth muscle actin stress fiber formation. The model successfully predicts the same trends in stress fiber identification as obtained with a manual analysis. Taken together, this work demonstrates a process to automate stress fiber identification in in vitro fibrotic models, thereby increasing reproducibility in fibroblast phenotypic characterization."
76,A4_tissue,40642766,PMC12241815,10.1016/j.csbj.2025.06.023,2025,Computational and structural biotechnology journal,research-article; Journal Article,Regression models for the prediction of the influence of magnesium ions on primary endothelial cell (HUVEC) proliferation and migration.,"Angiogenesis is one of the first stages in fracture healing and bone repair. Therefore, numerous studies evaluating the effect of Mg as a promising degradable, metallic biomaterial on the proliferation and function of endothelial cells have been performed. However, these studies lack methodological homogeneity and therefore differ in fundamental conclusions. Here, Mg-concentration-, donor- and cell age- dependent relations to primary human umbilical cord vein endothelial cells (HUVEC) proliferation and migration were investigated systematically. The generated data were utilized to develop regression models in order to assess and predict the cell response on Mg exposition in a concentration range of 2-20 mM Mg in cell culture medium extract. A concentration of > 2 mM already induced a detrimental effect in the sensitive primary HUVECs. Molecular data quantifying angiogenesis markers supported this finding. An increased migration capacity has been observed at a concentration of 10 mM Mg. We compared linear regression, random forests, support vector machines, neural networks and large language models for the prediction of HUVEC proliferation for a number of scenarios. Using these machine learning methods, we were able to predict the proliferation of HUVECs for missing Mg concentrations and for missing passages with mean absolute errors below 10 % and as low as 8.5 %, respectively. Due to strong differences between the cell behaviour of different donors, information for missing donors can be predicted with mean absolute errors of 15.7 % only. Support vector machines with linear kernel performed best on the tested data, but large language models also showed promising results."
77,A4_tissue,35879391,PMC9314366,10.1038/s42003-022-03699-w,2022,Communications biology,"Research Support, Non-U.S. Gov't; research-article; Journal Article",Solution structure of recombinant Pvfp-5β reveals insights into mussel adhesion.,"Some marine organisms can resist to aqueous tidal environments and adhere tightly on wet surface. This behavior has raised increasing attention for potential applications in medicine, biomaterials, and tissue engineering. In mussels, adhesive forces to the rock are the resultant of proteinic fibrous formations called byssus. We present the solution structure of Pvfp-5β, one of the three byssal plaque proteins secreted by the Asian green mussel Perna viridis, and the component responsible for initiating interactions with the substrate. We demonstrate that Pvfp-5β has a stably folded structure in agreement with the presence in the sequence of two EGF motifs. The structure is highly rigid except for a few residues affected by slow local motions in the µs-ms time scale, and differs from the model calculated by artificial intelligence methods for the relative orientation of the EGF modules, which is something where computational methods still underperform. We also show that Pvfp-5β is able to coacervate even with no DOPA modification, giving thus insights both for understanding the adhesion mechanism of adhesive mussel proteins, and developing of biomaterials."
78,A4_tissue,40212546,PMC11935280,10.1002/smsc.202400097,2024,Small science,research-article; Journal Article,Light-Assisted 3D-Printed Hydrogels for Antibacterial Applications.,"Light-assisted 3D printing technology, which uses a light source to solidify a photopolymerizable prepolymer solution, has shown great potential in the development of antibacterial hydrogels with high-resolution, specific features and functionalities. 3D-printed hydrogels with customized structures and antibacterial functions are widely used in tissue engineering, regenerative medicine, wound healing, and implants to advance the modeling and treatment of diseases. In the current review, an overview of light-assisted 3D printing technologies is first provided for the development of antibacterial hydrogels. Novel strategies involving the integration of inorganic nanomaterials, antibiotics, and functional polymers into 3D-printed hydrogels for the enhancement of antibacterial effects are then discussed. Finally, the perspective of advanced design using artificial intelligence and machine learning is proposed, providing a comprehensive yet succinct examination of 3D-printed hydrogels for antibacterial purposes."
79,A4_tissue,34485258,PMC8415910,10.3389/fbioe.2021.704738,2021,Frontiers in bioengineering and biotechnology,research-article; Journal Article,Unraveling the Local Relation Between Tissue Composition and Human Brain Mechanics Through Machine Learning.,"The regional mechanical properties of brain tissue are not only key in the context of brain injury and its vulnerability towards mechanical loads, but also affect the behavior and functionality of brain cells. Due to the extremely soft nature of brain tissue, its mechanical characterization is challenging. The response to loading depends on length and time scales and is characterized by nonlinearity, compression-tension asymmetry, conditioning, and stress relaxation. In addition, the regional heterogeneity-both in mechanics and microstructure-complicates the comprehensive understanding of local tissue properties and its relation to the underlying microstructure. Here, we combine large-strain biomechanical tests with enzyme-linked immunosorbent assays (ELISA) and develop an extended type of constitutive artificial neural networks (CANNs) that can account for viscoelastic effects. We show that our viscoelastic constitutive artificial neural network is able to describe the tissue response in different brain regions and quantify the relevance of different cellular and extracellular components for time-independent (nonlinearity, compression-tension-asymmetry) and time-dependent (hysteresis, conditioning, stress relaxation) tissue mechanics, respectively. Our results suggest that the content of the extracellular matrix protein fibronectin is highly relevant for both the quasi-elastic behavior and viscoelastic effects of brain tissue. While the quasi-elastic response seems to be largely controlled by extracellular matrix proteins from the basement membrane, cellular components have a higher relevance for the viscoelastic response. Our findings advance our understanding of microstructure - mechanics relations in human brain tissue and are valuable to further advance predictive material models for finite element simulations or to design biomaterials for tissue engineering and 3D printing applications."
80,A4_tissue,41403834,PMC12704313,10.1016/j.isci.2025.113989,2025,iScience,research-article; Journal Article,Uterine collagen deposition fluctuates throughout the estrous cycle and provides a scaffold for gland visualization via the SHG-casting method.,"Uterine extracellular matrix (ECM) and uterine glands are essential parts of the endometrium, with important roles in remodeling associated with the estrous cycle, fertility, and pregnancy. Using second harmonic generation (SHG) microscopy, enabling the label-free imaging of fibrillar collagen, we analyzed mouse endometrial tissue across estrous cycle phases. We observed quantifiable 2D and 3D changes in fibrillar collagen accumulation, especially around uterine glands in the estrus phase. We also validate that the 3D SHG fibrillar collagen scans can serve as a template to recreate 3D uterine gland morphology by a method we call SHG-casting, enabling simultaneous label-free studies of endometrial fibrillar collagen and glands. Our custom deep learning-based segmentation model enables rapid, accurate gland segmentation. SHG-casting reveals variable gland structures, including lobular morphology in estrus and involution in later phases. SHG- casting offers a powerful tool for the 3D imaging of epithelial structures supported by collagen-rich ECM, with broad research and diagnostic potential."
81,A4_tissue,41117111,PMC12538559,10.1039/d5tb01272d,2025,Journal of materials chemistry. B,research-article; Journal Article,Monomer exchange dynamics in ureido-pyrimidinone supramolecular polymers via molecular simulations.,"The use of synthetic supramolecular polymers, built with monomers that self-assemble via non-covalent, reversible interactions, is rapidly growing in many fields, including energy, environmental, and bioengineering applications. Very recently, ureido-pyrimidinone (UPy)-based supramolecular polymers have been used to synthesize biocompatible hydrogels aiming to mimic the dynamic environment of extracellular matrices. Tuning the dynamics, stiffness, and bioactivity of UPy hydrogels effectively influences cellular behaviour and tissue development. However, a complete understanding of UPy-network dynamics over different length and time scales is still lacking, and even the most advanced experimental approaches are unable to capture the dynamics of monomer exchange with atomistic resolution. Here we present a computational study on UPy supramolecular assemblies in water that uncovers the mechanism of monomer exchange between the UPy supramolecular polymers and their surroundings. Our results, based on atomistic molecular dynamics (MD) simulations combined with enhanced sampling and machine-learning (ML) techniques, show that the fine interplay of solute-solvent interactions is the main engine of monomer motion, which makes UPy supramolecular polymer ends more dynamic as compared to the static backbone. This computational work complements the qualitative experimental evidence on supramolecular dynamics with the mechanism of monomer exchange, revealing the most favorable environment for supramolecular polymer damage as well as the underlying principle of self-healing."
82,A4_tissue,39330168,PMC11431587,10.3390/gels10090565,2024,"Gels (Basel, Switzerland)",research-article; Journal Article,Diffusion Correction in Fricke Hydrogel Dosimeters: A Deep Learning Approach with 2D and 3D Physics-Informed Neural Network Models.,"In this work an innovative approach was developed to address a significant challenge in the field of radiation dosimetry: the accurate measurement of spatial dose distributions using Fricke gel dosimeters. Hydrogels are widely used in radiation dosimetry due to their ability to simulate the tissue-equivalent properties of human tissue, making them ideal for measuring and mapping radiation dose distributions. Among the various gel dosimeters, Fricke gels exploit the radiation-induced oxidation of ferrous ions to ferric ions and are particularly notable due to their sensitivity. The concentration of ferric ions can be measured using various techniques, including magnetic resonance imaging (MRI) or spectrophotometry. While Fricke gels offer several advantages, a significant hurdle to their widespread application is the diffusion of ferric ions within the gel matrix. This phenomenon leads to a blurring of the dose distribution over time, compromising the accuracy of dose measurements. To mitigate the issue of ferric ion diffusion, researchers have explored various strategies such as the incorporation of additives or modification of the gel composition to either reduce the mobility of ferric ions or stabilize the gel matrix. The computational method proposed leverages the power of artificial intelligence, particularly deep learning, to mitigate the effects of ferric ion diffusion that can compromise measurement precision. By employing Physics Informed Neural Networks (PINNs), the method introduces a novel way to apply physical laws directly within the learning process, optimizing the network to adhere to the principles governing ion diffusion. This is particularly advantageous for solving the partial differential equations that describe the diffusion process in 2D and 3D. By inputting the spatial distribution of ferric ions at a given time, along with boundary conditions and the diffusion coefficient, the model can backtrack to accurately reconstruct the original ion distribution. This capability is crucial for enhancing the fidelity of 3D spatial dose measurements, ensuring that the data reflect the true dose distribution without the artifacts introduced by ion migration. Here, multidimensional models able to handle 2D and 3D data were developed and tested against dose distributions numerically evolved in time from 20 to 100 h. The results in terms of various metrics show a significant agreement in both 2D and 3D dose distributions. In particular, the mean square error of the prediction spans the range 1×10-6-1×10-4, while the gamma analysis results in a 90-100% passing rate with 3%/2 mm, depending on the elapsed time, the type of distribution modeled and the dimensionality. This method could expand the applicability of Fricke gel dosimeters to a wider range of measurement tasks, from simple planar dose assessments to intricate volumetric analyses. The proposed technique holds great promise for overcoming the limitations imposed by ion diffusion in Fricke gel dosimeters."
83,A4_tissue,40084126,PMC11906096,10.34133/bmef.0110,2025,BME frontiers,research-article; Journal Article,Graph-Based 3-Dimensional Spatial Gene Neighborhood Networks of Single Cells in Gels and Tissues.,"Objective: We developed 3-dimensional spatially resolved gene neighborhood network embedding (3D-spaGNN-E) to find subcellular gene proximity relationships and identify key subcellular motifs in cell-cell communication (CCC). Impact Statement: The pipeline combines 3D imaging-based spatial transcriptomics and graph-based deep learning to identify subcellular motifs. Introduction: Advancements in imaging and experimental technology allow the study of 3D spatially resolved transcriptomics and capture better spatial context than approximating the samples as 2D. However, the third spatial dimension increases the data complexity and requires new analyses. Methods: 3D-spaGNN-E detects single transcripts in 3D cell culture samples and identifies subcellular gene proximity relationships. Then, a graph autoencoder projects the gene proximity relationships into a latent space. We then applied explainability analysis to identify subcellular CCC motifs. Results: We first applied the pipeline to mesenchymal stem cells (MSCs) cultured in hydrogel. After clustering the cells based on the RNA count, we identified cells belonging to the same cluster as homotypic and those belonging to different clusters as heterotypic. We identified changes in local gene proximity near the border between homotypic and heterotypic cells. When applying the pipeline to the MSC-peripheral blood mononuclear cell (PBMC) coculture system, we identified CD4+ and CD8+ T cells. Local gene proximity and autoencoder embedding changes can distinguish strong and weak suppression of different immune cells. Lastly, we compared astrocyte-neuron CCC in mouse hypothalamus and cortex by analyzing 3D multiplexed-error-robust fluorescence in situ hybridization (MERFISH) data and identified regional gene proximity differences. Conclusion: 3D-spaGNN-E distinguished distinct CCCs in cell culture and tissue by examining subcellular motifs."
84,A4_tissue,39687413,PMC11649290,10.1097/gox.0000000000006386,2024,Plastic and reconstructive surgery. Global open,research-article; Journal Article,Scaffold-assisted Breast Augmentation: Approaching New Horizon by Three-Dimensionally Printed Personalized Tissue Regenerative Implants.,"Current breast augmentation options face limitations and potential associated complications. Implant-based augmentation introduces risks such as capsular contracture and malpositioning, whereas fat grafting poses issues such as induration and infections, necessitating revisions. Tissue engineering, integrating 3-dimensional (3D) printing and biomaterials science, aims to overcome these challenges. However, the clinical translation of these advancements remains challenging, with many approaches falling short in demonstrating the necessary volume regeneration. A 28-year-old yoga instructor with a disinterest in traditional options sought an alternative solution. Custom-made biocompatible thermoplastic copolyester implants were proposed, approved, and implemented. Our approach utilized artificial intelligence, magnetic resonance imaging, computer-aided design, and lattice structure engineering for customizing the implant design. Three-dimensional printing and plasma technology surface treatment created implants of 300 and 315 cm3 volumes, weighting around 33 g with biomimetic properties. Implants were placed in the subglandular plane; an 8-month follow-up revealed well-maintained implants without complications, except for a conservatively managed hematoma, and excellent cosmetic outcomes. Magnetic resonance imaging analysis revealed revascularization and new tissue formation within the implant, demonstrating tissue integration without complications. The study addresses biomechanical issues and foreign body reactions that cause capsular contracture in breast augmentation and proposes a novel 3D-printed implant with ultralight weight, tissue integrative porous structure, and biomimetic environments for scaffold-guided tissue regeneration. In conclusion, the presented solution shows promise in overcoming current breast augmentation limitations, demonstrating safety, biocompatibility, and patient satisfaction. Further adoption and long-term studies with larger cohorts are needed to validate its clinical effectiveness and feasibility."
85,A4_tissue,37834457,PMC10573944,10.3390/ijms241915009,2023,International journal of molecular sciences,research-article; Journal Article,Keras/TensorFlow in Drug Design for Immunity Disorders.,"Homeostasis of the host immune system is regulated by white blood cells with a variety of cell surface receptors for cytokines. Chemotactic cytokines (chemokines) activate their receptors to evoke the chemotaxis of immune cells in homeostatic migrations or inflammatory conditions towards inflamed tissue or pathogens. Dysregulation of the immune system leading to disorders such as allergies, autoimmune diseases, or cancer requires efficient, fast-acting drugs to minimize the long-term effects of chronic inflammation. Here, we performed structure-based virtual screening (SBVS) assisted by the Keras/TensorFlow neural network (NN) to find novel compound scaffolds acting on three chemokine receptors: CCR2, CCR3, and one CXC receptor, CXCR3. Keras/TensorFlow NN was used here not as a typically used binary classifier but as an efficient multi-class classifier that can discard not only inactive compounds but also low- or medium-activity compounds. Several compounds proposed by SBVS and NN were tested in 100 ns all-atom molecular dynamics simulations to confirm their binding affinity. To improve the basic binding affinity of the compounds, new chemical modifications were proposed. The modified compounds were compared with known antagonists of these three chemokine receptors. Known CXCR3 compounds were among the top predicted compounds; thus, the benefits of using Keras/TensorFlow in drug discovery have been shown in addition to structure-based approaches. Furthermore, we showed that Keras/TensorFlow NN can accurately predict the receptor subtype selectivity of compounds, for which SBVS often fails. We cross-tested chemokine receptor datasets retrieved from ChEMBL and curated datasets for cannabinoid receptors. The NN model trained on the cannabinoid receptor datasets retrieved from ChEMBL was the most accurate in the receptor subtype selectivity prediction. Among NN models trained on the chemokine receptor datasets, the CXCR3 model showed the highest accuracy in differentiating the receptor subtype for a given compound dataset."
86,A4_tissue,35855109,PMC9290528,10.1093/rb/rbac043,2022,Regenerative biomaterials,research-article; Journal Article,Three-dimensional-printed collagen/chitosan/secretome derived from HUCMSCs scaffolds for efficient neural network reconstruction in canines with traumatic brain injury.,"The secretome secreted by stem cells and bioactive material has emerged as a promising therapeutic choice for traumatic brain injury (TBI). We aimed to determine the effect of 3D-printed collagen/chitosan/secretome derived from human umbilical cord blood mesenchymal stem cells scaffolds (3D-CC-ST) on the injured tissue regeneration process. 3D-CC-ST was performed using 3D printing technology at a low temperature (-20°C), and the physical properties and degeneration rate were measured. The utilization of low temperature contributed to a higher cytocompatibility of fabricating porous 3D architectures that provide a homogeneous distribution of cells. Immediately after the establishment of the canine TBI model, 3D-CC-ST and 3D-CC (3D-printed collagen/chitosan scaffolds) were implanted into the cavity of TBI. Following implantation of scaffolds, neurological examination and motor evoked potential detection were performed to analyze locomotor function recovery. Histological and immunofluorescence staining were performed to evaluate neuro-regeneration. The group treated with 3D-CC-ST had good performance of behavior functions. Implanting 3D-CC-ST significantly reduced the cavity area, facilitated the regeneration of nerve fibers and vessel reconstruction, and promoted endogenous neuronal differentiation and synapse formation after TBI. The implantation of 3D-CC-ST also markedly reduced cell apoptosis and regulated the level of systemic inflammatory factors after TBI."
87,A4_tissue,37850183,PMC10521712,10.34133/2022/9854084,2022,BME frontiers,research-article; Journal Article,Jointly Optimized Spatial Histogram UNET Architecture (JOSHUA) for Adipose Tissue Segmentation.,"Objective. We aim to develop a machine learning algorithm to quantify adipose tissue deposition at surgical sites as a function of biomaterial implantation. Impact Statement. To our knowledge, this study is the first investigation to apply convolutional neural network (CNN) models to identify and segment adipose tissue in histological images from silk fibroin biomaterial implants. Introduction. When designing biomaterials for the treatment of various soft tissue injuries and diseases, one must consider the extent of adipose tissue deposition. In this work, we analyzed adipose tissue accumulation in histological images of sectioned silk fibroin-based biomaterials excised from rodents following subcutaneous implantation for 1, 2, 4, or 8 weeks. Current strategies for quantifying adipose tissue after biomaterial implantation are often tedious and prone to human bias during analysis. Methods. We used CNN models with novel spatial histogram layer(s) that can more accurately identify and segment regions of adipose tissue in hematoxylin and eosin (H&E) and Masson's trichrome stained images, allowing for determination of the optimal biomaterial formulation. We compared the method, Jointly Optimized Spatial Histogram UNET Architecture (JOSHUA), to the baseline UNET model and an extension of the baseline model, attention UNET, as well as to versions of the models with a supplemental attention-inspired mechanism (JOSHUA+ and UNET+). Results. The inclusion of histogram layer(s) in our models shows improved performance through qualitative and quantitative evaluation. Conclusion. Our results demonstrate that the proposed methods, JOSHUA and JOSHUA+, are highly beneficial for adipose tissue identification and localization. The new histological dataset and code used in our experiments are publicly available."
88,A4_tissue,40234455,PMC12000562,10.1038/s41598-025-94608-8,2025,Scientific reports,research-article; Journal Article,Surrogate modeling of electrospun PVA/PLA nanofibers using artificial neural network for biomedical applications.,"Blending poly (lactic acid) (PLA) with poly (vinyl alcohol) (PVA) improves the strength and hydrophilicity of nanofibers, making them suitable for biomedical applications like wound dressings. This study explores how electrospinning parameters-applied voltage, flow rate, and needle-to-collector distance-affect PVA/PLA nanofiber properties, optimizing them using a Taguchi design of experiment (DoE) approach to enhance their mechanical and surface properties for clinical use. Given the high costs and time associated with conducting extensive experimental tests, an artificial neural network based surrogate model is developed to predict experimental outcomes more efficiently, facilitating faster identification of optimal design configurations. Analysis of Variance reveals flow rate as the most significant determinant of fiber diameter. The optimal electrospinning configuration yields nanofibers with an average diameter of 127.6 ± 19.8 nm. These fibers exhibit exceptional tensile strength, flexibility, and a water contact angle of 37°, demonstrating superior hydrophilicity conducive to cell adhesion and proliferation-key factors in promoting wound healing. Comparative analyses confirm that the optimized scaffold (18 cm needle-to-collector distance, 0.6 ml/h flow rate, and 18 kV applied voltage) significantly outperforms alternative configurations, such as 10 cm needle-to-collector distance, 1.2 ml/h flow rate, and 22 kV applied voltage, which display larger diameters, reduced hydrophilicity (contact angle of 72°), and diminished suitability for medical use. Validation experiments affirm the accuracy and reproducibility of the Taguchi optimization, substantiating the methodological rigor and reliability of the findings. This work contributes novel insights into the tunable design of electrospun nanofibers, providing a pathway to developing advanced wound dressings that facilitate tissue integration and accelerate healing. The optimized PVA/PLA nanofibers have the potential to revolutionize wound care by offering a cost-effective and clinically viable solution for enhancing patient recovery, reducing treatment durations, and improving global healthcare outcomes."
89,A4_tissue,40479052,PMC12143354,10.1126/sciadv.adu2695,2025,Science advances,research-article; Journal Article,Determining sex differences in aortic valve myofibroblast responses to drug combinations identified using a digital medicine platform.,"Aortic valve stenosis (AVS) is a sexually dimorphic disease where aortic valve leaflets develop fibrosis and calcification, leading to heart failure if untreated. Sex differences in AVS progression depend on valvular interstitial cells (VICs) activating to myofibroblasts that drive aberrant extracellular matrix remodeling. To date, no treatment strategies have leveraged cellular sex differences to determine drug combinations that target VIC myofibroblast activation. Here, we harnessed IDentif.AI, an artificial intelligence (AI)-derived platform, to optimize sex-biased synergistic drug combinations that may prevent and reverse VIC myofibroblast activation on hydrogel biomaterials. The results reveal that sex-specific drug response models can be used to predict sex biases in drug efficacy and combinatorial interactions. This study provides a framework for developing AVS treatments through the integration of high-throughput hydrogel cell culture platforms and AI-driven drug optimization. Designing targeted AVS drug combinations may help accelerate AVS drug development and address health disparities in AVS treatment outcomes."
90,A4_tissue,38091494,PMC10755694,10.1021/acsami.3c15278,2023,ACS applied materials & interfaces,research-article; Journal Article,Synergy of Nanotopography and Electrical Conductivity of PEDOT/PSS for Enhanced Neuronal Development.,"Biomaterials able to promote neuronal development and neurite outgrowth are highly desired in neural tissue engineering for the repair of damaged or disrupted neural tissue and restoring the axonal connection. For this purpose, the use of either electroactive or micro- and nanostructured materials has been separately investigated. Here, the use of a nanomodulated conductive poly(3,4-ethylendioxithiophene) poly(styrenesulfonate) (PEDOT/PSS) substrate that exhibits instructive topographical and electrical cues at the same time was investigated for the first time. In particular, thin films featuring grooves with sizes comparable with those of neuronal neurites (NanoPEDOT) were fabricated by electrochemical polymerization of PEDOT/PSS on a nanomodulated polycarbonate template. The ability of NanoPEDOT to support neuronal development and direct neurite outgrowth was demonstrated by assessing cell viability and proliferation, expression of neuronal markers, average neurite length, and direction of neuroblastoma N2A cells induced to differentiate on this novel support. In addition to the beneficial effect of the nanogrooved topography, a 30% increase was shown in the average length of neurites when differentiating cells were subjected to an electrical stimulation of a few microamperes for 6 h. The results reported here suggest a favorable effect on the neuronal development of the synergistic combination of nanotopography and electrical stimulation, supporting the use of NanoPEDOT in neural tissue engineering to promote physical and functional reconnection of impaired neural networks."
91,A4_tissue,40835669,PMC12368192,10.1038/s41598-025-15122-5,2025,Scientific reports,research-article; Journal Article,Computational optimization of 3D printed bone scaffolds using orthogonal array-driven FEA and neural network modeling.,"Today, orthopedic surgeons have been continuously focusing on bone tissue engineering for regenerating damaged bone through the use of biomimetic scaffolds and innovative materials. Hence, this study presents a comprehensive investigation into the optimization of PLA + 3D printed lattice scaffolds for bone tissue engineering applications, emphasizing the role of geometric configuration and processing parameters on mechanical performance. Three distinct lattice geometries such as Lidinoid, Diamond, and Gyroid were developed with varying wall thicknesses (1.0 mm, 1.5 mm, and 2.0 mm) and subjected to compressive loads of 3 kN, 6 kN, and 9 kN. A Taguchi L27 Orthogonal Array was employed to evaluate key mechanical responses, including displacement and strain. Among these configurations, the Gyroid lattice exhibited superior mechanical integrity, demonstrating the least displacement (0.36 mm) and strain (1.2 × 10⁻²) at 3 kN with 2.0 mm thickness, whereas the Lidinoid structure showed the highest deformability. A Back-propagation Artificial Neural Network (BPANN) model was developed to predict scaffold behavior with remarkable accuracy (R² = 0.9991 for displacement, R² = 0.9954 for strain), further Finite Element Analysis (FEA) was conducted to validate both experimental and predicted results. The novelty of this work lies in its integrative, multi-modal approach that synergizes experimental design, machine learning-based predictive modeling, and simulation. The focus of this study is to define a robust framework for optimizing scaffold architecture, with significant implications for enhancing mechanical strength and biological performance in bone healing applications."
92,A4_tissue,40474423,PMC12369696,10.1002/adma.202502203,2025,"Advanced materials (Deerfield Beach, Fla.)",research-article; Journal Article,"Stretchable, Multiplexed, and Bimodal Sensing Electronic Armor for Colonoscopic Continuum Robot Enhanced by Triboelectric Artificial Synapse.","Colonoscopic continuum robots often lack sensing capabilities, risking tissue damage. An ideal robot electronic skin should offer full-body coverage, multiplexing, stretchability, and multifunctionality, but integration is challenging due to the robot's elongated structure. This work presents a stretchable electronic armor (E-armor) with a 3D crosslinked structure that enables 300 mm full coverage while accomplishing multiplexed simultaneous tactile and strain sensing through bioinspired artificial synapse mechanisms. The E-armor integrates 48 tactile sensing points through bilayer co-electrode strategy, reducing wiring while combining triboelectric encoding intelligence with innovative stretchable triboelectric interlinked films (TIFs) to form a triboelectric artificial synapse that generates digitally encoded signal pairs upon contact. A convolutional neural network and long short-term memory network (CNN-LSTM) deep learning framework achieve 99.31% accuracy in identifying multi-point tactile signals. A sodium alginate/polyacrylamide/sodium chloride (SA/PAM/NaCl) conductive hydrogel serves as a strain sensing element, providing excellent stretchability and biocompatibility, and allowing precise inference of bending angles at 12 strain sensing edges. A compliance control strategy coordinates tactile and strain signals to autonomously adjust continuum robot postures while ensuring smooth operation. The digital twin-based 3D visualization interface enhances human-robot interaction by digitally reconstructing both tactile and strain feedback, enabling real-time visualization of the continuum robot's intracolonic posture."
93,A4_tissue,41223168,PMC12611101,10.1371/journal.pone.0335432,2025,PloS one,research-article; Journal Article,Computational analysis of 3D biopolymeric porous scaffolds for the in vitro development of neural networks.,"Computational modelling can be used to study and improve specific experimental tissue engineering protocols and outcomes. Proper oxygenation and nutrient substances supply such as glucose are crucial in 3D in vitro models. In most cases, hydrogel-based scaffolds are employed as culture systems. However, the diffusion of molecules could be difficult in the innermost areas of the scaffolds, and the presence of gradients could affect cell proliferation, especially in static conditions. Hence, the mathematical modelling of oxygen and nutrient transport, as well as their consumption by the expanding cell culture within the scaffold, can be useful for optimizing tissue construct properties and generating more predictive and robust outcomes. In this work, nutrient diffusion has been studied through two different scaffolds seeded with glial and neuronal cells: chitosan microbeads and PLA fibers covered in chitosan produced with two specific fabrication-based techniques. First, homogenization theory has been applied to the two different porous constructs, formulated as heterogeneous domains composed of two distinct phases: the culture medium and the polymeric material. Then, a continuous mathematical model of nutrient transportation-consumption and cell proliferation has been implemented in COMSOL, aiming to comprehend nutrient diffusion to allow suitable environmental conditions for the growth of neural cells on 3D biopolymeric scaffolds."
94,A4_tissue,37744255,PMC10512832,10.3389/fbioe.2023.1241151,2023,Frontiers in bioengineering and biotechnology,research-article; Journal Article,Inverse design of anisotropic bone scaffold based on machine learning and regenerative genetic algorithm.,"Introduction: Triply periodic minimal surface (TPMS) is widely used in the design of bone scaffolds due to its structural advantages. However, the current approach to designing bone scaffolds using TPMS structures is limited to a forward process from microstructure to mechanical properties. Developing an inverse bone scaffold design method based on the mechanical properties of bone structures is crucial. Methods: Using the machine learning and genetic algorithm, a new inverse design model was proposed in this research. The anisotropy of bone was matched by changing the number of cells in different directions. The finite element (FE) method was used to calculate the TPMS configuration and generate a back propagation neural network (BPNN) data set. Neural networks were used to establish the relationship between microstructural parameters and the elastic matrix of bone. This relationship was then used with regenerative genetic algorithm (RGA) in inverse design. Results: The accuracy of the BPNN-RGA model was confirmed by comparing the elasticity matrix of the inverse-designed structure with that of the actual bone. The results indicated that the average error was below 3.00% for three mechanical performance parameters as design targets, and approximately 5.00% for six design targets. Discussion: The present study demonstrated the potential of combining machine learning with traditional optimization method to inversely design anisotropic TPMS bone scaffolds with target mechanical properties. The BPNN-RGA model achieves higher design efficiency, compared to traditional optimization methods. The entire design process is easily controlled."
95,A4_tissue,36536463,PMC9764714,10.1186/s13287-022-03208-0,2022,Stem cell research & therapy,"Research Support, Non-U.S. Gov't; research-article; Journal Article",3D printing of injury-preconditioned secretome/collagen/heparan sulfate scaffolds for neurological recovery after traumatic brain injury in rats.,"BackgroundThe effects of traumatic brain injury (TBI) can include physical disability and even death. The development of effective therapies to promote neurological recovery is still a challenging problem. 3D-printed biomaterials are considered to have a promising future in TBI repair. The injury-preconditioned secretome derived from human umbilical cord blood mesenchymal stem cells showed better stability in neurological recovery after TBI. Therefore, it is reasonable to assume that a biological scaffold loaded with an injury-preconditioned secretome could facilitate neural network reconstruction after TBI.MethodsIn this study, we fabricated injury-preconditioned secretome/collagen/heparan sulfate scaffolds by 3D printing. The scaffold structure and porosity were examined by scanning electron microscopy and HE staining. The cytocompatibility of the scaffolds was characterized by MTT analysis, HE staining and electron microscopy. The modified Neurological Severity Score (mNSS), Morris water maze (MWM), and motor evoked potential (MEP) were used to examine the recovery of cognitive and locomotor function after TBI in rats. HE staining, silver staining, Nissl staining, immunofluorescence, and transmission electron microscopy were used to detect the reconstruction of neural structures and pathophysiological processes. The biocompatibility of the scaffolds in vivo was characterized by tolerance exposure and liver/kidney function assays.ResultsThe excellent mechanical and porosity characteristics of the composite scaffold allowed it to efficiently regulate the secretome release rate. MTT and cell adhesion assays demonstrated that the scaffold loaded with the injury-preconditioned secretome (3D-CH-IB-ST) had better cytocompatibility than that loaded with the normal secretome (3D-CH-ST). In the rat TBI model, cognitive and locomotor function including mNSS, MWM, and MEP clearly improved when the scaffold was transplanted into the damage site. There is a significant improvement in nerve tissue at the site of lesion. More abundant endogenous neurons with nerve fibers, synaptic structures, and myelin sheaths were observed in the 3D-CH-IB-ST group. Furthermore, the apoptotic response and neuroinflammation were significantly reduced and functional vessels were observed at the injury site. Good exposure tolerance in vivo demonstrated favorable biocompatibility of the scaffold.ConclusionsOur results demonstrated that injury-preconditioned secretome/collagen/heparan sulfate scaffolds fabricated by 3D printing promoted neurological recovery after TBI by reconstructing neural networks, suggesting that the implantation of the scaffolds could be a novel way to alleviate brain damage following TBI."
96,A4_tissue,40012846,PMC11862448,10.34133/bmef.0100,2025,BME frontiers,research-article; Journal Article,Machine Learning Approach to Investigating Macrophage Polarization on Various Titanium Surface Characteristics.,"Objective: Current laboratory studies on the effect of biomaterial properties on immune reactions are incomplete and based on a single or a few combination features of the biomaterial design. This study utilizes intelligent prediction models to explore the key features of titanium implant materials in macrophage polarization. Impact Statement: This pilot study provided some insights into the great potential of machine learning in exploring bone immunomodulatory biomaterials. Introduction: Titanium materials are commonly utilized as bone replacement materials to treat missing teeth and bone defects. The immune response caused by implant materials after implantation in the body has a double-edged sword effect on osseointegration. Macrophage polarization has been extensively explored to understand early material-mediated immunomodulation. However, understanding of implant material surface properties and immunoregulations remains limited due to current experimental settings, which are based on trial-by-trial approaches. Artificial intelligence, with its capacity to analyze large datasets, can help explore complex material-cell interactions. Methods: In this study, the effect of titanium surface properties on macrophage polarization was analyzed using intelligent prediction models, including random forest, extreme gradient boosting, and multilayer perceptron. Additionally, data extracted from the newly published literature were further input into the trained models to validate their performance. Results: The analysis identified ""cell seeding density"", ""contact angle"", and ""roughness"" as the most important features regulating interleukin 10 and tumor necrosis factor α secretion. Additionally, the predicted interleukin 10 levels closely matched the experimental results from newly published literature, while the tumor necrosis factor α predictions exhibited consistent trends. Conclusion: The polarization response of macrophages seeded on titanium materials is influenced by multiple factors, and artificial intelligence can assist in extracting the key features of implant materials for immunoregulation."
97,A4_tissue,40276485,PMC12020925,10.1016/j.crtox.2024.100197,2024,Current research in toxicology,research-article; Journal Article,iPSC-derived and Patient-Derived Organoids: Applications and challenges in scalability and reproducibility as pre-clinical models.,"Recent advancements in stem cell technology have led to the development of organoids - three-dimensional (3D) cell cultures that closely mimic the structural and functional characteristics of human organs. These organoids represent a significant improvement over traditional two-dimensional (2D) cell cultures by preserving native tissue architecture and cellular interactions critical for physiological relevance. This review provides a comprehensive comparison between two main types of organoids: induced Pluripotent Stem Cell (iPSC)-derived and Adult Stem Cell (ASC)-derived (also known as Patient-Derived Organoids, PDOs). iPSC-derived organoids, derived from reprogrammed cells, exhibit remarkable plasticity, and can model a wide range of tissues and developmental stages. They are particularly valuable for studying early human development, genetic disorders, and complex diseases. However, challenges such as prolonged differentiation protocols and variability in maturation levels remain significant hurdles. In contrast, ASC-derived organoids, generated directly from patient tissues, faithfully recapitulate tissue-specific characteristics and disease phenotypes. This fidelity makes them indispensable for personalized medicine applications, including drug screening, disease modeling, and understanding individualized treatment responses. The review highlights the unique advantages and limitations of each organoid type, emphasizing their roles in advancing biomedical research and drug discovery. It addresses key challenges in organoid technology, such as scalability, reproducibility, and the need for standardized culture protocols. Furthermore, it explores recent innovations in scaffold-guided organoid engineering and the integration of organoids with advanced technologies like artificial intelligence and high-throughput screening. The integration of organoids with cutting-edge technologies holds promise for enhancing their utility in modeling complex human diseases and accelerating drug discovery and development. By providing more physiologically relevant models of human organs, organoid technology is poised to revolutionize biomedical research, offering new insights into disease mechanisms and personalized therapeutic strategies."
98,A4_tissue,41769200,PMC12948305,10.1631/bdm.2400454,2025,Bio-design and manufacturing,research-article; Journal Article,Machine learning-assisted stiffness prediction in high-cell-density bioprinting.,"Bioprinting of cell-laden hydrogels is a rapidly growing field in tissue engineering. The advent of digital light processing (DLP) three-dimensional (3D) bioprinting technique has revolutionized the fabrication of complex 3D structures. By adjusting light exposure, it becomes possible to control the mechanical properties of the structure, a critical factor in modulating cell activities. To better mimic cell densities in real tissues, recent progress has been made in achieving high-cell-density (HCD) printing with high resolution. However, regulating the stiffness in HCD constructs remains challenging. The large volume of cells greatly affects the light-based DLP bioprinting by causing light absorption, reflection, and scattering. Here, we introduce a neural network-based machine learning technique to predict the stiffness of cell-laden hydrogel scaffolds. Using comprehensive mechanical testing data from 3D bioprinted samples, the model was trained to deliver accurate predictions. To address the demand of working with precious and costly cell types, we employed various methods to ensure the generalizability of the model, even with limited datasets. We demonstrated a transfer learning method to achieve good performance for a precious cell type with a reduced amount of data. The chosen method outperformed many other machine learning techniques, offering a reliable and efficient solution for stiffness prediction in cell-laden scaffolds. This breakthrough paves the way for the next generation of precision bioprinting and more customized tissue engineering."
99,A4_tissue,36237207,PMC9551996,10.3389/fbioe.2022.973275,2022,Frontiers in bioengineering and biotechnology,research-article; Journal Article,Designing anisotropic porous bone scaffolds using a self-learning convolutional neural network model.,"The design of bionic bone scaffolds to mimic the behaviors of native bone tissue is crucial in clinical application, but such design is very challenging due to the complex behaviors of native bone tissues. In the present study, bionic bone scaffolds with the anisotropic mechanical properties similar to those of native bone tissues were successfully designed using a novel self-learning convolutional neural network (CNN) framework. The anisotropic mechanical property of bone was first calculated from the CT images of bone tissues. The CNN model constructed was trained and validated using the predictions from the heterogonous finite element (FE) models. The CNN model was then used to design the scaffold with the elasticity matrix matched to that of the replaced bone tissues. For the comparison, the bone scaffold was also designed using the conventional method. The results showed that the mechanical properties of scaffolds designed using the CNN model are closer to those of native bone tissues. In conclusion, the self-learning CNN framework can be used to design the anisotropic bone scaffolds and has a great potential in the clinical application."
100,A4_tissue,39948515,PMC11827326,10.1186/s12903-025-05531-3,2025,BMC oral health,research-article; Journal Article,Machine learning models for prognosis prediction in regenerative endodontic procedures.,"BackgroundThis study aimed to establish and validate machine learning (ML) models to predict the prognosis of regenerative endodontic procedures (REPs) clinically, assisting clinicians in decision-making and avoiding treatment failure.MethodsA total of 198 patients with 268 teeth were included for radiographic examination and measurement. Five Machine Learning (ML) models, including Random forest (RF), gradient boosting machine (GBM), extreme gradient boosting (XGB), Logistic regression (logR) and support vector machine (SVM) are implemented for the prediction on two datasets of follow-up periods of 1-year and 2-year, respectively. Using a stratified five folds of cross-validation method, each dataset is randomly divided into a training set and test set in a ratio of 8 : 2. Correlation analysis and importance ranking were performed for feature extraction. Seven performance metrics including area under curve (AUC), accuracy, F1-score, sensitivity, specificity, positive predictive value (PPV) and negative predictive value (NPV) were calculated to compare the predictive performance.ResultsThe RF (Accuracy = 0.91, AUC = 0.94; Accuracy = 0.84, AUC = 0.86) and GBM (Accuracy = 0.91, AUC = 0.93; Accuracy = 0.84, AUC = 0.85) had the best and similar performance simultaneously in the prediction of 1-year follow-up period and 2-year follow-up period, respectively. The variables applied to predict the primary outcome in REPs were ranked accordingly to their values of feature importance, including age, sex, etiology, the number of root canals, trauma type, swelling or sinus tract, periapical lesion size, root development stage, pre-operative root resorption, medicaments, scaffold, second REPs, previous root canal filling.ConclusionsRF and GBM models outperformed XGB, logR, SVM models on the overall performance on our datasets, exhibiting the potential capability to predict the prognosis of REPs. The ranking of feature importance contributes to establishing the scoring system for prognosis prediction in REPs, assisting clinicians in decision-making."
101,A4_tissue,38132817,PMC10744304,10.3390/jfb14120563,2023,Journal of functional biomaterials,research-article; Journal Article,Model-Based Design to Enhance Neotissue Formation in Additively Manufactured Calcium-Phosphate-Based Scaffolds.,"In biomaterial-based bone tissue engineering, optimizing scaffold structure and composition remains an active field of research. Additive manufacturing has enabled the production of custom designs in a variety of materials. This study aims to improve the design of calcium-phosphate-based additively manufactured scaffolds, the material of choice in oral bone regeneration, by using a combination of in silico and in vitro tools. Computer models are increasingly used to assist in design optimization by providing a rational way of merging different requirements into a single design. The starting point for this study was an in-house developed in silico model describing the in vitro formation of neotissue, i.e., cells and the extracellular matrix they produced. The level set method was applied to simulate the interface between the neotissue and the void space inside the scaffold pores. In order to calibrate the model, a custom disk-shaped scaffold was produced with prismatic canals of different geometries (circle, hexagon, square, triangle) and inner diameters (0.5 mm, 0.7 mm, 1 mm, 2 mm). The disks were produced with three biomaterials (hydroxyapatite, tricalcium phosphate, and a blend of both). After seeding with skeletal progenitor cells and a cell culture for up to 21 days, the extent of neotissue growth in the disks' canals was analyzed using fluorescence microscopy. The results clearly demonstrated that in the presence of calcium-phosphate-based materials, the curvature-based growth principle was maintained. Bayesian optimization was used to determine the model parameters for the different biomaterials used. Subsequently, the calibrated model was used to predict neotissue growth in a 3D gyroid structure. The predicted results were in line with the experimentally obtained ones, demonstrating the potential of the calibrated model to be used as a tool in the design and optimization of 3D-printed calcium-phosphate-based biomaterials for bone regeneration."
102,A4_tissue,37798638,PMC10557225,10.1186/s13287-023-03517-y,2023,Stem cell research & therapy,"Research Support, Non-U.S. Gov't; research-article; Journal Article",Enteric neurospheres retain the capacity to assemble neural networks with motile and metamorphic gliocytes and ganglia.,"BackgroundNeurosphere medium (NSM) and self-renewal medium (SRM) were widely used to isolate enteric neural stem cells (ENSCs) in the form of neurospheres. ENSCs or their neurosphere forms were neurogenic and gliogenic, but the compelling evidence for their capacity of assembling enteric neural networks remained lacking, raising the question of their aptitude for rebuilding the enteric nervous system (ENS) in ENSC therapeutics. It prompted us to explore an effective culture protocol or strategy for assembling ENS networks, which might also be employed as an in vitro model to simplify the biological complexity of ENS embedded in gut walls.MethodsNSM and SRM were examined for their capacity to generate neurospheres in mass culture of dispersed murine fetal enterocytes at serially diluted doses and assemble enteric neural networks in two- and three-dimensional cell culture systems and ex vivo on gut explants. Time-lapse microphotography was employed to capture cell activities of assembled neural networks. Neurosphere transplantation was performed via rectal submucosal injection.ResultsIn mass culture of dispersed enterocytes, NSM generated discrete units of neurospheres, whereas SRM promoted neural network assembly with neurospheres akin to enteric ganglia. Both were highly affected by seeding cell doses. SRM had similar ENSC mitosis-driving capacity to NSM, but was superior in driving ENSC differentiation in company with heightened ENSC apoptosis. Enteric neurospheres were motile, capable of merging together. It argued against their clonal entities. When nurtured in SRM, enteric neurospheres proved competent to assemble neural networks on two-dimensional coverslips, in three-dimensional hydrogels and on gut explants. In the course of neural network assembly from enteric neurospheres, neurite extension was preceded by migratory expansion of gliocytes. Assembled neural networks contained motile ganglia and gliocytes that constantly underwent shapeshift. Neurospheres transplanted into rectal submucosa might reconstitute myenteric plexuses of recipients' rectum.ConclusionEnteric neurospheres mass-produced in NSM might assemble neural networks in SRM-immersed two- or three-dimensional environments and on gut explants, and reconstitute myenteric plexuses of the colon after rectal submucosal transplantation. Our results also shed first light on the dynamic entity of ENS and open the experimental avenues to explore cellular activities of ENS and facilitate ENS demystification."
103,A4_tissue,37502104,PMC10368888,10.3389/fbioe.2023.1160760,2023,Frontiers in bioengineering and biotechnology,research-article; Journal Article,Can we achieve biomimetic electrospun scaffolds with gelatin alone?,"Introduction: Gelatin is a natural polymer commonly used in biomedical applications in combination with other materials due to its high biocompatibility, biodegradability, and similarity to collagen, principal protein of the extracellular matrix (ECM). The aim of this study was to evaluate the suitability of gelatin as the sole material to manufacture tissue engineering scaffolds by electrospinning. Methods: Gelatin was electrospun in nine different concentrations onto a rotating collector and the resulting scaffold's mechanical properties, morphology and topography were assessed using mechanical testing, scanning electron microscopy and white light interferometry, respectively. After characterizing the scaffolds, the effects of the concentration of the solvents and crosslinking agent were statistically evaluated with multivariate analysis of variance and linear regressions. Results: Fiber diameter and inter-fiber separation increased significantly when the concentration of the solvents, acetic acid (HAc) and dimethyl sulfoxide (DMSO), increased. The roughness of the scaffolds decreased as the concentration of dimethyl sulfoxide increased. The mechanical properties were significantly affected by the DMSO concentration. Immersed crosslinked scaffolds did not degrade until day 28. The manufactured gelatin-based electrospun scaffolds presented comparable mechanical properties to many human tissues such as trabecular bone, gingiva, nasal periosteum, oesophagus and liver tissue. Discussion: This study revealed for the first time that biomimetic electrospun scaffolds with gelatin alone can be produced for a significant number of human tissues by appropriately setting up the levels of factors and their interactions. These findings also extend statistical relationships to a form that would be an excellent starting point for future research that could optimize factors and interactions using both traditional statistics and machine learning techniques to further develop specific human tissue."
104,A4_tissue,41516802,PMC12787915,10.3390/polym18010017,2025,Polymers,research-article; Journal Article,Quantifying Early Electromechanical Integration of Cardiomyocytes Using a Minimalist PCL Nanofiber Platform.,"A critical obstacle in cardiac cell therapy is the unpredictable and poorly understood initial electrophysiological integration of grafted cardiomyocytes into the host tissue, a process that dictates therapeutic success and arrhythmic risk. Current models fail to capture the earliest stages of functional coupling formation. Here, we employed a tailored bioengineering platform, where single cardiomyocytes were stabilized on minimalist electrospun polycaprolactone (PCL) nanofibers, to model the ""graft-host"" interface and study the dynamics of excitation wave transmission in real-time. Using high-speed optical mapping enhanced by a custom SUPPORT neural network, we achieved the first quantitative insights into the efficiency of nascent intercellular contacts. We determined that within the first 3 h, these initial connections are 39-44 times less effective at conducting excitation than mature contacts within the native monolayer, explaining the observed partial (46%) synchronization of grafted cells. This work provides the first direct measurement of the functional deficit during the initial minutes and hours of graft integration. It establishes that simple, inert polymer fibers can act as a catalytic scaffold to enable this fundamental biological process, offering a powerful strategy to deconstruct and ultimately control the integration of engineered tissues (or cells) for safer cell therapies."
105,A4_tissue,38736614,PMC11087995,10.1016/j.mtbio.2024.101075,2024,Materials today. Bio,research-article; Journal Article,"CuCS/Cur composite wound dressings promote neuralized skin regeneration by rebuilding the nerve cell ""factory"" in deep skin burns.","Regenerating skin nerves in deep burn wounds poses a significant clinical challenge. In this study, we designed an electrospun wound dressing called CuCS/Cur, which incorporates copper-doped calcium silicate (CuCS) and curcumin (Cur). The unique wound dressing releases a bioactive Cu2+-Cur chelate that plays a crucial role in addressing this challenge. By rebuilding the ""factory"" (hair follicle) responsible for producing nerve cells, CuCS/Cur induces a high expression of nerve-related factors within the hair follicle cells and promotes an abundant source of nerves for burn wounds. Moreover, the Cu2+-Cur chelate activates the differentiation of nerve cells into a mature nerve cell network, thereby efficiently promoting the reconstruction of the neural network in burn wounds. Additionally, the Cu2+-Cur chelate significantly stimulates angiogenesis in the burn area, ensuring ample nutrients for burn wound repair, hair follicle regeneration, and nerve regeneration. This study confirms the crucial role of chelation synergy between bioactive ions and flavonoids in promoting the regeneration of neuralized skin through wound dressings, providing valuable insights for the development of new biomaterials aimed at enhancing neural repair."
106,A4_tissue,40401519,PMC12128979,10.1172/jci.insight.179246,2025,JCI insight,"Research Support, Non-U.S. Gov't; research-article; Journal Article",iPSC-RPE patch restores photoreceptors and regenerates choriocapillaris in a pig retinal degeneration model.,"Dry age-related macular degeneration (AMD) is a leading cause of untreatable vision loss. In advanced cases, retinal pigment epithelium (RPE) cell loss occurs alongside photoreceptor and choriocapillaris degeneration. We hypothesized that an RPE-patch would mitigate photoreceptor and choriocapillaris degeneration to restore vision. An induced pluripotent stem cell-derived RPE (iRPE) patch was developed using a clinically compatible manufacturing process by maturing iRPE cells on a biodegradable poly(lactic-co-glycolic acid) (PLGA) scaffold. To compare outcomes, we developed a surgical procedure for immediate sequential delivery of PLGA-iRPE and/or PLGA-only patches in the subretinal space of a pig model of laser-induced outer retinal degeneration. Deep learning algorithm-based optical coherence tomography (OCT) image segmentation verified preservation of the photoreceptors over the areas of PLGA-iRPE-transplanted retina and not in laser-injured or PLGA-only-transplanted retina. Adaptive optics imaging of individual cone photoreceptors further supported this finding. OCT-angiography revealed choriocapillaris regeneration in PLGA-iRPE- and not in PLGA-only-transplanted retinas. Our data, obtained using clinically relevant techniques, verified that PLGA-iRPE supports photoreceptor survival and regenerates choriocapillaris in a laser-injured pig retina. Sequential delivery of two 8 mm2 transplants allows for testing of surgical feasibility and safety of the double dose. This work allows one surgery to treat larger and noncontiguous retinal degeneration areas."
107,A4_tissue,40697079,PMC12626479,10.1097/js9.0000000000002944,2025,"International journal of surgery (London, England)",research-article; Consensus Statement; Journal Article,Clinical translation of 3D-printed patient-specific bone implants: a consensus statement.,"BackgroundExtensive defects in long bones, resulting from trauma, disease, or other etiologies, impose significant morbidity on patients and may necessitate amputation, long-term disability, or premature mortality. While three-dimensional (3D)-printed, patient-specific implants offer promising regenerative solutions, their clinical implementation remains hindered by regulatory challenges, lack of standardized guidelines, and gaps in translational research. Addressing these barriers is critical to improving patient outcomes and optimizing healthcare resource utilization.Materials and methodsA multidisciplinary group of 29 experts - including clinicians (surgeons, anesthesiologists), biomaterial scientists, biomedical engineers, legal/regulatory professionals, health economists, meta-researchers, artificial intelligence experts, trialists, and biomaterial industry representatives - convened for the Consensus Meeting on 3D-printed patient-specific Bone Implants (CoMBI). Preceding the meeting, key questions were discussed in individual interviews and categorized into fundamental research, preclinical studies, and clinical trials and implementation (CoMBI themes). Experts presented on each theme, followed by structured discussions. Statements were synthesized, iteratively refined, and validated through open review.ResultsThe consensus meeting resulted in 20 key statements addressing the CoMBI themes, outlining a framework to advance regulatory compliance and facilitate the clinical adoption of 3D-printed implants. Key statements include the need for harmonized regulatory pathways, clear guidelines on preclinical validation, and innovative trial designs tailored to complex, patient-specific implants. Strengthening collaboration among policymakers, regulatory agencies, and clinicians is crucial to overcoming current implementation barriers and ensuring equitable patient access to these advanced technologies.ConclusionThis Consensus Statement presents 20 key statements across fundamental research, preclinical studies, and clinical trials and implementation, offering a roadmap for accelerating the regulatory and clinical translation of 3D-printed patient-specific bone implants. The findings emphasize the critical role of interdisciplinary collaboration in overcoming challenges, such as standardizing implant development and navigating complex regulatory landscapes. By addressing these barriers and outlining practical strategies, the consensus highlights actionable steps to bridge the gap between innovation and clinical application."
108,A4_tissue,33391504,PMC7738861,10.7150/thno.50540,2021,Theranostics,"Research Support, Non-U.S. Gov't; research-article; Journal Article",Implantation of regenerative complexes in traumatic brain injury canine models enhances the reconstruction of neural networks and motor function recovery.,"Rationale: The combination of medical and tissue engineering in neural regeneration studies is a promising field. Collagen, silk fibroin and seed cells are suitable options and have been widely used in the repair of spinal cord injury. In this study, we aimed to determine whether the implantation of a complex fabricated with collagen/silk fibroin (SF) and the human umbilical cord mesenchymal stem cells (hUCMSCs) can promote cerebral cortex repair and motor functional recovery in a canine model of traumatic brain injury (TBI). Methods: A porous scaffold was fabricated with cross-linked collagen and SF. Its physical properties and degeneration rate were measured. The scaffolds were co-cultured with hUCMSCs after which an implantable complex was formed. After complex implantation to a canine model of TBI, the motor evoked potential (MEP) and magnetic resonance imaging (MRI) were used to evaluate the integrity of the cerebral cortex. The neurologic score, motion capture, surface electromyography (sEMG), and vertical ground reaction force (vGRF) were measured in the analysis of motor functions. In vitro analysis of inflammation levels was performed by Elisa while immunohistochemistry was used in track the fate of hUCMSCs. In situ hybridization, transmission electron microscope, and immunofluorescence were used to assess neural and vascular regeneration. Results: Favorable physical properties, suitable degradation rate, and biocompatibility were observed in the collagen/SF scaffolds. The group with complex implantation exhibited the best cerebral cortex integrity and motor functions. The implantation also led to the regeneration of more blood vessels and nerve fibers, less glial fibers, and inflammatory factors. Conclusion: Implantation of this complex enhanced therapy in traumatic brain injury (TBI) through structural repair and functional recovery. These effects exhibit the translational prospects for the clinical application of this complex."
109,A4_tissue,41304338,PMC12656060,10.3390/polym17222973,2025,Polymers,research-article; Journal Article,Additive Manufacturing of Bead-Chain-Shaped Scaffolds with AI-Based Process Optimization.,"Scaffolds are widely recognized as implantable alternatives in the field of tissue engineering. Among various scaffold structures, grid structures are commonly used due to their simple design and ease of fabrication. However, grid structures have a critical demerit of low mechanical stiffness compared to its own mechanical property (used material's compressive stiffness), as the limited contact area between strands prevents effective load distribution. Several structural designs, such as triply periodic minimal surface (TPMS), modified honeycomb, and Kagome structures, have been proposed to improve compressive stiffness. Despite their mechanical advantages, these structures are limited by complex design and manufacturing processes. In this study, we propose a Bead-Chain-Shaped (BCS) scaffold, which maintains the simplicity of grid structures while enhancing compressive stiffness through the printing process alone. To optimize the printing process and enhance fabrication efficiency, we developed an artificial intelligence (AI)-based process optimization model that correlates printing parameters (pressure, printing speed, and delay time) with the resulting geometric accuracy while maintaining the designed geometry, and predicts the optimal printing conditions for the predesigned Bead-Chain-shaped (BCS) geometry. The model was then used to extract these optimal printing conditions, enabling precise dimensional control and improving overall fabrication accuracy of the Bead-Chain-Shaped (BCS) scaffold dimensions. Under the optimized printing conditions, the BCS scaffolds achieved compressive stiffness values of 61.8, 75.9, and 91.6 MPa for BCS 5545, 6040, and 6535, respectively, corresponding to increases of 11.9%, 37.3, and 65.7% compared to the control scaffold (55.3 MPa). Numerical analysis confirmed that compressive stiffness increases as strand-to-strand contact area increases. Furthermore, in vitro cell proliferation assays demonstrated no significant difference in cell proliferation compared to conventional structures (grid-structure scaffold), indicating that the proposed design does not inhibit cellular growth. These results highlight the potential of the proposed Bead-Chain-Shaped (BCS) scaffold as a promising candidate for bone tissue engineering, offering both enhanced mechanical stiffness and fabrication efficiency."
110,A4_tissue,33751254,PMC7985105,10.1007/s10856-021-06500-2,2021,Journal of materials science. Materials in medicine,research-article; Journal Article,The corticospinal tract structure of collagen/silk fibroin scaffold implants using 3D printing promotes functional recovery after complete spinal cord transection in rats.,"No effective treatment has been established for nerve dysfunction caused by spinal cord injury (SCI). Orderly axonal growth at the site of spinal cord transection and creation of an appropriate biological microenvironment are important for functional recovery. To axially guiding axonal growth, designing a collagen/silk fibroin scaffold fabricated with 3D printing technology (3D-C/SF) emulated the corticospinal tract. The normal collagen/silk fibroin scaffold with freeze-drying technology (C/SF) or 3D-C/SF scaffold were implanted into rats with completely transected SCI to evaluate its effect on nerve repair during an 8-week observation period. Electrophysiological analysis and locomotor performance showed that the 3D-C/SF implants contributed to significant improvements in the neurogolical function of rats compared to C/SF group. By magnetic resonance imaging, 3D-C/SF implants promoted a striking degree of axonal regeneration and connection between the proximal and distal SCI sites. Compared with C/SF group, rats with 3D-C/SF scaffold exhibited fewer lesions and disordered structures in histological analysis and more GAP43-positive profiles at the lesion site. The above results indicated that the corticospinal tract structure of 3D printing collagen/silk fibroin scaffold improved axonal regeneration and promoted orderly connections within the neural network, which could provided a promising and innovative approach for tissue repair after SCI."
111,A4_tissue,40089854,PMC12079439,10.1002/advs.202500859,2025,"Advanced science (Weinheim, Baden-Wurttemberg, Germany)",research-article; Journal Article,Replicating PET Hydrolytic Activity by Positioning Active Sites with Smaller Synthetic Protein Scaffolds.,"Evolutionary constraints significantly limit the diversity of naturally occurring enzymes, thereby reducing the sequence repertoire available for enzyme discovery and engineering. Recent breakthroughs in protein structure prediction and de novo design, powered by artificial intelligence, now enable to create enzymes with desired functions without solely relying on traditional genome mining. Here, a computational strategy is demonstrated for creating new-to-nature polyethylene terephthalate hydrolases (PET hydrolases) by leveraging the known catalytic mechanisms and implementing multiple deep learning algorithms and molecular computations. This strategy includes the extraction of functional motifs from a template enzyme (here leaf-branch compost cutinase, LCC, is used), regeneration of new protein sequences, computational screening, experimental validation, and sequence refinement. PET hydrolytic activity is successfully replicated with designer enzymes that are at least 30% shorter in sequence length than LCC. Among them, RsPETase1 stands out due to its robust expressibility. It exhibits comparable catalytic efficiency (kcat/Km) to LCC and considerable thermostability with a melting temperature of 56 °C, despite sharing only 34% sequence similarity with LCC. This work suggests that enzyme diversity can be expanded by recapitulating functional motifs with computationally built protein scaffolds, thus generating opportunities to acquire highly active and robust enzymes that do not exist in nature."
112,A4_tissue,40727076,PMC12303067,10.1016/j.mtbio.2025.102086,2025,Materials today. Bio,research-article; Journal Article,3D in vitro modeling of neural microenvironment through a multi-scaffold assembly approach.,"The engineering of in vitro 3D cell culture systems has emerged as promising approach to model central nervous system (CNS) intricacy with increasing physiological relevance. The fabrication of artificial microenvironments that closely resemble nervous tissue composition and architecture has provided useful substrates to promote neural cell growth and maturation under in vivo-like conditions; however, despite significant progress has been made in tissue mimicry, directing neural cell arrangement and connectivity in a controlled 3D environment remains extremely challenging. Here, we propose a novel approach that combines different biomaterials and biofabrication techniques to develop a multi-scaffold system mimicking distinctive features of the nervous tissue. Extrusion-based 3D bioprinting is employed to accurately position neural stem cells (NSCs) embedded in a gelatin methacryloyl hydrogel onto an aligned microfibrous polycaprolactone structure obtained by melt electrowriting. The hydrogel matrix successfully supports NSC growth within 3D bioprinted constructs, ensuring high cell viability and in situ NSC differentiation into neuronal and glial phenotypes. Additionally, melt electrowriting technology allows the design of a microfibrous scaffold having well-defined geometry and aligned microporosity to replicate the anisotropic characteristics of nervous tissue. The inclusion of such scaffold in the 3D bioprinted system effectively steers neural cell organization in a 3D setting, guiding neural cell elongation in a preferred direction and promoting the establishment of a functional neural network. Our approach can be used to develop more sophisticated multicellular systems, possibly reassembling specific CNS circuits within a biomimetic microarchitecture, thus offering a versatile platform for the investigation of CNS functioning and pathology."
113,A4_tissue,41156345,PMC12566269,10.3390/mi16101098,2025,Micromachines,research-article; Journal Article,Coupling CFD and Machine Learning to Assess Flow Properties in Porous Scaffolds for Tissue Engineering.,"Computational fluid dynamics and machine learning (ML) models are employed to investigate the relationships between scaffold topology and key flow parameters, including permeability (k), average wall shear stress (WSSa), and the 25th and 75th percentiles of WSS. Statistical analysis showed that WSSa values are consistent with those found in common scaffold architectures, while percentile-based WSS properties provided insight into shear environments relevant for bone and cartilage differentiation. No significant effect of pore shape was observed on k and WSSa. Correlation analysis revealed that k was positively associated with topological features of the scaffold, whereas WSS metrics were negatively correlated with these properties. ML models trained on six topological and flow inputs achieved a performance of R2 above 0.9 for predicting k and WSSa, demonstrating strong predictive capability based on the topology. Their performance decreased for WSS25% and WSS75%, reflecting the difficulty in capturing more specific shear events. These findings highlight the potential of ML to guide scaffold design by linking topology to flow conditions critical for osteogenesis."
114,A4_tissue,41227853,PMC12607992,10.3390/ma18214893,2025,"Materials (Basel, Switzerland)",research-article; Journal Article,"NMR, FT-IR, XRD, SEM, and ANN Complex Characterization of Some Nonwoven Materials Produced by Electrospinning.","Electrospinning is a versatile technique used to manufacture nanofibers by applying an electric field to a polymer solution. This method has gained significant interest in the biomedical, pharmaceutical, and materials engineering fields due to its ability to produce porous structures with a high specific surface area, making it ideal for applications such as wound dressings, controlled drug delivery systems, and tissue engineering. The materials used in electrospinning play a crucial role in determining the final properties of the obtained nonwoven nanofibers. Among the most studied substances are chitosan, collagen, and fish-derived gelatin, which are biopolymers with high biocompatibility. These materials are especially used in the medical and pharmaceutical fields due to their bioactive properties. In combination with synthetic polymers such as polyethylene glycol (PEG) and polyvinyl alcohol (PVA), these biopolymers can form electrospun fibers with improved mechanical characteristics and enhanced structural stability. The characterization of these materials was performed using modern characterization techniques, such as one-dimensional (1D) proton NMR spectroscopy (1H), for which the spin-spin relaxation time distributions T2 were characterized. Additionally, two-dimensional (2D) measurements were conducted, for which EXSY T2-T2 and COSY T1-T2 exchange maps were obtained. The characterization was complemented with FT-IR spectra measurements, and the nanofiber morphology was observed using SEM. As a novelty, machine learning methods, including artificial neural networks (ANNs), were applied to characterize the local structural order of the produced nanofibers. In this study, it was shown that the nanofiber nonwoven materials made from PVA are characterized by a degree of order in the range of 0.27 to 0.61, which are more ordered than the nanofibers made from chitosan and fish gelatin, characterized by an order degree ranging from 0.051 to 0.312, where 0 represents the completely unordered network and 1 a fully ordered fabric."
115,A4_tissue,32390612,PMC7505002,10.3233/isb-180172,2020,In silico biology,research-article; Journal Article,A computational model of bidirectional axonal growth in micro-tissue engineered neuronal networks (micro-TENNs).,"Micro-Tissue Engineered Neural Networks (Micro-TENNs) are living three-dimensional constructs designed to replicate the neuroanatomy of white matter pathways in the brain and are being developed as implantable micro-tissue for axon tract reconstruction, or as anatomically-relevant in vitro experimental platforms. Micro-TENNs are composed of discrete neuronal aggregates connected by bundles of long-projecting axonal tracts within miniature tubular hydrogels. In order to help design and optimize micro-TENN performance, we have created a new computational model including geometric and functional properties. The model is built upon the three-dimensional diffusion equation and incorporates large-scale uni- and bi-directional growth that simulates realistic neuron morphologies. The model captures unique features of 3D axonal tract development that are not apparent in planar outgrowth and may be insightful for how white matter pathways form during brain development. The processes of axonal outgrowth, branching, turning and aggregation/bundling from each neuron are described through functions built on concentration equations and growth time distributed across the growth segments. Once developed we conducted multiple parametric studies to explore the applicability of the method and conducted preliminary validation via comparisons to experimentally grown micro-TENNs for a range of growth conditions. Using this framework, the model can be applied to study micro-TENN growth processes and functional characteristics using spiking network or compartmental network modeling. This model may be applied to improve our understanding of axonal tract development and functionality, as well as to optimize the fabrication of implantable tissue engineered brain pathways for nervous system reconstruction and/or modulation."
116,A4_tissue,40710452,PMC12295332,10.3390/jfb16070237,2025,Journal of functional biomaterials,research-article; Journal Article,"Morphometric, Biomechanical and Macromolecular Performances of β-TCP Macro/Micro-Porous Lattice Scaffolds Fabricated via Lithography-Based Ceramic Manufacturing for Jawbone Engineering.","Effective bone tissue regeneration remains pivotal in implant dentistry, particularly for edentulous patients with compromised alveolar bone due to atrophy and sinus pneumatization. Biomaterials are essential for promoting regenerative processes by supporting cellular recruitment, vascularization, and osteogenesis. This study presents the development and characterization of a novel lithography-printed ceramic β-TCP scaffold, with a macro/micro-porous lattice, engineered to optimize osteoconduction and mechanical stability. Morphological, structural, and biomechanical assessments confirmed a reproducible microarchitecture with suitable porosity and load-bearing capacity. The scaffold was also employed for maxillary sinus augmentation, with postoperative evaluation using micro computed tomography, synchrotron imaging, histology, and Fourier Transform Infrared Imaging analysis, demonstrating active bone regeneration, scaffold resorption, and formation of mineralized tissue. Advanced imaging supported by deep learning tools revealed a well-organized osteocyte network and high-quality bone, underscoring the scaffold's biocompatibility and osteoconductive efficacy. These findings support the application of these 3D-printed β-TCP scaffolds in regenerative dental medicine, facilitating tissue regeneration in complex jawbone deficiencies."
117,A4_tissue,33466743,PMC7829843,10.3390/molecules26020406,2021,"Molecules (Basel, Switzerland)",research-article; Journal Article,Cheminformatics-Based Identification of Potential Novel Anti-SARS-CoV-2 Natural Compounds of African Origin.,"The coronavirus disease 2019 (COVID-19) pandemic caused by the severe acute respiratory syndrome virus 2 (SARS-CoV-2) has impacted negatively on public health and socioeconomic status, globally. Although, there are currently no specific drugs approved, several existing drugs are being repurposed, but their successful outcomes are not guaranteed. Therefore, the search for novel therapeutics remains a priority. We screened for inhibitors of the SARS-CoV-2 main protease and the receptor-binding domain of the spike protein from an integrated library of African natural products, compounds generated from machine learning studies and antiviral drugs using AutoDock Vina. The binding mechanisms between the compounds and the proteins were characterized using LigPlot+ and molecular dynamics simulations techniques. The biological activities of the hit compounds were also predicted using a Bayesian-based approach. Six potential bioactive molecules NANPDB2245, NANPDB2403, fusidic acid, ZINC000095486008, ZINC0000556656943 and ZINC001645993538 were identified, all of which had plausible binding mechanisms with both viral receptors. Molecular dynamics simulations, including molecular mechanics Poisson-Boltzmann surface area (MM/PBSA) computations revealed stable protein-ligand complexes with all the compounds having acceptable free binding energies de novo inhibitors. The compounds are proposed as worthy of further in vitro assaying and as scaffolds for the development of novel SARS-CoV-2 therapeutic molecules."
118,A4_tissue,40343205,PMC12058734,10.3389/fbioe.2025.1587546,2025,Frontiers in bioengineering and biotechnology,research-article; Journal Article,High-yield spidroin mimics for bioinspired fibers via computational design.,"The exceptional mechanical properties, biocompatibility, and biodegradability of spider silk make it a promising biomaterial, yet large-scale production remains hindered by challenges in heterologous expression. Existing prokaryotic systems face bottlenecks due to spidroins' high molecular weight, repetitive sequences, and GC-rich motifs, leading to low yields, premature transcription termination, and insoluble inclusion bodies. Addressing these challenges, the study integrates deep learning and bioengineering to design water-soluble, β-sheet-rich spidroin mimics optimized for efficient prokaryotic expression. By replacing polyalanine motifs in Nephila clavipes MaSp1 with computationally screened sequences (e.g., ITVQQ from Burkholderia OspA), five functional spidroins were engineered and solubly expressed in E. coli, achieving yields up to 0.99 g/L. Circular dichroism revealed that modified spidroins (e.g., 3rep-ITVQQ) exhibited β-sheet content up to 81.3% under thermal induction, surpassing unmodified MaSp1 (41.5%). Structural analysis via SEM demonstrated dense, uniform networks in 3rep-ITVQQ, correlating with enhanced mechanical potential. And 24rep-ITVQQ nanofibers were successfully prepared by electrostatic spinning. Coarse-grained molecular dynamics simulations validated progressive self-assembly with reduced solvent-accessible surface area over 1,000 ns. This work bridges the gap between sequence design and scalable production by overcoming expression barriers, simplifying purification, and leveraging β-sheet stacking for tunable mechanical properties. The results provide a blueprint for high-performance biomimetic fibers, advancing applications (e.g., surgical sutures, scaffolds) in tissue engineering and functional materials while addressing the limitations of conventional spidroin production systems."
119,A4_tissue,40303933,PMC12040340,10.26502/josm.511500193,2025,Journal of orthopaedics and sports medicine,research-article; Journal Article,"Risk Factors, Incidence, and Management of Re-Injury following Repair of Shoulder Rotator Cuff.","Rotator cuff tears are among the most common musculoskeletal injuries worldwide, often requiring surgical intervention to restore shoulder function. Despite improvements in surgical techniques, rotator cuff re-injury remains a significant challenge, influenced by a combination of patient-related and procedural factors. The incidence of re-injury after surgery ranges from 15% to 21%, varying based on the severity of the initial injury and adherence to rehabilitation. In this article, we critically examine the risk factors, incidence, and management strategies associated with rotator cuff re-injury. Key risk factors include advanced age, larger tear size, poor tissue quality, high activity levels, and comorbid conditions like diabetes and hyperlipidemia. Age-related degenerative changes, muscle atrophy, and fatty infiltration impair tendon healing, increasing the risk of re-injury. Emerging geometric classifications of rotator cuff tears (Types 1-4) provide valuable insights into prognosis and guide surgical approaches. Management strategies for re-injury include both conservative approaches, such as physical therapy and activity modification, and surgical revisions, including tendon transfers and superior capsular reconstruction. Novel interventions like biological scaffolds, mesenchymal stem cell therapy, and machine learning-driven rehabilitation protocols are being explored to enhance tendon healing and reduce re-injury rates. However, gaps remain in understanding the biological mechanisms of tendon repair and optimizing personalized treatment strategies. Future research should focus on integrating biomolecular insights with clinical practice to improve outcomes and reduce the burden of rotator cuff re-injury."
120,A4_tissue,39512323,PMC11541681,10.1016/j.heliyon.2024.e38762,2024,Heliyon,research-article; Journal Article,Research trends and hot topics of wearable sensors in wound care over past 18 years: A bibliometric analysis.,"ObjectiveThis study determined the development trends, analyzed collaboration networks, and identified research hotspots in the field of wearable sensors for wound care from 2007 to 2024 using a rigorous bibliometric analysis approach.MethodsBibliometric and scientometric analyses were performed utilizing data sourced from the Web of Science Core Collection database. This study examined publication trends, contributions from various countries and institutions, author productivity, keyword prevalence, and citation patterns to discern research hotspots and potential future avenues in the application of wearable sensors for wound care.ResultsThis study included 1177 articles, which demonstrated a marked increase in publications since 2016 and underscores the burgeoning interest in wearable sensors for wound care. China and the United States have emerged as prominent contributors to the research field, exhibiting numerous international collaborations. An analysis of keywords and citation bursts highlighted wound healing, hydrogels, and sensors as the key research foci with recent trends shifting towards the integration of wearable technology with advanced materials and artificial intelligence for advanced wound management. The research landscape is characterized by a diverse network of international collaborations and an emphasis on interdisciplinary approaches that integrate materials science, sensor technology, and clinical applications.ConclusionThe utilization of wearable sensors in wound care constitutes a rapidly progressing area of research, garnering significant interest and promising avenues for future advances. The integration of wearable sensors with advanced materials and AI technologies presents a frontier of opportunity for innovating wound care methodologies, enhancing patient outcomes, and optimizing the allocation of healthcare resources."
121,A4_tissue,34576503,PMC8471570,10.3390/ma14185278,2021,"Materials (Basel, Switzerland)",research-article; Journal Article,Artificial Intelligence Aided Design of Tissue Engineering Scaffolds Employing Virtual Tomography and 3D Convolutional Neural Networks.,"Design requirements for different mechanical metamaterials, porous constructions and lattice structures, employed as tissue engineering scaffolds, lead to multi-objective optimizations, due to the complex mechanical features of the biological tissues and structures they should mimic. In some cases, the use of conventional design and simulation methods for designing such tissue engineering scaffolds cannot be applied because of geometrical complexity, manufacturing defects or large aspect ratios leading to numerical mismatches. Artificial intelligence (AI) in general, and machine learning (ML) methods in particular, are already finding applications in tissue engineering and they can prove transformative resources for supporting designers in the field of regenerative medicine. In this study, the use of 3D convolutional neural networks (3D CNNs), trained using digital tomographies obtained from the CAD models, is validated as a powerful resource for predicting the mechanical properties of innovative scaffolds. The presented AI-aided or ML-aided design strategy is believed as an innovative approach in area of tissue engineering scaffolds, and of mechanical metamaterials in general. This strategy may lead to several applications beyond the tissue engineering field, as we analyze in the discussion and future proposals sections of the research study."
122,A4_tissue,33489277,PMC7813265,10.1098/rsos.201293,2020,Royal Society open science,research-article; Journal Article,Correlating in vitro performance with physico-chemical characteristics of nanofibrous scaffolds for skin tissue engineering using supervised machine learning algorithms.,"The engineering of polymeric scaffolds for tissue regeneration has known a phenomenal growth during the past decades as materials scientists seek to understand cell biology and cell-material behaviour. Statistical methods are being applied to physico-chemical properties of polymeric scaffolds for tissue engineering (TE) to guide through the complexity of experimental conditions. We have attempted using experimental in vitro data and physico-chemical data of electrospun polymeric scaffolds, tested for skin TE, to model scaffold performance using machine learning (ML) approach. Fibre diameter, pore diameter, water contact angle and Young's modulus were used to find a correlation with 3-(4,5-dimethylthiazol-2-yl)-2,5-diphenyltetrazolium bromide (MTT) assay of L929 fibroblasts cells on the scaffolds after 7 days. Six supervised learning algorithms were trained on the data using Seaborn/Scikit-learn Python libraries. After hyperparameter tuning, random forest regression yielded the highest accuracy of 62.74%. The predictive model was also correlated with in vivo data. This is a first preliminary study on ML methods for the prediction of cell-material interactions on nanofibrous scaffolds."
123,A4_tissue,38918798,PMC11201320,10.1186/s13227-024-00228-0,2024,EvoDevo,research-article; Journal Article,"See-Star: a versatile hydrogel-based protocol for clearing large, opaque and calcified marine invertebrates.","Studies of morphology and developmental patterning in adult stages of many invertebrates are hindered by opaque structures, such as shells, skeletal elements, and pigment granules that block or refract light and necessitate sectioning for observation of internal features. An inherent challenge in studies relying on surgical approaches is that cutting tissue is semi-destructive, and delicate structures, such as axonal processes within neural networks, are computationally challenging to reconstruct once disrupted. To address this problem, we developed See-Star, a hydrogel-based tissue clearing protocol to render the bodies of opaque and calcified invertebrates optically transparent while preserving their anatomy in an unperturbed state, facilitating molecular labeling and observation of intact organ systems. The resulting protocol can clear large (> 1 cm3) specimens to enable deep-tissue imaging, and is compatible with molecular techniques, such as immunohistochemistry and in situ hybridization to visualize protein and mRNA localization. To test the utility of this method, we performed a whole-mount imaging study of intact nervous systems in juvenile echinoderms and molluscs and demonstrate that See-Star allows for comparative studies to be extended far into development, facilitating insights into the anatomy of juveniles and adults that are usually not amenable to whole-mount imaging."
124,A4_tissue,33754692,PMC8033563,10.1021/acschemneuro.1c00005,2021,ACS chemical neuroscience,"Research Support, Non-U.S. Gov't; research-article; Journal Article",Injectable Glycosaminoglycan-Based Cryogels from Well-Defined Microscale Templates for Local Growth Factor Delivery.,"Glycosaminoglycan-based hydrogels hold great potential for applications in tissue engineering and regenerative medicine. By mimicking the natural extracellular matrix processes of growth factor binding and release, such hydrogels can be used as a sustained delivery device for growth factors. Since neural networks commonly follow well-defined, high-aspect-ratio paths through the central and peripheral nervous system, we sought to create a fiber-like, elongated growth factor delivery system. Cryogels, with networks formed at subzero temperatures, are well-suited for the creation of high-aspect-ratio biomaterials, because they have a macroporous structure making them mechanically robust (for ease of handling) yet soft and highly compressible (for interfacing with brain tissue). Unlike hydrogels, cryogels can be synthesized in advance of their use, stored with ease, and rehydrated quickly to their original shape. Herein, we use solvent-assisted microcontact molding to form sacrificial templates, in which we produced highly porous cryogel microscale scaffolds with a well-defined elongated shape via the photopolymerization of poly(ethylene glycol) diacrylate and maleimide-functionalized heparin. Dissolution of the template yielded cryogels that could load nerve growth factor (NGF) and release it over a period of 2 weeks, causing neurite outgrowth in PC12 cell cultures. This microscale template-assisted synthesis technique allows tight control over the cryogel scaffold dimensions for high reproducibility and ease of injection through fine gauge needles."
125,A4_tissue,39451792,PMC11504968,10.3390/biomimetics9100587,2024,"Biomimetics (Basel, Switzerland)",research-article; Journal Article,Leveraging Machine Learning for Optimized Mechanical Properties and 3D Printing of PLA/cHAP for Bone Implant.,"This study explores the fabrication and characterisation of 3D-printed polylactic acid (PLA) scaffolds reinforced with calcium hydroxyapatite (cHAP) for bone tissue engineering applications. By varying the cHAP content, we aimed to enhance PLA scaffolds' mechanical and thermal properties, making them suitable for load-bearing biomedical applications. The results indicate that increasing cHAP content improves the tensile and compressive strength of the scaffolds, although it also increases brittleness. Notably, incorporating cHAP at 7.5% and 10% significantly enhances thermal stability and mechanical performance, with properties comparable to or exceeding those of human cancellous bone. Furthermore, this study integrates machine learning techniques to predict the mechanical properties of these composites, employing algorithms such as XGBoost and AdaBoost. The models demonstrated high predictive accuracy, with R2 scores of 0.9173 and 0.8772 for compressive and tensile strength, respectively. These findings highlight the potential of using data-driven approaches to optimise material properties autonomously, offering significant implications for developing custom-tailored scaffolds in bone tissue engineering and regenerative medicine. The study underscores the promise of PLA/cHAP composites as viable candidates for advanced biomedical applications, particularly in creating patient-specific implants with improved mechanical and thermal characteristics."
126,A4_tissue,33240868,PMC7677185,10.3389/fbioe.2020.601704,2020,Frontiers in bioengineering and biotechnology,research-article; Journal Article,Hydrogels for 3D Neural Tissue Models: Understanding Cell-Material Interactions at a Molecular Level.,"The development of 3D neural tissue analogs is of great interest to a range of biomedical engineering applications including tissue engineering of neural interfaces, treatment of neurodegenerative diseases and in vitro assessment of cell-material interactions. Despite continued efforts to develop synthetic or biosynthetic hydrogels which promote the development of complex neural networks in 3D, successful long-term 3D approaches have been restricted to the use of biologically derived constructs. In this study a poly (vinyl alcohol) biosynthetic hydrogel functionalized with gelatin and sericin (PVA-SG), was used to understand the interplay between cell-cell communication and cell-material interaction. This was used to probe critical short-term interactions that determine the success or failure of neural network growth and ultimately the development of a useful model. Complex primary ventral mesencephalic (VM) neural cells were encapsulated in PVA-SG hydrogels and critical molecular cues that demonstrate mechanosensory interaction were examined. Neuronal presence was constant over the 10 day culture, but the astrocyte population decreased in number. The lack of astrocytic support led to a reduction in neural process outgrowth from 24.0 ± 1.3 μm on Day 7 to 7.0 ± 0.1 μm on Day 10. Subsequently, purified astrocytes were studied in isolation to understand the reasons behind PVA-SG hydrogel inability to support neural network development. It was proposed that the spatially restrictive nature (or tight mesh size) of PVA-SG hydrogels limited the astrocytic actin polymerization together with a cytoplasmic-nuclear translocation of YAP over time, causing an alteration in their cell cycle. This was confirmed by the evaluation of p27/Kip1 gene that was found to be upregulated by a twofold increase in expression at both Days 7 and 10 compared to Day 3, indicating the quiescent stage of the astrocytes in PVA-SG hydrogel. Cell migration was further studied by the quantification of MMP-2 production that was negligible compared to 2D controls, ranging from 2.7 ± 2.3% on Day 3 to 5.3 ± 2.9% on Day 10. This study demonstrates the importance of understanding astrocyte-material interactions at the molecular level, with the need to address spatial constraints in the 3D hydrogel environment. These findings will inform the design of future hydrogel constructs with greater capacity for remodeling by the cell population to create space for cell migration and neural process extension."
127,A4_tissue,41304980,PMC12655387,10.3390/ph18111737,2025,"Pharmaceuticals (Basel, Switzerland)",research-article; Journal Article,Discovery and Mechanistic Elucidation of Glycyrrhizic Acid Composite Gel in Promoting Wound Healing: A Modernized Study Based on Shengji Yuhong Ointment.,"Objectives: Shengji Yuhong Ointment (SJYHO) is a classic Traditional Chinese Medicine prescription used for refractory wounds, yet its systemic pharmacological mechanisms remain unclear. This study aimed to identify its key active compounds and develop a simplified, effective topical formulation. Methods: We employed an integrated approach, combining network pharmacology and machine learning to screen the key constituents and core targets of SJYHO. The lead compound, glycyrrhizic acid, was formulated into a hydrogel (GA-Gel). Its therapeutic efficacy was evaluated in a full-thickness excisional wound model in Sprague-Dawley rats over 21 days, assessing healing kinetics, histology, and pain behavior. The interaction between glycyrrhizic acid and the identified target PPIA, along with its immunomodulatory effects, was validated through molecular docking, molecular dynamics simulation, and RT-qPCR. Results: Our integrated analysis identified PPIA as the core target and glycyrrhizic acid as a key bioactive component of SJYHO. Animal experiments demonstrated that GA-Gel significantly accelerated wound closure, which was driven by its multi-faceted actions: reducing inflammation, promoting collagen deposition, alleviating pain, and modulating late-stage angiogenesis. Mechanistically, we confirmed that glycyrrhizic acid stably binds to PPIA. Furthermore, GA-Gel treatment mediated wound immune infiltration by specifically regulating CD8+ T cells, neutrophils, and memory B cells, an effect that was dependent on PPIA targeting. Conclusions: This study demonstrates that glycyrrhizic acid, formulated as GA-Gel, recapitulates the wound-healing benefits of SJYHO by specifically targeting PPIA and modulating the immune microenvironment. Our findings not only elucidate a key mechanistic pathway but also present GA-Gel as a rationally designed, clinically translatable therapy for acute and chronic wounds."
128,A4_tissue,35155409,PMC8830423,10.3389/fbioe.2021.802794,2021,Frontiers in bioengineering and biotechnology,research-article; Journal Article,Morphology-Based Deep Learning Approach for Predicting Osteogenic Differentiation.,"Early, high-throughput, and accurate recognition of osteogenic differentiation of stem cells is urgently required in stem cell therapy, tissue engineering, and regenerative medicine. In this study, we established an automatic deep learning algorithm, i.e., osteogenic convolutional neural network (OCNN), to quantitatively measure the osteogenic differentiation of rat bone marrow mesenchymal stem cells (rBMSCs). rBMSCs stained with F-actin and DAPI during early differentiation (day 0, 1, 4, and 7) were captured using laser confocal scanning microscopy to train OCNN. As a result, OCNN successfully distinguished differentiated cells at a very early stage (24 h) with a high area under the curve (AUC) (0.94 ± 0.04) and correlated with conventional biochemical markers. Meanwhile, OCNN exhibited better prediction performance compared with the single morphological parameters and support vector machine. Furthermore, OCNN successfully predicted the dose-dependent effects of small-molecule osteogenic drugs and a cytokine. OCNN-based online learning models can further recognize the osteogenic differentiation of rBMSCs cultured on several material surfaces. Hence, this study initially demonstrated the foreground of OCNN in osteogenic drug and biomaterial screening for next-generation tissue engineering and stem cell research."
129,A4_tissue,35498319,PMC9049038,10.1039/c9ra09475j,2020,RSC advances,research-article; Journal Article,QSAR modeling of the toxicity classification of superparamagnetic iron oxide nanoparticles (SPIONs) in stem-cell monitoring applications: an integrated study from data curation to model development.,"The use of in silico approaches for the prediction of biomedical properties of nano-biomaterials (NBMs) can play a significant role in guiding and reducing wetlab experiments. Computational methods, such as data mining and machine learning techniques, can increase the efficiency and reduce the time and cost required for hazard and risk assesment and for designing new safer NBMs. A major obstacle in developing accurate and well-validated in silico models such as Nano Quantitative Structure-Activity Relationships (Nano-QSARs) is that although the volume of data published in the literature is increasing, the data are fragmented in many different publications and are not sufficiently curated for modelling purposes. Moreover, NBMs exhibit high complexity and heterogeneity in their structures, making data collection and curation and QSAR model development more challenging compared to traditional small molecules. The aim of this study was to construct and fully validate a Nano-QSAR model for the prediction of toxicological properties of superparamagnetic iron oxide nanoparticles (SPIONs), focusing on their application as Magnetic Resonance Imaging (MRI) contrast agents for non-invasive stem cell labelling and tracking. To achieve this goal, we first performed an extensive search through the literature for collecting and curating relevant data and we developed a dataset containing both physicochemical and toxicological properties of SPIONs. The data were analysed next, using Automated machine learning (Auto-ML) approaches for optimising the development and validation of nanotoxicity classification QSAR models of SPIONs. Further analysis of relative attribute importances revealed that physicochemical properties such as the size and the magnetic core are the dominant attributes correlated to the toxicity of SPIONs. Our results suggest that as more systematic information from NBM experimental tests becomes available, computational tools could play an important role in supporting the safety-by-design (SbD) concept in regenerative medicine and disease therapeutics."
130,A4_tissue,36837169,PMC9961090,10.3390/ma16041539,2023,"Materials (Basel, Switzerland)",research-article; Journal Article,Towards a Material-by-Design Approach to Electrospun Scaffolds for Tissue Engineering Based on Statistical Design of Experiments (DOE).,"Electrospinning bears great potential for the manufacturing of scaffolds for tissue engineering, consisting of a porous mesh of ultrafine fibers that effectively mimic the extracellular matrix (ECM) and aid in directing stem cell fate. However, for engineering purposes, there is a need to develop material-by-design approaches based on predictive models. In this methodological study, a rational methodology based on statistical design of experiments (DOE) is discussed in detail, yielding heuristic models that capture the linkage between process parameters (Xs) of the electrospinning and scaffold properties (Ys). Five scaffolds made of polycaprolactone are produced according to a 22-factorial combinatorial scheme where two Xs, i.e., flow rate and applied voltage, are varied between two given levels plus a center point. The scaffolds were characterized to measure a set of properties (Ys), i.e., fiber diameter distribution, porosity, wettability, Young's modulus, and cell adhesion on murine myoblast C1C12 cells. Simple engineering DOE models were obtained for all Ys. Each Y, for example, the biological response, can be used as a driver for the design process, using the process-property model of interest for accurate interpolation within the design domain, enabling a material-by-design strategy and speeding up the product development cycle. The implications are also illustrated in the context of the design of multilayer scaffolds with microstructural gradients and controlled properties of each layer. The possibility of obtaining statistical models correlating between diverse output properties of the scaffolds is highlighted. Noteworthy, the featured DOE approach can be potentially merged with artificial intelligence tools to manage complexity and it is applicable to several fields including 3D printing."
131,A4_tissue,40492168,PMC12147495,10.1002/ansa.70021,2025,Analytical science advances,research-article; Journal Article,Prediction of Bone Formation Rate of Artificial Bone With Machine Learning Models Considering the Variation of Experimental Results.,"The proportion of older people in the world's total population is expected to increase. Bone diseases are more prevalent in older people; therefore, the number of patients with such diseases is expected to increase worldwide. Artificial bone is a biomaterial used in the treatment of bone diseases. Artificial bones with high bone formation rates are desired; however, the results of artificial bone implantation vary. There are also ethical issues associated with animal experiments. Our purpose in this study is to predict the variation in bone formation rates. We created multiple sub-datasets and constructed a machine learning model to predict the variation in bone formation rates by considering the results of multiple measurements. We also propose a metric, Jensen-Shannon (JS) divergence, to evaluate the accuracy of the model for predicting variation. We tested the validity of JS divergence by comparing combinations of explanatory variables. Additionally, we found an optimal combination of explanatory variables to construct a model with high predictive accuracy. We expect that the prediction of variation will be useful for improving the practical development of materials and medicines, such as artificial bones, for which stable effects are required, regardless of the individual."
132,A4_tissue,36559897,PMC9786583,10.3390/polym14245530,2022,Polymers,research-article; Journal Article,Stiffness-Controlled Hydrogels for 3D Cell Culture Models.,"Nanofibrillated cellulose (NFC) hydrogel is a versatile biomaterial suitable, for example, for three-dimensional (3D) cell spheroid culturing, drug delivery, and wound treatment. By freeze-drying NFC hydrogel, highly porous NFC structures can be manufactured. We freeze-dried NFC hydrogel and subsequently reconstituted the samples into a variety of concentrations of NFC fibers, which resulted in different stiffness of the material, i.e., different mechanical cues. After the successful freeze-drying and reconstitution, we showed that freeze-dried NFC hydrogel can be used for one-step 3D cell spheroid culturing of primary mesenchymal stem/stromal cells, prostate cancer cells (PC3), and hepatocellular carcinoma cells (HepG2). No difference was observed in the viability or morphology between the 3D cell spheroids cultured in the freeze-dried and reconstituted NFC hydrogel and fresh NFC hydrogel. Furthermore, the 3D cultured spheroids showed stable metabolic activity and nearly 100% viability. Finally, we applied a convolutional neural network (CNN)-based automatic nuclei segmentation approach to automatically segment individual cells of 3D cultured PC3 and HepG2 spheroids. These results provide an application to culture 3D cell spheroids more readily with the NFC hydrogel and a step towards automatization of 3D cell culturing and analysis."
133,A4_tissue,36620090,PMC9815236,10.1080/14686996.2022.2157682,2023,Science and technology of advanced materials,research-article; Journal Article,Deep-learning-based inverse design of three-dimensional architected cellular materials with the target porosity and stiffness using voxelized Voronoi lattices.,"Architected cellular materials are a class of artificial materials with cellular architecture-dependent properties. Typically, designing cellular architectures paves the way to generate architected cellular materials with specific properties. However, most previous studies have primarily focused on a forward design strategy, wherein a geometry is generated using computer-aided design modeling, and its properties are investigated experimentally or via simulations. In this study, we developed an inverse design framework for a disordered architected cellular material (Voronoi lattices) using deep learning. This inverse design framework is a three-dimensional conditional generative adversarial network (3D-CGAN) trained based on supervised learning using a dataset consisting of voxelized Voronoi lattices and their corresponding relative densities and Young's moduli. A well-trained 3D-CGAN adopts variational sampling to generate multiple distinct Voronoi lattices with the target relative density and Young's modulus. Consequently, the mechanical properties of the 3D-CGAN generated Voronoi lattices are validated through uniaxial compression tests and finite element simulations. The inverse design framework demonstrates potential for use in bone implants, where scaffold implants can be automatically generated with the target relative density and Young's modulus."
134,A4_tissue,40438124,PMC12117218,10.34133/bmr.0211,2025,Biomaterials research,research-article; Journal Article,Label-Free Prediction of Fluorescently Labeled Fibrin Networks.,"While fluorescent labeling has been the standard for visualizing fibers within fibrillar scaffold models of the extracellular matrix (ECM), the use of fluorescent dyes can compromise cell viability and photobleach prematurely. The intricate fibrillar composition of ECM is crucial for its viscoelastic properties, which regulate intracellular signaling and provide structural support for cells. Naturally derived biomaterials such as fibrin and collagen replicate these fibrillar structures, but longitudinal confocal imaging of fibers using fluorescent dyes may impact cell function and photobleach the sample long before termination of the experiment. An alternative technique is reflection confocal microscopy (RCM) that provides high-resolution images of fibers. However, RCM is sensitive to fiber orientation relative to the optical axis, and consequently, many fibers are not detected. We aim to recover these fibers. Here, we propose a deep learning tool for predicting fluorescently labeled optical sections from unlabeled image stacks. Specifically, our model is conditioned to reproduce fluorescent labeling using RCM images at 3 laser wavelengths and a single laser transmission image. The model is implemented using a fully convolutional image-to-image mapping architecture with a hybrid loss function that includes both low-dimensional statistical and high-dimensional structural components. Upon convergence, the proposed method accurately recovers 3-dimensional fibrous architecture without substantial differences in fiber length or fiber count. However, the predicted fibers were slightly wider than original fluorescent labels (0.213 ± 0.009 μm). The model can be implemented on any commercial laser scanning microscope, providing wide use in the study of ECM biology."
135,A4_tissue,34820576,PMC8586009,10.1016/j.bioactmat.2021.07.008,2022,Bioactive materials,research-article; Journal Article,Increased connectivity of hiPSC-derived neural networks in multiphase granular hydrogel scaffolds.,"To reflect human development, it is critical to create a substrate that can support long-term cell survival, differentiation, and maturation. Hydrogels are promising materials for 3D cultures. However, a bulk structure consisting of dense polymer networks often leads to suboptimal microenvironments that impedes nutrient exchange and cell-to-cell interaction. Herein, granular hydrogel-based scaffolds were used to support 3D human induced pluripotent stem cell (hiPSC)-derived neural networks. A custom designed 3D printed toolset was developed to extrude hyaluronic acid hydrogel through a porous nylon fabric to generate hydrogel granules. Cells and hydrogel granules were combined using a weaker secondary gelation step, forming self-supporting cell laden scaffolds. At three and seven days, granular scaffolds supported higher cell viability compared to bulk hydrogels, whereas granular scaffolds supported more neurite bearing cells and longer neurite extensions (65.52 ± 11.59 μm) after seven days compared to bulk hydrogels (22.90 ± 4.70 μm). Long-term (three-month) cultures of clinically relevant hiPSC-derived neural cells in granular hydrogels supported well established neuronal and astrocytic colonies and a high level of neurite extension both inside and beyond the scaffold. This approach is significant as it provides a simple, rapid and efficient way to achieve a tissue-relevant granular structure within hydrogel cultures."
136,A4_tissue,37323491,PMC10261141,10.18063/ijb.717,2023,International journal of bioprinting,research-article; Journal Article,Machine learning and 3D bioprinting.,"48With the growing number of biomaterials and printing technologies, bioprinting has brought about tremendous potential to fabricate biomimetic architectures or living tissue constructs. To make bioprinting and bioprinted constructs more powerful, machine learning (ML) is introduced to optimize the relevant processes, applied materials, and mechanical/biological performances. The objectives of this work were to collate, analyze, categorize, and summarize published articles and papers pertaining to ML applications in bioprinting and their impact on bioprinted constructs, as well as the directions of potential development. From the available references, both traditional ML and deep learning (DL) have been applied to optimize the printing process, structural parameters, material properties, and biological/mechanical performance of bioprinted constructs. The former uses features extracted from image or numerical data as inputs in prediction model building, and the latter uses the image directly for segmentation or classification model building. All of these studies present advanced bioprinting with a stable and reliable printing process, desirable fiber/droplet diameter, and precise layer stacking, and also enhance the bioprinted constructs with better design and cell performance. The current challenges and outlooks in developing process-material-performance models are highlighted, which may pave the way for revolutionizing bioprinting technologies and bioprinted construct design."
137,A4_tissue,34209404,PMC8305959,10.3390/mi12070780,2021,Micromachines,research-article; Journal Article,Machine Assisted Experimentation of Extrusion-Based Bioprinting Systems.,"Optimization of extrusion-based bioprinting (EBB) parameters have been systematically conducted through experimentation. However, the process is time- and resource-intensive and not easily translatable to other laboratories. This study approaches EBB parameter optimization through machine learning (ML) models trained using data collected from the published literature. We investigated regression-based and classification-based ML models and their abilities to predict printing outcomes of cell viability and filament diameter for cell-containing alginate and gelatin composite bioinks. In addition, we interrogated if regression-based models can predict suitable extrusion pressure given the desired cell viability when keeping other experimental parameters constant. We also compared models trained across data from general literature to models trained across data from one literature source that utilized alginate and gelatin bioinks. The results indicate that models trained on large amounts of data can impart physical trends on cell viability, filament diameter, and extrusion pressure seen in past literature. Regression models trained on the larger dataset also predict cell viability closer to experimental values for material concentration combinations not seen in training data of the single-paper-based regression models. While the best performing classification models for cell viability can achieve an average prediction accuracy of 70%, the cell viability predictions remained constant despite altering input parameter combinations. Our trained models on bioprinting literature data show the potential usage of applying ML models to bioprinting experimental design."
138,A4_tissue,35083408,PMC8753532,10.18699/vj21.103,2021,Vavilovskii zhurnal genetiki i selektsii,research-article; Journal Article,CLARITY and Light-Sheet microscopy sample preparation in application to human cerebral organoids.,"Cerebral organoids are three-dimensional cell-culture systems that represent a unique experimental model reconstructing early events of human neurogenesis in vitro in health and various pathologies. The most commonly used approach to studying the morphological parameters of organoids is immunohistochemical analysis; therefore, the three-dimensional cytoarchitecture of organoids, such as neural networks or asymmetric internal organization, is difficult to reconstruct using routine approaches. Immunohistochemical analysis of biological objects is a universal method in biological research. One of the key stages of this method is the production of cryo- or paraffin serial sections of samples, which is a very laborious and time-consuming process. In addition, slices represent only a tiny part of the object under study; three-dimensional reconstruction from the obtained serial images is an extremely complex process and often requires expensive special programs for image processing. Unfortunately, staining and microscopic examination of samples are difficult due to their low permeability and a high level of autofluorescence. Tissue cleaning technologies combined with Light-Sheet microscopy allows these challenges to be overcome. CLARITY is one of the tissue preparation techniques that makes it possible to obtain opaque biological objects transparent while maintaining the integrity of their internal structures. This method is based on a special sample preparation, during which lipids are removed from cells and replaced with hydrogel compounds such as acrylamide, while proteins and nucleic acids remain intact. CLARITY provides researchers with a unique opportunity to study three-dimensional biological structures while preserving their internal organization, including whole animals or embryos, individual organs and artificially grown organoids, in particular cerebral organoids. This protocol summarizes an optimization of CLARITY conditions for human brain organoids and the preparation of Light-Sheet microscopy samples."
139,A4_tissue,34165820,PMC11468538,10.1002/adma.202102084,2021,"Advanced materials (Deerfield Beach, Fla.)",research-article; Journal Article,Expanding Biomaterial Surface Topographical Design Space through Natural Surface Reproduction.,"Surface topography is a tool to endow biomaterials with bioactive properties. However, the large number of possible designs makes it challenging to find the optimal surface structure to induce a specific cell response. The TopoChip platform is currently the largest collection of topographies with 2176 in silico designed microtopographies. Still, it is exploring only a small part of the design space due to design algorithm limitations and the surface engineering strategy. Inspired by the diversity of natural surfaces, it is assessed as to what extent the topographical design space and consequently the resulting cellular responses can be expanded using natural surfaces. To this end, 26 plant and insect surfaces are replicated in polystyrene and their surface properties are quantified using white light interferometry. Through machine-learning algorithms, it is demonstrated that natural surfaces extend the design space of the TopoChip, which coincides with distinct morphological and focal adhesion profiles in mesenchymal stem cells (MSCs) and Pseudomonas aeruginosa colonization. Furthermore, differentiation experiments reveal the strong potential of the holy lotus to improve osteogenesis in MSCs. In the future, the design algorithms will be trained with the results obtained by natural surface imprint experiments to explore the bioactive properties of novel surface topographies."
140,A4_tissue,38520708,PMC11165469,10.1002/advs.202310141,2024,"Advanced science (Weinheim, Baden-Wurttemberg, Germany)",research-article; Journal Article,Mechanical Field Guiding Structure Design Strategy for Meta-Fiber Reinforced Hydrogel Composites by Deep Learning.,"Fiber-reinforced hydrogel composites are widely employed in many engineering applications, such as drug release, and flexible electronics, with more flexible mechanical properties than pure hydrogel materials. Comparing to the hydrogel strengthened by continuous fiber, the meta-fiber reinforced hydrogel provides stronger individualized design ability of deformation patterns and tunable stiffness, especially for the elaborate applications in joint, cartilage, and organ. In this paper, a novel structure design strategy based on deep learning algorithm is proposed for hydrogel reinforced by meta-fiber to achieve targeted mechanical properties, such as stress and displacement fields. A solid mechanic model for meta-fiber reinforced hydrogel is first developed to construct the dataset of fiber distribution and the corresponding mechanical properties of the composite. Generative adversarial network (GAN) is then trained to characterize the relationship between stress or displacement field, and meta-fiber distribution. The well-trained GAN is implemented to design meta-fiber reinforced hydrogel composite structure under specific operation conditions. The results show that the deep learning method may efficiently predict the structure of the hydrogel composite with satisfied confidence, and has great potential for applications in drug delivery and flexible electronics."
