rank,area,epmc_id,pmcid,doi,year,journal,pub_types,title,abstract
1,A5_autonomous,38534124,PMC11009904,10.1021/acsami.4c00759,2024,ACS applied materials & interfaces,research-article; Journal Article,Machine-Guided Discovery of Acrylate Photopolymer Compositions.,"Additive manufacturing (AM) can be advanced by the diverse characteristics offered by thermoplastic and thermoset polymers and the further benefits of copolymerization. However, the availability of suitable polymeric materials for AM is limited and may not always be ideal for specific applications. Additionally, the extensive number of potential monomers and their combinations make experimental determination of resin compositions extremely time-consuming and costly. To overcome these challenges, we develop an active learning (AL) approach to effectively choose compositions in a ternary monomer space ranging from rigid to elastomeric. Our AL algorithm dynamically suggests monomer composition ratios for the subsequent round of testing, allowing us to efficiently build a robust machine learning (ML) model capable of predicting polymer properties, including Young's modulus, peak stress, ultimate strain, and Shore A hardness based on composition while minimizing the number of experiments. As a demonstration of the effectiveness of our approach, we use the ML model to drive material selection for a specific property, namely, Young's modulus. The results indicate that the ML model can be used to select material compositions within at least 10% of a targeted value of Young's modulus. We then use the materials designed by the ML model to 3D print a multimaterial ""hand"" with soft ""skin"" and rigid ""bones"". This work presents a promising tool for enabling informed AM material selection tailored to user specifications and accelerating material discovery using a limited monomer space."
2,A5_autonomous,36329705,PMC9622803,10.3389/fbioe.2022.959335,2022,Frontiers in bioengineering and biotechnology,research-article; Journal Article,The CaT stretcher: An open-source system for delivering uniaxial strain to cells and tissues (CaT).,"Integration of mechanical cues in conventional 2D or 3D cell culture platforms is an important consideration for in vivo and ex vivo models of lung health and disease. Available commercial and published custom-made devices are frequently limited in breadth of applications, scalability, and customization. Herein we present a technical report on an open-source, cell and tissue (CaT) stretcher, with modularity for different in vitro and ex vivo systems, that includes the following features: 1) Programmability for modeling different breathing patterns, 2) scalability to support low to high-throughput experimentation, and 3) modularity for submerged cell culture, organ-on-chips, hydrogels, and live tissues. The strategy for connecting the experimental cell or tissue samples to the stretching device were designed to ensure that traditional biomedical outcome measurements including, but not limited to microscopy, soluble mediator measurement, and gene and protein expression remained possible. Lastly, to increase the uptake of the device within the community, the system was built with economically feasible and available components. To accommodate diverse in vitro and ex vivo model systems we developed a variety of chips made of compliant polydimethylsiloxane (PDMS) and optimized coating strategies to increase cell adherence and viability during stretch. The CaT stretcher was validated for studying mechanotransduction pathways in lung cells and tissues, with an increase in alpha smooth muscle actin protein following stretch for 24 h observed in independent submerged monolayer, 3D hydrogel, and live lung tissue experiments. We anticipate that the open-source CaT stretcher design will increase accessibility to studies of the dynamic lung microenvironment through direct implementation by other research groups or custom iterations on our designs."
3,A5_autonomous,36017534,PMC9539360,10.1002/bit.28216,2022,Biotechnology and bioengineering,"Research Support, Non-U.S. Gov't; research-article; Journal Article",Maximizing mRNA vaccine production with Bayesian optimization.,"Messenger RNA (mRNA) vaccines are a new alternative to conventional vaccines with a prominent role in infectious disease control. These vaccines are produced in in vitro transcription (IVT) reactions, catalyzed by RNA polymerase in cascade reactions. To ensure an efficient and cost-effective manufacturing process, essential for a large-scale production and effective vaccine supply chain, the IVT reaction needs to be optimized. IVT is a complex reaction that contains a large number of variables that can affect its outcome. Traditional optimization methods rely on classic Design of Experiments methods, which are time-consuming and can present human bias or based on simplified assumptions. In this contribution, we propose the use of Machine Learning approaches to perform a data-driven optimization of an mRNA IVT reaction. A Bayesian optimization method and model interpretability techniques were used to automate experiment design, providing a feedback loop. IVT reaction conditions were found under 60 optimization runs that produced 12 g · L-1 in solely 2 h. The results obtained outperform published industry standards and data reported in literature in terms of both achievable reaction yield and reduction of production time. Furthermore, this shows the potential of Bayesian optimization as a cost-effective optimization tool within (bio)chemical applications."
4,A5_autonomous,39863620,PMC11762284,10.1038/s41598-024-85040-5,2025,Scientific reports,research-article; Journal Article,Atmospheric air plasma pre-activation and customizable covalent functionalization of PVDF-membranes of microtiter filter plates.,"Microtiter-plate-based systems are unified platforms of high-throughput experimentation (HTE). These polymeric devices are used worldwide on a daily basis-mainly in the pharmaceutical industry-for parallel syntheses, reaction optimization, various preclinical studies and high-throughput screening methods. Accordingly, laboratory automation today aims to handle these commercially available multiwell plates, making developments focused on their modifications a priority area of modern applied research. We performed the covalent functionalization of the porous PVDF-membrane of microtiter filter plates as the essence of conventional and common sandwich plate systems by introducing a generalizable method. After surface-activation of the indifferent membrane polymer, customizable functionalization becomes feasible by covalently attached monofunctional molecular linkers. The study was designed with future adaptability, and thus, industrially widespread atmospheric plasma and two different chemical treatments were investigated and compared in terms of practical implementation, polarization effects, extent of labeling, effects on morphology and porosity as well as on permeability. For critical comparison, contact angle measurements, surface ATR-FTIR, 1H-NMR, 19F-NMR, UV-Vis spectroscopy, scanning electron microscopy and permeability tests were used."
5,A5_autonomous,36015950,PMC9414851,10.3390/s22166183,2022,"Sensors (Basel, Switzerland)",research-article; Journal Article,Microfluidic-Assisted Human Cancer Cells Culturing Platform for Space Biology Applications.,"In the paper, the lab-on-chip platform applicable for the long-term cultivation of human cancer cells, as a solution meeting the demands of the CubeSat biological missions, is presented. For the first time, the selected cancer cell lines-UM-UC-3 and RT 112 were cultured on-chip for up to 50 days. The investigation was carried out in stationary conditions (without medium microflow) in ambient temperature and utilizing the microflow perfusion system in the incubation chamber assuring typical cultivation atmosphere (37 °C). All the experiments were performed to imitate the conditions that are provided before the biological mission starts (waiting for the rocket launch) and when the actual experiment is initialized on a CubeSat board in space microgravity. The results of the tests showed appropriate performance of the lab-on-chip platform, especially in the context of material and technological biocompatibility. Cultured cells were characterized by adequate morphology-high attachment rate and visible signs of proliferation in each of the experimental stage. These results are a good basis for further tests of the lab-on-chip platform in both terrestrial and space conditions. At the end of the manuscript, the authors provide some considerations regarding a potential 3-Unit CubeSat biological mission launched with Virgin Orbit company. The lab-on-chip platform was modelled to fit a 2-Unit autonomous laboratory payload."
6,A5_autonomous,40860982,PMC12376025,10.1063/5.0271073,2025,APL machine learning,research-article; Journal Article,AutoSAS: A new human-aside-the-loop paradigm for automated SAS fitting for high throughput and autonomous experimentation.,"The advancement of artificial-intelligence driven autonomous experiments demands physics-based modeling and decision-making processes, not only to improve the accuracy of the experimental trajectory but also to increase trust by allowing transparent human-machine collaboration. High-quality structural characterization techniques (e.g., x ray, neutron, or static light scattering) are a particularly relevant example of this need: they provide invaluable information but are challenging to analyze without expert oversight. Here, we introduce AutoSAS, a novel framework for human-aside-the-loop automated data classification. AutoSAS leverages human-defined candidate models, high-throughput combinatorial fitting, and information-theoretic model selection to generate both classification results and quantitative structural descriptors. We implement AutoSAS in an open-source package designed for use with the Autonomous Formulation Laboratory for x-ray and neutron scattering-based optimization of multi-component liquid formulations. In a first application, we leveraged a set of expert defined candidate models to classify, refine the structure, and track transformations in a model injectable drug carrier system. We evaluated four model selection methods and benchmarked them against an optimized machine learning classifier, and the best approach was one that balanced quality of the fit and complexity of the model. AutoSAS not only corroborated the critical micelle concentration boundary identified in previous experiments but also discovered a second structural transition boundary not identified by the previous methods. These results demonstrate the potential of AutoSAS to enhance autonomous experimental workflows by providing robust, interpretable model selection, paving the way for more reliable and insightful structural characterization in complex formulations."
7,A5_autonomous,37872620,PMC10594909,10.1186/s40824-023-00430-6,2023,Biomaterials research,research-article; Journal Article,GM-CSF augmented the photothermal immunotherapeutic outcome of self-driving gold nanoparticles against a mouse CT-26 colon tumor model.,"BackgroundHypoxia is a frequent characteristic observed in solid tumors and is strongly associated with tumor metastasis, angiogenesis, and drug resistance. While the vasculature of hypoxic tumor tissues poses obstacles to the efficient administration of conventional drugs, it may prove advantageous in sustaining hyperthermia. Photothermal therapy (PTT) offers a promising treatment strategy that utilizes the activation of photosensitizers to produce heat, thus facilitating the selective ablation of tumor tissues.MethodTo enhance the accumulation of photothermal agents in tumor tissue and improve the effectiveness of PTT, we developed a self-propelled hybrid called Bif@PAu-NPs. This hybrid consists of polydopamine (PDA)-coated gold nanoparticles (Au-NPs) loaded onto the anaerobic Bifidobacterium infantis (Bif).ResultsThe Bif@PAu-NPs actively aggregated at the tumor site because the ability of Bif can target hypoxic regions, and PAu-NPs achieved precise PTT due to their high photothermal conversion efficiency (η = 67.8%). The tumor tissues were ablated by PTT, resulting in the release of antigens through immunogenic cell death (ICD), which stimulates an immune response. The inclusion of GM-CSF enhanced the immune response by recruiting dendritic cells and initiating long-term anti-tumor immunity.ConclusionThe Bif@PAu-NPs hybrid effectively suppressed the growth of both primary tumors and re-challenged tumors. The utilization Bif@PAu-NPs in conjunction with GM-SCF exhibits great potential as a photothermal-immunotherapeutic strategy for precisely treating solid tumors. In this study, the bacterial Bif@PAu-NPs biohybrid is exploited the self-driving ability of anaerobic Bifidobacterium infantis to deliver polydopamine-modified gold nanoparticles to hypoxic region of tumor. Under irradiation with 808 nm NIR laser, the hybrid exerts precise photothermal therapy to stimulate the immune response, which is further enhanced by GM-CSF, leading to recruitment of dendritic cells and initiation of a long-term anti-tumor immunity remember to prevent tumor recurrence."
8,A5_autonomous,38181073,PMC10775998,10.1126/sciadv.adj2448,2024,Science advances,"Research Support, Non-U.S. Gov't; research-article; Journal Article",Active learning of the thermodynamics-dynamics trade-off in protein condensates.,"Phase-separated biomolecular condensates exhibit a wide range of dynamic properties, which depend on the sequences of the constituent proteins and RNAs. However, it is unclear to what extent condensate dynamics can be tuned without also changing the thermodynamic properties that govern phase separation. Using coarse-grained simulations of intrinsically disordered proteins, we show that the dynamics and thermodynamics of homopolymer condensates are strongly correlated, with increased condensate stability being coincident with low mobilities and high viscosities. We then apply an ""active learning"" strategy to identify heteropolymer sequences that break this correlation. This data-driven approach and accompanying analysis reveal how heterogeneous amino acid compositions and nonuniform sequence patterning map to a range of independently tunable dynamic and thermodynamic properties of biomolecular condensates. Our results highlight key molecular determinants governing the physical properties of biomolecular condensates and establish design rules for the development of stimuli-responsive biomaterials."
9,A5_autonomous,37312805,PMC10259616,10.5195/jmla.2023.1529,2023,Journal of the Medical Library Association : JMLA,research-article; Randomized Controlled Trial; Journal Article,Effectiveness of a question formulation rubric with second-year medical students: a randomized controlled trial.,"ObjectiveThe FAC (Focus, Amplify, Compose) rubric for assessing medical students' question formulation skills normally accompanies our Evidence Based Practice (EBP) training. The combined training and assessment rubric have improved student scores significantly. How much does the rubric itself contribute to improved student scores? This study sought to measure student improvement using the rubric either with or without a linked 25-minute training session.MethodsRandomized Controlled Trial. The authors tested the hypothesis that a 25-minute training session combined with use of a rubric would lead to higher scores than a brief explanation of this rubric alone. All 72 participating second-year medical students had a question formulation rubric briefly explained to them following a pre-test. Students in the intervention groups were taught how to formulate EBP questions for 25 minutes using the rubric followed with another 30 minutes of EBP search training. Students in the control group only received the 30 minutes of EBP search training in their small group labs. All 72 students took the post-test in which they formulated a question in response to a clinical vignette. Statistical analysis to test the hypothesis consisted of a two-sample paired t-test to measure between-group differences.DiscussionBoth the intervention and control groups performed significantly better on the post-test for question formulation skills than on the pre-test. When analyzed by extent of individual improvement between pre- and post-tests using a two-sample paired t-test for between group differences, the control group students receiving only a brief explanation of the rubric performed the same statistically (intervention 37.7 versus 37.4 control) as the intervention group students who received the same brief explanation followed by a 25-minute active learning training session. Thus, the results provided no support of the hypothesis that the extra 25-minute training improved post-test scores. The rubric itself contributed similarly to the intervention groups students' improvement as the combined rubric and training for control group students. This finding could potentially save scarce curricular time.Key messagesThe FAC question formulation rubric and training significantly improves medical students' EBP question quality. The FAC rubric coupled with only a 5-minute explanation can be effective. In a crowded medical school curriculum, the rubric and brief explanation might save valued time for other purposes."
10,A5_autonomous,42746533,PMC13576497,10.1039/d5dd00171d,2025,Digital discovery,research-article; Journal Article,Efficient discovery of new medicine formulations using a semi-self-driven robotic formulator.,"We present the discovery of new medicine formulations using a semi-self-driven robotic formulator. Solubilising drugs is a significant challenge in the pharmaceutical industry, with the majority of active molecules in development for therapies being poorly soluble. The discovery of high solubility drug formulations, is a highly complex challenge involving the mixing of drugs with excipients in thousands of potential combinations. We have developed a self-driving laboratory process for the production, assessment, and optimisation of solubility of liquid formulations suitable for injectable medicines, and apply it to the example molecule curcumin. Our system discovered 7 lead formulations with high solubility (>10 mg mL-1) after sampling only 256 out of 7776 potential formulations (∼3%) in only a few days. Beyond presenting an efficient workflow for the optimisation and discovery of new liquid formulations, this work forms the basis for a more generalised optimisation workflow that could be applied to any formulation problem in the future, especially those where no prior information is known."
11,A5_autonomous,36399561,PMC9674283,10.1126/sciadv.abq8545,2022,Science advances,research-article; Journal Article,Multifunctional microrobot with real-time visualization and magnetic resonance imaging for chemoembolization therapy of liver cancer.,"Microrobots that can be precisely guided to target lesions have been studied for in vivo medical applications. However, existing microrobots have challenges in vivo such as biocompatibility, biodegradability, actuation module, and intra- and postoperative imaging. This study reports microrobots visualized with real-time x-ray and magnetic resonance imaging (MRI) that can be magnetically guided to tumor feeding vessels for transcatheter liver chemoembolization in vivo. The microrobots, composed of a hydrogel-enveloped porous structure and magnetic nanoparticles, enable targeted delivery of therapeutic and imaging agents via magnetic guidance from the actuation module under real-time x-ray imaging. In addition, the microrobots can be tracked using MRI as postoperative imaging and then slowly degrade over time. The in vivo validation of microrobot system-mediated chemoembolization was demonstrated in a rat liver with a tumor model. The proposed microrobot provides an advanced medical robotic platform that can overcome the limitations of existing microrobots and current liver chemoembolization."
12,A5_autonomous,31745180,PMC7234925,10.1038/s41370-019-0190-x,2021,Journal of exposure science & environmental epidemiology,"Research Support, Non-U.S. Gov't; research-article; Journal Article; Research Support, N.I.H., Extramural",Exploring the utility of robots in exposure studies.,"Obtaining valid, reliable quantitative exposure data can be a significant challenge for industrial hygienists, exposure scientists, and other health science professionals. In this proof-of-concept study, a robotic platform was programmed to perform a simple task as a plausible alternative to human subjects in exposure studies for generating exposure data. The use of robots offers several advantages over the use of humans. Research can be completed more efficiently and there is no need to recruit, screen, or train volunteers. In addition, robots can perform tasks repeatedly without getting tired allowing for collection of an unlimited number of measurements using different chemicals to assess exposure impacts from formulation changes and new product development. The use of robots also eliminates concerns with intentional human exposures while removing health research ethics review requirements which are time consuming. In this study, a humanoid robot was programmed to paint drywall, while volatile organic compounds were measured in air for comparison to model estimates. The measured air concentrations generally agreed with more advanced exposure model estimates. These findings suggest that robots have potential as a methodology for generating exposure measurements relevant to human activities, but without using human subjects."
13,A5_autonomous,37012610,PMC10288256,10.1002/advs.202301365,2023,"Advanced science (Weinheim, Baden-Wurttemberg, Germany)","Research Support, Non-U.S. Gov't; research-article; Journal Article",Wake-Riding Effect-Inspired Opto-Hydrodynamic Diatombot for Non-Invasive Trapping and Removal of Nano-Biothreats.,"Contamination of nano-biothreats, such as viruses, mycoplasmas, and pathogenic bacteria, is widespread in cell cultures and greatly threatens many cell-based bio-analysis and biomanufacturing. However, non-invasive trapping and removal of such biothreats during cell culturing, particularly many precious cells, is of great challenge. Here, inspired by the wake-riding effect, a biocompatible opto-hydrodynamic diatombot (OHD) based on optical trapping navigated rotational diatom (Phaeodactylum tricornutum Bohlin) for non-invasive trapping and removal of nano-biothreats is reported. Combining the opto-hydrodynamic effect and optical trapping, this rotational OHD enables the trapping of bio-targets down to sub-100 nm. Different nano-biothreats, such as adenoviruses, pathogenic bacteria, and mycoplasmas, are first demonstrated to be effectively trapped and removed by the OHD, without affecting culturing cells including precious cells such as hippocampal neurons. The removal efficiency is greatly enhanced via reconfigurable OHD array construction. Importantly, these OHDs show remarkable antibacterial capability, and further facilitate targeted gene delivery. This OHD serves as a smart micro-robotic platform for effective trapping and active removal of nano-biothreats in bio-microenvironments, and especially for cell culturing of many precious cells, with great promises for benefiting cell-based bio-analysis and biomanufacturing."
14,A5_autonomous,32664218,PMC7402138,10.3390/antiox9070602,2020,"Antioxidants (Basel, Switzerland)",research-article; Journal Article,"Olive Mill Wastewater Polyphenol-Enriched Fractions by Integrated Membrane Process: A Promising Source of Antioxidant, Hypolipidemic and Hypoglycaemic Compounds.","The valorisation of food wastes is a challenging opportunity for the green, sustainable, and competitive development of industry. The recovery of phenols contributes to the sustainability of olive waste sector, reducing its environmental impact and promoting the development of innovative formulations of interest for pharmaceutical, nutraceutical, and cosmeceutical applications. In this work, olive mill wastewater was treated through a combination of microfiltration (MF), nanofiltration (NF), and reverse osmosis (RO) in a sequential design to produce polyphenol-enriched fractions that have been investigated for their chemical profile using ultra-high-performance liquid chromatography (UHPLC), and their potential antioxidant, hypolipidemic, and hypoglycaemic activities. RO retentate exhibited the highest content of hydroxytyrosol, tyrosol, oleuropein, verbascoside, vanillic acid, and luteolin. In particular, a content of hydroxytyrosol of 1522.2 mg/L, about five times higher than the MF feed, was found. RO retentate was the most active extract in all in vitro tests. Interestingly, this fraction showed a 2,2'-azino-bis(3-ethylbenzothiazoline-6-sulfonic) acid (ABTS) radicals scavenging activity with an IC50 value of 6.9 μg/mL and a potential inhibition of lipid peroxidation evaluated by the β-carotene bleaching test with IC50 values of 25.1 μg/mL after 30 min of incubation. Moreover, RO retentate inhibited α-amylase and α-glucosidase with IC50 values of 65.3 and 66.2 μg/mL, respectively."
15,A5_autonomous,40072103,PMC11898886,10.3390/cells14050375,2025,Cells,"research-article; Research Support, U.S. Gov't, Non-P.H.S.; Journal Article; Research Support, N.I.H., Extramural",Few-Layer Graphene-Based Optical Nanobiosensors for the Early-Stage Detection of Ovarian Cancer Using Liquid Biopsy and an Active Learning Strategy.,"Ovarian cancer survival depends strongly on the time of diagnosis. Detection at stage 1 must be the goal of liquid biopsies for ovarian cancer detection. We report the development and validation of graphene-based optical nanobiosensors (G-NBSs) that quantify the activities of a panel of proteases, which were selected to provide a crowd response that is specific for ovarian cancer. These G-NBSs consist of few-layer explosion graphene featuring a hydrophilic coating, which is linked to fluorescently labeled highly selective consensus sequences for the proteases of interest, as well as a fluorescent dye. The panel of G-NBSs showed statistically significant differences in protease activities when comparing localized (early-stage) ovarian cancer with both metastatic (late-stage) and healthy control groups. A hierarchical framework integrated with active learning (AL) as a prediction and analysis tool for early-stage detection of ovarian cancer was implemented, which obtained an overall accuracy score of 94.5%, with both a sensitivity and specificity of 0.94."
16,A5_autonomous,36260553,PMC9581417,10.1371/journal.pone.0275686,2022,PloS one,"Research Support, Non-U.S. Gov't; research-article; Journal Article",Modular robotic platform for precision neurosurgery with a bio-inspired needle: System overview and first in-vivo deployment.,"Over the past 10 years, minimally invasive surgery (MIS) has shown significant benefits compared to conventional surgical techniques, with reduced trauma, shorter hospital stays, and shorter patient recovery times. In neurosurgical MIS procedures, inserting a straight tool (e.g. catheter) is common practice in applications ranging from biopsy and laser ablation, to drug delivery and fluid evacuation. How to handle tissue deformation, target migration and access to deep-seated anatomical structures remain an open challenge, affecting both the preoperative planning phase and eventual surgical intervention. Here, we present the first neurosurgical platform in the literature, able to deliver an implantable steerable needle for a range of diagnostic and therapeutic applications, with a short-term focus on localised drug delivery. This work presents the system's architecture and first in vivo deployment with an optimised surgical workflow designed for pre-clinical trials with the ovine model, which demonstrate appropriate function and safe implantation."
17,A5_autonomous,40498693,PMC12157168,10.1371/journal.pone.0324205,2025,PloS one,research-article; Journal Article,Bayesian optimization and machine learning for vaccine formulation development.,"Developing vaccines with a better stability is an area of improvement to meet the global health needs of preventing infectious diseases. With the advancement of data science and artificial intelligence, innovative approaches have emerged. This manuscript highlights the applications of machine learning through two cases in which Bayesian optimization was used to develop viral vaccine formulations. The two case studies monitored the critical quality attributes of virus A in liquid form by infectious titer loss and virus B in freeze-dried form by glass transition temperature. Stepwise analysis and model optimization demonstrated progressive improvements of model quality and prediction accuracy. The cross-validation matrices of the models' predictions showed high R² and low root mean square errors, indicating their reliability. The prediction accuracy of models was further validated by using test datasets. Model analysis using prediction error plot, Shapeley Additive exPlanations, permutation importance, etc. can provide additional insights into relations between model and experimental design, the influence of features of interest, and non-linear responses. Overall, Bayesian optimization is a useful complementary tool in formulation development that can help scientists make effective data-driven decisions."
18,A5_autonomous,38844551,PMC11156991,10.1038/s41598-024-62450-z,2024,Scientific reports,research-article; Journal Article,A novel interpretable machine learning model approach for the prediction of TiO2 photocatalytic degradation of air contaminants.,"Air contaminants lead to various environmental and health issues. Titanium dioxide (TiO2) features the benefits of autogenous photocatalytic degradation of air contaminants. To evaluate its performance, laboratory experiments are commonly used to determine the kinetics of the photocatalytic-degradation rate, which is labor intensive, time-consuming, and costly. In this study, Machine Learning (ML) models were developed to predict the photo-degradation rate constants of air-borne organic contaminants with TiO2 nanoparticles and ultraviolet irradiation. The hyperparameters of the ML models were optimized, which included Artificial Neural Network (ANN) with Bayesian optimization, gradient booster regressor (GBR) with Bayesian optimization, Extreme Gradient Boosting (XGBoost) with optimization using Hyperopt, and Catboost combined with Adaboost. The organic contaminant was encoded through Molecular fingerprints (MF). Imputation method was applied to deal with the missing data. A generative ML model Vanilla Gan was utilized to create synthetic data to further augment the size of available dataset and the SHapley Additive exPlanations (SHAP) was employed for ML model interpretability. The results indicated that data imputation allowed for the full utilization of the limited dataset, leading to good machine learning prediction performance and preventing common overfitting problems with small-sized data. Additionally, augmenting experimental data with synthetic data significantly improved prediction accuracy and considerably reduced overfitting issues. The results ranked the feature importance and assessed the impacts of different experimental variables on the rate of photo-degradation, which were consistent with physico-chemical laws."
19,A5_autonomous,40864782,PMC12385062,10.3390/cimb47080628,2025,Current issues in molecular biology,research-article; Journal Article,MvAl-MFP: A Multi-Label Classification Method on the Functions of Peptides with Multi-View Active Learning.,"The rapid expansion of peptide libraries and the increasing functional diversity of peptides have highlighted the significance of predicting the multifunctional properties of peptides in bioinformatics research. Although supervised learning methods have made advancements, they typically necessitate substantial amounts of labeled data for yielding accurate prediction. This study presents MvAl-MFP, a multi-label active learning approach that incorporates multiple feature views of peptides. This method takes advantage of the natural properties of multi-view representation for amino acid sequences, meets the requirement of the query-by-committee (QBC) active learning paradigm, and further significantly diminishes the requirement for labeled samples while training high-performing models. First, MvAl-MFP generates nine distinct feature views for a few labeled peptide amino acid sequences by considering various peptide characteristics, including amino acid composition, physicochemical properties, evolutionary information, etc. Then, on each independent view, a multi-label classifier is trained based on the labeled samples. Next, a QBC strategy based on the average entropy of predictions across all trained classifiers is adopted to select a specific number of most valuable unlabeled samples to submit them to human experts for labeling by wet-lab experiments. Finally, the aforementioned procedure is iteratively conducted with a constantly expanding labeled set and updating classifiers until it meets the default stopping criterion. The experiments are conducted on a dataset of multifunctional therapeutic peptides annotated with eight functional labels, including anti-bacterial properties, anti-inflammatory properties, anti-cancer properties, etc. The results clearly demonstrate the superiority of the proposed MvAl-MFP method, as it can rapidly improve prediction performance while only labeling a small number of samples. It provides an effective tool for more precise multifunctional peptide prediction while lowering the cost of wet-lab experiments."
20,A5_autonomous,39323746,PMC11422183,10.1093/rb/rbae109,2024,Regenerative biomaterials,research-article; Journal Article,Integrating machine learning for the optimization of polyacrylamide/alginate hydrogel.,"Hydrogels are highly promising due to their soft texture and excellent biocompatibility. However, the designation and optimization of hydrogels involve numerous experimental parameters, posing challenges in achieving rapid optimization through conventional experimental methods. In this study, we leverage machine learning algorithms to optimize a dual-network hydrogel based on a blend of acrylamide (AM) and alginate, targeting applications in flexible electronics. By treating the concentrations of components as experimental parameters and utilizing five material properties as evaluation criteria, we conduct a comprehensive property assessment of the material using a linear weighting method. Subsequently, we design a series of experimental plans using the Bayesian optimization algorithm and validate them experimentally. Through iterative refinement, we optimize the experimental parameters, resulting in a hydrogel with superior overall properties, including heightened strain sensitivity and flexibility. Leveraging the available experimental data, we employ a classification algorithm to separate the cutoff data. The feature importance identified by the classification model highlights the pronounced impact of AM, ammonium persulfate, and N,N-methylene on the classification outcomes. Additionally, we develop a regression model and demonstrate its utility in predicting and analyzing the relationship between experimental parameters and hydrogel properties through experimental validation."
21,A5_autonomous,39468626,PMC11520512,10.1186/s13321-024-00911-3,2024,Journal of cheminformatics,research-article; Journal Article,Towards the prediction of drug solubility in binary solvent mixtures at various temperatures using machine learning.,"Drug solubility is an important parameter in the drug development process, yet it is often tedious and challenging to measure, especially for expensive drugs or those available in small quantities. To alleviate these challenges, machine learning (ML) has been applied to predict drug solubility as an alternative approach. However, the majority of existing ML research has focused on the predictions of aqueous solubility and/or solubility at specific temperatures, which restricts the model applicability in pharmaceutical development. To bridge this gap, we compiled a dataset of 27,000 solubility datapoints, including solubility of small molecules measured in a range of binary solvent mixtures under various temperatures. Next, a panel of ML models were trained on this dataset with their hyperparameters tuned using Bayesian optimization. The resulting top-performing models, both gradient boosted decision trees (light gradient boosting machine and extreme gradient boosting), achieved mean absolute errors (MAE) of 0.33 for LogS (S in g/100 g) on the holdout set. These models were further validated through a prospective study, wherein the solubility of four drug molecules were predicted by the models and then validated with in-house solubility experiments. This prospective study demonstrated that the models accurately predicted the solubility of solutes in specific binary solvent mixtures under different temperatures, especially for drugs whose features closely align within the solutes in the dataset (MAE < 0.5 for LogS). To support future research and facilitate advancements in the field, we have made the dataset and code openly available. Scientific contribution Our research advances the state-of-the-art in predicting solubility for small molecules by leveraging ML and a uniquely comprehensive dataset. Unlike existing ML studies that predominantly focus on solubility in aqueous solvents at fixed temperatures, our work enables prediction of drug solubility in a variety of binary solvent mixtures over a broad temperature range, providing practical insights on the modeling of solubility for realistic pharmaceutical applications. These advancements along with the open access dataset and code support significant steps in the drug development process including new molecule discovery, drug analysis and formulation."
22,A5_autonomous,37520284,PMC10371800,10.1016/j.csbj.2023.07.003,2023,Computational and structural biotechnology journal,research-article; Journal Article,Towards advanced bioprocess optimization: A multiscale modelling approach.,"Mammalian cells produce up to 80 % of the commercially available therapeutic proteins, with Chinese Hamster Ovary (CHO) cells being the primary production host. Manufacturing involves a train of reactors, the last of which is typically run in fed-batch mode, where cells grow and produce the required protein. The feeding strategy is decided a priori, from either past operations or the design of experiments and rarely considers the current state of the process. This work proposes a Model Predictive Control (MPC) formulation based on a hybrid kinetic-stoichiometric reactor model to provide optimal feeding policies in real-time, which is agnostic to the culture, hence transferable across CHO cell culture systems. The benefits of the proposed controller formulation are demonstrated through a comparison between an open-loop simulation and closed-loop optimization, using a digital twin as an emulator of the process."
23,A5_autonomous,40891577,PMC12641341,10.1002/smtd.202500984,2025,Small methods,research-article; Journal Article,Autonomous Bayesian Optimization-Based Control System for Droplet Generation.,"Droplet generation has been utilized in various applications, including drug delivery, the fabrication of functional particles, and material synthesis. Achieving the goals of these applications requires droplet generation of a desired size. Microfluidic droplet generation offers precise control of droplet dimensions. However, the flow rates of the droplet and medium phases depend on the channel configuration and properties of the working fluids, and their optimization is a labor-intensive and time-consuming process. To overcome these limitations, an autonomous Bayesian optimization (BO)-based control system for droplet generation (ABCD) is developed. In ABCD, BO is employed to inform decision-making and refine the experimental conditions. Additionally, computer vision techniques, including image processing and convolutional neural networks, are utilized to analyze the experimental results and provide a dataset for use in decision-making. The ABCD identified the optimal flow rates to achieve desired droplet sizes and generation frequencies via precise and efficient searches, regardless of the droplet generation target, working fluids, channel geometry, and droplet morphology, within 15 iterations on average. It is anticipated that this system will contribute to the acceleration of research utilizing droplet-based microfluidic systems while also extending microfluidic process automation in various industrial applications."
24,A5_autonomous,36757024,PMC9979601,10.1021/acs.jctc.2c00731,2023,Journal of chemical theory and computation,research-article; Journal Article,Gaussian Process Regression Models for Predicting Atomic Energies and Multipole Moments.,"Developing a force field is a difficult task because its design is typically pulled in opposite directions by speed and accuracy. FFLUX breaks this trend by utilizing Gaussian process regression (GPR) to predict, at ab initio accuracy, atomic energies and multipole moments as obtained from the quantum theory of atoms in molecules (QTAIM). This work demonstrates that the in-house FFLUX training pipeline can generate successful GPR models for six representative molecules: peptide-capped glycine and alanine, glucose, paracetamol, aspirin, and ibuprofen. The molecules were sufficiently distorted to represent configurations from an AMBER-GAFF2 molecular dynamics run. All internal degrees of freedom were covered corresponding to 93 dimensions in the case of the largest molecule ibuprofen (33 atoms). Benefiting from active learning, the GPR models contain only about 2000 training points and return largely sub-kcal mol-1 prediction errors for the validation sets. A proof of concept has been reached for transferring the model produced through active learning on one atomic property to that of the remaining atomic properties. The prediction of electrostatic interaction can be assessed at the intermolecular level, and the vast majority of interactions have a root-mean-square error of less than 0.1 kJ mol-1 with a maximum value of ∼1 kJ mol-1 for a glycine and paracetamol dimer."
25,A5_autonomous,40469320,PMC12134885,10.25259/sni_841_2024,2025,Surgical neurology international,research-article; Journal Article,Novel untethered micro-robotic platform developed for minimally invasive ultra-selective microsurgical procedures and targeted drug delivery: Preliminary characterization of tissue response to intraparenchymal navigation in ovine brain.,"BackgroundTo expand surgical options for safe, minimally invasive microsurgical procedures or targeted delivery of diverse therapeutics, a novel untethered micro-robotic platform is presented. This technology enables precision travel to predetermined central nervous system (CNS) parenchymal and complex cerebrospinal fluid pathway targets.MethodsUtilizing an in vivo ovine model, gross pathological and microscopic histopathological brain tissue reactions to the navigation of this micro-robot were compared to inserting standard neurosurgical catheters, routed from an occipital burr hole to the frontal lobe and then returning. Descriptions of the evolving tissue responses were documented at 24 h, 2, 12, and 26 weeks following the procedures.ResultsNo deaths or surgical complications occurred in either group. No neurological or behavioral differences were identified between the groups. No significant differences in gross or microscopic tissue pathology were identified when comparing the channels created by the micro-robot to the catheter control group.ConclusionThese findings support the equivalence of tissue responses to this micro-robot navigation compared to catheter insertion as a preliminary surrogate for addressing the safety and accuracy of this novel platform. This platform may set a new standard for safe, anatomically precise, and minimally invasive therapeutic procedures. The described approach offers untethered navigation, capable of traversing CNS tissues in controlled, complex, curvilinear trajectories. Preliminary results utilizing this micro-robotic capacity to deliver diverse therapeutic payloads are discussed. Novel applications designed to address CNS pathologies, including neurodegenerative diseases, epilepsy, neuro-oncology, and functional and microsurgical procedures, are proposed."
26,A5_autonomous,39203410,PMC11356527,10.3390/microorganisms12081568,2024,Microorganisms,research-article; Journal Article,Design of Fragrance Formulations with Antiviral Activity Using Bayesian Optimization.,"In case of future viral threats, including the proposed Disease X that has been discussed since the emergence of the COVID-19 pandemic in March 2020, our research has focused on the development of antiviral strategies using fragrance compounds with known antiviral activity. Despite the recognized antiviral properties of mixtures of certain fragrance compounds, there has been a lack of a systematic approach to optimize these mixtures. Confronted with the significant combinatorial challenge and the complexity of the compound formulation space, we employed Bayesian optimization, guided by Gaussian Process Regression (GPR), to systematically explore and identify formulations with demonstrable antiviral efficacy. This approach required the transformation of the characteristics of formulations into quantifiable feature values using molecular descriptors, subsequently modeling these data to predict and propose formulations with likely antiviral efficacy enhancements. The predicted formulations underwent experimental testing, resulting in the identification of combinations capable of inactivating 99.99% of viruses, including a notably efficacious formulation of five distinct fragrance types. This model demonstrates high predictive accuracy (coefficient determination Rcv2 > 0.7) and suggests a new frontier in antiviral strategy development. Our findings indicate the powerful potential of computational modeling to surpass human analytical capabilities in the pursuit of complex, fragrance-based antiviral formulations."
27,A5_autonomous,39759971,PMC11696778,10.1016/j.jpha.2024.100996,2024,Journal of pharmaceutical analysis,research-article; Journal Article,Machine learning-driven optimization of mRNA-lipid nanoparticle vaccine quality with XGBoost/Bayesian method and ensemble model approaches.,"To enhance the efficiency of vaccine manufacturing, this study focuses on optimizing the microfluidic conditions and lipid mix ratios of messenger RNA-lipid nanoparticles (mRNA-LNP). Different mRNA-LNP formulations (n = 24) were developed using an I-optimal design, where machine learning tools (XGBoost/Bayesian optimization and self-validated ensemble (SVEM)) were used to optimize the process and predict lipid mix ratio. The investigation included material attributes, their respective ratios, and process attributes. The critical responses like particle size (PS), polydispersity index (PDI), Zeta potential, pKa, heat trend cycle, encapsulation efficiency (EE), recovery ratio, and encapsulated mRNA were evaluated. Overall prediction of SVEM (>97%) was comparably better than that of XGBoost/Bayesian optimization (>94%). Moreover, in actual experimental outcomes, SVEM prediction is close to the actual data as confirmed by the experimental PS (94-96 nm) is close to the predicted one (95-97 nm). The other parameters including PDI and EE were also close to the actual experimental data."
28,A5_autonomous,41080894,PMC12511971,10.1021/acspolymersau.5c00071,2025,ACS polymers Au,research-article; Journal Article,Exploiting Machine Learning and Automated Synthesis in Continuous Flow for Process Optimization of the Organocatalyzed Ring-Opening Polymerization of l‑Lactide.,"The ring-opening polymerization (ROP) of lactide is a well-established route for the synthesis of polylactide (PLA), a degradable and biobased polymer with applications in biomedical materials, packaging, and additive manufacturing. However, optimizing reaction conditions for efficient PLA synthesis remains challenging, with its production currently dwarfed by traditional petrochemical derived commodity polymers. In this work, we employ a continuous flow reactor to systematically explore a reaction space defined by catalyst concentration, residence time, and initiator concentration for the organocatalyzed ROP of l-lactide performed at room temperature, using 1,8-diaza-bicyclo​[5.4.0]​undec-7-ene (DBU) as catalyst, benzyl alcohol as initiator and dichloromethane as solvent. Through high-throughput experimentation coupled with online characterization, a robust data set was generated and processed with a Kernel-Based Regularized Least Squares (KRLS) model to capture system kinetics and the dependencies between initial conditions and polymer characteristics. Multiobjective Pareto optimization was subsequently used to identify conditions that maximize polymer production rate, and these conditions were experimentally validated to confirm the model accurately predicts optimal reaction conditions. Pareto-optimized parameters yield a high conversion and well-controlled PLA with low dispersities. This study highlights the advantages of continuous flow polymerization for precise control over reaction kinetics and demonstrates the potential of machine-learning-assisted optimization for efficient and scalable PLA-based materials' exploration."
29,A5_autonomous,34568678,PMC8459422,10.1021/acsomega.1c03132,2021,ACS omega,research-article; Journal Article,Active Semisupervised Model for Improving the Identification of Anticancer Peptides.,"Cancer is one of the most dangerous threats to human health. Accurate identification of anticancer peptides (ACPs) is valuable for the development and design of new anticancer agents. However, most machine-learning algorithms have limited ability to identify ACPs, and their accuracy is sensitive to the amount of label data. In this paper, we construct a new technology that combines active learning (AL) and label propagation (LP) algorithm to solve this problem, called (ACP-ALPM). First, we develop an efficient feature representation method based on various descriptor information and coding information of the peptide sequence. Then, an AL strategy is used to filter out the most informative data for model training, and a more powerful LP classifier is cast through continuous iterations. Finally, we evaluate the performance of ACP-ALPM and compare it with that of some of the state-of-the-art and classic methods; experimental results show that our method is significantly superior to them. In addition, through the experimental comparison of random selection and AL on three public data sets, it is proved that the AL strategy is more effective. Notably, a visualization experiment further verified that AL can utilize unlabeled data to improve the performance of the model. We hope that our method can be extended to other types of peptides and provide more inspiration for other similar work."
30,A5_autonomous,40740490,PMC12308009,10.1016/j.isci.2025.112944,2025,iScience,research-article; Journal Article,Integration of Bayesian optimization and solution thermodynamics to optimize media design for mammalian biomanufacturing.,"Rapid, cost-effective biomanufacturing of products like therapeutics, materials, and lab-grown foods depends on optimizing cell culture media, a complex and expensive task due to the combination of components and processing variables. This is especially important for therapeutic production using mammalian systems like Chinese Hamster Ovary (CHO) cells, where long development timelines contribute to high drug costs. Using Bayesian optimization (BO), adapted for bioprocess applications, our method supports multiple parallel experiments and incorporates thermodynamics-based constraints on media solubility to ensure feasible medium formulations. The approach is validated both in-silico and in experimental bioreactor settings, showing improved product titers compared to classical design of experiments (DOE) methods. This work bridges machine learning and physical modeling to create a more data-efficient process optimization strategy. The integration of this method into biomanufacturing pipelines together with robotics-assisted bioreactors paves the way for automated bioprocess optimization and more rapidly available and affordable biotherapeutics."
31,A5_autonomous,37110754,PMC10142408,10.3390/molecules28083521,2023,"Molecules (Basel, Switzerland)",research-article; Journal Article,Synergy of Small Antiviral Molecules on a Black-Phosphorus Nanocarrier: Machine Learning and Quantum Chemical Simulation Insights.,"Favipiravir (FP) and Ebselen (EB) belong to a broad range of antiviral drugs that have shown active potential as medications against many viruses. Employing molecular dynamics simulations and machine learning (ML) combined with van der Waals density functional theory, we have uncovered the binding characteristics of these two antiviral drugs on a phosphorene nanocarrier. Herein, by using four different machine learning models (i.e., Bagged Trees, Gaussian Process Regression (GPR), Support Vector Regression (SVR), and Regression Trees (RT)), the Hamiltonian and the interaction energy of antiviral molecules in a phosphorene monolayer are trained in an appropriate way. However, training efficient and accurate models for approximating the density functional theory (DFT) is the final step in using ML to aid in the design of new drugs. To improve the prediction accuracy, the Bayesian optimization approach has been employed to optimize the GPR, SVR, RT, and BT models. Results revealed that the GPR model obtained superior prediction performance with an R2 of 0.9649, indicating that it can explain 96.49% of the data's variability. Then, by means of DFT calculations, we examine the interaction characteristics and thermodynamic properties in a vacuum and a continuum solvent interface. These results illustrate that the hybrid drug is an enabled, functionalized 2D complex with vigorous thermostability. The change in Gibbs free energy at different surface charges and temperatures implies that the FP and EB molecules are allowed to adsorb from the gas phase onto the 2D monolayer at different pH conditions and high temperatures. The results reveal a valuable antiviral drug therapy loaded by 2D biomaterials that may possibly open a new way of auto-treating different diseases, such as SARS-CoV, in primary terms."
32,A5_autonomous,40473909,PMC12391189,10.1007/s10439-025-03752-9,2025,Annals of biomedical engineering,Comparative Study; research-article; Journal Article,Enhancing Bone Scaffold Fabrication: A Comparative Study of Manual Casting and Automated 3D Bioprinting.,"While fabrication of bone scaffolds is important for the development of tissue engineering, traditional techniques have typically been prone to either scaling or reproducibility issues. This paper highlights a strategy for automated 3D printing and bioprinting techniques that enhance precision and efficiency in the production of PLGA-HA scaffolds. We realized significant improvements in efficiency, reproducibility, and scalability through optimization of 3D printing parameters, improvement of material handling, and refinement of the fabrication process. Precise measurement consequently minimized material waste; the introduction of a mesh filter allowed for high-throughput experimentation without compromising the integrity of individual scaffolds, streamlining the workflow. Combining automated casting with state-of-the-art 3D bioprinting, our experimental methodology precisely applied the bioactive materials, reducing the processing time fivefold and enhancing precision. Besides, automated casting produced thicker, better-quality scaffolds averaging 0.02354 g, which is against 0.01169 g using the manual approach, effectively doubling the retention of the PLGA-HA coating on a PVA mold. Excellent cell viability and adhesion on automated scaffolds have been further underlined for application in tissue engineering during in vitro studies using multipotent mesenchymal stromal cells. Although conventional techniques, such as injection molding, are standard for large lots, 3D printing has advantages in scaffold fabrication regarding control over geometry and homogeneous material properties. Equally important, these characteristics are necessary to achieve repeatable and up-scaled experimental results."
33,A5_autonomous,33767382,PMC8197729,10.1038/s41565-021-00870-y,2021,Nature nanotechnology,"Research Support, Non-U.S. Gov't; research-article; Journal Article; Research Support, N.I.H., Extramural",Computationally guided high-throughput design of self-assembling drug nanoparticles.,"Nanoformulations of therapeutic drugs are transforming our ability to effectively deliver and treat a myriad of conditions. Often, however, they are complex to produce and exhibit low drug loading, except for nanoparticles formed via co-assembly of drugs and small molecular dyes, which display drug-loading capacities of up to 95%. There is currently no understanding of which of the millions of small-molecule combinations can result in the formation of these nanoparticles. Here we report the integration of machine learning with high-throughput experimentation to enable the rapid and large-scale identification of such nanoformulations. We identified 100 self-assembling drug nanoparticles from 2.1 million pairings, each including one of 788 candidate drugs and one of 2,686 approved excipients. We further characterized two nanoparticles, sorafenib-glycyrrhizin and terbinafine-taurocholic acid both ex vivo and in vivo. We anticipate that our platform can accelerate the development of safer and more efficacious nanoformulations with high drug-loading capacities for a wide range of therapeutics."
34,A5_autonomous,33214593,PMC7678830,10.1038/s41598-020-77057-3,2020,Scientific reports,"Research Support, Non-U.S. Gov't; research-article; Randomized Controlled Trial; Journal Article",Efficacy of P11-4 for the treatment of initial buccal caries: a randomized clinical trial.,"To investigate the safety and efficacy of Self-Assembling Peptide P11-4 (SAP P11-4) compared to placebo or fluoride varnish (FV), a randomized, controlled, blinded, split-mouth study with sequential design was conducted. Subjects presenting two teeth with White-Spot-Lesions (WSLs) were included and teeth were randomly assigned to test or control. Control received placebo at baseline (D0) and test SAP P11-4, all received FV at Day 90 (D90). Standardized photographs were taken at each visit, and WSL size changes were morphometrically assessed. Hierarchical Linear Modelling, considering paired and sequential design, was used to test four hypotheses. SAP P11-4 lesions (test, D90-D0) showed significant WSL size reduction compared to placebo (control, D90-D0; p = 0.008) or FV (control, D180-D90; p = 0.001). Combination of SAP P11-4 and delayed FV after 90 days (test, D180-D0), showed a significant difference compared to FV alone (control D270-D90; p = 0.003). No significant difference on FV efficacy was found when SAP P11-4 was applied 3 months before FV (test D270-D90; control D270-D90, p = 0.70). SAP P11-4 treatment resulted in superior caries regression compared to either placebo or FV, and FV efficacy seems not to be affected by SAP P11-4. SAP P11-4 was found to be a safe and effective WSL treatment."
35,A5_autonomous,32581233,PMC7314858,10.1038/s41598-020-67012-7,2020,Scientific reports,"Research Support, Non-U.S. Gov't; research-article; Journal Article",Hydrogel-based milliwell arrays for standardized and scalable retinal organoid cultures.,"The development of improved methods to culture retinal organoids is relevant for the investigation of mechanisms of retinal development under pathophysiological conditions, for screening of neuroprotective compounds, and for providing a cellular source for clinical transplantation. We report a tissue-engineering approach to accelerate and standardize the production of retinal organoids by culturing mouse embryonic stem cells (mESC) in optimal physico-chemical microenvironments. Arrayed round-bottom milliwells composed of biomimetic hydrogels, combined with an optimized medium formulation, promoted the rapid generation of retina-like tissue from mESC aggregates in a highly efficient and stereotypical manner: ∼93% of the aggregates contained retinal organoid structures. 26 day-old retinal organoids were composed of ∼80% of photoreceptors, of which ∼22% are GNAT2-positive cones, an important and rare sensory cell type that is difficult to study in rodent models. The compartmentalization of retinal organoids into predefined locations on a two-dimensional array not only allowed us to derive almost all aggregates into retinal organoids, but also to reliably capture the dynamics of individual organoids, an advantageous requirement for high-throughput experimentation. Our improved retinal organoid culture system should be useful for applications that require scalability and single-organoid traceability."
36,A5_autonomous,40750635,PMC12316898,10.1038/s41598-025-13028-w,2025,Scientific reports,research-article; Journal Article,Advanced hybrid intelligence evaluation of nanomedicine delivery to various organs using machine learning and adaptive tree structured Parzen estimator.,"We have examined the efficiency of drug delivery for targeted therapy by theoretical models. Machine learning strategy was tested to analyze the drug delivery of nanomedicines to the desired sites for efficient treatment. The inputs to the models are properties of nanoparticles, tumor model, cancer type, administration dose of drug, while the outputs are delivery efficiency of drug in various organs. The ML models employed include Elastic Net Regression (EN), K-Nearest Neighbors (KNN), Polynomial Regression (PR), and an ensemble method using Boosting to leverage the strengths of these individual models. The dataset includes both categorical and numerical variables related to nanoparticle properties and their distribution across organs like the tumor, spleen, heart, liver, lung, and kidney. Hyperparameter optimization was enhanced using the Adaptive Tree-Structured Parzen Estimator (ATPE), which improves upon traditional Bayesian optimization methods. The results demonstrated that the AdaBoost KNN model consistently outperformed other models in predicting nanoparticle biodistribution, with high R² values and low RMSE across multiple organ targets, thus proving effective in capturing complex input-output relationships. This approach offers a robust framework for advancing predictive modeling in biomedical applications involving nanoparticles."
37,A5_autonomous,37237631,PMC10215654,10.3390/bioengineering10050560,2023,"Bioengineering (Basel, Switzerland)",research-article; Journal Article,Analysis of the Robotic-Based In Situ Bioprinting Workflow for the Regeneration of Damaged Tissues through a Case Study.,"This study aims to critically analyse the workflow of the in situ bioprinting procedure, presenting a simulated neurosurgical case study, based on a real traumatic event, for collecting quantitative data in support of this innovative approach. After a traumatic event involving the head, bone fragments may have to be removed and a replacement implant placed through a highly demanding surgical procedure in terms of surgeon dexterity. A promising alternative to the current surgical technique is the use of a robotic arm to deposit the biomaterials directly onto the damaged site of the patient following a planned curved surface, which can be designed pre-operatively. Here we achieved an accurate planning-patient registration through pre-operative fiducial markers positioned around the surgical area, reconstructed starting from computed tomography images. Exploiting the availability of multiple degrees of freedom for the regeneration of complex and also overhanging parts typical of anatomical defects, in this work the robotic platform IMAGObot was used to regenerate a cranial defect on a patient-specific phantom. The in situ bioprinting process was then successfully performed showing the great potential of this innovative technology in the field of cranial surgery. In particular, the accuracy of the deposition process was quantified, as well as the duration of the whole procedure was compared to a standard surgical practice. Further investigations include a biological characterisation over time of the printed construct as well as an in vitro and in vivo analysis of the proposed approach, to better analyse the biomaterial performances in terms of osteo-integration with the native tissue."
38,A5_autonomous,35198969,PMC8859322,10.3389/frai.2022.737363,2022,Frontiers in artificial intelligence,research-article; Journal Article,Deep Active Learning via Open-Set Recognition.,"In many applications, data is easy to acquire but expensive and time-consuming to label, prominent examples include medical imaging and NLP. This disparity has only grown in recent years as our ability to collect data improves. Under these constraints, it makes sense to select only the most informative instances from the unlabeled pool and request an oracle (e.g., a human expert) to provide labels for those samples. The goal of active learning is to infer the informativeness of unlabeled samples so as to minimize the number of requests to the oracle. Here, we formulate active learning as an open-set recognition problem. In this paradigm, only some of the inputs belong to known classes; the classifier must identify the rest as unknown. More specifically, we leverage variational neural networks (VNNs), which produce high-confidence (i.e., low-entropy) predictions only for inputs that closely resemble the training data. We use the inverse of this confidence measure to select the samples that the oracle should label. Intuitively, unlabeled samples that the VNN is uncertain about contain features that the network has not been exposed to; thus they are more informative for future training. We carried out an extensive evaluation of our novel, probabilistic formulation of active learning, achieving state-of-the-art results on MNIST, CIFAR-10, CIFAR-100, and FashionMNIST. Additionally, unlike current active learning methods, our algorithm can learn even in the presence of out-of-distribution outliers. As our experiments show, when the unlabeled pool consists of a mixture of samples from multiple datasets, our approach can automatically distinguish between samples from seen vs. unseen datasets. Overall, our results show that high-quality uncertainty measures are key for pool-based active learning."
39,A5_autonomous,38811464,PMC11615115,10.1007/s13346-024-01603-z,2025,Drug delivery and translational research,"Research Support, Non-U.S. Gov't; research-article; Journal Article",Engineering mannose-functionalized nanostructured lipid carriers by sequential design using hybrid artificial intelligence tools.,"Nanostructured lipid carriers (NLCs) hold significant promise as drug delivery systems (DDS) owing to their small size and efficient drug-loading capabilities. Surface functionalization of NLCs can facilitate interaction with specific cell receptors, enabling targeted cell delivery. Mannosylation has emerged as a valuable tool for increasing the ability of nanoparticles to be recognized and internalized by macrophages. Nevertheless, the design and development of functionalized NLC is a complex task that entails the optimization of numerous variables and steps, making the process challenging and time-consuming. Moreover, no previous studies have been focused on evaluating the functionalization efficiency. In this work, hybrid Artificial Intelligence technologies are used to help in the design of mannosylated drug loaded NLCs. Artificial neural networks combined with fuzzy logic or genetic algorithms were employed to understand the particle formation processes and optimize the combinations of variables for the different steps in the functionalization process. Mannose was chemically modified to allow, for the first time, functionalization efficiency quantification and optimization. The proposed sequential methodology has enabled the design of a robust procedure for obtaining stable mannosylated NLCs with a uniform particle size distribution, small particle size ( 20mV). The incorporation of mannose on the surfaces of these DDS following the established protocols achieved > 85% of functionalization efficiency. This high effectiveness should enhance NLC recognition and internalization by macrophages, thereby facilitating the treatment of chronic inflammatory diseases."
40,A5_autonomous,32230908,PMC7231021,10.3390/mi11040350,2020,Micromachines,research-article; Journal Article,Nanoparticles Enhanced Self-driven Microfludic Biosensor.,C-reactive protein (CRP) plays an important role in inflammation detection and disease monitoring. The optical biosensor is a highly sensitive and easy detection tool. The microfluidic self-driving optical sensors were fabricated with transparent glass material and used for the enhanced surface plasmon resonance (SPR) optical detection of the model protein CRP using Au nanoparticles (AuNPs) and a sandwich immune reaction. The 3D design of the chip was devised to improve the optical coupling efficiency and enable integration with a microfluidic control and rapid detection. The array of pre-fixed antibody modified by Au nanoparticles was used to achieve rapid antigen capture and improve the optical sensitivity. The Au nanoparticle amplification approach was introduced for the SPR detection of a target protein. CRP was used as a model target protein as part of a sandwich assay. The use of Au NP measurements to detect the target signal is a threefold improvement compared to single SPR detection methods.
41,A5_autonomous,40831250,PMC12622557,10.1002/advs.202508702,2025,"Advanced science (Weinheim, Baden-Wurttemberg, Germany)",research-article; Journal Article,Active Learning-Assisted Exploration of [PO40Mo12]3- for Alzheimer's Therapy Insights.,"Alzheimer's disease (AD), involving amyloid-β (Aβ) aggregation, has potential therapeutic modulators in polyoxometalates (POMs) like [PMo12O40]3-. To clarify their inhibitory mechanisms, a multiscale computational strategy integrating active-learning Bayesian Optimization (BO) and density functional theory (DFT) is employed to explore low-energy configurations of isolated amino acids, [PMo12O40]3 --amino acid complexes, and [PMo12O40]3 --peptide systems. Hydrogen bonding and Coulombic repulsion dominate adsorption stability. Crucially, oxygen atoms in the [PMo12O40]3 - cluster form multiple weak interactions (e.g., van der Waals, hydrophobic) with alkyl side-chain hydrogens in Aβ peptides. The synergistic effect of these weak interactions induces robust binding between the POM and peptide chains, stabilizing a tightly bound complex that sterically hinders Aβ self-assembly. Notably, simulations predict that the cluster preferentially targets hydrophobic amino acids with alkyl chains (valine, lysine, leucine, isoleucine) located in Aβ regions critical for aggregation-specifically, namely Aβ12, Aβ16-18, Aβ24, Aβ28, Aβ31-32, Aβ34-36, and Aβ39-41. These insights highlight the role of multivalent weak interactions in POM-mediated inhibition and identify key interfacial residues for therapeutic targeting."
42,A5_autonomous,41209080,PMC12590431,10.1016/j.ijpx.2025.100420,2025,International journal of pharmaceutics: X,research-article; Journal Article,Targeted probiotic tabletting: A hybrid active learning and finite element modelling approach for process optimisation.,"Tablets are an efficient dosage form for delivering probiotics. Prior studies have identified compression pressure, compression speed, and precompression pressure as critical process parameters determining probiotic survival during tabletting. However, due to the labour-intensive and time-consuming nature of experimental investigations, most previous studies focused on evaluating the impact of individual parameters in isolation. Consequently, the rapid and systematic identification of optimal process parameters to maximise probiotic survival remains a significant and unresolved challenge in pharmaceutical formulation research. To address this gap, an integrated approach combining active learning (AL) based Gaussian process regression (GPR) with finite element (FE) modelling was developed to systematically explore the compaction parameter space and identify optimal process conditions. All data utilised in AL were generated using an FE model that was specifically developed to predict viability of probiotics during tabletting. Remarkably, the integrated approach achieved high prediction performance after only 78 iterations, demonstrating a coefficient of determination (R2) of 0.96 across the entire design space for predicting probiotic survival rate during tabletting. Using the well-trained model, a global random sampling strategy combined with threshold filtering was employed to identify regions of the design space likely to yield near-optimal survival rates. Furthermore, the exploration of compression speed and precompression pressure at selected fixed main compression pressures enabled the generation of survival rate maps, providing insights into the interplay between probiotic survival rate and tablet mechanical performance. This study demonstrated the potential of hybrid data-driven and first-principles modelling approaches as a robust strategy for optimising probiotic tabletting processes and accelerating pharmaceutical development."
43,A5_autonomous,40078899,PMC11896811,10.1002/hsr2.70562,2025,Health science reports,research-article; Journal Article,Project-Based Approach as Methodology to Improve Academic Performance of Medical School Students Within the Research Line Teaching Course: A Quasi-Experimental Study.,"Background and aimsTraditional teaching methods in medical education often fail to engage students or foster critical research skills required for evidence-based medicine. Project-based learning (PBL) is widely recognized for promoting active learning and improving academic performance, although its application in research-focused medical courses remains underexplored, especially in low-resource settings. This study aimed to evaluate the effectiveness of PBL in enhancing academic performance and originality compared to traditional literature review-based assessments.MethodsA quasi-experimental study was conducted between March 11, 2024 and May 31, 2024, with 179 twelfth-semester medical students divided into two groups: the experimental group (PBL approach, n = 108) and the control group (literature review-based approach, n = 71). Students in the PBL group completed the full research cycle, including topic selection, data collection, analysis, research paper formulation, while the control group focused on synthesizing existing literature. Academic performance (course grades) and originality (Turnitin similarity percentage) were measured. Data were analyzed using descriptive statistics and independent samples t-tests, with a significance threshold of p ResultsThe PBL group demonstrated significantly higher academic performance (mean: 82.5, median: 85) compared to the control group (mean: 66.5, median: 63.75; t(177) = -20.53, p t(177) = 13.74, p . 4.81), reflecting the individualized nature of PBL.ConclusionThis study confirms that PBL significantly enhances academic performance and fosters originality among medical students, particularly in research-focused courses. The findings underscore the potential of PBL as a transformative approach to medical education, addressing gaps in traditional methods while aligning with global trends in evidence-based practice and academic integrity. PBL is recommended as an adaptable and effective strategy, especially in resource-limited educational settings."
44,A5_autonomous,35837353,PMC9138715,10.5334/gh.1113,2022,Global heart,"Research Support, Non-U.S. Gov't; research-article; Journal Article",Diuretic Resistance Prediction and Risk Factor Analysis of Patients with Heart Failure During Hospitalization.,"ObjectivesThis study performed a prediction and risk factor analysis of diuretic resistance (DR) in patients with decompensated heart failure during hospitalization.MethodsThe data of patients with decompensated heart failure treated in 2010-2018 with DR (n = 3,383) or without DR (n = 15,444) were retrospectively collected from Chinese PLA General Hospital medical records. Statistical analysis of baseline was performed on two groups of people, and the risk factor of DR was analyzed through logic regression. Six machine learning models were built accordingly, and the adjustment of model super parameters was performed by using Bayesian optimization method. Finally, the optimal algorithm was selected according to prediction efficiency.ResultsThe preliminary analysis of variance showed significant differences in the incidence of DR among patients with lung infection, hyperlipidemia, type 2 diabetes, and kidney disease. There were significant differences in estimated glomerular filtration rate (eGFR) (P 2); serum albumin, 33 g/L; hematocrit, 0.32% and 0.56%; red blood cell volume distribution width, 13; and age, 59 years. The optimal area under the curve was 0.9512. The ranked features derived from the model were age, abnormal sodium level, pro-BNP level, serum albumin level, D-dimer level, direct bilirubin level, and eGFR.ConclusionsThe DR risk prediction model based on a gradient boosting decision tree created here identified its important risk factors. The model made very accurate predictions using simple indicators and simultaneously calculated cutoff values to help doctors predict the occurrence of DR."
45,A5_autonomous,38132817,PMC10744304,10.3390/jfb14120563,2023,Journal of functional biomaterials,research-article; Journal Article,Model-Based Design to Enhance Neotissue Formation in Additively Manufactured Calcium-Phosphate-Based Scaffolds.,"In biomaterial-based bone tissue engineering, optimizing scaffold structure and composition remains an active field of research. Additive manufacturing has enabled the production of custom designs in a variety of materials. This study aims to improve the design of calcium-phosphate-based additively manufactured scaffolds, the material of choice in oral bone regeneration, by using a combination of in silico and in vitro tools. Computer models are increasingly used to assist in design optimization by providing a rational way of merging different requirements into a single design. The starting point for this study was an in-house developed in silico model describing the in vitro formation of neotissue, i.e., cells and the extracellular matrix they produced. The level set method was applied to simulate the interface between the neotissue and the void space inside the scaffold pores. In order to calibrate the model, a custom disk-shaped scaffold was produced with prismatic canals of different geometries (circle, hexagon, square, triangle) and inner diameters (0.5 mm, 0.7 mm, 1 mm, 2 mm). The disks were produced with three biomaterials (hydroxyapatite, tricalcium phosphate, and a blend of both). After seeding with skeletal progenitor cells and a cell culture for up to 21 days, the extent of neotissue growth in the disks' canals was analyzed using fluorescence microscopy. The results clearly demonstrated that in the presence of calcium-phosphate-based materials, the curvature-based growth principle was maintained. Bayesian optimization was used to determine the model parameters for the different biomaterials used. Subsequently, the calibrated model was used to predict neotissue growth in a 3D gyroid structure. The predicted results were in line with the experimentally obtained ones, demonstrating the potential of the calibrated model to be used as a tool in the design and optimization of 3D-printed calcium-phosphate-based biomaterials for bone regeneration."
46,A5_autonomous,35746042,PMC9231346,10.3390/polym14122465,2022,Polymers,research-article; Journal Article,Replica of Bionic Nepenthes Peristome-like and Anti-Fouling Structures for Self-Driving Water and Raman-Enhancing Detection.,"The flexible, anti-fouling, and bionic surface-enhanced Raman scattering (SERS) biochip, which has a Nepenthes peristome-like structure, was fabricated by photolithography, replicated technology, and thermal evaporation. The pattern of the bionic Nepenthes peristome-like structure was fabricated by two layers of photolithography with SU-8 photoresist. The bionic structure was then replicated by polydimethylsiloxane (PDMS) and grafting the zwitterion polymers (2-methacryloyloxyethyl phosphorylcholine, MPC) by atmospheric plasma polymerization (PDMS-PMPC). The phospholipid monomer of MPC immobilization plays an important role; it can not only improve hydrophilicity, anti-fouling and anti-bacterial properties, and biocompatibility, but it also allows for self-driving and unidirectional water delivery. Ag nanofilms (5 nm) were deposited on a PDMS (PDMS-Ag) substrate by thermal evaporation for SERS detection. Characterizations of the bionic SERS chips were measured by a scanning electron microscope (SEM), optical microscope (OM), X-ray photoelectron spectrometer (XPS), Fourier-transform infrared spectroscopy (FTIR), and contact angle (CA) testing. The results show that the superior anti-fouling capability of proteins and bacteria (E. coli) was found on the PDMS-PMPC substrate. Furthermore, the one-way liquid transfer capability of the bionic SERS chip was successfully demonstrated, which provides for the ability to separate samples during the flow channel, and which was detected by Raman spectroscopy. The SERS intensity (adenine, 10-4 M) of PDMS-Ag with a bionic structure is ~4 times higher than PDMS-Ag without a bionic structure, due to the multi-reflection of the 3D bionic structure. The high-sensitivity bionic SERS substrate, with its self-driving water capability, has potential for biomolecule separation and detection."
47,A5_autonomous,40635188,PMC12240735,10.1093/bib/bbaf254,2025,Briefings in bioinformatics,research-article; Journal Article,A free energy perturbation-assisted machine learning strategy for mimotope screening in neoantigen-based vaccine design.,"Neoantigen-based immunotherapy has emerged as a promising approach for cancer treatment. One key strategy in neoantigen-based vaccine design is to alter known neoantigens into enhanced mimotopes that elicit more robust immune responses. However, screening mimotopes presents challenges in both diversity and precision. While machine learning (ML) models facilitate high-throughput screening of immunogenic candidates, they struggle to distinguish mimotopes from original neoantigens (i.e. identify mimotopes with higher binding affinities, rather than solely distinguish between binding and nonbinding peptides). In contrast, alchemical methods such as free energy perturbation (FEP) provide quantitative binding free-energy differences between mimotopes and neoantigens but are computationally intensive. To leverage the strengths of both approaches, we propose an FEP-assisted ML (FEPaML) strategy that employs Bayesian optimization to iteratively refine knowledge-based predictions with physics-based evaluations, thereby progressively achieving locally optimized, precise, and robust outcomes. Our FEPaML strategy is then applied to screen mimotopes for several representative neoantigens. It has demonstrated excellent predictive precisions (exceeding 0.9) with a relatively small number of FEP samplings, significantly outperforming existing ML models."
48,A5_autonomous,33204844,PMC7666838,10.15766/mep_2374-8265.11029,2020,MedEdPORTAL : the journal of teaching and learning resources,research-article; Journal Article,Skill Session on Writing Patient Assessments for Pediatric Clerkship Students.,"IntroductionFormulating written patient assessments requires the student to synthesize subjective and objective information and use clinical reasoning to reach a diagnosis. Medical students lack this skill, and clinical experience is not enough to acquire it. This session provides a structured process for learning how to formulate a patient assessment.MethodsThird-year medical students participated in a large-group interactive skill session at the beginning of their pediatrics clerkship. Instructors following a scripted model walked students through practice examples to ultimately formulate a complete written patient assessment. The session covered data synthesis, use of appropriate medical terminology, and differential diagnosis development. Students used an audience response system to practice these skills.ResultsOver 1 academic year, 250 medical students participated in six sessions, with an average of 40-50 attendees per session. Over 90% of students completed pre- and postsession written patient assessments. These assessments were evaluated using portions of the Pediatric History and Physical Exam Evaluation grading rubric. The session had a positive effect on patient assessment formulation skills, with a significant increase in scores after the session.DiscussionThe session improved students' skill in generating more complete written patient assessments. Almost all students found the session valuable regardless of prior clinical experience. Nearly 50% of students felt inadequately prepared to formulate a written patient assessment prior to the session, revealing a skills gap for learners and a curricular teaching gap. This skill session provided a structured method and active learning format for teaching this essential clinical skill."
49,A5_autonomous,37227493,PMC10209569,10.1007/s00277-023-05240-3,2023,Annals of hematology,"Clinical Trial, Phase II; research-article; Journal Article",Patient preference for deferasirox film-coated versus dispersible tablet formulation: a sequential-design phase 2 study in patients with thalassemia.,"Iron chelation therapy (ICT) is the mainstay of treatment in patients with thalassemia requiring blood transfusions. This phase 2 JUPITER study evaluated patient preference between film-coated tablet (FCT) and dispersible tablet (DT) in transfusion-dependent thalassemia (TDT) or non-TDT (NTDT) patients treated with both formulations in a sequential manner. The primary endpoint was patient-reported preference for FCT over DT, while secondary outcomes included patient reported outcomes (PROs) evaluated by overall preference, and by age, thalassemia transfusion status, and previous ICT status. Out of 183 patients screened, 140 and 136 patients completed the treatment periods 1 and 2 of the core study, respectively. At week 48, the majority of patients preferred FCT over DT (90.3 vs. 7.5%; difference of percentage: 0.83 [95% confidence interval (CI), 0.75-0.89; P < 0.0001]). FCT scored better on secondary PROs and showed less severe gastrointestinal symptoms than DT, except in the change of modified Satisfaction with Iron Chelation Therapy (mSICT) preference scores, which were similar for both the formulations. Patients with TDT had stable ferritin levels, while it showed a downward trend up to week 48 in patients with NTDT on deferasirox treatment. Overall, 89.9% of patients reported ≥ 1 adverse event (AE), of which 20.3% experienced ≥ 1 serious AE. The most common treatment-emergent AEs were proteinuria, pyrexia, urine protein/creatinine ratio increase, diarrhea, upper respiratory tract infections, transaminase increase, and pharyngitis. Overall, this study reinforced the observations from the previous study by showing a distinct patient preference for FCT over DT formulation and further supported the potential benefits of life-long compliance with ICT."
50,A5_autonomous,40452784,PMC12126104,10.2147/ijn.s515213,2025,International journal of nanomedicine,research-article; Journal Article,Biohybrids of Anoxia-Targeted Bacteria/MDPP for Enabling Targeted Synergistic Immunotherapy and Chemotherapy Against Breast Tumors.,"BackgroundThe hypoxic tumor microenvironment (TME) significantly impacts the effectiveness of various therapies on breast cancer. Conventional chemotherapeutic agents are unable to target hypoxic tumor tissue specifically, leading to reduced treatment efficacy and severe systemic toxicity. In order to improve drug targeting ability, we developed a bioactive biomotors system (MDPP@Bif) for chemoimmunotherapy against breast cancer. Utilizing the self-driving properties of the anaerobic Bifidobacterium infantis (B. infantis, Bif), both doxorubicin (DOX) and anti-programmed cell death protein ligand-1 (αPD-L1) antibody can be delivered simultaneously to tumor tissues to exert an anti-tumor effect on breast cancer.MethodsThe physicochemical properties of diverse nano-formulations were systematically characterized. In vitro anti-tumor efficacy of the MDPP@Bif biomotors was assessed through comprehensive biological evaluations, including 3-(4,5-dimethylthiazol-2-yl)-2,5-diphenyltetrazolium bromide (MTT) assays, live/dead staining, c cellular uptake analysis, apoptosis quantification, and wound healing assays to evaluate the in vitro anti-tumor activity of the MDPP@Bif biomotors. Furthermore, the therapeutic potential of the MDPP@Bif biohybrids was validated in vivo using a murine breast cancer model by monitoring of tumor growth kinetics, body weight fluctuations, and survival outcomes. Immunofluorescence staining was also used to further validate T-cells infiltration in the tumor tissues.ResultsThe developed MDPP@Bif biomotors can actively colonize hypoxic tumor tissues through Bif's inherent targeting ability, releasing DOX to inhibit tumor growth. The released αPD-L1 antibody specifically binds to PD-L1, reducing immune escape and activating T cells. The concentration of DOX in tumor tissues of the MDPP@Bif group was 2.5 times higher than in tumors treated with free DOX, significantly prolonging the median survival of mice to 62 days and reducing the toxic side effects of DOX.ConclusionThe novel bacteria-propelled biomotor MDPP@Bif shows great potential in treating solid tumors through synergistic chemotherapy and immunotherapy."
51,A5_autonomous,40255674,PMC12009122,10.2147/ijn.s514064,2025,International journal of nanomedicine,research-article; Journal Article,Bacteria-Assisted Celastrol Liposomes for Effective Chemotherapy Against Lung Cancer in Mice Model.,"IntroductionLung cancer has a high resistance rate to current chemotherapies. Therefore, there is an urgent need to develop new anticancer drugs. Celastrol is a promising anticancer bioactive compound for various types of cancers. However, its poor solubility and severe liver damage have limited its clinical application.MethodsBIF@CEL/LF/CMCS-Lipo (Bif@CLC-LP), a self-driving biomotor that targets tumor tissues, was used to deliver celastrol, which was encapsulated in surface-modified lactoferrin liposomes, which were then coated with carboxymethyl chitosan and loaded onto the surface of Bifidobacterium infantis (Bif). Extensive in vitro and in vivo experiments were performed to assess its physicochemical and antitumor properties and safety in treating lung cancer.ResultsBif@CLC-LP responds to pH and is bioselective, precisely targeting hypoxic regions of tumors. In the acidic tumor environment, the carboxymethyl chitosan coating breaks down, releasing liposomes that can specifically target the cancer surface receptor for endocytosis. This process increases the production of reactive oxygen species (ROS) and decreases the mitochondrial membrane potential in lung cancer cells, leading to apoptosis.ConclusionIn our work, Bif@CLC-LP significantly inhibited tumor growth while minimizing celastrol-induced liver damage in a mouse lung cancer model. This bacteria-mediated liposome delivery system is a promising new nanoplatform for treating different types of solid cancer."
52,A5_autonomous,41002022,PMC12587402,10.1021/acs.molpharmaceut.5c00591,2025,Molecular pharmaceutics,research-article; Journal Article,Bayesian Optimization for Efficient Multiobjective Formulation Development of Biologics.,"Biologics, including emerging engineered formats, can often exhibit poor developability profiles, complicating their translation into successful therapeutics. While formulation design can substantially mitigate some developability issues, it represents a highly complex optimization challenge due to the need to simultaneously improve multiple biophysical properties, navigate a vast design space, and account for nonlinear or synergistic interactions among excipients. Traditional design of experiments methods can reduce experimental effort but are limited by difficulties in managing high-order complexities and a propensity to become trapped in local optima. In response, machine learning techniques combined with (high-throughput) screenings have emerged as powerful strategies to overcome these limitations, dramatically reducing the number of required experiments. The ability of these models to capture nonlinear relationships and interactions among multiple features enables efficient navigation in a high-dimensional design space. We present a combined Bayesian optimization and experimental screening method that concurrently optimizes three key biophysical properties of a monoclonal antibody─melting temperature Tm, diffusion interaction parameter kD, and stability against air-water interfaces. We demonstrate its effectiveness through the identification of highly optimized formulation conditions in just 33 experiments. Furthermore, our approach can account for essential formulation constraints such as osmolality and pH, ensuring practical applicability. We show that beyond optimization, our method provides valuable insights into the influence of individual excipients on each biophysical property across formulations. Furthermore, it highlights the need to balance trade-offs between conflicting properties, such as the opposing effects of pH on Tm and kD."
53,A5_autonomous,34672032,PMC9299223,10.1002/chem.202103510,2021,"Chemistry (Weinheim an der Bergstrasse, Germany)",research-article; Journal Article,Late-Stage Amination of Drug-Like Benzoic Acids: Access to Anilines and Drug Conjugates through Directed Iridium-Catalyzed C-H Activation.,"The functionalization of C-H bonds, ubiquitous in drugs and drug-like molecules, represents an important synthetic strategy with the potential to streamline the drug-discovery process. Late-stage aromatic C-N bond-forming reactions are highly desirable, but despite their significance, accessing aminated analogues through direct and selective amination of C-H bonds remains a challenging goal. The method presented herein enables the amination of a wide array of benzoic acids with high selectivity. The robustness of the system is manifested by the large number of functional groups tolerated, which allowed the amination of a diverse array of marketed drugs and drug-like molecules. Furthermore, the introduction of a synthetic handle enabled expeditious access to targeted drug-delivery conjugates, PROTACs, and probes for chemical biology. This rapid access to valuable analogues, combined with operational simplicity and applicability to high-throughput experimentation has the potential to aid and considerably accelerate drug discovery."
54,A5_autonomous,34630415,PMC8500473,10.3389/fimmu.2021.733317,2021,Frontiers in immunology,"Research Support, Non-U.S. Gov't; research-article; Journal Article",High-Throughput 3D In Vitro Tumor Vasculature Model for Real-Time Monitoring of Immune Cell Infiltration and Cytotoxicity.,"Recent advances in anticancer therapy have shown dramatic improvements in clinical outcomes, and adoptive cell therapy has emerged as a type of immunotherapy that can modulate immune responses by transferring engineered immune cells. However, a small percentage of responders and their toxicity remain as challenges. Three-dimensional (3D) in vitro models of the tumor microenvironment (TME) have the potential to provide a platform for assessing and predicting responses to therapy. This paper describes an in vitro 3D tumor model that incorporates clusters of colorectal cancer (CRC) cells around perfusable vascular networks to validate immune-cell-mediated cytotoxicity against cancer cells. The platform is based on an injection-molded 3D co-culture model and composed of 28 microwells where separate identical vascularized cancer models can be formed. It allows robust hydrogel patterning for 3D culture that enables high-throughput experimentation. The uniformity of the devices resulted in reproducible experiments that allowed 10× more experiments to be performed when compared to conventional polydimethylsiloxane (PDMS)-based microfluidic devices. To demonstrate its capability, primary natural killer (NK) cells were introduced into the vascularized tumor network, and their activities were monitored using live-cell imaging. Extravasation, migration, and cytotoxic activity against six types of CRC cell lines were tested and compared. The consensus molecular subtypes (CMS) of CRC with distinct immune responses resulted in the highest NK cell cytotoxicity against CMS1 cancer cells. These results show the potential of our vascularized tumor model for understanding various steps involved in the immune response for the assessment of adoptive cell therapy."
55,A5_autonomous,40089456,PMC11910605,10.1038/s41467-025-57871-x,2025,Nature communications,research-article; Journal Article,Light-driven plasmonic microrobot for nanoparticle manipulation.,"Recently light-driven microdrones have been demonstrated, making use of plasmonic nanomotors based on directional resonant chiral light scattering. These nanomotors can be addressed individually, without requiring the tracking of a focused laser, leading to exceptional 2D maneuverability which renders microdrones a versatile robotic platform in aqueous environments. Here, we incorporate a light-operated manipulator, a plasmonic nano-tweezer, into the microdrone platform, rendering it a microrobot by enabling precise, all-optical transport and delivery of single nanoparticles suspended in solution. The plasmonic nano-tweezer consists of a resonant cross-antenna nanostructure exhibiting a central near-field hot spot, extending the ability of traditional optical tweezers based on focused laser beams to the trapping of nanoparticles. However, most of plasmonic nano-tweezers are fixed to the substrates and lack mobility. Our plasmonic microrobot utilizes circularly polarized light to control both motors and for stable trapping of a 70-nanometer fluorescent nanodiamond in the cross-antenna center. Complex sequences of microrobot operations, including trap-transport-release-trap-transport actions, demonstrate the microrobot's versatility and precision in picking up and releasing nanoparticles. Our microrobot design opens potential avenues in advancing nanotechnology and life sciences, with applications in targeted drug delivery, single-cell manipulation, and by providing an advanced quantum sensing platform, facilitating interdisciplinary research at the nanoscale."
56,A5_autonomous,37038183,PMC10088218,10.1186/s12931-023-02410-9,2023,Respiratory research,research-article; Journal Article,Electronic cigarette menthol flavoring is associated with increased inhaled micro and sub-micron particles and worse lung function in combustion cigarette smokers.,"Flavored electronic cigarettes (ECs) present a serious health challenge globally. Currently, it is unknown whether the addition of highly popular menthol flavoring to e-liquid is associated with changes in the number of aerosolized particles generated or altered lung function. Here, we first performed preclinical studies using our novel robotic platform Human Vaping Mimetic Real-Time Particle Analyzer (HUMITIPAA). HUMITIPAA generates fresh aerosols for any desired EC in a very controlled and user-definable manner and utilizes an optical sensing system to quantitate and analyze sub-micron and microparticles from every puff over the course of vaping session in real-time while emulating clinically relevant breathing mechanics and vaping topography. We discovered that addition of menthol flavoring to freshly prepared e-liquid base propylene glycol-vegetable glycerin leads to enhanced particle counts in all tested size fractions, similar to the effect of adding vitamin E acetate to e-liquid we previously reported. Similarly, we found that menthol vs. non-menthol (tobacco) flavored pods from commercially available ECs leads to generation of significantly higher quantities of 1-10 µm particles upon inhalation. We then retrospectively analyzed data from the COPDGene study and identified an association between the use of menthol flavored ECs and reduced FEV1% predicted and FEV1/FVC independent of age, gender, race, pack-years of smoking, and use of nicotine or cannabis-containing vaping products. Our results reveal an association between enhanced inhaled particle due to menthol addition to ECs and worse lung function indices. Detailed causal relation remains to be demonstrated in future large-scale prospective clinical studies. Importantly, here we demonstrate utility of the HUMITIPAA as a predictive enabling technology to identify inhalation toxicological potential of emerging ECs as the chemical formulation of e-liquid gets modified."
57,A5_autonomous,40909862,PMC12404984,10.1038/s44182-025-00044-1,2025,npj Robotics,research-article; Journal Article,Sperm cell empowerment: X-ray-guided magnetic fields for enhanced actuation and localization of cytocompatible biohybrid microrobots.,"Magnetic microrobots have the potential to revolutionize medicine by navigating pathways to deliver precision-targeted therapy. However, a significant challenge arises. There commonly is a trade-off between magnetic responsiveness, detectability using medical imaging systems and cytotoxicity from increased amounts of magnetic content. Addressing this, we study biohybrid microrobots comprising clusters of iron oxide nanoparticle-coated sperm cells. These sperm-templated microrobots offer benefits over microrobots driven by live sperm, such as longer shelf-life and operation time, full directional and speed control and easy fabrication. To demonstrate their potential for use in clinical settings, we developed an X-ray-guided robotic platform investigating the magnetic response and detectability of these biohybrid clusters across varying nanoparticle concentrations, notably demonstrating simultaneous actuation and localization of sperm for the first time. These improvements advance the research closer to unleashing the potential of biohybrid microrobots for medical applications within the reproductive tract."
