rank,area,epmc_id,pmcid,doi,year,journal,pub_types,title,abstract
1,A1_imaging,40626073,PMC12118306,10.1002/smo.20230006,2023,Smart molecules : open access,research-article; Journal Article,Magnetic-optical dual functional Janus particles for the detection of metal ions assisted by machine learning.,"Functional polymer microspheres have broad application prospects in various fields, such as metal ion detection, adsorption, separation, and controlled drug release. However, integrating different functions in a single microsphere system is a significant challenge in this field. In this work, we prepared multicompartmental emulsion droplets utilizing microfluidic technology. Fe3O4 magnetic nanoparticles were added to one of the compartments of the emulsion droplets as functional particles, and Janus microspheres were obtained after curing. Fluorescent probes enter the two compartments of the Janus microspheres by diffusion. The fluorescence changes of the microspheres were observed in situ and captured through a fluorescence microscope. The images are processed by image recognition software and a Python program. The ""fingerprint"" of the detected metal ions is obtained by dimensionality reduction of the data through Principal Component Analysis. We employ different algorithms to build Machine Learning models for predicting the metal ion species and concentration. The variation of fluorescence intensity of the three fluorescent probes and the corresponding R, G, and B channel values and time are used as descriptors. The results show that the Random Forest, K-neighborhood (KNN), and Neural Network models demonstrated a better predicted effect with a variance (R2) greater than 0.9 and a smaller root mean square error; among them, the KNN model predicted the most accurate results."
2,A1_imaging,36416374,PMC10107930,10.1111/his.14846,2023,Histopathology,research-article; Journal Article,Myelofibrosis progression grading based on type I and type III collagen and fibrillin 1 expression boosted by whole slide image analysis.,"AimsThe progression of primary myelofibrosis is characterised by ongoing extracellular matrix deposition graded based on 'reticulin' and 'collagen' fibrosis, as revealed by Gomori's silver impregnation. Here we studied the expression of the major extracellular matrix proteins of fibrosis in relation to diagnostic silver grading supported by image analysis.Methods and resultsBy using automated immunohistochemistry, in this study we demonstrate that the expression of both types I and III collagens and fibrillin 1 by bone marrow stromal cells can reveal the extracellular matrix scaffolding in line with myelofibrosis progression as classified by silver grading. 'Reticulin' fibrosis indicated by type III collagen expression and 'collagen' fibrosis featured by type I collagen expression were parallel, rather than sequential, events. This is line with the proposed role of type III collagen in regulating type I collagen fibrillogenesis. The uniformly strong fibrillin 1 immune signals offered the best inter-rater agreements and the highest statistical correlations with silver grading of the three markers, which was robustly confirmed by automated whole slide digital image analysis using a machine learning-based algorithm. The progressive up-regulation of fibrillin 1 during myelofibrosis may result from a negative feedback loop as fibrillin microfibrils sequester TGF-β, the major promoter of fibrosis. This can also reduce TGF-β-induced RANKL levels, which would stimulate osteoclastogenesis and thus can support osteosclerosis in advanced myelofibrosis.ConclusionsThrough the in-situ detection of these extracellular matrix proteins, our results verify the molecular pathobiology of fibrosis during myelofibrosis progression. In particular, fibrillin 1 immunohistochemistry, with or without image analysis, can complement diagnostic silver grading at decent cell morphology."
3,A1_imaging,36961758,PMC10161767,10.1107/s205225252300204x,2023,IUCrJ,research-article; Journal Article,Fast extraction of three-dimensional nanofiber orientation from WAXD patterns using machine learning.,"Structural disclosure of biological materials can help our understanding of design disciplines in nature and inspire research for artificial materials. Synchrotron microfocus X-ray diffraction is one of the main techniques for characterizing hierarchically structured biological materials, especially the 3D orientation distribution of their interpenetrating nanofiber networks. However, extraction of 3D fiber orientation from X-ray patterns is still carried out by iterative parametric fitting, with disadvantages of time consumption and demand for expertise and initial parameter estimates. When faced with high-throughput experiments, existing analysis methods cannot meet the real time analysis challenges. In this work, using the assumption that the X-ray illuminated volume is dominated by two groups of nanofibers in a gradient biological composite, a machine-learning based method is proposed for fast and automatic fiber orientation metrics prediction from synchrotron X-ray micro-focused diffraction data. The simulated data were corrupted in the training procedure to guarantee the prediction ability of the trained machine-learning algorithm in real-world experimental data predictions. Label transformation was used to resolve the jump discontinuity problem when predicting angle parameters. The proposed method shows promise for application in the automatic data-processing pipeline for fast analysis of the vast data generated from multiscale diffraction-based tomography characterization of textured biomaterials."
4,A1_imaging,41127549,PMC12538699,10.1016/j.mtbio.2025.102352,2025,Materials today. Bio,research-article; Journal Article,"Acquisition, quality control, and architecture of a large image dataset as a tool for in silico cell biological research.","We present a large-scale, standardized image dataset and analysis pipeline designed to enable in silico discovery of cell-material interactions. This resource paper introduces an open, FAIR-aligned framework for acquiring, curating, and analyzing high-content imaging data of kidney podocytes cultured on 2176 micro-topographical surfaces using the TopoChip platform. Our workflow includes automated imaging, tilt correction, object segmentation, and multi-tiered quality control, resulting in over 5500 morphological features for >1.2 million cells. Structured metadata, standardized file architectures, and ontological annotations ensure that the dataset is fully interoperable and ready for reuse. To illustrate its versatility, we provide examples of how this resource supports machine learning model development, reproducible benchmarking, and hypothesis testing in cell biology and biomaterials science. This dataset and accompanying tools are designed as a foundational reference for the community, enabling scalable, quantitative, and reproducible exploration of how microenvironments shape cell behavior."
5,A1_imaging,40438669,PMC12108964,10.1039/d5na00265f,2025,Nanoscale advances,research-article; Journal Article,Machine learning to predict gold nanostar optical properties.,"Gold nanostars (AuNS) are nanoparticles with spiky structures and morphology-dependent optical features. These include strong extinction coefficients in the visible and near-infrared regions of the spectrum, which are commonly exploited for biomedical imaging and therapy. AuNS can be obtained via seedless protocols with Good's buffers, which are beneficial because of their simplicity and the use of biocompatible reagents. However, AuNS growth and optical properties are affected by various experimental factors during their seedless synthesis, which affects their performance in diagnosis and therapy. In this study, we develop a workflow based on machine learning models to predict AuNS optical properties. This approach includes data collection, feature selection, data generation, and model selection, resulting in predictions of the first and second localized surface plasmon resonance positions within 9 and 15% of their true values (root-mean-squared percentage error), respectively. Our results highlight the benefits of using machine learning models to infer the optical properties of AuNS from their synthesis conditions, potentially improving nanoparticle design and production for better disease diagnosis and therapy."
6,A1_imaging,34938925,PMC8665348,10.1016/j.bioactmat.2021.09.018,2022,Bioactive materials,research-article; Journal Article,A deep-learning-based workflow to deal with the defocusing problem in high-throughput experiments.,"The increasing throughput of experiments in biomaterials research makes automatic techniques more and more necessary. Among all the characterization methods, microscopy makes fundamental contributions to biomaterials science where precisely focused images are the basis of related research. Although automatic focusing has been widely applied in all kinds of microscopes, defocused images can still be acquired now and then due to factors including background noises of materials and mechanical errors. Herein, we present a deep-learning-based method for the automatic sorting and reconstruction of defocused cell images. First, the defocusing problem is illustrated on a high-throughput cell microarray. Then, a comprehensive dataset of phase-contrast images captured from varied conditions containing multiple cell types, magnifications, and substrate materials is prepared to establish and test our method. We obtain high accuracy of over 0.993 on the dataset using a simple network architecture that requires less than half of the training time compared with the classical ResNetV2 architecture. Moreover, the subcellular-level reconstruction of heavily defocused cell images is achieved with another architecture. The applicability of the established workflow in practice is finally demonstrated on the high-throughput cell microarray. The intelligent workflow does not require a priori knowledge of focusing algorithms, possessing widespread application value in cell experiments concerning high-throughput or time-lapse imaging."
7,A1_imaging,34576503,PMC8471570,10.3390/ma14185278,2021,"Materials (Basel, Switzerland)",research-article; Journal Article,Artificial Intelligence Aided Design of Tissue Engineering Scaffolds Employing Virtual Tomography and 3D Convolutional Neural Networks.,"Design requirements for different mechanical metamaterials, porous constructions and lattice structures, employed as tissue engineering scaffolds, lead to multi-objective optimizations, due to the complex mechanical features of the biological tissues and structures they should mimic. In some cases, the use of conventional design and simulation methods for designing such tissue engineering scaffolds cannot be applied because of geometrical complexity, manufacturing defects or large aspect ratios leading to numerical mismatches. Artificial intelligence (AI) in general, and machine learning (ML) methods in particular, are already finding applications in tissue engineering and they can prove transformative resources for supporting designers in the field of regenerative medicine. In this study, the use of 3D convolutional neural networks (3D CNNs), trained using digital tomographies obtained from the CAD models, is validated as a powerful resource for predicting the mechanical properties of innovative scaffolds. The presented AI-aided or ML-aided design strategy is believed as an innovative approach in area of tissue engineering scaffolds, and of mechanical metamaterials in general. This strategy may lead to several applications beyond the tissue engineering field, as we analyze in the discussion and future proposals sections of the research study."
8,A1_imaging,36328994,PMC9902733,10.23876/j.krcp.22.017,2023,Kidney research and clinical practice,research-article; Journal Article,Deep learning predicts the differentiation of kidney organoids derived from human induced pluripotent stem cells.,"BackgroundKidney organoids derived from human pluripotent stem cells (hPSCs) contain multilineage nephrogenic progenitor cells and can recapitulate the development of the kidney. Kidney organoids derived from hPSCs have the potential to be applied in regenerative medicine as well as renal disease modeling, drug screening, and nephrotoxicity testing. Despite biotechnological advances, individual differences in morphological and growth characteristics among kidney organoids need to be addressed before clinical and commercial application. In this study, we hypothesized that an automated noninvasive method based on deep learning of bright-field images of kidney organoids can predict their differentiation status.MethodsBright-field images of kidney organoids were collected on day 18 after differentiation. To train convolutional neural networks (CNNs), we utilized a transfer learning approach. CNNs were trained to predict the differentiation of kidney organoids on bright-field images based on the messenger RNA expression of renal tubular epithelial cells as well as podocytes.ResultsThe best prediction model was DenseNet121 with a total Pearson correlation coefficient score of 0.783 on a test dataset. W classified the kidney organoids into two categories: organoids with above-average gene expression (Positive) and those with below-average gene expression (Negative). Comparing the best-performing CNN with human-based classifiers, the CNN algorithm had a receiver operating characteristic-area under the curve (AUC) score of 0.85, while the experts had an AUC score of 0.48.ConclusionThese results confirmed our original hypothesis and demonstrated that our artificial intelligence algorithm can successfully recognize the differentiation status of kidney organoids."
9,A1_imaging,41310679,PMC12752004,10.1186/s12903-025-07400-5,2025,BMC oral health,Comparative Study; research-article; Journal Article,"Comparative analysis of nerve fibers, PIEZO family and bone structural parameters difference surrounding dental implants.","BackgroundNerve fibers embedded within bone tissue play a pivotal role in regulating osseous homeostasis. Emerging evidence indicates the presence of neural networks surrounding dental implants. The functional integrity of these nerve fibers is maintained through various ion channels, particularly those belonging to the PIEZO family. This study aims to: (1) characterize the spatial distribution patterns of nerve fibers and PIEZO family around dental implants, and (2) investigate their potential correlations with bone microarchitecture surrounding dental implants.MethodsMale rat models with right maxillary first molar dental implants were established. Following a 4-week osseointegration period, spatial variations in nerve fiber density and PIEZO family expression were quantitatively assessed across 8 anatomically defined buccolingual regions. Complementary Micro-CT analyses were performed to evaluate three-dimensional bone microarchitecture surrounding dental implants.ResultsThe study revealed regional heterogeneity in nerve fiber density across the 4 anatomical zones. Nerve fiber density showed no significant difference between peri-implant and adjacent tissues. While PIEZO-positive fibers generally mirrored overall nerve fiber distribution, the apical region exhibited a significantly higher proportion of PIEZO2-positive fibers in peri-implant bone versus adjacent bone.ConclusionsPeri-implant regions exhibited higher nerve fiber density and enhanced bone microarchitecture, suggesting neurogenic modulation of osseointegration dynamics. Mechanistically, the PIEZO family may mediate this neuro-osseous crosstalk during bone remodeling around implants. These findings offer novel perspectives on the mechanistic basis of peri-implant bone adaptation."
10,A1_imaging,34027089,PMC8126813,10.1002/btm2.10200,2021,Bioengineering & translational medicine,research-article; Journal Article,Screening of important metabolites and KRAS genotypes in colon cancer using secondary ion mass spectrometry.,"Time-of-flight secondary ion mass spectrometry (TOF-SIMS) is an imaging-based analytical technique that can characterize the surfaces of biomaterials. We used TOF-SIMS to identify important metabolites and oncogenic KRAS mutation expressed in human colorectal cancer (CRC). We obtained 540 TOF-SIMS spectra from 180 tissue samples by scanning cryo-sections and selected discriminatory molecules using the support vector machine (SVM) algorithm. Each TOF-SIMS spectrum contained nearly 860,000 ion profiles and hundreds of spectra were analyzed; therefore, reducing the dimensionality of the original data was necessary. We performed principal component analysis after preprocessing the spectral data, and the principal components (20) of each spectrum were used as the inputs of the SVM algorithm using the R package. The performance of the algorithm was evaluated using the receiver operating characteristic (ROC) area under the curve (AUC) (0.9297). Spectral peaks (m/z) corresponding to discriminatory molecules used to classify normal and tumor samples were selected according to p-value and were assigned to arginine, α-tocopherol, and fragments of glycerophosphocholine. Pathway analysis using these discriminatory molecules showed that they were involved in gastrointestinal disease and organismal abnormalities. In addition, spectra were classified according to the expression of KRAS somatic mutation, with 0.9921 AUC. Taken together, TOF-SIMS efficiently and simultaneously screened metabolite biomarkers and performed KRAS genotyping. In addition, a machine learning algorithm was provided as a diagnostic tool applied to spectral data acquired from clinical samples prepared as frozen tissue slides, which are commonly used in a variety of biomedical tests."
11,A1_imaging,39654704,PMC11625131,10.1016/j.heliyon.2024.e38834,2024,Heliyon,research-article; Journal Article,"Environmentally friendly synthesis of gelatin hydrogel nanoparticles for gastric cancer treatment, bisphenol A sensing and nursing applications: Fabrication, characterization and ANN modeling.","This study presents a dual application approach for the environmentally friendly synthesis of gelatin hydrogel nanoparticles with potential applications in gastric cancer treatment, bisphenol A (BPA) sensing, and nursing. Gelatin hydrogel nanoparticles were synthesized using a green and freeze-drying method, avoiding the use of toxic chemicals and solvents. The nanoparticles showed excellent biocompatibility and promising potential for drug delivery system (DDS) in gastric cancer treatment. The controlled release of anticancer drugs from the gelatin nanoparticles was showed, highlighting their potential in targeted therapy. Additionally, the gelatin hydrogel nanoparticles were explored for BPA sensing. BPA is a widely used chemical known for its adverse effects on human health. The gelatin nanoparticles showed high selectivity and sensitivity towards BPA detection, making them suitable for environmental monitoring and health applications using scanning electron microscope (SEM). Also, in this study, an artificial neural network (ANN) was used to estimate the release of docetaxel (%) at 72 h, the release of paclitaxel (%) at 72 h, tensile strength with sample (wt%), and porosity (%) in broader ranges than the experimental samples. The environmentally friendly synthesis of gelatin hydrogel nanoparticles presented in this study offers a versatile platform with dual applications in gastric cancer treatment and sensing of harmful chemicals. The obtained results show the potential of these nanoparticles for innovative therapeutic and diagnostic strategies in healthcare and environmental monitoring. The study showed the development of sustainable and multifunctional nanomaterials for various biomedical applications. The modeling of the neural network predictions shows that increasing the sample (wt%) and porosity (%) leads to an increase in the release of docetaxel (%) at 72 h, the release of paclitaxel (%) at 72 h, and tensile strength. As porosity decreases, the release of docetaxel increases, and the release of paclitaxel and tensile strength also increase. Additionally, the prediction errors of the ANN in this study were evaluated using linear regression, showing acceptable error rates compared to the target results obtained from the experimental tests."
12,A1_imaging,35685142,PMC9173896,10.1155/2022/2370190,2022,Computational intelligence and neuroscience,research-article; Journal Article,Computational Intelligence-Based Melanoma Detection and Classification Using Dermoscopic Images.,"Melanoma is a kind of skin cancer caused by the irregular development of pigment-producing cells. Since melanoma detection efficiency is limited to different factors such as poor contrast among lesions and nearby skin regions, and visual resemblance among melanoma and non-melanoma lesions, intelligent computer-aided diagnosis (CAD) models are essential. Recently, computational intelligence (CI) and deep learning (DL) techniques are utilized for effective decision-making in the biomedical field. In addition, the fast-growing advancements in computer-aided surgeries and recent progress in molecular, cellular, and tissue engineering research have made CI an inevitable part of biomedical applications. In this view, the research work here develops a novel computational intelligence-based melanoma detection and classification technique using dermoscopic images (CIMDC-DIs). The proposed CIMDC-DI model encompasses different subprocesses. Primarily, bilateral filtering with fuzzy k-means (FKM) clustering-based image segmentation is applied as a preprocessing step. Besides, NasNet-based feature extractor with stochastic gradient descent is applied for feature extraction. Finally, the manta ray foraging optimization (MRFO) algorithm with a cascaded neural network (CNN) is exploited for the classification process. To ensure the potential efficiency of the CIMDC-DI technique, we conducted a wide-ranging simulation analysis, and the results reported its effectiveness over the existing recent algorithms with the maximum accuracy of 97.50%."
13,A1_imaging,40647815,PMC12251723,10.3390/polym17131805,2025,Polymers,research-article; Journal Article,Eco-Engineered Biopolymer-Clay Composite for Phosphate IonRemoval: Synergistic Insights from Statistical and AI Modeling.,"This research aims to synthesize a novel hydrogel bio-composite based on natural clay, sodium alginate (Na-AL), and iota-carrageenan as adsorbents to remove phosphate ions from aqueous solutions. The adsorbents were characterized by a variety of techniques, such as Fourier-transform infrared (FTIR) spectroscopy, scanning electron microscopy coupled with energy dispersive X-rays (SEM-EDX), and the determination of point zero charge (PZC). This research investigated how the adsorption process is influenced by parameters such as adsorbent dose, contact time, solution pH, and temperature. In this study, we used four isotherms and four kinetic models to investigate phosphate ion removal on the prepared bio-composite. The results showed that the second-order kinetic (PSO) model is the best model for describing the adsorption process. The findings demonstrate that the R2 values are highly significant in both the Langmuir and Freundlich models (very close to 1). This suggests that Langmuir and Freundlich models, with a diversity of adsorption sites, promote the adsorption of phosphate ions. The maximum adsorbed amounts of phosphate ions by the bio-composite used were 140.84 mg/g for H2PO4- ions and 105.26 mg/g for HPO42- ions from the batch system. The positive ∆H° confirms the endothermic and physical nature of adsorption, in agreement with experimental results. Negative ∆G° values indicate spontaneity, while the positive ∆S° reflects increased disorder at the solid-liquid interface during phosphate uptake. The main parameters, including adsorbent dosage (mg), contact time (min), and initial concentration (mg/L), were tuned using the Box-Behnken design of the response surface methodology (BBD-RSM) to achieve the optimum conditions. The reliability of the constructed models is demonstrated by their high correlation coefficients (R2). An R2 value of 0.9714 suggests that the model explains 97.14% of the variability in adsorption efficiency (%), which reflects its strong predictive capability and reliability. Finally, the adsorption behavior of phosphate ions on the prepared bio-composite beads was analyzed using an artificial neural network (ANN) to predict the process efficiency. The ANN model accurately predicted the adsorption of phosphate ions onto the bio-composite, with a strong correlation (R2 = 0.974) between the predicted and experimental results."
14,A1_imaging,40128804,PMC11934609,10.1186/s12915-025-02167-1,2025,BMC biology,research-article; Journal Article,Label-free metabolic fingerprinting of motile mammalian spermatozoa with subcellular resolution.,"BackgroundSperm metabolic pathways that generate energy for motility are compartmentalized within the flagellum. Dysfunctions in metabolic compartments, namely mitochondrial respiration and glycolysis, can compromise motility and male fertility. Studying these compartments is thus required for fertility treatment. However, it is very challenging to capture images of metabolic compartments in motile spermatozoa because the fast beating of the flagellum introduces motion blur. Therefore, most approaches immobilize spermatozoa prior to imaging.ResultsOur findings indicate that immobilizing sperm alters their metabolic profile, highlighting the necessity for measuring metabolism in spermatozoa during movement. We achieved this by encapsulating mouse epididymis in a hydrogel followed by two-photon fluorescence lifetime imaging microscopy for imaging motile sperm in situ. The autofluorescence of endogenous metabolites-FAD, NADH, and NADPH-enabled us to visualize sperm metabolic compartments without staining. We trained machine learning for automated image segmentation and generated metabolic fingerprints using object-based phasor analysis. We show that metabolic fingerprints of spermatozoa and the mitochondrial compartment (1) can distinguish individual males by genetic background, age, or fecundity status, (2) correlate with fertility, and (3) change with age likely due to increased oxidative metabolism.ConclusionsOur approach eliminates the need for sperm immobilization and labeling and captures the native state of sperm metabolism. This technique could be adapted for metabolism-based sperm selection for assisted reproduction."
15,A1_imaging,41419730,PMC12796348,10.1038/s41467-025-67391-3,2025,Nature communications,research-article; Journal Article,"MIDAS: rapid, multiplexed molecular profiling for integrated host-pathogen analysis.","Addressing the need for integrated molecular analysis in complex infectious conditions requires technologies that rapidly quantify both pathogens and host responses. This is particularly relevant in sepsis research, where existing tools typically measure either microbial or host biomarkers. Here, we present MIDAS (Multiplexed Intelligent Diffraction Analysis System), a proof-of-concept platform that integrates shape-encoded hydrogel particles with lens-free diffraction imaging and deep learning-based analysis to enable simultaneous quantification of bacterial RNA and inflammatory proteins in a single system optimized for potential point-of-care use. The assay completes multiplexed measurements in under 4 h, significantly faster than standard culture workflows ( ~ 20-40 h). Beyond spiked studies, MIDAS is evaluated using specimens from a clinically relevant porcine sepsis model, showing high concordance with culture, qPCR and ELISA. Although further clinical validation is required, this flexible platform may support the development of accessible host-pathogen profiling tools with broad applications in healthcare, agriculture, food safety, and beyond."
16,A1_imaging,39100623,PMC11294195,10.3389/fbioe.2024.1392269,2024,Frontiers in bioengineering and biotechnology,research-article; Journal Article,Embedded-deep-learning-based sample-to-answer device for on-site malaria diagnosis.,"Improvements in digital microscopy are critical for the development of a malaria diagnosis method that is accurate at the cellular level and exhibits satisfactory clinical performance. Digital microscopy can be enhanced by improving deep learning algorithms and achieving consistent staining results. In this study, a novel miLab™ device incorporating the solid hydrogel staining method was proposed for consistent blood film preparation, eliminating the use of complex equipment and liquid reagent maintenance. The miLab™ ensures consistent, high-quality, and reproducible blood films across various hematocrits by leveraging deformable staining patches. Embedded-deep-learning-enabled miLab™ was utilized to detect and classify malarial parasites from autofocused images of stained blood cells using an internal optical system. The results of this method were consistent with manual microscopy images. This method not only minimizes human error but also facilitates remote assistance and review by experts through digital image transmission. This method can set a new paradigm for on-site malaria diagnosis. The miLab™ algorithm for malaria detection achieved a total accuracy of 98.86% for infected red blood cell (RBC) classification. Clinical validation performed in Malawi demonstrated an overall percent agreement of 92.21%. Based on these results, miLab™ can become a reliable and efficient tool for decentralized malaria diagnosis."
17,A1_imaging,40891577,PMC12641341,10.1002/smtd.202500984,2025,Small methods,research-article; Journal Article,Autonomous Bayesian Optimization-Based Control System for Droplet Generation.,"Droplet generation has been utilized in various applications, including drug delivery, the fabrication of functional particles, and material synthesis. Achieving the goals of these applications requires droplet generation of a desired size. Microfluidic droplet generation offers precise control of droplet dimensions. However, the flow rates of the droplet and medium phases depend on the channel configuration and properties of the working fluids, and their optimization is a labor-intensive and time-consuming process. To overcome these limitations, an autonomous Bayesian optimization (BO)-based control system for droplet generation (ABCD) is developed. In ABCD, BO is employed to inform decision-making and refine the experimental conditions. Additionally, computer vision techniques, including image processing and convolutional neural networks, are utilized to analyze the experimental results and provide a dataset for use in decision-making. The ABCD identified the optimal flow rates to achieve desired droplet sizes and generation frequencies via precise and efficient searches, regardless of the droplet generation target, working fluids, channel geometry, and droplet morphology, within 15 iterations on average. It is anticipated that this system will contribute to the acceleration of research utilizing droplet-based microfluidic systems while also extending microfluidic process automation in various industrial applications."
18,A1_imaging,37996509,PMC10667280,10.1038/s41598-023-47988-8,2023,Scientific reports,research-article; Journal Article,Predicting intratumoral fluid pressure and liposome accumulation using physics informed deep learning.,"Liposome-based anticancer agents take advantage of the increased vascular permeability and transvascular pressure gradients for selective accumulation in tumors, a phenomenon known as the enhanced permeability and retention(EPR) effect. The EPR effect has motivated the clinical use of nano-therapeutics, with mixed results on treatment outcome. High interstitial fluid pressure (IFP) has been shown to limit liposome drug delivery to central tumour regions. Furthermore, high IFP is an independent prognostic biomarker for treatment efficacy in radiation therapy and chemotherapy for some solid cancers. Therefore, accurately measuring spatial liposome accumulation and IFP distribution within a solid tumour is crucial for optimal treatment planning. In this paper, we develop a model capable of predicting voxel-by-voxel intratumoral liposome accumulation and IFP using pre and post administration imaging. Our approach is based on physics informed machine learning, a novel technique combining machine learning and partial differential equations. through application to a set of mouse data and a set of synthetically-generated tumours, we show that our approach accurately predicts the spatial liposome accumulation and IFP for an individual tumour while relying on minimal information. This is an important result with applications for forecasting tumour progression and designing treatment."
19,A1_imaging,37402811,PMC10319894,10.1038/s41598-023-37762-1,2023,Scientific reports,"Research Support, Non-U.S. Gov't; research-article; Journal Article",Specific and label-free endogenous signature of dystrophic muscle by Synchrotron deep ultraviolet radiation.,"Dystrophic muscle is characterized by necrosis/regeneration cycles, inflammation, and fibro-adipogenic development. Conventional histological stainings provide essential topographical data of this remodeling but may be limited to discriminate closely related pathophysiological contexts. They fail to mention microarchitecture changes linked to the nature and spatial distribution of tissue compartment components. We investigated whether label-free tissue autofluorescence revealed by Synchrotron deep ultraviolet (DUV) radiation could serve as an additional tool for monitoring dystrophic muscle remodeling. Using widefield microscopy with specific emission fluorescence filters and microspectroscopy defined by high spectral resolution, we analyzed samples from healthy dogs and two groups of dystrophic dogs: naïve (severely affected) and MuStem cell-transplanted (clinically stabilized) animals. Multivariate statistical analysis and machine learning approaches demonstrated that autofluorescence emitted at 420-480 nm by the Biceps femoris muscle effectively discriminates between healthy, dystrophic, and transplanted dog samples. Microspectroscopy showed that dystrophic dog muscle displays higher and lower autofluorescence due to collagen cross-linking and NADH respectively than that of healthy and transplanted dogs, defining biomarkers to evaluate the impact of cell transplantation. Our findings demonstrate that DUV radiation is a sensitive, label-free method to assess the histopathological status of dystrophic muscle using small amounts of tissue, with potential applications in regenerative medicine."
20,A1_imaging,39501083,PMC11538249,10.1038/s41746-024-01305-3,2024,NPJ digital medicine,research-article; Journal Article,Deep learning based highly accurate transplanted bioengineered corneal equivalent thickness measurement using optical coherence tomography.,"Corneal transplantation is the primary treatment for irreversible corneal diseases, but due to limited donor availability, bioengineered corneal equivalents are being developed as a solution, with biocompatibility, structural integrity, and physical function considered key factors. Since conventional evaluation methods may not fully capture the complex properties of the cornea, there is a need for advanced imaging and assessment techniques. In this study, we proposed a deep learning-based automatic segmentation method for transplanted bioengineered corneal equivalents using optical coherence tomography to achieve a highly accurate evaluation of graft integrity and biocompatibility. Our method provides quantitative individual thickness values, detailed maps, and volume measurements of the bioengineered corneal equivalents, and has been validated through 14 days of monitoring. Based on the results, it is expected to have high clinical utility as a quantitative assessment method for human keratoplasties, including automatic opacity area segmentation and implanted graft part extraction, beyond animal studies."
21,A1_imaging,39393999,PMC11589459,10.1016/j.bja.2024.09.004,2024,British journal of anaesthesia,research-article; Journal Article,Human dorsal root ganglia are either preserved or completely lost after deafferentation by brachial plexus injury.,"BackgroundPlexus injury results in lifelong suffering from flaccid paralysis, sensory loss, and intractable pain. For this clinical problem, regenerative medicine concepts set high expectations. However, it is largely unknown how dorsal root ganglia (DRG) are affected by accidental deafferentation.MethodsHere, we phenotyped DRG of a clinically and MRI-characterised cohort of 13 patients with plexus injury. Avulsed DRG were collected during reconstructive nerve surgery. For control, we used DRG from forensic autopsy. The cellular composition of the DRG was analysed in histopathological slices with multicolour high-resolution immunohistochemistry, tile microscopy, and deep-learning-based bioimage analysis. We then sequenced the bulk RNA of corresponding DRG slices.ResultsIn about half of the patients we found loss of the typical DRG units consisting of neurones and satellite glial cells. The DRG cells were replaced by mesodermal/connective tissue. In the remaining patients, the cellular units were well preserved. Preoperative plexus MRI neurography was not able to distinguish the two types. Patients with 'neuronal preservation' had less maximum pain than patients with 'neuronal loss'. Arm function improved after nerve reconstruction, but severe pain persisted. Transcriptome analysis of preserved DRGs revealed expression of subtype-specific sensory neurone marker genes, but downregulation of neuronal attributes. Furthermore, they showed signs of ongoing inflammation and connective tissue remodelling.ConclusionsPatients with plexus injury separate into two groups with either neuronal preservation or neuronal loss. The former could benefit from anti-inflammatory therapy. For the latter, studies should explore mechanisms of neuronal loss especially for regenerative approaches.Clinical trial registrationDRKS00017266."
22,A1_imaging,40224948,PMC11986981,10.1016/j.tipsro.2025.100305,2025,Technical innovations & patient support in radiation oncology,research-article; Journal Article,Evaluation of MRI anatomy in machine learning predictive models to assess hydrogel spacer benefit for prostate cancer patients.,"IntroductionHydrogel spacers (HS) are designed to minimise the radiation doses to the rectum in prostate cancer radiation therapy (RT) by creating a physical gap between the rectum and the target treatment volume inclusive of the prostate and seminal vesicles (SV). This study aims to determine the feasibility of incorporating diagnostic MRI (dMRI) information in statistical machine learning (SML) models developed with planning CT (pCT) anatomy for dose and rectal toxicity prediction. The SML models aim to support HS insertion decision-making prior to RT planning procedures.MethodsRegions of interest (ROIs) were retrospectively contoured on the pCT and registered dMRI scans for 20 patients. ROI Dice and Hausdorff distance (HD) comparison metrics were calculated. The ROI and patient clinical risk factors (CRFs) variables were inputted into three SML models and then pCT and dMRI-based dose and toxicity model performance compared through confusion matrices, AUC curves, accuracy performance metric results and observed patient outcomes.ResultsAverage Dice values comparing dMRI and pCT ROIs were 0.81, 0.47 and 0.71 for the prostate, SV, and rectum respectively. Average Hausdorff distances were 2.15, 2.75 and 2.75 mm for the prostate, SV, and rectum respectively. The average accuracy metric across all models was 0.83 when using dMRI ROIs and 0.85 when using pCT ROIs.ConclusionDifferences between pCT and dMRI anatomical ROI variables did not impact SML model performance in this study, demonstrating the feasibility of using dMRI images. Due to the limited sample size further training of the predictive models including dMRI anatomy is recommended."
23,A1_imaging,38882138,PMC11170757,10.1021/acsomega.4c01234,2024,ACS omega,research-article; Journal Article,Quantitative Evaluation of the Pore and Window Sizes of Tissue Engineering Scaffolds on Scanning Electron Microscope Images Using Deep Learning.,"The morphological characteristics of tissue engineering scaffolds, such as pore and window diameters, are crucial, as they directly impact cell-material interactions, attachment, spreading, infiltration of the cells, degradation rate and the mechanical properties of the scaffolds. Scanning electron microscopy (SEM) is one of the most commonly used techniques for characterizing the microarchitecture of tissue engineering scaffolds due to its advantages, such as being easily accessible and having a short examination time. However, SEM images provide qualitative data that need to be manually measured using software such as ImageJ to quantify the morphological features of the scaffolds. As it is not practical to measure each pore/window in the SEM images as it requires extensive time and effort, only the number of pores/windows is measured and assumed to represent the whole sample, which may cause user bias. Additionally, depending on the number of samples and groups, a study may require measuring thousands of samples and the human error rate may increase. To overcome such problems, in this study, a deep learning model (Pore D2) was developed to quantify the morphological features (such as the pore size and window size) of the open-porous scaffolds automatically for the first time. The developed algorithm was tested on emulsion-templated scaffolds fabricated under different fabrication conditions, such as changing mixing speed, temperature, and surfactant concentration, which resulted in scaffolds with various morphologies. Along with the developed model, blind manual measurements were taken, and the results showed that the developed tool is capable of quantifying pore and window sizes with a high accuracy. Quantifying the morphological features of scaffolds fabricated under different circumstances and controlling these features enable us to engineer tissue engineering scaffolds precisely for specific applications. Pore D2, an open-source software, is available for everyone at the following link: https://github.com/ilaydakaraca/PoreD2."
24,A1_imaging,33659274,PMC7917235,10.3389/fmolb.2020.632122,2020,Frontiers in molecular biosciences,research-article; Journal Article,Coarse-Grained Simulation of Mechanical Properties of Single Microtubules With Micrometer Length.,"Microtubules are one of the most important components in the cytoskeleton and play a vital role in maintaining the shape and function of cells. Because single microtubules are some micrometers long, it is difficult to simulate such a large system using an all-atom model. In this work, we use the newly developed convolutional and K-means coarse-graining (CK-CG) method to establish an ultra-coarse-grained (UCG) model of a single microtubule, on the basis of the low electron microscopy density data of microtubules. We discuss the rationale of the micro-coarse-grained microtubule models of different resolutions and explore microtubule models up to 12-micron length. We use the devised microtubule model to quantify mechanical properties of microtubules of different lengths. Our model allows mesoscopic simulations of micrometer-level biomaterials and can be further used to study important biological processes related to microtubule function."
25,A1_imaging,38340875,PMC10948263,10.1016/j.ejps.2024.106724,2024,European journal of pharmaceutical sciences : official journal of the European Federation for Pharmaceutical Sciences,research-article; Journal Article,Investigating distributions of inhaled aerosols in the lungs of post-COVID-19 clusters through a unified imaging and modeling approach.,"BackgroundRecent studies, based on clinical data, have identified sex and age as significant factors associated with an increased risk of long COVID. These two factors align with the two post-COVID-19 clusters identified by a deep learning algorithm in computed tomography (CT) lung scans: Cluster 1 (C1), comprising predominantly females with small airway diseases, and Cluster 2 (C2), characterized by older individuals with fibrotic-like patterns. This study aims to assess the distributions of inhaled aerosols in these clusters.Methods140 COVID survivors examined around 112 days post-diagnosis, along with 105 uninfected, non-smoking healthy controls, were studied. Their demographic data and CT scans at full inspiration and expiration were analyzed using a combined imaging and modeling approach. A subject-specific CT-based computational model analysis was utilized to predict airway resistance and particle deposition among C1 and C2 subjects. The cluster-specific structure and function relationships were explored.ResultsIn C1 subjects, distinctive features included airway narrowing, a reduced homothety ratio of daughter over parent branch diameter, and increased airway resistance. Airway resistance was concentrated in the distal region, with a higher fraction of particle deposition in the proximal airways. On the other hand, C2 subjects exhibited airway dilation, an increased homothety ratio, reduced airway resistance, and a shift of resistance concentration towards the proximal region, allowing for deeper particle penetration into the lungs.ConclusionsThis study revealed unique mechanistic phenotypes of airway resistance and particle deposition in the two post-COVID-19 clusters. The implications of these findings for inhaled drug delivery effectiveness and susceptibility to air pollutants were explored."
26,A1_imaging,38099293,PMC10720363,10.3389/fcell.2023.1329840,2023,Frontiers in cell and developmental biology,research-article; Journal Article,Morphology-based deep learning approach for predicting adipogenic and osteogenic differentiation of human mesenchymal stem cells (hMSCs).,"Human mesenchymal stem cells (hMSCs) are multipotent progenitor cells with the potential to differentiate into various cell types, including osteoblasts, chondrocytes, and adipocytes. These cells have been extensively employed in the field of cell-based therapies and regenerative medicine due to their inherent attributes of self-renewal and multipotency. Traditional approaches for assessing hMSCs differentiation capacity have relied heavily on labor-intensive techniques, such as RT-PCR, immunostaining, and Western blot, to identify specific biomarkers. However, these methods are not only time-consuming and economically demanding, but also require the fixation of cells, resulting in the loss of temporal data. Consequently, there is an emerging need for a more efficient and precise approach to predict hMSCs differentiation in live cells, particularly for osteogenic and adipogenic differentiation. In response to this need, we developed innovative approaches that combine live-cell imaging with cutting-edge deep learning techniques, specifically employing a convolutional neural network (CNN) to meticulously classify osteogenic and adipogenic differentiation. Specifically, four notable pre-trained CNN models, VGG 19, Inception V3, ResNet 18, and ResNet 50, were developed and tested for identifying adipogenic and osteogenic differentiated cells based on cell morphology changes. We rigorously evaluated the performance of these four models concerning binary and multi-class classification of differentiated cells at various time intervals, focusing on pivotal metrics such as accuracy, the area under the receiver operating characteristic curve (AUC), sensitivity, precision, and F1-score. Among these four different models, ResNet 50 has proven to be the most effective choice with the highest accuracy (0.9572 for binary, 0.9474 for multi-class) and AUC (0.9958 for binary, 0.9836 for multi-class) in both multi-class and binary classification tasks. Although VGG 19 matched the accuracy of ResNet 50 in both tasks, ResNet 50 consistently outperformed it in terms of AUC, underscoring its superior effectiveness in identifying differentiated cells. Overall, our study demonstrated the capability to use a CNN approach to predict stem cell fate based on morphology changes, which will potentially provide insights for the application of cell-based therapy and advance our understanding of regenerative medicine."
27,A1_imaging,40765813,PMC12322746,10.1117/1.jbo.30.6.065003,2025,Journal of biomedical optics,"Research Support, Non-U.S. Gov't; research-article; Journal Article",Efficient quality control of platelet-rich plasma preparation using computer vision and deep learning.,"SignificancePlatelet-rich plasma (PRP) is a critical component in regenerative medicine, with applications in tissue repair and inflammation regulation. Consistent preparation quality is essential for therapeutic efficacy, but traditional quality control (QC) methods are labor-intensive, slow, and prone to variability.AimWe introduce a computer vision-based automated PRP QC model using deep learning to improve the efficiency and accuracy of PRP preparation.ApproachBlood samples were collected and processed in the laboratory to prepare PRP. Images of the samples were manually captured. Medical-grade QC evaluations determined sample quality, which was labeled for model training. The image data were preprocessed and analyzed using a ResNet18 convolutional neural network combined with a binary classifier to develop a PRP QC model. Training and testing were conducted using data from patients, and the model's accuracy was tested on the independent unavailable dataset.ResultsThe PRP QC model achieved an average classification accuracy of 82.5% on unavailable datasets (previously unseen test samples), significantly reducing the time required for QC to under 1 min.ConclusionsWe demonstrate a nondestructive, real-time QC method for PRP preparation with computer vision and deep learning, offering a practical and scalable solution to improve clinical outcomes in regenerative medicine."
28,A1_imaging,37300244,PMC10350735,10.1177/09544119231177834,2023,"Proceedings of the Institution of Mechanical Engineers. Part H, Journal of engineering in medicine",research-article; Journal Article,A convolutional neural network for high throughput screening of femoral stem taper corrosion.,"Corrosion at the modular head-neck taper interface of total and hemiarthroplasty hip implants (trunnionosis) is a cause of implant failure and clinical concern. The Goldberg corrosion scoring method is considered the gold standard for observing trunnionosis, but it is labor-intensive to perform. This limits the quantity of implants retrieval studies typically analyze. Machine learning, particularly convolutional neural networks, have been used in various medical imaging applications and corrosion detection applications to help reduce repetitive and tedious image identification tasks. 725 retrieved modular femoral stem arthroplasty devices had their trunnion imaged in four positions and scored by an observer. A convolutional neural network was designed and trained from scratch using the images. There were four classes, each representing one of the established Goldberg corrosion classes. The composition of the classes were as follows: class 1 (n = 1228), class 2 (n = 1225), class 3 (n = 335), and class 4 (n = 102). The convolutional neural network utilized a single convolutional layer and RGB coloring. The convolutional neural network was able to distinguish no and mild corrosion (classes 1 and 2) from moderate and severe corrosion (classes 3 and 4) with an accuracy of 98.32%, a class 1 and 2 sensitivity of 0.9881, a class 3 and 4 sensitivity of 0.9556 and an area under the curve of 0.9740. This convolutional neural network may be used as a screening tool to identify retrieved modular hip arthroplasty device trunnions for further study and the presence of moderate and severe corrosion with high reliability, reducing the burden on skilled observers."
29,A1_imaging,37296645,PMC10252613,10.3390/cells12111524,2023,Cells,"Research Support, Non-U.S. Gov't; research-article; Journal Article",Evaluating Differentiation Status of Mesenchymal Stem Cells by Label-Free Microscopy System and Machine Learning.,"Mesenchymal stem cells (MSCs) play a crucial role in tissue engineering, as their differentiation status directly affects the quality of the final cultured tissue, which is critical to the success of transplantation therapy. Furthermore, the precise control of MSC differentiation is essential for stem cell therapy in clinical settings, as low-purity stem cells can lead to tumorigenic problems. Therefore, to address the heterogeneity of MSCs during their differentiation into adipogenic or osteogenic lineages, numerous label-free microscopic images were acquired using fluorescence lifetime imaging microscopy (FLIM) and stimulated Raman scattering (SRS), and an automated evaluation model for the differentiation status of MSCs was built based on the K-means machine learning algorithm. The model is capable of highly sensitive analysis of individual cell differentiation status, so it has great potential for stem cell differentiation research."
30,A1_imaging,38725425,PMC11543327,10.5051/jpis.2302880144,2024,Journal of periodontal & implant science,research-article; Journal Article,Deep learning to assess bone quality from panoramic radiographs: the feasibility of clinical application through comparison with an implant surgeon and cone-beam computed tomography.,"PurposeBone quality is one of the most important clinical factors for the primary stability and successful osseointegration of dental implants. This preliminary pilot study aimed to evaluate the clinical applicability of deep learning (DL) for assessing bone quality using panoramic (PA) radiographs compared with an implant surgeon's subjective tactile sense and cone-beam computed tomography (CBCT) values.MethodsIn total, PA images of 2,270 edentulous sites for implant placement were selected, and the corresponding CBCT relative gray value measurements and bone quality classification were performed using 3-dimensional dental image analysis software. Based on the pre-trained and fine-tuned ResNet-50 architecture, the bone quality classification of PA images was classified into 4 levels, from D1 to D4, and Spearman correlation analyses were performed with the implant surgeon's tactile sense and CBCT values.ResultsThe classification accuracy of DL was evaluated using a test dataset comprising 454 cropped PA images, and it achieved an area under the receiving characteristic curve of 0.762 (95% confidence interval [CI], 0.714-0.810). Spearman correlation analysis of bone quality showed significant positive correlations with the CBCT classification (r=0.702; 95% CI, 0.651-0.747; Pr=0.658; 95% CI, 0.600-0.708, PConclusionsDL classification using PA images showed a significant and consistent correlation with CBCT classification and the surgeon's tactile sense in classifying the bone quality at the implant placement site. Further research based on high-quality quantitative datasets is essential to increase the reliability and validity of this method for actual clinical applications."
31,A1_imaging,34108005,PMC8191053,10.1186/s13578-021-00623-3,2021,Cell & bioscience,research-article; Journal Article,Artificial intelligence and guidance of medicine in the bubble.,"Microbubbles are nanosized gas-filled bubbles. They are used in clinical diagnostics, in medical imaging, as contrast agents in ultrasound imaging, and as transporters for targeted drug delivery. They can also be used to treat thrombosis, neoplastic diseases, open arteries and vascular plaques and for localized transport of chemotherapies in cancer patients. Microbubbles can be filled with any type of therapeutics, cure agents, growth factors, extracellular vesicles, exosomes, miRNAs, and drugs. Microbubbles protect their cargo from immune attack because of their specialized encapsulated shell composed of lipid and protein. Filled with curative medicine, they could effectively circulate through the whole body safely and efficiently to reach the target area. The advanced bubble-based drug-delivery system, integrated with artificial intelligence for guidance, holds great promise for the targeted delivery of drugs and medicines."
32,A1_imaging,34930522,PMC8691837,10.7554/elife.67660,2021,eLife,"Research Support, Non-U.S. Gov't; research-article; Journal Article",In silico-labeled ghost cytometry.,"Characterization and isolation of a large population of cells are indispensable procedures in biological sciences. Flow cytometry is one of the standards that offers a method to characterize and isolate cells at high throughput. When performing flow cytometry, cells are molecularly stained with fluorescent labels to adopt biomolecular specificity which is essential for characterizing cells. However, molecular staining is costly and its chemical toxicity can cause side effects to the cells which becomes a critical issue when the cells are used downstream as medical products or for further analysis. Here, we introduce a high-throughput stain-free flow cytometry called in silico-labeled ghost cytometry which characterizes and sorts cells using machine-predicted labels. Instead of detecting molecular stains, we use machine learning to derive the molecular labels from compressive data obtained with diffractive and scattering imaging methods. By directly using the compressive 'imaging' data, our system can accurately assign the designated label to each cell in real time and perform sorting based on this judgment. With this method, we were able to distinguish different cell states, cell types derived from human induced pluripotent stem (iPS) cells, and subtypes of peripheral white blood cells using only stain-free modalities. Our method will find applications in cell manufacturing for regenerative medicine as well as in cell-based medical diagnostic assays in which fluorescence labeling of the cells is undesirable."
33,A1_imaging,34975805,PMC8714886,10.3389/fmicb.2021.784974,2021,Frontiers in microbiology,research-article; Journal Article,Characteristics of Mucormycosis in Hematological Patients and a Death Prediction Model.,"Mucormycosis is an angioinvasive fungal infection, associated with high mortality. The aim of our study was to explore the high-risk factors and predict the death of hematological disease complicated with mucormycosis. We retrospectively analyzed clinical data of 31 patients with hematological disease complicated with mucormycosis, adopted random forest to establish the death prediction model, and validated the model in another 15 patients. The median age of the 31 cases was 46 (28-51) years, male to female ratio 1.38:1, and 90-day mortality rate 54.8%. The most common underlying disease was acute myeloid leukemia (58.1%). The main clinical symptoms were fever (100%), cough (87.1%), sputum (80.6%), chest pain (61.3%), and hemoptysis (19.4%). Reversed halo sign (83.9%) was the most common computed tomography sign. A total of 48.4% of patients also had aspergillus or bacterial infections. Discriminative models were constructed by random forest with 17 non-survivors and 14 survivors. Procalcitonin, the duration of intravenous administration of amphotericin B or amphotericin B liposomes, and neutropenia at death or 90 days of survival were the leading risk factors for poor prognosis, with area under the curve of 0.975 (95% CI 0.934-1). We chose 0.6775 as death prediction threshold (with 82.3% sensitivity and 100% specificity) and validated the model successfully in another 15 patients. Chest pain and reversed halo sign are specific clinical and image signs of hematological disease complicated with mucormycosis. Neutropenia, elevated procalcitonin, and insufficient use time of amphotericin B or amphotericin B liposomes are risk factors for death."
34,A1_imaging,40376500,PMC12081163,10.1117/1.jbo.30.5.056009,2025,Journal of biomedical optics,"Research Support, Non-U.S. Gov't; research-article; Journal Article",Depth-resolved imaging in turbid media via Mueller matrix polarimetry.,"SignificancePolarimetry offers advantages such as high information dimensionality and sensitivity to microstructures. Determining the depth of the tissue is essential for clinical diagnosis and treatment, such as lesion localization, removal, and drug delivery. However, relying solely on polarization techniques for tissue depth measurement remains a subject for further investigation.AimWe aim to investigate the tissue depth measurement in turbid media using Mueller matrix polarimetry, with a focus on fibrous tissues.ApproachTissue phantoms are constructed to quantitatively simulate fibrosis at specific depth. By analyzing Mueller matrix measurements across depth gradients, correlations between polarization basic parameters (PBPs) and tissue depth are established using supervised machine learning algorithms.ResultsWe introduce an approach by combining degree of polarization (DOP)-sensitive PBPs with anisotropy-sensitive PBPs to develop depth-sensitive polarization feature parameters (DSPFPs). The DSPFPs exhibit enhanced sensitivity to depth in shallow layers while preserving accuracy in deeper layers. The effectiveness and robustness of the proposed method are validated through 2D depth-resolved imaging of tissue phantoms.ConclusionsWe preliminarily explore the feasibility of depth measurement using Mueller matrix polarimetry, establishing a method for tissue depth assessment while also expanding the applications of polarimetry."
35,A1_imaging,35498319,PMC9049038,10.1039/c9ra09475j,2020,RSC advances,research-article; Journal Article,QSAR modeling of the toxicity classification of superparamagnetic iron oxide nanoparticles (SPIONs) in stem-cell monitoring applications: an integrated study from data curation to model development.,"The use of in silico approaches for the prediction of biomedical properties of nano-biomaterials (NBMs) can play a significant role in guiding and reducing wetlab experiments. Computational methods, such as data mining and machine learning techniques, can increase the efficiency and reduce the time and cost required for hazard and risk assesment and for designing new safer NBMs. A major obstacle in developing accurate and well-validated in silico models such as Nano Quantitative Structure-Activity Relationships (Nano-QSARs) is that although the volume of data published in the literature is increasing, the data are fragmented in many different publications and are not sufficiently curated for modelling purposes. Moreover, NBMs exhibit high complexity and heterogeneity in their structures, making data collection and curation and QSAR model development more challenging compared to traditional small molecules. The aim of this study was to construct and fully validate a Nano-QSAR model for the prediction of toxicological properties of superparamagnetic iron oxide nanoparticles (SPIONs), focusing on their application as Magnetic Resonance Imaging (MRI) contrast agents for non-invasive stem cell labelling and tracking. To achieve this goal, we first performed an extensive search through the literature for collecting and curating relevant data and we developed a dataset containing both physicochemical and toxicological properties of SPIONs. The data were analysed next, using Automated machine learning (Auto-ML) approaches for optimising the development and validation of nanotoxicity classification QSAR models of SPIONs. Further analysis of relative attribute importances revealed that physicochemical properties such as the size and the magnetic core are the dominant attributes correlated to the toxicity of SPIONs. Our results suggest that as more systematic information from NBM experimental tests becomes available, computational tools could play an important role in supporting the safety-by-design (SbD) concept in regenerative medicine and disease therapeutics."
36,A1_imaging,36555718,PMC9785476,10.3390/ijms232416070,2022,International journal of molecular sciences,research-article; Journal Article,Deep Learning-Based Artificial Intelligence to Investigate Targeted Nanoparticles' Uptake in TNBC Cells.,"Triple negative breast cancer (TNBC) is the most aggressive subtype of breast cancer in women. It has the poorest prognosis along with limited therapeutic options. Smart nano-based carriers are emerging as promising approaches in treating TNBC due to their favourable characteristics such as specifically delivering different cargos to cancer cells. However, nanoparticles' tumour cell uptake, and subsequent drug release, are essential factors considered during the drug development process. Contemporary qualitative analyses based on imaging are cumbersome and prone to human biases. Deep learning-based algorithms have been well-established in various healthcare settings with promising scope in drug discovery and development. In this study, the performance of five different convolutional neural network models was evaluated. In this research, we investigated two sequential models from scratch and three pre-trained models, VGG16, ResNet50, and Inception V3. These models were trained using confocal images of nanoparticle-treated cells loaded with a fluorescent anticancer agent. Comparative and cross-validation analyses were further conducted across all models to obtain more meaningful results. Our models showed high accuracy in predicting either high or low drug uptake and release into TNBC cells, indicating great translational potential into practice to aid in determining cellular uptake at the early stages of drug development in any area of research."
37,A1_imaging,37763841,PMC10535045,10.3390/mi14091678,2023,Micromachines,research-article; Journal Article,Deep-Learning-Based Digitization of Protein-Self-Assembly to Print Biodegradable Physically Unclonable Labels for Device Security.,"The increasingly pervasive problem of counterfeiting affects both individuals and industry. In particular, public health and medical fields face threats to device authenticity and patient privacy, especially in the post-pandemic era. Physical unclonable functions (PUFs) present a modern solution using counterfeit-proof security labels to securely authenticate and identify physical objects. PUFs harness innately entropic information generators to create a unique fingerprint for an authentication protocol. This paper proposes a facile protein self-assembly process as an entropy generator for a unique biological PUF. The posited image digitization process applies a deep learning model to extract a feature vector from the self-assembly image. This is then binarized and debiased to produce a cryptographic key. The NIST SP 800-22 Statistical Test Suite was used to evaluate the randomness of the generated keys, which proved sufficiently stochastic. To facilitate deployment on physical objects, the PUF images were printed on flexible silk-fibroin-based biodegradable labels using functional protein bioinks. Images from the labels were captured using a cellphone camera and referenced against the source image for error rate comparison. The deep-learning-based biological PUF has potential as a low-cost, scalable, highly randomized strategy for anti-counterfeiting technology."
38,A1_imaging,33514740,PMC7846796,10.1038/s41597-021-00806-0,2021,Scientific data,"Research Support, Non-U.S. Gov't; Dataset; data-paper; Journal Article",Synthetic skull bone defects for automatic patient-specific craniofacial implant design.,"Patient-specific craniofacial implants are used to repair skull bone defects after trauma or surgery. Currently, cranial implants are designed and produced by third-party suppliers, which is usually time-consuming and expensive. Recent advances in additive manufacturing made the in-hospital or in-operation-room fabrication of personalized implants feasible. However, the implants are still manufactured by external companies. To facilitate an optimized workflow, fast and automatic implant manufacturing is highly desirable. Data-driven approaches, such as deep learning, show currently great potential towards automatic implant design. However, a considerable amount of data is needed to train such algorithms, which is, especially in the medical domain, often a bottleneck. Therefore, we present CT-imaging data of the craniofacial complex from 24 patients, in which we injected various artificial cranial defects, resulting in 240 data pairs and 240 corresponding implants. Based on this work, automatic implant design and manufacturing processes can be trained. Additionally, the data of this work build a solid base for researchers to work on automatic cranial implant designs."
39,A1_imaging,37304146,PMC10250676,10.3389/fbioe.2023.1105377,2023,Frontiers in bioengineering and biotechnology,research-article; Journal Article,Computational approaches for evaluating morphological changes in the corneal stroma associated with decellularization.,"Decellularized corneas offer a promising and sustainable source of replacement grafts, mimicking native tissue and reducing the risk of immune rejection post-transplantation. Despite great success in achieving acellular scaffolds, little consensus exists regarding the quality of the decellularized extracellular matrix. Metrics used to evaluate extracellular matrix performance are study-specific, subjective, and semi-quantitative. Thus, this work focused on developing a computational method to examine the effectiveness of corneal decellularization. We combined conventional semi-quantitative histological assessments and automated scaffold evaluations based on textual image analyses to assess decellularization efficiency. Our study highlights that it is possible to develop contemporary machine learning (ML) models based on random forests and support vector machine algorithms, which can identify regions of interest in acellularized corneal stromal tissue with relatively high accuracy. These results provide a platform for developing machine learning biosensing systems for evaluating subtle morphological changes in decellularized scaffolds, which are crucial for assessing their functionality."
40,A1_imaging,32446959,PMC8165939,10.1016/j.ymeth.2020.05.017,2021,"Methods (San Diego, Calif.)","Research Support, Non-U.S. Gov't; research-article; Journal Article",An integrated pipeline for high-throughput screening and profiling of spheroids using simple live image analysis of frame to frame variations.,"High-throughput imaging methods can be applied to relevant cell culture models, fostering their use in research and translational applications. Improvements in microscopy, computational capabilities and data analysis have enabled high-throughput, high-content approaches from endpoint 2D microscopy images. Nonetheless, trade-offs in acquisition, computation and storage between content and throughput remain, in particular when cells and cell structures are imaged in 3D. Moreover, live 3D phase contrast microscopy images are not often amenable to analysis because of the high level of background noise. Cultures of Human induced pluripotent stem cells (hiPSC) offer unprecedented scope to profile and screen conditions affecting cell fate decisions, self-organisation and early embryonic development. However, quantifying changes in the morphology or function of cell structures derived from hiPSCs over time presents significant challenges. Here, we report a novel method based on the analysis of live phase contrast microscopy images of hiPSC spheroids. We compare self-renewing versus differentiating media conditions, which give rise to spheroids with distinct morphologies; round versus branched, respectively. These cell structures are segmented from 2D projections and analysed based on frame-to-frame variations. Importantly, a tailored convolutional neural network is trained and applied to predict culture conditions from time-frame images. We compare our results with more classic and involved endpoint 3D confocal microscopy and propose that such approaches can complement spheroid-based assays developed for the purpose of screening and profiling. This workflow can be realistically implemented in laboratories using imaging-based high-throughput methods for regenerative medicine and drug discovery."
41,A1_imaging,34443874,PMC8401814,10.3390/nano11082043,2021,"Nanomaterials (Basel, Switzerland)",research-article; Journal Article,Dual-Tunable Memristor Based on Carbon Nanotubes and Graphene Quantum Dots.,"Nanocarbon materials have the advantages of biocompatibility, thermal stability and chemical stability and have shown excellent electrical properties in electronic devices. In this study, Al/MWCNT:GQD/ITO memristors with rewritable nonvolatile properties were prepared based on composites consisting of multiwalled carbon nanotubes (MWCNTs) and graphene quantum dots (GQDs). The switching current ratio of such a device can be tuned in two ways. Due to the ultraviolet light sensitivity of GQDs, when the dielectric material is illuminated by ultraviolet light, the charge capture ability of the GQDs decreases with an increasing duration of illumination, and the switching current ratio of the device also decreases with an increasing illumination duration (103-10). By exploiting the charge capture characteristics of GQDs, the trap capture level can be increased by increasing the content of GQDs in the dielectric layer. The switching current ratio of the device increases with increasing GQD content (10-103). The device can be programmed and erased more than 100 times; the programmable switching state can withstand 105 read pulses, and the retention time is more than 104 s. This memristor has a simple structure, low power consumption, and enormous application potential for data storage, artificial intelligence, image processing, artificial neural networks, and other applications."
42,A1_imaging,32457358,PMC7251103,10.1038/s41598-020-65453-8,2020,Scientific reports,"Research Support, Non-U.S. Gov't; research-article; Journal Article",A deep learning approach for designed diffraction-based acoustic patterning in microchannels.,"Acoustic waves can be used to accurately position cells and particles and are appropriate for this activity owing to their biocompatibility and ability to generate microscale force gradients. Such fields, however, typically take the form of only periodic one or two-dimensional grids, limiting the scope of patterning activities that can be performed. Recent work has demonstrated that the interaction between microfluidic channel walls and travelling surface acoustic waves can generate spatially variable acoustic fields, opening the possibility that the channel geometry can be used to control the pressure field that develops. In this work we utilize this approach to create novel acoustic fields. Designing the channel that results in a desired acoustic field, however, is a non-trivial task. To rapidly generate designed acoustic fields from microchannel elements we utilize a deep learning approach based on a deep neural network (DNN) that is trained on images of pre-solved acoustic fields. We use then this trained DNN to create novel microchannel architectures for designed microparticle patterning."
43,A1_imaging,38960112,PMC13128258,10.1016/j.actbio.2024.06.038,2024,Acta biomaterialia,"research-article; Journal Article; Research Support, N.I.H., Extramural",Discovering 3D hidden elasticity in isotropic and transversely isotropic materials with physics-informed UNets.,"Three-dimensional variation in structural components or fiber alignments results in complex mechanical property distribution in tissues and biomaterials. In this paper, we use a physics-informed UNet-based neural network model (El-UNet) to discover the three-dimensional (3D) internal composition and space-dependent material properties of heterogeneous isotropic and transversely isotropic materials without a priori knowledge of the composition. We then show the capabilities of El-UNet by validating against data obtained from finite-element simulations of two soft tissues, namely, brain tissue and articular cartilage, under various loading conditions. We first simulated compressive loading of 3D brain tissue comprising of distinct white matter and gray matter mechanical properties undergoing small strains with isotropic linear elastic behavior, where El-UNet reached mean absolute relative errors under 1.5 % for elastic modulus and Poisson's ratio estimations across the 3D volume. We showed that the 3D solution achieved by El-UNet was superior to relative stiffness mapping by inverse of axial strain and two-dimensional plane stress/plane strain approximations. Additionally, we simulated a transversely isotropic articular cartilage with known fiber orientations undergoing compressive loading, and accurately estimated the spatial distribution of all five material parameters, with mean absolute relative errors under 5 %. Our work demonstrates the application of the computationally efficient physics-informed El-UNet in 3D elasticity imaging and provides methods for translation to experimental 3D characterization of soft tissues and other materials. The proposed El-UNet offers a powerful tool for both in vitro and ex vivo tissue analysis, with potential extensions to in vivo diagnostics. STATEMENT OF SIGNIFICANCE: Elasticity imaging is a technique that reconstructs mechanical properties of tissue using deformation and force measurements. Given the complexity of this reconstruction, most existing methods have mostly focused on 2D problems. Our work is the first implementation of physics-informed UNets to reconstruct three-dimensional material parameter distributions for isotropic and transversely isotropic linear elastic materials by having deformation and force measurements. We comprehensively validate our model using synthetic data generated using finite element models of biological tissues with high bio-fidelity-the brain and articular cartilage. Our method can be implemented in elasticity imaging scenarios for in vitro and ex vivo mechanical characterization of biomaterials and biological tissues, with potential extensions to in vivo diagnostics."
44,A1_imaging,35199227,PMC8866374,10.1007/s00018-022-04196-3,2022,Cellular and molecular life sciences : CMLS,research-article; Journal Article,Monitoring the maturation of the sarcomere network: a super-resolution microscopy-based approach.,"The in vitro generation of human cardiomyocytes derived from induced pluripotent stem cells (iPSC) is of great importance for cardiac disease modeling, drug-testing applications and for regenerative medicine. Despite the development of various cultivation strategies, a sufficiently high degree of maturation is still a decisive limiting factor for the successful application of these cardiac cells. The maturation process includes, among others, the proper formation of sarcomere structures, mediating the contraction of cardiomyocytes. To precisely monitor the maturation of the contractile machinery, we have established an imaging-based strategy that allows quantitative evaluation of important parameters, defining the quality of the sarcomere network. iPSC-derived cardiomyocytes were subjected to different culture conditions to improve sarcomere formation, including prolonged cultivation time and micro patterned surfaces. Fluorescent images of α-actinin were acquired using super-resolution microscopy. Subsequently, we determined cell morphology, sarcomere density, filament alignment, z-Disc thickness and sarcomere length of iPSC-derived cardiomyocytes. Cells from adult and neonatal heart tissue served as control. Our image analysis revealed a profound effect on sarcomere content and filament orientation when iPSC-derived cardiomyocytes were cultured on structured, line-shaped surfaces. Similarly, prolonged cultivation time had a beneficial effect on the structural maturation, leading to a more adult-like phenotype. Automatic evaluation of the sarcomere filaments by machine learning validated our data. Moreover, we successfully transferred this approach to skeletal muscle cells, showing an improved sarcomere formation cells over different differentiation periods. Overall, our image-based workflow can be used as a straight-forward tool to quantitatively estimate the structural maturation of contractile cells. As such, it can support the establishment of novel differentiation protocols to enhance sarcomere formation and maturity."
45,A1_imaging,38737974,PMC11082644,10.1039/d4ra01257g,2024,RSC advances,research-article; Journal Article,Machine learning-guided morphological property prediction of 2D electrospun scaffolds: the effect of polymer chemical composition and processing parameters.,"Among various methods for fabricating polymeric tissue engineering scaffolds, electrospinning stands out as a relatively simple technique widely utilized in research. Numerous studies have delved into understanding how electrospinning processing parameters and specific polymeric solutions affect the physical features of the resulting scaffolds. However, owing to the complexity of these interactions, no definitive approaches have emerged. This study introduces the use of Simplified Molecular Input Line Entry System (SMILES) encoding method to represent materials, coupled with machine learning algorithms, to model the relationships between material properties, electrospinning parameters and scaffolds' physical properties. Here, the scaffolds' fiber diameter and conductivity have been predicted for the first time using this approach. In the classification task, the voting classifier predicted the fibers diameter with a balanced accuracy score of 0.9478. In the regression task, a neural network regressor was architected to learn the relations between parameters and predict the fibers diameter with R2 = 0.723. In the case of fibers conductivity, regressor and classifier models were used for prediction, but the performance fluctuated due to the inadequate information in the published data and the collected dataset. Finally, the model prediction accuracy was validated by experimental electrospinning of a biocompatible polymer (i.e., polyvinyl alcohol and polyvinyl alcohol/polypyrrole). Field-emission scanning electron microscope (FE-SEM) images were used to measure fiber diameter. These results demonstrated the efficacy of the proposed model in predicting the polymer nanofiber diameter and reducing the parameter space prior to the scoping exercises. This data-driven model can be readily extended to the electrospinning of various biopolymers."
46,A1_imaging,36277789,PMC9582957,10.3389/fcvm.2022.1003246,2022,Frontiers in cardiovascular medicine,research-article; Journal Article,Calcification of the abdominal aorta is an under-appreciated cardiovascular disease risk factor in the general population.,"Calcification of large arteries is a high-risk factor in the development of cardiovascular diseases, however, due to the lack of routine monitoring, the pathology remains severely under-diagnosed and prevalence in the general population is not known. We have developed a set of machine learning methods to quantitate levels of abdominal aortic calcification (AAC) in the UK Biobank imaging cohort and carried out the largest to-date analysis of genetic, biochemical, and epidemiological risk factors associated with the pathology. In a genetic association study, we identified three novel loci associated with AAC (FGF9, NAV9, and APOE), and replicated a previously reported association at the TWIST1/HDAC9 locus. We find that AAC is a highly prevalent pathology, with ~ 1 in 10 adults above the age of 40 showing significant levels of hydroxyapatite build-up (Kauppila score > 3). Presentation of AAC was strongly predictive of future cardiovascular events including stenosis of precerebral arteries (HR~1.5), myocardial infarction (HR~1.3), ischemic heart disease (HR~1.3), as well as other diseases such as chronic obstructive pulmonary disease (HR~1.3). Significantly, we find that the risk for myocardial infarction from elevated AAC (HR ~1.4) was comparable to the risk of hypercholesterolemia (HR~1.4), yet most people who develop AAC are not hypercholesterolemic. Furthermore, the overwhelming majority (98%) of individuals who develop pathology do so in the absence of known pre-existing risk conditions such as chronic kidney disease and diabetes (0.6% and 2.7% respectively). Our findings indicate that despite the high cardiovascular risk, calcification of large arteries remains a largely under-diagnosed lethal condition, and there is a clear need for increased awareness and monitoring of the pathology in the general population."
47,A1_imaging,34385899,PMC8331278,10.1155/2021/9032017,2021,Contrast media & molecular imaging,research-article; Journal Article,The Value of Convolutional Neural Network-Based Magnetic Resonance Imaging Image Segmentation Algorithm to Guide Targeted Controlled Release of Doxorubicin Nanopreparation.,"There was an investigation of the auxiliary role of convolutional neural network- (CNN-) based magnetic resonance imaging (MRI) image segmentation algorithm in MRI image-guided targeted drug therapy of doxorubicin nanomaterials so that the value of drug-controlled release in liver cancer patients was evaluated. In this study, 80 patients with liver cancer were selected as the research objects. It was hoped that the CNN-based MRI image segmentation algorithm could be applied to the guided analysis of MRI images of the targeted controlled release of doxorubicin nanopreparation to analyze the imaging analysis effect of this algorithm on the targeted treatment of liver cancer with doxorubicin nanopreparation. The results of this study showed that the upgraded three-dimensional (3D) CNN-based MRI image segmentation had a better effect compared with the traditional CNN-based MRI image segmentation, with significant improvement in indicators such as accuracy, precision, sensitivity, and specificity, and the differences were all statistically marked (p p < 0.05). In a word, the MRI image segmentation algorithm based on CNN had good application potential in guiding patients with liver cancer for targeted therapy with doxorubicin nanopreparation, which was worth promoting in the adjuvant treatment of targeted drugs for cancer."
48,A1_imaging,36547910,PMC9787916,10.3390/md20120763,2022,Marine drugs,research-article; Journal Article,"Polypharmacological Cell-Penetrating Peptides from Venomous Marine Animals Based on Immunomodulating, Antimicrobial, and Anticancer Properties.","Complex pathological diseases, such as cancer, infection, and Alzheimer's, need to be targeted by multipronged curative. Various omics technologies, with a high rate of data generation, demand artificial intelligence to translate these data into druggable targets. In this study, 82 marine venomous animal species were retrieved, and 3505 cryptic cell-penetrating peptides (CPPs) were identified in their toxins. A total of 279 safe peptides were further analyzed for antimicrobial, anticancer, and immunomodulatory characteristics. Protease-resistant CPPs with endosomal-escape ability in Hydrophis hardwickii, nuclear-localizing peptides in Scorpaena plumieri, and mitochondrial-targeting peptides from Synanceia horrida were suitable for compartmental drug delivery. A broad-spectrum S. horrida-derived antimicrobial peptide with a high binding-affinity to bacterial membranes was an antigen-presenting cell (APC) stimulator that primes cytokine release and naïve T-cell maturation simultaneously. While antibiofilm and wound-healing peptides were detected in Synanceia verrucosa, APC epitopes as universal adjuvants for antiviral vaccination were in Pterois volitans and Conus monile. Conus pennaceus-derived anticancer peptides showed antiangiogenic and IL-2-inducing properties with moderate BBB-permeation and were defined to be a tumor-homing peptide (THP) with the ability to inhibit programmed death ligand-1 (PDL-1). Isoforms of RGD-containing peptides with innate antiangiogenic characteristics were in Conus tessulatus for tumor targeting. Inhibitors of neuropilin-1 in C. pennaceus are proposed for imaging probes or therapeutic delivery. A Conus betulinus cryptic peptide, with BBB-permeation, mitochondrial-targeting, and antioxidant capacity, was a stimulator of anti-inflammatory cytokines and non-inducer of proinflammation proposed for Alzheimer's. Conclusively, we have considered the dynamic interaction of cells, their microenvironment, and proportional-orchestrating-host- immune pathways by multi-target-directed CPPs resembling single-molecule polypharmacology. This strategy might fill the therapeutic gap in complex resistant disorders and increase the candidates' clinical-translation chance."
49,A1_imaging,34684166,PMC8538133,10.3390/medicina57101129,2021,"Medicina (Kaunas, Lithuania)",research-article; Journal Article,Stimulation of Healing of Non-Infected Stagnated Diabetic Wounds by Copper Oxide-Impregnated Wound Dressings.,"Background and Objective: Copper, a wide spectrum biocide, also plays a key role in angiogenesis and wound healing. Antibacterial wound dressings impregnated with copper oxide microparticles (COD) have been recently cleared by the U.S. FDA and other regulatory bodies for the treatment of acute and chronic wounds, including diabetic wounds. Our objective was to evaluate the capacity of COD in stimulating the healing of non-infected stagnated wounds in diabetic patients initially treated with standard of care (SOC) dressings. Materials and Methods: The trial was divided into the three following phases: 1-2 weeks of screening, during which the patients were treated with SOC dressings; 4 weeks of treatment, during which the COD was applied twice weekly; and 2 weeks of follow-up, during which the patients were again treated with SOC dressings. The wound conditions and sizes were assessed by clinical evaluation and a wound imaging artificial intelligence system. Results: Following 1 month of COD treatment, there was a clear reduction in the mean wound area (53.2%; p = 0.003), an increase in granulation tissue (43.37; p p = 0.002). In patients with non-weight-bearing wounds, the reduction in wound size was even more dramatic (66.9%; p Conclusions: The results of this study, showing a statistically significant influence of COD on wound healing of hard-to-heal wounds in diabetic patients, strongly supports the notion that copper oxide-impregnated dressings enhance wound healing directly. Further larger controlled studies should be conducted to substantiate our findings."
50,A1_imaging,35371506,PMC8895015,10.1107/s2052252521012963,2022,IUCrJ,research-article; Journal Article,Quantitative analysis of the effect of radiation on mitochondria structure using coherent diffraction imaging with a clustering algorithm.,"Radiation damage and a low signal-to-noise ratio are the primary factors that limit spatial resolution in coherent diffraction imaging (CDI) of biomaterials using X-ray sources. Introduced here is a clustering algorithm named ConvRe based on deep learning, and it is applied to obtain accurate and consistent image reconstruction from noisy diffraction patterns of weakly scattering biomaterials. To investigate the impact of X-ray radiation on soft biomaterials, CDI experiments were performed on mitochondria from human embryonic kidney cells using synchrotron radiation. Benefiting from the new algorithm, structural changes in the mitochondria induced by X-ray radiation damage were quantitatively characterized and analysed at the nanoscale with different radiation doses. This work also provides a promising approach for improving the imaging quality of biomaterials with XFEL-based plane-wave CDI."
51,A1_imaging,39857791,PMC11761273,10.3390/biomedicines13010208,2025,Biomedicines,research-article; Journal Article,Advancing Hydrogel-Based 3D Cell Culture Systems: Histological Image Analysis and AI-Driven Filament Characterization.,"Background: Machine learning is used to analyze images by training algorithms on data to recognize patterns and identify objects, with applications in various fields, such as medicine, security, and automation. Meanwhile, histological cross-sections, whether longitudinal or transverse, expose layers of tissues or tissue mimetics, which provide crucial information for microscopic analysis. Objectives: This study aimed to employ the Google platform ""Teachable Machine"" to apply artificial intelligence (AI) in the interpretation of histological cross-section images of hydrogel filaments. Methods: The production of 3D hydrogel filaments involved different combinations of sodium alginate and gelatin polymers, as well as a cross-linking agent, and subsequent stretching until rupture using an extensometer. Cross-sections of stretched and unstretched filaments were created and stained with hematoxylin and eosin. Using the Teachable Machine platform, images were grouped and trained for subsequent prediction. Results: Over six hundred histological cross-section images were obtained and stored in a virtual database. Each hydrogel combination exhibited variations in coloration, and some morphological structures remained consistent. The AI efficiently identified and differentiated images of stretched and unstretched filaments. However, some confusion arose when distinguishing among variations in hydrogel combinations. Conclusions: Therefore, the image prediction tool for biopolymeric hydrogel histological cross-sections using Teachable Machine proved to be an efficient strategy for distinguishing stretched from unstretched filaments."
52,A1_imaging,38510171,PMC10951922,10.1017/s2633903x23000247,2023,Biological imaging,research-article; Journal Article,A spatial statistical framework for the parametric study of fiber networks: Application to fibronectin deposition by normal and activated fibroblasts.,"Due to the complex architectural diversity of biological networks, there is an increasing need to complement statistical analyses with a qualitative and local description of their spatial properties. One such network is the extracellular matrix (ECM), a biological scaffold for which changes in its spatial organization significantly impact tissue functions in health and disease. Quantifying variations in the fibrillar architecture of major ECM proteins should considerably advance our understanding of the link between tissue structure and function. Inspired by the analysis of functional magnetic resonance imaging (fMRI) images, we propose a novel statistical analysis approach embedded into a machine learning paradigm, to measure and detect local variations of meaningful ECM parameters. We show that parametric maps representing fiber length and pore directionality can be analyzed within the proposed framework to differentiate among various tissue states. The parametric maps are derived from graph-based representations that reflect the network architecture of fibronectin (FN) fibers in a normal, or disease-mimicking in vitro setting. Such tools can potentially lead to a better characterization of dynamic matrix networks within fibrotic tumor microenvironments and contribute to the development of better imaging modalities for monitoring their remodeling and normalization following therapeutic intervention."
53,A1_imaging,35422850,PMC9005268,10.1155/2022/6003293,2022,Computational intelligence and neuroscience,research-article; Journal Article,"Segmentation, Detection, and Tracking of Stem Cell Image by Digital Twins and Lightweight Deep Learning.","The current work aims to strengthen the research of segmentation, detection, and tracking methods of stem cell image in the fields of regenerative medicine and tissue damage restoration. Firstly, based on the relevant theories of stem cell image segmentation, digital twins (DTs), and lightweight deep learning, a new phase contrast microscope is introduced through the research of optical microscope. Secondly, the results of DTs method and phase contrast imaging principle are compared in stem cell image segmentation and detection. Finally, a lightweight deep learning model is introduced in the segmentation and tracking of stem cell image to observe the gray value and mean value before and after stem cell image movement and stem cell division. The results show that phase contrast microscope can increase the phase contrast and amplitude difference of stem cell image and solve the problem of stem cell image segmentation to a certain extent. The detection results of DTs method are compared with phase contrast imaging principle. It indicates that not only can DTs method make the image contour more accurate and clearer, but also its accuracy, recall, and F1 score are 0.038, 0.024, and 0.043 higher than those of the phase contrast imaging method. The lightweight deep learning model is applied to the segmentation and tracking of stem cell image. It is found that the gray value and mean value of stem cell image before and after movement and stem cell division do not change significantly. Hence, the application of DTs and lightweight deep learning methods in the segmentation, detection, and tracking of stem cell image has great reference significance for the development of biology and medicine."
54,A1_imaging,40979294,PMC12447652,10.1016/j.xinn.2025.100947,2025,Innovation (Cambridge (Mass.)),research-article; Journal Article,Migration and structural implication of cyanobacteria in biological soil crusts in response to water and particle burial.,"Cyanobacteria are constructors of biological soil crusts (BSCs); their motility is thought to be crucial for surviving burial and BSC expansion. In this study, X-ray computed microtomography in combination with machine-learning-based image processing was employed to investigate cyanobacteria-dominated BSCs. The structural changes in these BSCs, as well as the behaviors of the dominant cyanobacterium Microcoleus vaginatus therein, in response to changes in water availability and particle burial were visualized and quantitatively analyzed. Hygroscopic swelling of cyanobacteria biomaterials increased pore-network complexity and reduced the porosity and hydraulic radius. Trichomes of M. vaginatus inside BSCs were connected to the surface by tunnel-like structures made of extracellular polymeric substances (EPSs), through which the trichomes migrated to and from the surface in bundles. Despite the generally negative effects of EPSs on hydraulic conductivity, EPS tunnels have the potential to enhance water transfer to the trichomes. Extensive hydration and particle burial led to the spreading migration of individual trichomes, forming net-like structures inside the newly deposited layer. The results highlight the significance of the structural organization of EPSs within BSCs and the importance of cyanobacterial migration in BSC expansion."
55,A1_imaging,39330168,PMC11431587,10.3390/gels10090565,2024,"Gels (Basel, Switzerland)",research-article; Journal Article,Diffusion Correction in Fricke Hydrogel Dosimeters: A Deep Learning Approach with 2D and 3D Physics-Informed Neural Network Models.,"In this work an innovative approach was developed to address a significant challenge in the field of radiation dosimetry: the accurate measurement of spatial dose distributions using Fricke gel dosimeters. Hydrogels are widely used in radiation dosimetry due to their ability to simulate the tissue-equivalent properties of human tissue, making them ideal for measuring and mapping radiation dose distributions. Among the various gel dosimeters, Fricke gels exploit the radiation-induced oxidation of ferrous ions to ferric ions and are particularly notable due to their sensitivity. The concentration of ferric ions can be measured using various techniques, including magnetic resonance imaging (MRI) or spectrophotometry. While Fricke gels offer several advantages, a significant hurdle to their widespread application is the diffusion of ferric ions within the gel matrix. This phenomenon leads to a blurring of the dose distribution over time, compromising the accuracy of dose measurements. To mitigate the issue of ferric ion diffusion, researchers have explored various strategies such as the incorporation of additives or modification of the gel composition to either reduce the mobility of ferric ions or stabilize the gel matrix. The computational method proposed leverages the power of artificial intelligence, particularly deep learning, to mitigate the effects of ferric ion diffusion that can compromise measurement precision. By employing Physics Informed Neural Networks (PINNs), the method introduces a novel way to apply physical laws directly within the learning process, optimizing the network to adhere to the principles governing ion diffusion. This is particularly advantageous for solving the partial differential equations that describe the diffusion process in 2D and 3D. By inputting the spatial distribution of ferric ions at a given time, along with boundary conditions and the diffusion coefficient, the model can backtrack to accurately reconstruct the original ion distribution. This capability is crucial for enhancing the fidelity of 3D spatial dose measurements, ensuring that the data reflect the true dose distribution without the artifacts introduced by ion migration. Here, multidimensional models able to handle 2D and 3D data were developed and tested against dose distributions numerically evolved in time from 20 to 100 h. The results in terms of various metrics show a significant agreement in both 2D and 3D dose distributions. In particular, the mean square error of the prediction spans the range 1×10-6-1×10-4, while the gamma analysis results in a 90-100% passing rate with 3%/2 mm, depending on the elapsed time, the type of distribution modeled and the dimensionality. This method could expand the applicability of Fricke gel dosimeters to a wider range of measurement tasks, from simple planar dose assessments to intricate volumetric analyses. The proposed technique holds great promise for overcoming the limitations imposed by ion diffusion in Fricke gel dosimeters."
56,A1_imaging,39211559,PMC11348340,10.1039/d4na00205a,2024,Nanoscale advances,research-article; Journal Article,Hyperspectral enhanced imaging analysis of nanoparticles using machine learning methods.,"Nanoparticle (NP)-based technologies have gained significant attention in targeted drug delivery, encompassing chemotherapies, photodynamic therapy, and immunotherapy. Hyperspectral imaging (HSI) emerges as a label-free, minimally invasive, and high-throughput technique for quantitative NP analysis. Despite its growing importance, the application of HSI to nanoparticle analysis, especially for label-free characterization and classification, remains limited. Here, we propose a novel method integrating hyperspectral imaging with a spectral noise reduction method and machine learning (ML) for robust nanoparticle classification. There are many challenges to extracting information from noisy and overlapping particles in HSI data. To surmount these challenges, we propose a spectral angle matching (SAM) algorithm to effectively denoise hyperspectral datasets. Complementing this, we employ a support vector machine (SVM) algorithm for classification, leveraging preprocessed HSI data to extract unique spectral signatures. Our hyperspectral imaging classification of multiple nanoparticle types reveals distinct spectral characteristics inherent to each class. The classification accuracy reaches 99.9% for single nanoparticle types, highlighting the efficiency of our method. In the case of classifying multiple particle types, the overall accuracy also reaches 99.9%. Visualization of the NP classification map further demonstrates the efficacy of our model. The application of the SAM-SVM algorithm in hyperspectral analysis outperforms traditional SVM methods in classifying multiple samples, highlighting the potential of our nanoparticle analysis. Our findings not only address the challenges posed by noisy and overlapping particles but also demonstrate the potential of hyperspectral imaging in advancing real-time and label-free detection systems for diverse biomedical applications."
57,A1_imaging,41390543,PMC12705811,10.1038/s41598-025-29189-7,2025,Scientific reports,"Research Support, Non-U.S. Gov't; research-article; Journal Article","Biofabrication, statistical optimization, and characterization of collagen nanoparticles synthesized via Streptomyces cell-free system for cancer therapy.","Collagen nanoparticles (CollNPs) exhibit low antigenicity, high surface area, non-toxicity, and excellent biocompatibility, making them promising for diverse biomedical applications. This study reports, for the first time, an eco-friendly, sustainable microbial-mediated biosynthesis of CollNPs using the cell-free system of Streptomyces viridochromogenes. UV-Vis spectroscopy showed a distinct absorption peak at 240 nm. A synergistic modeling approach combining Central Composite Rotatable Design (CCRD) and Artificial Neural Networks (ANN) were used to optimize biosynthesis parameters. The ANN identified the predicted optimal conditions at pH 7, collagen concentration 20 mg/mL, incubation time 115 h, and temperature 32 °C, with a theoretical maximum yield of 19.87 mg/mL. Experimental validation confirmed the model's accuracy, yielding 19.1 mg/mL Sv-CollNPs, closely matched the theoretical prediction ANN exhibited higher predictive accuracy than CCRD, confirming its robustness for process optimization. TEM revealed hollow, spherical Sv-CollNPs with an average diameter of 30.41 nm. FTIR analysis identified NH, CH, C = O, and OH functional groups contributing to nanoparticles formation and stabilization. The ζ-potential was - 19.4 mV, indicating good colloidal stability. The Sv-CollNPs displayed strong antioxidant and anti-hemolytic activities, alongside notable anticancer activity . The IC50 values were 7.94 ± 0.6 µg/mL (MCF-7), 13.89 ± 1.0 µg/mL (HepG2), and 22.06 ± 1.6 µg/mL (HCT116). In vivo experiments were conducted on six groups (n = 8 per group). Treatment with native collagen, Sv-CollNPs, and DOX reduced EAC tumor growth by  65.66%, 83.84%, and 85.86%, respectively. The combined treatment of Sv-CollNPs and DOX achieved the highest tumor inhibition (97.98%), exceeding the effects of the individual treatments. In conclusion, this study introduces S. viridochromogenes as a novel microbial source for collagen nanoparticles biosynthesis and demonstrates the superior predictive performance of ANN-based modeling. The findings reveal that biosynthesized Sv-CollNPs, especially when combined with DOX, exhibit strong therapeutic potential and represent an eco-friendly, innovative strategy for anticancer nanomedicine development."
58,A1_imaging,39604430,PMC11603200,10.1038/s41467-024-54267-1,2024,Nature communications,"Research Support, Non-U.S. Gov't; research-article; Journal Article",LungVis 1.0: an automatic AI-powered 3D imaging ecosystem unveils spatial profiling of nanoparticle delivery and acinar migration of lung macrophages.,"Targeted (nano-)drug delivery is essential for treating respiratory diseases, which are often confined to distinct lung regions. However, spatio-temporal profiling of drugs or nanoparticles (NPs) and their interactions with lung macrophages remains unresolved. Here, we present LungVis 1.0, an AI-powered imaging ecosystem that integrates light sheet fluorescence microscopy with deep learning-based image analysis pipelines to map NP deposition and dosage holistically and quantitatively across bronchial and alveolar (acinar) regions in murine lungs for widely-used bulk-liquid and aerosol-based delivery methods. We demonstrate that bulk-liquid delivery results in patchy NP distribution with elevated bronchial doses, whereas aerosols achieve uniform deposition reaching distal alveoli. Furthermore, we reveal that lung tissue-resident macrophages (TRMs) are dynamic, actively patrolling and redistributing NPs within alveoli, contesting the conventional paradigm of TRMs as static entities. LungVis 1.0 provides an advanced framework for exploring pulmonary delivery dynamics and deepening insights into TRM-mediated lung immunity."
59,A1_imaging,37863640,PMC10699105,10.1002/2211-5463.13719,2023,FEBS open bio,"Research Support, Non-U.S. Gov't; research-article; Journal Article","Three-dimensional, PEG-based hydrogels induce spheroid formation and enhance viability of A2058 melanoma cells.","Traditional drug screening methods use monolayer (2D) tumor cell cultures, which lack basic features of tumor complexity. As an alternative, 3D hydrogels have begun to emerge as simple, time-, and cost-saving systems. One of the most promising candidates, synthetic alkoxysilane-PEG (polyethylene glycol)-based hydrogels, are formed by ""sol-gel"" polymerization in an aqueous medium, which allows control over the incorporated elements. Our aims were to optimize siloxane-PEG hydrogels for three different cell lines of skin origin and utilize these 3D hydrogels as a feasible drug (e.g., daunorubicin) screening assay. A drastic increase in survival and the formation of cellular aggregates (spheroids) could be observed in A2058 melanoma cells, but not in keratinocyte and endothelial cell lines. A deep-learning neural network was trained to recognize and distinguish between the cellular formations and allowed the fast processing of hundreds of microscopic images. We developed an artificial intelligence (AI)-assisted application (https://github.com/enyecz/CancerDetector2), which indicated that, in terms of average area of the spheroids treated with daunorubicin, A2058 melanoma cell 3D aggregates have better survival in a hydrogel containing 15% bis-mono-ethoxysilane-PEG."
60,A1_imaging,35083408,PMC8753532,10.18699/vj21.103,2021,Vavilovskii zhurnal genetiki i selektsii,research-article; Journal Article,CLARITY and Light-Sheet microscopy sample preparation in application to human cerebral organoids.,"Cerebral organoids are three-dimensional cell-culture systems that represent a unique experimental model reconstructing early events of human neurogenesis in vitro in health and various pathologies. The most commonly used approach to studying the morphological parameters of organoids is immunohistochemical analysis; therefore, the three-dimensional cytoarchitecture of organoids, such as neural networks or asymmetric internal organization, is difficult to reconstruct using routine approaches. Immunohistochemical analysis of biological objects is a universal method in biological research. One of the key stages of this method is the production of cryo- or paraffin serial sections of samples, which is a very laborious and time-consuming process. In addition, slices represent only a tiny part of the object under study; three-dimensional reconstruction from the obtained serial images is an extremely complex process and often requires expensive special programs for image processing. Unfortunately, staining and microscopic examination of samples are difficult due to their low permeability and a high level of autofluorescence. Tissue cleaning technologies combined with Light-Sheet microscopy allows these challenges to be overcome. CLARITY is one of the tissue preparation techniques that makes it possible to obtain opaque biological objects transparent while maintaining the integrity of their internal structures. This method is based on a special sample preparation, during which lipids are removed from cells and replaced with hydrogel compounds such as acrylamide, while proteins and nucleic acids remain intact. CLARITY provides researchers with a unique opportunity to study three-dimensional biological structures while preserving their internal organization, including whole animals or embryos, individual organs and artificially grown organoids, in particular cerebral organoids. This protocol summarizes an optimization of CLARITY conditions for human brain organoids and the preparation of Light-Sheet microscopy samples."
61,A1_imaging,37711443,PMC10497969,10.3389/fbioe.2023.1225495,2023,Frontiers in bioengineering and biotechnology,research-article; Journal Article,Contributions of deep learning to automated numerical modelling of the interaction of electric fields and cartilage tissue based on 3D images.,"Electric fields find use in tissue engineering but also in sensor applications besides the broad classical application range. Accurate numerical models of electrical stimulation devices can pave the way for effective therapies in cartilage regeneration. To this end, the dielectric properties of the electrically stimulated tissue have to be known. However, knowledge of the dielectric properties is scarce. Electric field-based methods such as impedance spectroscopy enable determining the dielectric properties of tissue samples. To develop a detailed understanding of the interaction of the employed electric fields and the tissue, fine-grained numerical models based on tissue-specific 3D geometries are considered. A crucial ingredient in this approach is the automated generation of numerical models from biomedical images. In this work, we explore classical and artificial intelligence methods for volumetric image segmentation to generate model geometries. We find that deep learning, in particular the StarDist algorithm, permits fast and automatic model geometry and discretisation generation once a sufficient amount of training data is available. Our results suggest that already a small number of 3D images (23 images) is sufficient to achieve 80% accuracy on the test data. The proposed method enables the creation of high-quality meshes without the need for computer-aided design geometry post-processing. Particularly, the computational time for the geometrical model creation was reduced by half. Uncertainty quantification as well as a direct comparison between the deep learning and the classical approach reveal that the numerical results mainly depend on the cell volume. This result motivates further research into impedance sensors for tissue characterisation. The presented approach can significantly improve the accuracy and computational speed of image-based models of electrical stimulation for tissue engineering applications."
62,A1_imaging,38750148,PMC11096170,10.1038/s41598-024-61869-8,2024,Scientific reports,research-article; Journal Article,MRI-only based material mass density and relative stopping power estimation via deep learning for proton therapy: a preliminary study.,"Magnetic Resonance Imaging (MRI) is increasingly being used in treatment planning due to its superior soft tissue contrast, which is useful for tumor and soft tissue delineation compared to computed tomography (CT). However, MRI cannot directly provide mass density or relative stopping power (RSP) maps, which are required for calculating proton radiotherapy doses. Therefore, the integration of artificial intelligence (AI) into MRI-based treatment planning to estimate mass density and RSP directly from MRI has generated significant interest. A deep learning (DL) based framework was developed to establish a voxel-wise correlation between MR images and mass density as well as RSP. To facilitate the study, five tissue substitute phantoms were created, representing different tissues such as skin, muscle, adipose tissue, 45% hydroxyapatite (HA), and spongiosa bone. The composition of these phantoms was based on information from ICRP reports. Additionally, two animal tissue phantoms, simulating pig brain and liver, were prepared for DL training purposes. The phantom study involved the development of two DL models. The first model utilized clinical T1 and T2 MRI scans as input, while the second model incorporated zero echo time (ZTE) MRI scans. In the patient application study, two more DL models were trained: one using T1 and T2 MRI scans as input, and another model incorporating synthetic dual-energy computed tomography (sDECT) images to provide accurate bone tissue information. The DECT empirical model was used as a reference to evaluate the proposed models in both phantom and patient application studies. The DECT empirical model was selected as the reference for evaluating the proposed models in both phantom and patient application studies. In the phantom study, the DL model based on T1, and T2 MRI scans demonstrated higher accuracy in estimating mass density and RSP for skin, muscle, adipose tissue, brain, and liver. The mean absolute percentage errors (MAPE) were 0.42%, 0.14%, 0.19%, 0.78%, and 0.26% for mass density, and 0.30%, 0.11%, 0.16%, 0.61%, and 0.23% for RSP, respectively. The DL model incorporating ZTE MRI further improved the accuracy of mass density and RSP estimation for 45% HA and spongiosa bone, with MAPE values of 0.23% and 0.09% for mass density, and 0.19% and 0.07% for RSP, respectively. These results demonstrate the feasibility of using an MRI-only approach combined with DL methods for mass density and RSP estimation in proton therapy treatment planning. By employing this approach, it is possible to obtain the necessary information for proton radiotherapy directly from MRI scans, eliminating the need for additional imaging modalities."
63,A1_imaging,37168370,PMC10164950,10.3389/fonc.2023.1064548,2023,Frontiers in oncology,methods-article; Journal Article,A deep learning model for drug screening and evaluation in bladder cancer organoids.,"Three-dimensional cell tissue culture, which produces biological structures termed organoids, has rapidly promoted the progress of biological research, including basic research, drug discovery, and regenerative medicine. However, due to the lack of algorithms and software, analysis of organoid growth is labor intensive and time-consuming. Currently it requires individual measurements using software such as ImageJ, leading to low screening efficiency when used for a high throughput screen. To solve this problem, we developed a bladder cancer organoid culture system, generated microscopic images, and developed a novel automatic image segmentation model, AU2Net (Attention and Cross U2Net). Using a dataset of two hundred images from growing organoids (day1 to day 7) and organoids with or without drug treatment, our model applies deep learning technology for image segmentation. To further improve the accuracy of model prediction, a variety of methods are integrated to improve the model's specificity, including adding Grouping Cross Merge (GCM) modules at the model's jump joints to strengthen the model's feature information. After feature information acquisition, a residual attentional gate (RAG) is added to suppress unnecessary feature propagation and improve the precision of organoids segmentation by establishing rich context-dependent models for local features. Experimental results show that each optimization scheme can significantly improve model performance. The sensitivity, specificity, and F1-Score of the ACU2Net model reached 94.81%, 88.50%, and 91.54% respectively, which exceed those of U-Net, Attention U-Net, and other available network models. Together, this novel ACU2Net model can provide more accurate segmentation results from organoid images and can improve the efficiency of drug screening evaluation using organoids."
64,A1_imaging,41767930,PMC12945539,10.1364/boe.550401,2025,Biomedical optics express,research-article; Journal Article,Automated cell properties toolbox from 3D bioprinted hydrogel scaffolds via deep learning and optical coherence tomography.,"Accurately assessing cell viability and morphological properties within 3D bioprinted hydrogel scaffolds is essential for tissue engineering but remains challenging due to the limitations of existing invasive and threshold-based methods. We present a computational toolbox that automates cell viability analysis and quantifies key properties such as elongation, flatness, and surface roughness. This framework integrates optical coherence tomography (OCT) with deep learning-based segmentation, achieving a mean segmentation precision of 88.96%. By leveraging OCT's high-resolution imaging with deep learning-based segmentation, our novel approach enables non-invasive, quantitative analysis, which can advance rapid monitoring of 3D cell cultures for regenerative medicine and biomaterial research."
65,A1_imaging,37730937,PMC10511398,10.1186/s40729-023-00498-8,2023,International journal of implant dentistry,"Research Support, Non-U.S. Gov't; research-article; Journal Article",Influence of exposure of customized dental implant abutments to different cleaning procedures: an in vitro study using AI-assisted SEM/EDS analysis.,"PurposeDental implant abutments are defined as medical devices by their intended use. Surfaces of custom-made CAD/CAM two-piece abutments may become contaminated during the manufacturing process in the dental lab. Inadequate reprocessing prior to patient care may contribute to implant-associated complications. Risk-adapted hygiene management is required to meet the requirements for medical devices.MethodsA total of 49 CAD/CAM-manufactured zirconia copings were bonded to prefabricated titanium bases. One group was bonded, polished, and cleaned separately in dental laboratories throughout Germany (LA). Another group was left untreated (NC). Five groups received the following hygiene regimen: three-stage ultrasonic cleaning (CP and FP), steam (SC), argon-oxygen plasma (PL), and simple ultrasonic cleaning (UD). Contaminants were detected using scanning electron microscopy (SEM) and energy-dispersive X-ray spectroscopy (EDS) and segmented and quantified using interactive machine learning (ML) and thresholding (SW). The data were statistically analysed using non-parametric tests (Kruskal-Wallis test, Dunn's test).ResultsSignificant differences in contamination levels with the different cleaning procedures were found (p ≤ 0.01). The FP-NC/LA groups showed the most significant difference in contamination levels for both measurement methods (ML, SW), followed by CP-LA/NC and UD-LA/NC for SW and CP-LA/NC and PL-LA/NC for ML (p ≤ 0.05). EDS revealed organic contamination in all specimens; traces of aluminum, silicon, and calcium were detected.ConclusionsChemothermal cleaning methods based on ultrasound and argon-oxygen plasma effectively removed process-related contamination from zirconia surfaces. Machine learning is a promising assessment tool for quantifying and monitoring external contamination on zirconia abutments."
66,A1_imaging,33762607,PMC7991643,10.1038/s41598-021-85905-z,2021,Scientific reports,"Research Support, Non-U.S. Gov't; research-article; Research Support, U.S. Gov't, Non-P.H.S.; Journal Article; Research Support, N.I.H., Extramural",Investigating heterogeneities of live mesenchymal stromal cells using AI-based label-free imaging.,"Mesenchymal stromal cells (MSCs) are multipotent cells that have great potential for regenerative medicine, tissue repair, and immunotherapy. Unfortunately, the outcomes of MSC-based research and therapies can be highly inconsistent and difficult to reproduce, largely due to the inherently significant heterogeneity in MSCs, which has not been well investigated. To quantify cell heterogeneity, a standard approach is to measure marker expression on the protein level via immunochemistry assays. Performing such measurements non-invasively and at scale has remained challenging as conventional methods such as flow cytometry and immunofluorescence microscopy typically require cell fixation and laborious sample preparation. Here, we developed an artificial intelligence (AI)-based method that converts transmitted light microscopy images of MSCs into quantitative measurements of protein expression levels. By training a U-Net+ conditional generative adversarial network (cGAN) model that accurately (mean [Formula: see text] = 0.77) predicts expression of 8 MSC-specific markers, we showed that expression of surface markers provides a heterogeneity characterization that is complementary to conventional cell-level morphological analyses. Using this label-free imaging method, we also observed a multi-marker temporal-spatial fluctuation of protein distributions in live MSCs. These demonstrations suggest that our AI-based microscopy can be utilized to perform quantitative, non-invasive, single-cell, and multi-marker characterizations of heterogeneous live MSC culture. Our method provides a foundational step toward the instant integrative assessment of MSC properties, which is critical for high-throughput screening and quality control in cellular therapies."
67,A1_imaging,35472731,PMC9136609,10.1016/j.tranon.2022.101427,2022,Translational oncology,research-article; Journal Article,Machine-learning aided in situ drug sensitivity screening predicts treatment outcomes in ovarian PDX tumors.,"Long-term treatment outcomes for patients with high grade ovarian cancers have not changed despite innovations in therapies. There is no recommended assay for predicting patient response to second-line therapy, thus clinicians must make treatment decisions based on each individual patient. Patient-derived xenograft (PDX) tumors have been shown to predict drug sensitivity in ovarian cancer patients, but the time frame for intraperitoneal (IP) tumor generation, expansion, and drug screening is beyond that for tumor recurrence and platinum resistance to occur, thus results do not have clinical utility. We describe a drug sensitivity screening assay using a drug delivery microdevice implanted for 24 h in subcutaneous (SQ) ovarian PDX tumors to predict treatment outcomes in matched IP PDX tumors in a clinically relevant time frame. The SQ tumor response to local microdose drug exposure was found to be predictive of the growth of matched IP tumors after multi-week systemic therapy using significantly fewer animals (10 SQ vs 206 IP). Multiplexed immunofluorescence image analysis of phenotypic tumor response combined with a machine learning classifier could predict IP treatment outcomes against three second-line cytotoxic therapies with an average AUC of 0.91."
68,A1_imaging,39809933,PMC12700832,10.1038/s41587-024-02528-1,2025,Nature biotechnology,research-article; Journal Article,Nanocarrier imaging at single-cell resolution across entire mouse bodies with deep learning.,"Efficient and accurate nanocarrier development for targeted drug delivery is hindered by a lack of methods to analyze its cell-level biodistribution across whole organisms. Here we present Single Cell Precision Nanocarrier Identification (SCP-Nano), an integrated experimental and deep learning pipeline to comprehensively quantify the targeting of nanocarriers throughout the whole mouse body at single-cell resolution. SCP-Nano reveals the tissue distribution patterns of lipid nanoparticles (LNPs) after different injection routes at doses as low as 0.0005 mg kg-1-far below the detection limits of conventional whole body imaging techniques. We demonstrate that intramuscularly injected LNPs carrying SARS-CoV-2 spike mRNA reach heart tissue, leading to proteome changes, suggesting immune activation and blood vessel damage. SCP-Nano generalizes to various types of nanocarriers, including liposomes, polyplexes, DNA origami and adeno-associated viruses (AAVs), revealing that an AAV2 variant transduces adipocytes throughout the body. SCP-Nano enables comprehensive three-dimensional mapping of nanocarrier distribution throughout mouse bodies with high sensitivity and should accelerate the development of precise and safe nanocarrier-based therapeutics."
69,A1_imaging,40335689,PMC12158774,10.1038/s41586-025-08985-1,2025,Nature,research-article; Journal Article,Light-microscopy-based connectomic reconstruction of mammalian brain tissue.,"The information-processing capability of the brain's cellular network depends on the physical wiring pattern between neurons and their molecular and functional characteristics. Mapping neurons and resolving their individual synaptic connections can be achieved by volumetric imaging at nanoscale resolution1,2 with dense cellular labelling. Light microscopy is uniquely positioned to visualize specific molecules, but dense, synapse-level circuit reconstruction by light microscopy has been out of reach, owing to limitations in resolution, contrast and volumetric imaging capability. Here we describe light-microscopy-based connectomics (LICONN). We integrated specifically engineered hydrogel embedding and expansion with comprehensive deep-learning-based segmentation and analysis of connectivity, thereby directly incorporating molecular information into synapse-level reconstructions of brain tissue. LICONN will allow synapse-level phenotyping of brain tissue in biological experiments in a readily adoptable manner."
70,A1_imaging,37360847,PMC10288606,10.1021/acsnanoscienceau.2c00055,2023,ACS nanoscience Au,research-article; Journal Article,Complex Dispersion of Detonation Nanodiamond Revealed by Machine Learning Assisted Cryo-TEM and Coarse-Grained Molecular Dynamics Simulations.,"Understanding the polydispersity of nanoparticles is crucial for establishing the efficacy and safety of their role as drug delivery carriers in biomedical applications. Detonation nanodiamonds (DNDs), 3-5 nm diamond nanoparticles synthesized through detonation process, have attracted great interest for drug delivery due to their colloidal stability in water and their biocompatibility. More recent studies have challenged the consensus that DNDs are monodispersed after their fabrication, with their aggregate formation poorly understood. Here, we present a novel characterization method of combining machine learning with direct cryo-transmission electron microscopy imaging to characterize the unique colloidal behavior of DNDs. Together with small-angle X-ray scattering and mesoscale simulations we show and explain the clear differences in the aggregation behavior between positively and negatively charged DNDs. Our new method can be applied to other complex particle systems, which builds essential knowledge for the safe implementation of nanoparticles in drug delivery."
71,A1_imaging,40496630,PMC12149654,10.1016/j.bioactmat.2025.03.023,2025,Bioactive materials,research-article; Journal Article,Quantum machine learning-based electrokinetic mining for the identification of nanoparticles and exosomes with minimal training data.,"Synthetic and naturally occurring particles, such as nanoparticles (NPs) and exosomes; a type of extracellular vesicles (EVs), have garnered widespread attention across various fields, including biomaterials, oncology, and delivery systems for drugs and vaccines. Traditional methods for identifying NPs and EVs, such as transmission electron microscopy, are often prohibitively expensive and labor-intensive. As an alternative, the assessment of electrokinetic attributes such as zeta potential or electrophoretic mobility, conductance, and mean count rate, offers a more cost-effective, rapid, and reliable means of characterizing these particles. In this context, we introduce the first application of a quantum machine learning (QML)-based electrokinetic mining for the identification of green-synthesized iron- and cobalt-based NPs, as well as exosomes derived from human embryonic stem cells (hESC), human lung cancer (A549) cells, and colorectal cancer (CRC) cells, based solely on their electrokinetic attributes. Comparative analyses involving cross-validation, train-test splits, confusion matrices, and Receiver Operating Characteristic (ROC) curves revealed that classical ML techniques could accurately identify the types of NPs and EVs. Notably, QML demonstrated proficiency in differentiating between various NPs and EVs, including the distinction of EVs in the plasma of CRC patients versus those of healthy individuals. Furthermore, QML's application has been extended to the identification of NPs along with EVs in the plasma of CRC patients and experimental mice, achieving higher prediction performance even with a minimal training dataset, demonstrating that QML based electrokinetic mining could identify NPs or EVs with minimal training data, thereby facilitating novel clinical development in the realm of liquid biopsies."
72,A1_imaging,33313504,PMC7720078,10.1016/j.mtbio.2020.100084,2020,Materials today. Bio,research-article; Journal Article,A hydrogel-based in vitro assay for the fast prediction of antibiotic accumulation in Gram-negative bacteria.,"The pipeline of antibiotics has been for decades on an alarmingly low level. Considering the steadily emerging antibiotic resistance, novel tools are needed for early and easy identification of effective anti-infective compounds. In Gram-negative bacteria, the uptake of anti-infectives is especially limited. We here present a surprisingly simple in vitro model of the Gram-negative bacterial envelope, based on 20% (w/v) potato starch gel, printed on polycarbonate 96-well filter membranes. Rapid permeability measurements across this polysaccharide hydrogel allowed to correctly predict either high or low accumulation for all 16 tested anti-infectives in living Escherichia coli. Freeze-fracture TEM supports that the macromolecular network structure of the starch hydrogel may represent a useful surrogate of the Gram-negative bacterial envelope. A random forest analysis of in vitro data revealed molecular mass, minimum projection area, and rigidity as the most critical physicochemical parameters for hydrogel permeability, in agreement with reported structural features needed for uptake into Gram-negative bacteria. Correlating our dataset of 27 antibiotics from different structural classes to reported MIC values of nine clinically relevant pathogens allowed to distinguish active from nonactive compounds based on their low in vitro permeability specifically for Gram-negatives. The model may help to identify poorly permeable antimicrobial candidates before testing them on living bacteria."
73,A1_imaging,41124061,PMC12696800,10.1002/smll.202507903,2025,"Small (Weinheim an der Bergstrasse, Germany)","Research Support, Non-U.S. Gov't; research-article; Journal Article",Shape-Encoded Hydrogel Sensor Particles Enable Multiplex Odorant Detection Through Deep-learning Classification.,"Simultaneous detection of multiple odorants is a major challenge in the development of portable, cell-based biohybrid sensors, primarily due to the difficulty of distinguishing between different sensor cell types. Here, a strategy that encodes odorant sensor cell types using the shape of hydrogel particles, enabling shape-based identification through deep learning is reported. Each particle shape corresponds to a unique sensor cell type expressing a distinct odorant receptor (OR). A convolutional neural network is trained to classify these shapes with high accuracy, and the resulting shape identification scheme is applied to time-lapse fluorescence images of mixed particles exposed to single odorants. This enabled reliable assignment of particle identity and extraction of shape-specific fluorescence signals. Distinct odorant-dependent responses are observed, consistent with the known ligand specificities of the corresponding ORs. While this study focuses on individual odorants, the shape-based approach provides a position-independent, scalable method for multiplexed odorant detection. This framework supports the development of compact, high-throughput biohybrid sensors for safety, environmental monitoring, and diagnostic applications."
74,A1_imaging,41079552,PMC12511074,10.3389/frai.2025.1577027,2025,Frontiers in artificial intelligence,brief-report; Journal Article,Fluorescent marker prediction for non-invasive optical imaging in bovine satellite cells using deep learning.,"Assessing the quality of bovine satellite cells (BSCs) is vital for advancing tissue engineered muscle constructs with applications in sustainable protein research. In this study, we present a non-invasive deep learning approach for optical imaging that predicts fluorescent markers directly from brightfield microscopy images of BSC cultures. Using a convolutional neural network based on the U-Net architecture, our method simultaneously predicts two key fluorescent signals, specifically DAPI and Pax7, which serve as biomarkers for cell abundance and differentiation status. An image preprocessing pipeline featuring fluorescent signal denoising was implemented to enhance prediction performance and consistency. A dataset comprising 48 biological replicates was evaluated using statistical metrics such as the Pearson r (correlation coefficient), the mean squared error (MSE), and the structural similarity Index (SSIM). For DAPI, denoising improved the Pearson r from 0.065 to 0.212 and SSIM from 0.047 to 0.761 (with MSE increasing from 9.507 to 41.571). For Pax7, the Pearson r increased from 0.020 to 0.124 and MSE decreased from 44.753 to 18.793, while SSIM remained low, reflecting inherent biological heterogeneity. Furthermore, enhanced visualization techniques, including color mapping and image overlay, improved the interpretability of the predicted outputs. These findings underscore the importance of optimized data preprocessing and demonstrate the potential of AI to advance non-invasive optical imaging for cellular quality assessment in tissue biology. This work also contributes to the broader integration of machine learning and computer vision methods in biological and agricultural applications."
75,A1_imaging,39430497,PMC11489375,10.1016/j.heliyon.2024.e38899,2024,Heliyon,research-article; Journal Article,Optimizing the effect of heat treatment on the mechanical properties (tensile Strength and hardness) of Hyphaene Thebaica nut; A machine learning and Taguchi approach.,"The demand for innovative and sustainable biomaterials in healthcare and biotechnology has fueled the need for advancements in its engineering performance. However, the limited properties of biomaterials without the integration of synthetic reinforcements or supports pose a challenge. Consequently, there is a growing necessity for the development of full cycle eco-friendly materials. This study focuses on enhancing the mechanical properties of Doum palm nuts through heat treatment for engineering applications. The research employs the Taguchi optimization technique and genetic algorithms to determine the optimal combination of heating temperature and holding time, aiming to achieve the highest tensile strength and hardness. The results showcase the effectiveness of the proposed approach, revealing the optimal tensile strength of 7.32 MPa at a treatment temperature of 50 °C and a holding time of 120 min. Similarly, the optimum hardness of 60.3 Hv is attained at a heat treatment temperature of 100 °C and a holding time of 120 min. The study further investigates chemical changes through Fourier transform infrared analysis and optical micrographs. Regression models for tensile strength and hardness are developed, and the global optimum is found using a genetic algorithm solver. The findings of this study demonstrate significant and remarkable improvements in the mechanical properties of biomaterials, highlighting their potential for demanding engineering applications. The optimized heat treatment parameters provide a path towards enhanced biomaterials performance and offer promising avenues for the development of tougher and more resilient materials. This research contributes to the field of biomaterials engineering, paving the way for the design and production of eco-friendly materials with superior mechanical properties, thus addressing the ongoing demand for innovative and sustainable solutions in various industries."
76,A1_imaging,35892727,PMC9332682,10.3390/gels8080468,2022,"Gels (Basel, Switzerland)",research-article; Journal Article,Application of Polyacrylic Hydrogel in Durability and Reduction of Environmental Impacts of Concrete through ANN.,"While adding superabsorbent polymer hydrogel particles to fresh concrete admixtures, they act as internal curing agents that absorb and then release large amounts of water and reduce self-desiccation and volumetric shrinkage of cement that finally result in hardened concrete with increased durability and strength. The entrainment of microscopic air bubbles in the concrete paste can substantially improve the resistance of concrete. When the volume and distribution of entrained air are adequately managed, the microstructure is protected from the pressure produced by freezing water. This study addresses the design and application of hydrogel nanoparticles as internal curing agents in concrete, as well as new findings on crucial hydrogel-ion interactions. When mixed into concrete, hydrogel particles produce their stored water to power the curing reaction, resulting in less volumetric shrinkage and cracking and thereby prolonging the service life of concrete. The mechanical and swelling performance qualities of the hydrogel are very sensitive to multivalent cations found naturally in concrete mixes, such as aluminum and calcium. The interactions between hydrogel nanoparticles and alkaline cementitious mixes are described in this study, while emphasizing how the chemical structure and shape of the hydrogel particles regulate swelling behavior and internal curing efficiency to eliminate voids in the admixture. Moreover, in this study, an artificial neural network (ANN) was utilized to precisely and quickly analyze the test results of the compressive strength and durability of concrete. The addition of multivalent cations reduced swelling capacity and changed swelling kinetics, resulting in fast deswelling behavior and the creation of a mechanically stiff shell in certain hydrogel compositions. Notably, when hydrogel particles were added to a mixture, they reduced shrinkage while encouraged the creation of particular inorganic phases within the void area formerly held by the swelled particle."
77,A1_imaging,33391504,PMC7738861,10.7150/thno.50540,2021,Theranostics,"Research Support, Non-U.S. Gov't; research-article; Journal Article",Implantation of regenerative complexes in traumatic brain injury canine models enhances the reconstruction of neural networks and motor function recovery.,"Rationale: The combination of medical and tissue engineering in neural regeneration studies is a promising field. Collagen, silk fibroin and seed cells are suitable options and have been widely used in the repair of spinal cord injury. In this study, we aimed to determine whether the implantation of a complex fabricated with collagen/silk fibroin (SF) and the human umbilical cord mesenchymal stem cells (hUCMSCs) can promote cerebral cortex repair and motor functional recovery in a canine model of traumatic brain injury (TBI). Methods: A porous scaffold was fabricated with cross-linked collagen and SF. Its physical properties and degeneration rate were measured. The scaffolds were co-cultured with hUCMSCs after which an implantable complex was formed. After complex implantation to a canine model of TBI, the motor evoked potential (MEP) and magnetic resonance imaging (MRI) were used to evaluate the integrity of the cerebral cortex. The neurologic score, motion capture, surface electromyography (sEMG), and vertical ground reaction force (vGRF) were measured in the analysis of motor functions. In vitro analysis of inflammation levels was performed by Elisa while immunohistochemistry was used in track the fate of hUCMSCs. In situ hybridization, transmission electron microscope, and immunofluorescence were used to assess neural and vascular regeneration. Results: Favorable physical properties, suitable degradation rate, and biocompatibility were observed in the collagen/SF scaffolds. The group with complex implantation exhibited the best cerebral cortex integrity and motor functions. The implantation also led to the regeneration of more blood vessels and nerve fibers, less glial fibers, and inflammatory factors. Conclusion: Implantation of this complex enhanced therapy in traumatic brain injury (TBI) through structural repair and functional recovery. These effects exhibit the translational prospects for the clinical application of this complex."
78,A1_imaging,39840530,PMC11923932,10.1002/advs.202414319,2025,"Advanced science (Weinheim, Baden-Wurttemberg, Germany)",research-article; Journal Article,Efficient Carbon-Based Optoelectronic Synapses for Dynamic Visual Recognition.,"The human visual nervous system excels at recognizing and processing external stimuli, essential for various physiological functions. Biomimetic visual systems leverage biological synapse properties to improve memory encoding and perception. Optoelectronic devices mimicking these synapses can enhance wearable electronics, with layered heterojunction materials being ideal materials for optoelectronic synapses due to their tunable properties and biocompatibility. However, conventional synthesis methods are complex and environmentally harmful, leading to issues such as poor stability and low charge transfer efficiency. Therefore, it is imperative to develop a more efficient, convenient, and eco-friendly method for preparing layered heterojunction materials. Here, a one-step ultrasonic method is employed to mix fullerene (C60) with graphene oxide (GO), yielding a homogeneous layered heterojunction composite film via self-assembly. The biomimetic optoelectronic synapse based on this film achieves 97.3% accuracy in dynamic visual recognition tasks and exhibits capabilities such as synaptic plasticity. Experiments utilizing X-ray photoelectron spectroscopy (XPS), X-ray diffraction spectroscopy (XRD), Fourier-transform infrared spectroscopy (FTIR), ultraviolet-visible spectroscopy (UV-vis), scanning electron microscopy (SEM), and transmission electron microscopy (TEM) confirms stable π-π interactions between GO and C60, facilitating electron transfer and prolonging carrier recombination times. The novel approach leveraging high-density π electron materials advances artificial intelligence and neuromorphic systems."
79,A1_imaging,33399450,PMC7905872,10.1021/acsnano.0c06902,2021,ACS nano,"Research Support, Non-U.S. Gov't; research-article; Journal Article",Fast and Accurate Nanoparticle Characterization Using Deep-Learning-Enhanced Off-Axis Holography.,"Characterization of suspended nanoparticles in their native environment plays a central role in a wide range of fields, from medical diagnostics and nanoparticle-enhanced drug delivery to nanosafety and environmental nanopollution assessment. Standard optical approaches for nanoparticle sizing assess the size via the diffusion constant and, as a consequence, require long trajectories and that the medium has a known and uniform viscosity. However, in most biological applications, only short trajectories are available, while simultaneously, the medium viscosity is unknown and tends to display spatiotemporal variations. In this work, we demonstrate a label-free method to quantify not only size but also refractive index of individual subwavelength particles using 2 orders of magnitude shorter trajectories than required by standard methods and without prior knowledge about the physicochemical properties of the medium. We achieved this by developing a weighted average convolutional neural network to analyze holographic images of single particles, which was successfully applied to distinguish and quantify both size and refractive index of subwavelength silica and polystyrene particles without prior knowledge of solute viscosity or refractive index. We further demonstrate how these features make it possible to temporally resolve aggregation dynamics of 31 nm polystyrene nanoparticles, revealing previously unobserved time-resolved dynamics of the monomer number and fractal dimension of individual subwavelength aggregates."
80,A1_imaging,37765051,PMC10534500,10.3390/ph16091243,2023,"Pharmaceuticals (Basel, Switzerland)",research-article; Journal Article,Comparing the Performance of Raman and Near-Infrared Imaging in the Prediction of the In Vitro Dissolution Profile of Extended-Release Tablets Based on Artificial Neural Networks.,"In this work, the performance of two fast chemical imaging techniques, Raman and near-infrared (NIR) imaging is compared by utilizing these methods to predict the rate of drug release from sustained-release tablets. Sustained release is provided by adding hydroxypropyl methylcellulose (HPMC), as its concentration and particle size determine the dissolution rate of the drug. The chemical images were processed using classical least squares; afterwards, a convolutional neural network was applied to extract information regarding the particle size of HPMC. The chemical images were reduced to an average HPMC concentration and a predicted particle size value; these were used as inputs in an artificial neural network with a single hidden layer to predict the dissolution profile of the tablets. Both NIR and Raman imaging yielded accurate predictions. As the instrumentation of NIR imaging allows faster measurements than Raman imaging, this technique is a better candidate for implementing a real-time technique. The introduction of chemical imaging in the routine quality control of pharmaceutical products would profoundly change quality assurance in the pharmaceutical industry."
81,A1_imaging,37771679,PMC10522944,10.1016/j.bioactmat.2023.09.008,2024,Bioactive materials,research-article; Journal Article,Synchrotron microtomography reveals insights into the degradation kinetics of bio-degradable coronary magnesium scaffolds.,"Bioresorbable magnesium scaffolds are a promising future treatment option for coronary artery stenosis, especially for young adults. Due to the degradation of these scaffolds (<1 year), long-term device-related clinical events could be reduced compared to treatments with conventional drug eluting stents. First clinical trials indicate a return of vasomotion after one year, which may be associated with improved long-term clinical outcomes. However, even after decades of development, the degradation process, ideal degradation time and biological response in vivo are still not fully understood. The present study investigates the in vivo degradation of magnesium scaffolds in the coronary arteries of pigs influenced by different strut thicknesses and the presence of antiproliferative drugs. Due to high 3D image contrast of synchrotron-based micro-CT with phase contrast (SR-μCT), a qualitative and quantitative evaluation of the degradation morphology of magnesium scaffolds was obtained. For the segmentation of the μCT images a convolutional network architecture (U-net) was exploited, demonstrating the huge potential of merging high resolution SR-μCT with deep learning (DL) supported data analysis. In total, 30 scaffolds, made of the rare earth alloy Resoloy®, with different strut designs were implanted into the coronary arteries of 10 domestic pigs for 28 days using drug-coated or uncoated angioplasty balloons for post-dilatation. The degradation morphology was analyzed using scanning electron microscopy, energy dispersive x-ray spectroscopy and SR-μCT. The data from these methods were then related to data from angiography, optical coherence tomography and histology. A thinner strut size (95 vs. 130 μm) and the presence of paclitaxel indicated a slower degradation rate at 28 d in vivo, which positively influences the late lumen loss (0.5 and 0.6 mm vs. 1.0 and 1.1 mm) and recoil values (0 and 1.7% vs. 6.1 and 22%)."
82,A1_imaging,38131545,PMC10833150,10.4103/ijo.ijo_399_23,2024,Indian journal of ophthalmology,"Research Support, Non-U.S. Gov't; research-article; Journal Article",Bibliometric and visualized analysis of diabetic macular edema.,"PurposeOur aim was to identify recent research trends on diabetic macular edema (DME) and focus on publications from different countries, institutions, and authors.MethodsWe retrieved and analyzed data from January 1, 2003 to December 31, 2022 on the DME research field from the Web of Science Core Collection (WoSCC) database. Microsoft Excel and VOSviewer were applied to perform visualization analysis and evaluate the trends.ResultsA total of 4482 publications were identified, and the annual global publications increased steadily, from 36 to 390, during this period. The United States (1339 publications, 71,754 citations), Johns Hopkins University (176 publications, 17,015 citations), and Bressler NM (76 publications, 9621 citations) were the most influential and productive countries, institutions, and authors, respectively. The top 100 keywords were classified into five clusters: (1) therapy and adverse effects of DME; (2) clinical biomarkers of DME; (3) mechanistic research on DME; (4) improving bioavailability and efficacy; and (5) early diagnosis of diabetic complications. ""Diabetic macular edema,"" ""retinopathy,"" ""ranibizumab,"" and ""optical coherence tomography angiography"" were the most frequent keywords. Regarding the average appearing years (AAYs) of the keywords, ""deep learning"" (AAY:2020.83), ""optical coherence tomography angiography"" (AAY:2019.59), ""intravitreal Aflibercept"" (AAY:2019.29), and ""dexamethasone implant"" (AAY:2019.20) were recognized as the hotspots of the DME research area in the short run.ConclusionIn the past two decades, the United States was in master status in DME research. Although intravitreal drug injection has been the mainstream therapy for a long time, the effectiveness of different drugs, such as dexamethasone, new solutions for drug delivery, such as intravitreal implantation, and more accurate tools for the classification and follow-up of DME patients, such as deep learning systems, are still research hotspots."
83,A1_imaging,37850183,PMC10521712,10.34133/2022/9854084,2022,BME frontiers,research-article; Journal Article,Jointly Optimized Spatial Histogram UNET Architecture (JOSHUA) for Adipose Tissue Segmentation.,"Objective. We aim to develop a machine learning algorithm to quantify adipose tissue deposition at surgical sites as a function of biomaterial implantation. Impact Statement. To our knowledge, this study is the first investigation to apply convolutional neural network (CNN) models to identify and segment adipose tissue in histological images from silk fibroin biomaterial implants. Introduction. When designing biomaterials for the treatment of various soft tissue injuries and diseases, one must consider the extent of adipose tissue deposition. In this work, we analyzed adipose tissue accumulation in histological images of sectioned silk fibroin-based biomaterials excised from rodents following subcutaneous implantation for 1, 2, 4, or 8 weeks. Current strategies for quantifying adipose tissue after biomaterial implantation are often tedious and prone to human bias during analysis. Methods. We used CNN models with novel spatial histogram layer(s) that can more accurately identify and segment regions of adipose tissue in hematoxylin and eosin (H&E) and Masson's trichrome stained images, allowing for determination of the optimal biomaterial formulation. We compared the method, Jointly Optimized Spatial Histogram UNET Architecture (JOSHUA), to the baseline UNET model and an extension of the baseline model, attention UNET, as well as to versions of the models with a supplemental attention-inspired mechanism (JOSHUA+ and UNET+). Results. The inclusion of histogram layer(s) in our models shows improved performance through qualitative and quantitative evaluation. Conclusion. Our results demonstrate that the proposed methods, JOSHUA and JOSHUA+, are highly beneficial for adipose tissue identification and localization. The new histological dataset and code used in our experiments are publicly available."
84,A1_imaging,40010706,PMC11921027,10.1021/acsabm.4c01509,2025,ACS applied bio materials,research-article; Journal Article,Collagen Hybridizing Peptides Promote Collagen Fibril Growth In Vitro.,"Recreating the structural and mechanical properties of native tissues in vitro presents significant challenges, particularly in mimicking the dense fibrillar network of extracellular matrixes such as skin and tendons. This study develops a reversible collagen film through cycling collagen self-assembly and disassembly, offering an innovative approach to address these challenges. We first generated an engineered collagen scaffold by applying plastic compression to the collagen hydrogel. The reversibility of the collagen assembly was explored by treating the scaffold with lactic acid, leading to its breakdown into an amorphous gel─a process termed defibrillogenesis. Subsequent immersion of this gel in phosphate buffer facilitated the reassembly of collagen into fibrils larger than those in the original scaffold yet with the D-banding pattern characteristic of collagen fibrils. Transfer learning of the mobileNetV2 convolutional neural network trained on atomic force microscope images of collagen nanoscale D-banding patterns was created with 99% training and testing accuracy. In addition, extensive external validation was performed, and the model achieved high robustness and generalization with unseen data sets. Further innovation was introduced by applying collagen hybridizing peptides, which significantly accelerated and directed the assembly of collagen fibrils, promoting a more organized and aligned fibrillar structure. This study not only demonstrates the feasibility of creating a reversible collagen film that closely mimics the density and structural properties of the native matrix but also highlights the potential of using collagen hybridizing peptides to control and enhance collagen fibrillogenesis. Our findings offer promising tissue engineering and regenerative medicine strategies by enabling precise manipulation of collagen structures in vitro."
85,A1_imaging,40740471,PMC12307680,10.1016/j.bbrep.2025.102174,2025,Biochemistry and biophysics reports,brief-report; Journal Article,Integrating ChromaLIVE™ dye with an AI-powered image analysis for real-time monitoring of human mesenchymal stem cells differentiation.,"Techniques for following the differentiation of human mesenchymal stem cells (hMSCs) in laboratory settings prior to their transplantation into living organisms are essential for progress in tissue engineering and regenerative medicine. In this study, we have used a non-toxic fluorescent dye (ChromaLIVE™) coupled with an artificial intelligence (AutoHCS™) powered image analysis system for real-time monitoring of the differentiation of hMSCs. To validate the performance of this novel Live-Cell Imaging assay, its accuracy was benchmarked to a well-established immunocytochemistry method for studying MSC differentiation into osteoblasts. This innovative method utilizes the distinctive phenotypic signature detected by the non-toxic dye to identify and measure differentiation phenotypes, which were found to align with the expression of osteogenic markers. As a highly sensitive, affordable, non-destructive and scalable kinetic assay, this new technology offers promise as a dependable tool for monitoring stem cell differentiation. By delivering real-time insights into the quality of cell batches, it facilitates prompt adjustments and optimization of culture conditions."
86,A1_imaging,34716306,PMC8556326,10.1038/s41467-021-26491-6,2021,Nature communications,"Video-Audio Media; Research Support, Non-U.S. Gov't; research-article; Journal Article",3D printed biomimetic cochleae and machine learning co-modelling provides clinical informatics for cochlear implant patients.,"Cochlear implants restore hearing in patients with severe to profound deafness by delivering electrical stimuli inside the cochlea. Understanding stimulus current spread, and how it correlates to patient-dependent factors, is hampered by the poor accessibility of the inner ear and by the lack of clinically-relevant in vitro, in vivo or in silico models. Here, we present 3D printing-neural network co-modelling for interpreting electric field imaging profiles of cochlear implant patients. With tuneable electro-anatomy, the 3D printed cochleae can replicate clinical scenarios of electric field imaging profiles at the off-stimuli positions. The co-modelling framework demonstrated autonomous and robust predictions of patient profiles or cochlear geometry, unfolded the electro-anatomical factors causing current spread, assisted on-demand printing for implant testing, and inferred patients' in vivo cochlear tissue resistivity (estimated mean = 6.6 kΩcm). We anticipate our framework will facilitate physical modelling and digital twin innovations for neuromodulation implants."
87,A1_imaging,35155409,PMC8830423,10.3389/fbioe.2021.802794,2021,Frontiers in bioengineering and biotechnology,research-article; Journal Article,Morphology-Based Deep Learning Approach for Predicting Osteogenic Differentiation.,"Early, high-throughput, and accurate recognition of osteogenic differentiation of stem cells is urgently required in stem cell therapy, tissue engineering, and regenerative medicine. In this study, we established an automatic deep learning algorithm, i.e., osteogenic convolutional neural network (OCNN), to quantitatively measure the osteogenic differentiation of rat bone marrow mesenchymal stem cells (rBMSCs). rBMSCs stained with F-actin and DAPI during early differentiation (day 0, 1, 4, and 7) were captured using laser confocal scanning microscopy to train OCNN. As a result, OCNN successfully distinguished differentiated cells at a very early stage (24 h) with a high area under the curve (AUC) (0.94 ± 0.04) and correlated with conventional biochemical markers. Meanwhile, OCNN exhibited better prediction performance compared with the single morphological parameters and support vector machine. Furthermore, OCNN successfully predicted the dose-dependent effects of small-molecule osteogenic drugs and a cytokine. OCNN-based online learning models can further recognize the osteogenic differentiation of rBMSCs cultured on several material surfaces. Hence, this study initially demonstrated the foreground of OCNN in osteogenic drug and biomaterial screening for next-generation tissue engineering and stem cell research."
88,A1_imaging,36903681,PMC10005145,10.3390/nano13050803,2023,"Nanomaterials (Basel, Switzerland)",research-article; Journal Article,Organic Memristor with Synaptic Plasticity for Neuromorphic Computing Applications.,"Memristors have been considered to be more efficient than traditional Complementary Metal Oxide Semiconductor (CMOS) devices in implementing artificial synapses, which are fundamental yet very critical components of neurons as well as neural networks. Compared with inorganic counterparts, organic memristors have many advantages, including low-cost, easy manufacture, high mechanical flexibility, and biocompatibility, making them applicable in more scenarios. Here, we present an organic memristor based on an ethyl viologen diperchlorate [EV(ClO4)]2/triphenylamine-containing polymer (BTPA-F) redox system. The device with bilayer structure organic materials as the resistive switching layer (RSL) exhibits memristive behaviors and excellent long-term synaptic plasticity. Additionally, the device's conductance states can be precisely modulated by consecutively applying voltage pulses between the top and bottom electrodes. A three-layer perception neural network with in situ computing enabled was then constructed utilizing the proposed memristor and trained on the basis of the device's synaptic plasticity characteristics and conductance modulation rules. Recognition accuracies of 97.3% and 90% were achieved, respectively, for the raw and 20% noisy handwritten digits images from the Modified National Institute of Standards and Technology (MNIST) dataset, demonstrating the feasibility and applicability of implementing neuromorphic computing applications utilizing the proposed organic memristor."
89,A1_imaging,41304980,PMC12655387,10.3390/ph18111737,2025,"Pharmaceuticals (Basel, Switzerland)",research-article; Journal Article,Discovery and Mechanistic Elucidation of Glycyrrhizic Acid Composite Gel in Promoting Wound Healing: A Modernized Study Based on Shengji Yuhong Ointment.,"Objectives: Shengji Yuhong Ointment (SJYHO) is a classic Traditional Chinese Medicine prescription used for refractory wounds, yet its systemic pharmacological mechanisms remain unclear. This study aimed to identify its key active compounds and develop a simplified, effective topical formulation. Methods: We employed an integrated approach, combining network pharmacology and machine learning to screen the key constituents and core targets of SJYHO. The lead compound, glycyrrhizic acid, was formulated into a hydrogel (GA-Gel). Its therapeutic efficacy was evaluated in a full-thickness excisional wound model in Sprague-Dawley rats over 21 days, assessing healing kinetics, histology, and pain behavior. The interaction between glycyrrhizic acid and the identified target PPIA, along with its immunomodulatory effects, was validated through molecular docking, molecular dynamics simulation, and RT-qPCR. Results: Our integrated analysis identified PPIA as the core target and glycyrrhizic acid as a key bioactive component of SJYHO. Animal experiments demonstrated that GA-Gel significantly accelerated wound closure, which was driven by its multi-faceted actions: reducing inflammation, promoting collagen deposition, alleviating pain, and modulating late-stage angiogenesis. Mechanistically, we confirmed that glycyrrhizic acid stably binds to PPIA. Furthermore, GA-Gel treatment mediated wound immune infiltration by specifically regulating CD8+ T cells, neutrophils, and memory B cells, an effect that was dependent on PPIA targeting. Conclusions: This study demonstrates that glycyrrhizic acid, formulated as GA-Gel, recapitulates the wound-healing benefits of SJYHO by specifically targeting PPIA and modulating the immune microenvironment. Our findings not only elucidate a key mechanistic pathway but also present GA-Gel as a rationally designed, clinically translatable therapy for acute and chronic wounds."
90,A1_imaging,33738992,PMC7970409,10.1117/1.jbo.26.3.036004,2021,Journal of biomedical optics,"research-article; Journal Article; Research Support, N.I.H., Extramural",Focused x-ray luminescence imaging system for small animals based on a rotary gantry.,"SignificanceThe ability to detect and localize specific molecules through tissue is important for elucidating the molecular basis of disease and treatment. Unfortunately, most current molecular imaging tools in tissue either lack high spatial resolution (e.g., diffuse optical fluorescence tomography or positron emission tomography) or lack molecular sensitivity (e.g., micro-computed tomography, μCT). X-ray luminescence imaging emerged about 10 years ago to address this issue by combining the molecular sensitivity of optical probes with the high spatial resolution of x-ray imaging through tissue. In particular, x-ray luminescence computed tomography (XLCT) has been demonstrated as a powerful technique for the high-resolution imaging of deeply embedded contrast agents in three dimensions (3D) for small-animal imaging.AimTo facilitate the translation of XLCT for small-animal imaging, we have designed and built a small-animal dedicated focused x-ray luminescence tomography (FXLT) scanner with a μCT scanner, synthesized bright and biocompatible nanophosphors as contrast agents, and have developed a deep-learning-based reconstruction algorithm.ApproachThe proposed FXLT imaging system was designed using computer-aided design software and built according to specifications. NaGdF4 nanophosphors doped with europium or terbium were synthesized with a silica shell for increased biocompatibility and functionalized with biotin. A deep-learning-based XLCT image reconstruction was also developed based on the residual neural network as a data synthesis method of projection views from few-view data to enhance the reconstructed image quality.ResultsWe have built the FXLT scanner for small-animal imaging based on a rotational gantry. With all major imaging components mounted, the motor controlling the gantry can be used to rotate the system with a high accuracy. The synthesized nanophosphors displayed distinct x-ray luminescence emission, which enables multi-color imaging, and has successfully been bound to streptavidin-coated substrates. Lastly, numerical simulations using the proposed deep-learning-based reconstruction algorithm has demonstrated a clear enhancement in the reconstructed image quality.ConclusionsThe designed FXLT scanner, synthesized nanophosphors, and deep-learning-based reconstruction algorithm show great potential for the high-resolution molecular imaging of small animals."
91,A1_imaging,34750438,PMC8575943,10.1038/s41598-021-01304-4,2021,Scientific reports,"Research Support, Non-U.S. Gov't; research-article; Research Support, U.S. Gov't, Non-P.H.S.; Journal Article",A deep learning approach to identify and segment alpha-smooth muscle actin stress fiber positive cells.,"Cardiac fibrosis is a pathological process characterized by excessive tissue deposition, matrix remodeling, and tissue stiffening, which eventually leads to organ failure. On a cellular level, the development of fibrosis is associated with the activation of cardiac fibroblasts into myofibroblasts, a highly contractile and secretory phenotype. Myofibroblasts are commonly identified in vitro by the de novo assembly of alpha-smooth muscle actin stress fibers; however, there are few methods to automate stress fiber identification, which can lead to subjectivity and tedium in the process. To address this limitation, we present a computer vision model to classify and segment cells containing alpha-smooth muscle actin stress fibers into 2 classes (α-SMA SF+ and α-SMA SF-), with a high degree of accuracy (cell accuracy: 77%, F1 score 0.79). The model combines standard image processing methods with deep learning techniques to achieve semantic segmentation of the different cell phenotypes. We apply this model to cardiac fibroblasts cultured on hyaluronic acid-based hydrogels of various moduli to induce alpha-smooth muscle actin stress fiber formation. The model successfully predicts the same trends in stress fiber identification as obtained with a manual analysis. Taken together, this work demonstrates a process to automate stress fiber identification in in vitro fibrotic models, thereby increasing reproducibility in fibroblast phenotypic characterization."
92,A1_imaging,40084126,PMC11906096,10.34133/bmef.0110,2025,BME frontiers,research-article; Journal Article,Graph-Based 3-Dimensional Spatial Gene Neighborhood Networks of Single Cells in Gels and Tissues.,"Objective: We developed 3-dimensional spatially resolved gene neighborhood network embedding (3D-spaGNN-E) to find subcellular gene proximity relationships and identify key subcellular motifs in cell-cell communication (CCC). Impact Statement: The pipeline combines 3D imaging-based spatial transcriptomics and graph-based deep learning to identify subcellular motifs. Introduction: Advancements in imaging and experimental technology allow the study of 3D spatially resolved transcriptomics and capture better spatial context than approximating the samples as 2D. However, the third spatial dimension increases the data complexity and requires new analyses. Methods: 3D-spaGNN-E detects single transcripts in 3D cell culture samples and identifies subcellular gene proximity relationships. Then, a graph autoencoder projects the gene proximity relationships into a latent space. We then applied explainability analysis to identify subcellular CCC motifs. Results: We first applied the pipeline to mesenchymal stem cells (MSCs) cultured in hydrogel. After clustering the cells based on the RNA count, we identified cells belonging to the same cluster as homotypic and those belonging to different clusters as heterotypic. We identified changes in local gene proximity near the border between homotypic and heterotypic cells. When applying the pipeline to the MSC-peripheral blood mononuclear cell (PBMC) coculture system, we identified CD4+ and CD8+ T cells. Local gene proximity and autoencoder embedding changes can distinguish strong and weak suppression of different immune cells. Lastly, we compared astrocyte-neuron CCC in mouse hypothalamus and cortex by analyzing 3D multiplexed-error-robust fluorescence in situ hybridization (MERFISH) data and identified regional gene proximity differences. Conclusion: 3D-spaGNN-E distinguished distinct CCCs in cell culture and tissue by examining subcellular motifs."
93,A1_imaging,38665812,PMC11044700,10.3389/fbioe.2024.1364553,2024,Frontiers in bioengineering and biotechnology,research-article; Journal Article,Deep learning-assisted concentration gradient generation for the study of 3D cell cultures in hydrogel beads of varying stiffness.,"The study of dose-response relationships underpins analytical biosciences. Droplet microfluidics platforms can automate the generation of microreactors encapsulating varying concentrations of an assay component, providing datasets across a large chemical space in a single experiment. A classical method consists in varying the flow rate of multiple solutions co-flowing into a single microchannel (producing different volume fractions) before encapsulating the contents into water-in-oil droplets. This process can be automated through controlling the pumping elements but lacks the ability to adapt to unpredictable experimental scenarios, often requiring constant human supervision. In this paper, we introduce an image-based, closed-loop control system for assessing and adjusting volume fractions, thereby generating unsupervised, uniform concentration gradients. We trained a shallow convolutional neural network to assess the position of the laminar flow interface between two co-flowing fluids and used this model to adjust flow rates in real-time. We apply the method to generate alginate microbeads in which HEK293FT cells could grow in three dimensions. The stiffnesses ranged from 50 Pa to close to 1 kPa in Young modulus and were encoded with a fluorescent marker. We trained deep learning models based on the YOLOv4 object detector to efficiently detect both microbeads and multicellular spheroids from high-content screening images. This allowed us to map relationships between hydrogel stiffness and multicellular spheroid growth."
94,A1_imaging,35586336,PMC9092522,10.1089/genbio.2022.0001,2022,GEN biotechnology,research-article; Journal Article,Label-Free Imaging to Track Reprogramming of Human Somatic Cells.,"The process of reprogramming patient samples to human-induced pluripotent stem cells (iPSCs) is stochastic, asynchronous, and inefficient, leading to a heterogeneous population of cells. In this study, we track the reprogramming status of patient-derived erythroid progenitor cells (EPCs) at the single-cell level during reprogramming with label-free live-cell imaging of cellular metabolism and nuclear morphometry to identify high-quality iPSCs. EPCs isolated from human peripheral blood of three donors were used for our proof-of-principle study. We found distinct patterns of autofluorescence lifetime for the reduced form of nicotinamide adenine dinucleotide (phosphate) and flavin adenine dinucleotide during reprogramming. Random forest models classified iPSCs with ∼95% accuracy, which enabled the successful isolation of iPSC lines from reprogramming cultures. Reprogramming trajectories resolved at the single-cell level indicated significant reprogramming heterogeneity along different branches of cell states. This combination of micropatterning, autofluorescence imaging, and machine learning provides a unique, real-time, and nondestructive method to assess the quality of iPSCs in a biomanufacturing process, which could have downstream impacts in regenerative medicine, cell/gene therapy, and disease modeling."
95,A1_imaging,38977828,PMC11231322,10.1038/s41598-024-66591-z,2024,Scientific reports,research-article; Journal Article,"Noninvasive, label-free image approaches to predict multimodal molecular markers in pluripotency assessment.","Manufacturing regenerative medicine requires continuous monitoring of pluripotent cell culture and quality assessment while eliminating cell destruction and contaminants. In this study, we employed a novel method to monitor the pluripotency of stem cells through image analysis, avoiding the traditionally used invasive procedures. This approach employs machine learning algorithms to analyze stem cell images to predict the expression of pluripotency markers, such as OCT4 and NANOG, without physically interacting with or harming cells. We cultured induced pluripotent stem cells under various conditions to induce different pluripotent states and imaged the cells using bright-field microscopy. Pluripotency states of induced pluripotent stem cells were assessed using invasive methods, including qPCR, immunostaining, flow cytometry, and RNA sequencing. Unsupervised and semi-supervised learning models were applied to evaluate the results and accurately predict the pluripotency of the cells using only image analysis. Our approach directly links images to invasive assessment results, making the analysis of cell labeling and annotation of cells in images by experts dispensable. This core achievement not only contributes for safer and more reliable stem cell research but also opens new avenues for real-time monitoring and quality control in regenerative medicine manufacturing. Our research fills an important gap in the field by providing a viable, noninvasive alternative to traditional invasive methods for assessing pluripotency. This innovation is expected to make a significant contribution to improving regenerative medicine manufacturing because it will enable a more detailed and feasible understanding of cellular status during the manufacturing process."
96,A1_imaging,40688341,PMC12268759,10.21037/jtd-24-1669,2025,Journal of thoracic disease,research-article; Journal Article,Mapping the research trends and hotspots on solid pulmonary nodules from 2000-2024: insights from bibliometric analysis.,"BackgroundDue to extensive low-dose computed tomography (CT) screening, the detection rate of solid pulmonary nodules (PNs) is constantly rising. However, existing studies lack a comprehensive understanding of its emerging research trends and interdisciplinary progress, especially in terms of artificial intelligence (AI) integration and molecular characteristics. In this study, we conduct a comprehensive bibliometric analysis to clarify the current research trends and predict future research hotspots in this field, in order to improve diagnostic accuracy, reduce overtreatment, and promote innovation in precise chest oncology.MethodsRelevant publications regarding solid PNs were acquired from the Web of Science Core Collection (WoSCC) database [2000-2024]. Scientific landscape of solid PNs was illustrated by quantitatively assessing the scientific output and impact of various academic subjects (i.e., authors, institutions, journal, countries/regions) and qualitatively generating collaboration networks using CiteSpace and Bibliometrix. Lastly, burst detection, clustering analysis and thematic map analysis were implemented to depict shifts in the research frontier of solid PNs.ResultsSince 2000, a total of 1,413 original articles on pulmonary solid nodules (SNs) have been published. The United States was the leading country in terms of publication volume and centrality in this field. Prof. Kurzrock Razelle from the Medical College of Wisconsin, USA, had the most publications and the highest scientific impact in the field. Clinical Cancer Research published the most manuscripts and had the highest impact in the field. Research institutions from the United States were predominant in the field and several institutions from China were found to have strong influence in the recent years. Current key research foci of solid PNs included tumor size, diagnosis, classification, malignancy, radiomics, segmentectomy, the Response Evaluation Criteria in Solid Tumors (RECIST). Moreover, molecular profile analysis, brain metastases (BMs), lymph node (LN) metastasis, solid lipid nanoparticles (SLNs) and immunotherapy are the emerging research topics.ConclusionsThe in-depth bibliometric analysis outlines the research landscape in the field of solid PNs, identifying current research trends and hot topics that can guide future research directions. AI-based prediction, diagnosis, and minimally invasive treatment are potential avenues for managing solid PNs."
97,A1_imaging,37454765,PMC10775697,10.1016/j.slast.2023.07.004,2023,SLAS technology,research-article; Journal Article,Automated human induced pluripotent stem cell colony segmentation for use in cell culture automation applications.,"Human induced pluripotent stem cells (hiPSCs) have demonstrated great promise for a variety of applications that include cell therapy and regenerative medicine. Production of clinical grade hiPSCs requires reproducible manufacturing methods with stringent quality-controls such as those provided by image-controlled robotic processing systems. In this paper we present an automated image analysis method for identifying and picking hiPSC colonies for clonal expansion using the CellXTM robotic cell processing system. This method couples a light weight deep learning segmentation approach based on the U-Net architecture to automatically segment the hiPSC colonies in full field of view (FOV) high resolution phase contrast images with a standardized approach for suggesting pick locations. The utility of this method is demonstrated using images and data obtained from the CellXTM system where clinical grade hiPSCs were reprogrammed, clonally expanded, and differentiated into retinal organoids for use in treatment of patients with inherited retinal degenerative blindness."
98,A1_imaging,39468211,PMC11519650,10.1038/s41598-024-76924-7,2024,Scientific reports,research-article; Journal Article,Machine learning-guided synthesis of nanomaterials for breast cancer therapy.,"Breast cancer is a common malignant tumor, which mostly occurs in female population and is caused by excessive proliferation of breast epithelial cells. Breast cancer can cause nipple discharge, breast lumps and other symptoms, but these symptoms lack certain specificity and are easily confused with other diseases, thus affecting the early treatment of the disease. Once the tumor progresses to the advanced stage, distant metastasis can occur, leading to dysfunction of the affected organs, and even threatening the patients' lives. In this study, we synthesized high drug-loading gel particles and applied them to control the release of insoluble drugs. This method is simple to prepare, cost-effective, and validates their potential in breast cancer therapy. We first characterized the morphology and physicochemical properties of gel loaded with newly synthesized compound 1 by scanning electron microscopy (SEM), Fourier-transform infrared spectroscopy (FT-IR), and thermal gravimetric analysis (TGA). Using newly synthesized insoluble compound 1 as a model drug, its efficacy in treating breast cancer was investigated. The results showed that hydrogel@compound 1 was able to significantly inhibit the proliferation, migration and invasion of breast cancer cells. Additionally, we utilized machine learning to screen three structurally similar compounds, which showed promising therapeutic effects, providing a new approach for the development of novel small-molecule drugs."
99,A1_imaging,37502104,PMC10368888,10.3389/fbioe.2023.1160760,2023,Frontiers in bioengineering and biotechnology,research-article; Journal Article,Can we achieve biomimetic electrospun scaffolds with gelatin alone?,"Introduction: Gelatin is a natural polymer commonly used in biomedical applications in combination with other materials due to its high biocompatibility, biodegradability, and similarity to collagen, principal protein of the extracellular matrix (ECM). The aim of this study was to evaluate the suitability of gelatin as the sole material to manufacture tissue engineering scaffolds by electrospinning. Methods: Gelatin was electrospun in nine different concentrations onto a rotating collector and the resulting scaffold's mechanical properties, morphology and topography were assessed using mechanical testing, scanning electron microscopy and white light interferometry, respectively. After characterizing the scaffolds, the effects of the concentration of the solvents and crosslinking agent were statistically evaluated with multivariate analysis of variance and linear regressions. Results: Fiber diameter and inter-fiber separation increased significantly when the concentration of the solvents, acetic acid (HAc) and dimethyl sulfoxide (DMSO), increased. The roughness of the scaffolds decreased as the concentration of dimethyl sulfoxide increased. The mechanical properties were significantly affected by the DMSO concentration. Immersed crosslinked scaffolds did not degrade until day 28. The manufactured gelatin-based electrospun scaffolds presented comparable mechanical properties to many human tissues such as trabecular bone, gingiva, nasal periosteum, oesophagus and liver tissue. Discussion: This study revealed for the first time that biomimetic electrospun scaffolds with gelatin alone can be produced for a significant number of human tissues by appropriately setting up the levels of factors and their interactions. These findings also extend statistical relationships to a form that would be an excellent starting point for future research that could optimize factors and interactions using both traditional statistics and machine learning techniques to further develop specific human tissue."
100,A1_imaging,37404322,PMC10315996,10.1039/d3ra02702c,2023,RSC advances,research-article; Journal Article,Gingerol extract-stabilized silver nanoparticles and their applications: colorimetric and machine learning-based sensing of Hg(ii) and antibacterial properties.,"This study focused on synthesizing ginger-stabilized silver nanoparticles (Gin-AgNPs) using a more eco-friendly method that utilized AgNO3 and natural ginger solution. These nanoparticles underwent a color change from yellow to colorless when exposed to Hg2+, enabling the detection of Hg2+ in tap water. The colorimetric sensor had good sensitivity, with a limit of detection (LOD) of 1.46 μM and a limit of quantitation (LOQ) of 3.04 μM. Importantly, the sensor operated accurately without being affected by various other metal ions. To enhance its performance, a machine learning approach was employed and achieved accuracy ranging from 0% to 14.66% when trained with images of Gin-AgNP solutions containing different Hg2+ concentrations. Furthermore, the Gin-AgNPs and Gin-AgNPs hydrogels exhibited antibacterial effects against both Gram-negative and Gram-positive bacteria, indicating potential future applications in the detection of Hg2+ and in wound healing."
101,A1_imaging,38918798,PMC11201320,10.1186/s13227-024-00228-0,2024,EvoDevo,research-article; Journal Article,"See-Star: a versatile hydrogel-based protocol for clearing large, opaque and calcified marine invertebrates.","Studies of morphology and developmental patterning in adult stages of many invertebrates are hindered by opaque structures, such as shells, skeletal elements, and pigment granules that block or refract light and necessitate sectioning for observation of internal features. An inherent challenge in studies relying on surgical approaches is that cutting tissue is semi-destructive, and delicate structures, such as axonal processes within neural networks, are computationally challenging to reconstruct once disrupted. To address this problem, we developed See-Star, a hydrogel-based tissue clearing protocol to render the bodies of opaque and calcified invertebrates optically transparent while preserving their anatomy in an unperturbed state, facilitating molecular labeling and observation of intact organ systems. The resulting protocol can clear large (> 1 cm3) specimens to enable deep-tissue imaging, and is compatible with molecular techniques, such as immunohistochemistry and in situ hybridization to visualize protein and mRNA localization. To test the utility of this method, we performed a whole-mount imaging study of intact nervous systems in juvenile echinoderms and molluscs and demonstrate that See-Star allows for comparative studies to be extended far into development, facilitating insights into the anatomy of juveniles and adults that are usually not amenable to whole-mount imaging."
102,A1_imaging,36861434,PMC12316057,10.1002/jbm.a.37515,2023,Journal of biomedical materials research. Part A,"Research Support, N.I.H., Intramural; Research Support, Non-U.S. Gov't; research-article; Journal Article",Label-free cleared tissue microscopy and machine learning for 3D histopathology of biomaterial implants.,"Tissue clearing of whole intact organs has enhanced imaging by enabling the exploration of tissue structure at a subcellular level in three-dimensional space. Although clearing and imaging of the whole organ have been used to study tissue biology, the microenvironment in which cells evolve to adapt to biomaterial implants or allografts in the body is poorly understood. Obtaining high-resolution information from complex cell-biomaterial interactions with volumetric landscapes represents a key challenge in the fields of biomaterials and regenerative medicine. To provide a new approach to examine how tissue responds to biomaterial implants, we apply cleared tissue light-sheet microscopy and three-dimensional reconstruction to utilize the wealth of autofluorescence information for visualizing and contrasting anatomical structures. This study demonstrates the adaptability of the clearing and imaging technique to provide sub-cellular resolution (0.6 μm isotropic) 3D maps of various tissue types, using samples from fully intact peritoneal organs to volumetric muscle loss injury specimens. Specifically, in the volumetric muscle loss injury model, we provide 3D visualization of the implanted extracellular matrix biomaterial in the wound bed of the quadricep muscle groups and further apply computational-driven image classification to analyze the autofluorescence spectrum at multiple emission wavelengths to categorize tissue types at the injured site interacting with the biomaterial scaffolds."
103,A1_imaging,38510433,PMC10951799,10.1017/s2633903x22000022,2022,Biological imaging,research-article; Journal Article,3D cell morphology detection by association for embryo heart morphogenesis.,"Advances in tissue engineering for cardiac regenerative medicine require cellular-level understanding of the mechanism of cardiac muscle growth during embryonic developmental stage. Computational methods to automatize cell segmentation in 3D and deliver accurate, quantitative morphology of cardiomyocytes, are imperative to provide insight into cell behavior underlying cardiac tissue growth. Detecting individual cells from volumetric images of dense tissue, poised with low signal-to-noise ratio and severe intensity in homogeneity, is a challenging task. In this article, we develop a robust segmentation tool capable of extracting cellular morphological parameters from 3D multifluorescence images of murine heart, captured via light-sheet microscopy. The proposed pipeline incorporates a neural network for 2D detection of nuclei and cell membranes. A graph-based global association employs the 2D nuclei detections to reconstruct 3D nuclei. A novel optimization embedding the network flow algorithm in an alternating direction method of multipliers is proposed to solve the global object association problem. The associated 3D nuclei serve as the initialization of an active mesh model to obtain the 3D segmentation of individual myocardial cells. The efficiency of our method over the state-of-the-art methods is observed via various qualitative and quantitative evaluation."
104,A1_imaging,38534378,PMC10969030,10.3390/cells13060534,2024,Cells,"research-article; Journal Article; Research Support, N.I.H., Extramural",Deep Learning Powered Identification of Differentiated Early Mesoderm Cells from Pluripotent Stem Cells.,"Pluripotent stem cells can be differentiated into all three germ-layers including ecto-, endo-, and mesoderm in vitro. However, the early identification and rapid characterization of each germ-layer in response to chemical and physical induction of differentiation is limited. This is a long-standing issue for rapid and high-throughput screening to determine lineage specification efficiency. Here, we present deep learning (DL) methodologies for predicting and classifying early mesoderm cells differentiated from embryoid bodies (EBs) based on cellular and nuclear morphologies. Using a transgenic murine embryonic stem cell (mESC) line, namely OGTR1, we validated the upregulation of mesodermal genes (Brachyury (T): DsRed) in cells derived from EBs for the deep learning model training. Cells were classified into mesodermal and non-mesodermal (representing endo- and ectoderm) classes using a convolutional neural network (CNN) model called InceptionV3 which achieved a very high classification accuracy of 97% for phase images and 90% for nuclei images. In addition, we also performed image segmentation using an Attention U-Net CNN and obtained a mean intersection over union of 61% and 69% for phase-contrast and nuclear images, respectively. This work highlights the potential of integrating cell culture, imaging technologies, and deep learning methodologies in identifying lineage specification, thus contributing to the advancements in regenerative medicine. Collectively, our trained deep learning models can predict the mesoderm cells with high accuracy based on cellular and nuclear morphologies."
105,A1_imaging,39137319,PMC11363142,10.1021/acsnano.4c06527,2024,ACS nano,"research-article; Research Support, U.S. Gov't, Non-P.H.S.; Journal Article",Insertable Glucose Sensor Using a Compact and Cost-Effective Phosphorescence Lifetime Imager and Machine Learning.,"Optical continuous glucose monitoring (CGM) systems are emerging for personalized glucose management owing to their lower cost and prolonged durability compared to conventional electrochemical CGMs. Here, we report a computational CGM system, which integrates a biocompatible phosphorescence-based insertable biosensor and a custom-designed phosphorescence lifetime imager (PLI). This compact and cost-effective PLI is designed to capture phosphorescence lifetime images of an insertable sensor through the skin, where the lifetime of the emitted phosphorescence signal is modulated by the local concentration of glucose. Because this phosphorescence signal has a very long lifetime compared to tissue autofluorescence or excitation leakage processes, it completely bypasses these noise sources by measuring the sensor emission over several tens of microseconds after the excitation light is turned off. The lifetime images acquired through the skin are processed by neural network-based models for misalignment-tolerant inference of glucose levels, accurately revealing normal, low (hypoglycemia) and high (hyperglycemia) concentration ranges. Using a 1 mm thick skin phantom mimicking the optical properties of human skin, we performed in vitro testing of the PLI using glucose-spiked samples, yielding 88.8% inference accuracy, also showing resilience to random and unknown misalignments within a lateral distance of ∼4.7 mm with respect to the position of the insertable sensor underneath the skin phantom. Furthermore, the PLI accurately identified larger lateral misalignments beyond 5 mm, prompting user intervention for realignment. The misalignment-resilient glucose concentration inference capability of this compact and cost-effective PLI makes it an appealing wearable diagnostics tool for real-time tracking of glucose and other biomarkers."
106,A1_imaging,37317010,PMC7615154,10.1002/smtd.202201695,2023,Small methods,research-article; Journal Article,Understanding Intracellular Biology to Improve mRNA Delivery by Lipid Nanoparticles.,"Poor understanding of intracellular delivery and targeting hinders development of nucleic acid-based therapeutics transported by nanoparticles. Utilizing a siRNA-targeting and small molecule profiling approach with advanced imaging and machine learning biological insights is generated into the mechanism of lipid nanoparticle (MC3-LNP) delivery of mRNA. This workflow is termed Advanced Cellular and Endocytic profiling for Intracellular Delivery (ACE-ID). A cell-based imaging assay and perturbation of 178 targets relevant to intracellular trafficking is used to identify corresponding effects on functional mRNA delivery. Targets improving delivery are analyzed by extracting data-rich phenotypic fingerprints from images using advanced image analysis algorithms. Machine learning is used to determine key features correlating with enhanced delivery, identifying fluid-phase endocytosis as a productive cellular entry route. With this new knowledge, MC3-LNP is re-engineered to target macropinocytosis, and this significantly improves mRNA delivery in vitro and in vivo. The ACE-ID approach can be broadly applicable for optimizing nanomedicine-based intracellular delivery systems and has the potential to accelerate the development of delivery systems for nucleic acid-based therapeutics."
107,A1_imaging,36237207,PMC9551996,10.3389/fbioe.2022.973275,2022,Frontiers in bioengineering and biotechnology,research-article; Journal Article,Designing anisotropic porous bone scaffolds using a self-learning convolutional neural network model.,"The design of bionic bone scaffolds to mimic the behaviors of native bone tissue is crucial in clinical application, but such design is very challenging due to the complex behaviors of native bone tissues. In the present study, bionic bone scaffolds with the anisotropic mechanical properties similar to those of native bone tissues were successfully designed using a novel self-learning convolutional neural network (CNN) framework. The anisotropic mechanical property of bone was first calculated from the CT images of bone tissues. The CNN model constructed was trained and validated using the predictions from the heterogonous finite element (FE) models. The CNN model was then used to design the scaffold with the elasticity matrix matched to that of the replaced bone tissues. For the comparison, the bone scaffold was also designed using the conventional method. The results showed that the mechanical properties of scaffolds designed using the CNN model are closer to those of native bone tissues. In conclusion, the self-learning CNN framework can be used to design the anisotropic bone scaffolds and has a great potential in the clinical application."
108,A1_imaging,40343205,PMC12058734,10.3389/fbioe.2025.1587546,2025,Frontiers in bioengineering and biotechnology,research-article; Journal Article,High-yield spidroin mimics for bioinspired fibers via computational design.,"The exceptional mechanical properties, biocompatibility, and biodegradability of spider silk make it a promising biomaterial, yet large-scale production remains hindered by challenges in heterologous expression. Existing prokaryotic systems face bottlenecks due to spidroins' high molecular weight, repetitive sequences, and GC-rich motifs, leading to low yields, premature transcription termination, and insoluble inclusion bodies. Addressing these challenges, the study integrates deep learning and bioengineering to design water-soluble, β-sheet-rich spidroin mimics optimized for efficient prokaryotic expression. By replacing polyalanine motifs in Nephila clavipes MaSp1 with computationally screened sequences (e.g., ITVQQ from Burkholderia OspA), five functional spidroins were engineered and solubly expressed in E. coli, achieving yields up to 0.99 g/L. Circular dichroism revealed that modified spidroins (e.g., 3rep-ITVQQ) exhibited β-sheet content up to 81.3% under thermal induction, surpassing unmodified MaSp1 (41.5%). Structural analysis via SEM demonstrated dense, uniform networks in 3rep-ITVQQ, correlating with enhanced mechanical potential. And 24rep-ITVQQ nanofibers were successfully prepared by electrostatic spinning. Coarse-grained molecular dynamics simulations validated progressive self-assembly with reduced solvent-accessible surface area over 1,000 ns. This work bridges the gap between sequence design and scalable production by overcoming expression barriers, simplifying purification, and leveraging β-sheet stacking for tunable mechanical properties. The results provide a blueprint for high-performance biomimetic fibers, advancing applications (e.g., surgical sutures, scaffolds) in tissue engineering and functional materials while addressing the limitations of conventional spidroin production systems."
109,A1_imaging,37429892,PMC10333301,10.1038/s41598-023-37660-6,2023,Scientific reports,"Research Support, Non-U.S. Gov't; research-article; Journal Article","Green fabrication of chitosan nanoparticles using Lavendula angustifolia, optimization, characterization and in‑vitro antibiofilm activity.","Chitosan nanoparticles (CNPs) are promising polymeric nanoparticles with exceptional physicochemical, antimicrobial and biological characteristics. The CNPs are preferred for a wide range of applications in the food industry, cosmetics, agriculture, medical, and pharmaceutical fields due to their biocompatibility, biodegradability, eco-friendliness, and non-toxicity. In the current study, a biologically based approach was used to biofabricate CNPs using an aqueous extract of Lavendula angustifolia leaves as a reducing agent. The TEM images show that the CNPs were spherical in shape and ranged in size from 7.24 to 9.77 nm. FTIR analysis revealed the presence of several functional groups, including C-H, C-O, CONH2, NH2, C-OH and C-O-C. The crystalline nature of CNPs is demonstrated by X-ray diffraction. The thermogravimetric analysis revealed that CNPs are thermally stable. The CNPs' surface is positively charged and has a Zeta potential of 10 mV. For optimising CNPs biofabrication, a face-centered central composite design (FCCCD) with 50 experiments was used. The artificial intelligence-based approach was used to analyse, validate, and predict CNPs biofabrication. The optimal conditions for maximum CNPs biofabrication were theoretically determined using the desirability function and experimentally verified. The optimal conditions that maximize CNPs biofabrication (10.11 mg/mL) were determined to be chitosan concentration 0.5%, leaves extract 75%, and initial pH 4.24. The antibiofilm activity of CNPs was evaluated in‑vitro. The results show that 1500 μg/mL of CNPs suppressed P. aeruginosa, S. aureus and C. albicans biofilm formation by 91.83 ± 1.71%, 55.47 ± 2.12% and 66.4 ± 1.76%; respectively. The promising results of the current study in biofilm inhibition by necrotizing biofilm architecture, reducing its significant constituents and inhibiting microbial cell proliferation encourage their use as natural biosafe and biocompatible anti-adherent coating in antibiofouling membranes, medical bandage/tissues and food packaging materials."
110,A1_imaging,38250039,PMC10797295,10.7150/thno.90246,2024,Theranostics,research-article; Journal Article,Deep learning for automatic organ and tumor segmentation in nanomedicine pharmacokinetics.,"Rationale: Multimodal imaging provides important pharmacokinetic and dosimetry information during nanomedicine development and optimization. However, accurate quantitation is time-consuming, resource intensive, and requires anatomical expertise. Methods: We present NanoMASK: a 3D U-Net adapted deep learning tool capable of rapid, automatic organ segmentation of multimodal imaging data that can output key clinical dosimetry metrics without manual intervention. This model was trained on 355 manually-contoured PET/CT data volumes of mice injected with a variety of nanomaterials and imaged over 48 hours. Results: NanoMASK produced 3-dimensional contours of the heart, lungs, liver, spleen, kidneys, and tumor with high volumetric accuracy (pan-organ average %DSC of 92.5). Pharmacokinetic metrics including %ID/cc, %ID, and SUVmax achieved correlation coefficients exceeding R = 0.987 and relative mean errors below 0.2%. NanoMASK was applied to novel datasets of lipid nanoparticles and antibody-drug conjugates with a minimal drop in accuracy, illustrating its generalizability to different classes of nanomedicines. Furthermore, 20 additional auto-segmentation models were developed using training data subsets based on image modality, experimental imaging timepoint, and tumor status. These were used to explore the fundamental biases and dependencies of auto-segmentation models built on a 3D U-Net architecture, revealing significant differential impacts on organ segmentation accuracy. Conclusions: NanoMASK is an easy-to-use, adaptable tool for improving accuracy and throughput in imaging-based pharmacokinetic studies of nanomedicine. It has been made publicly available to all readers for automatic segmentation and pharmacokinetic analysis across a diverse array of nanoparticles, expediting agent development."
111,A1_imaging,39135039,PMC11321169,10.1186/s12951-024-02686-z,2024,Journal of nanobiotechnology,research-article; Journal Article,Crosslinked-hybrid nanoparticle embedded in thermogel for sustained co-delivery to inner ear.,"Treatment-induced ototoxicity and accompanying hearing loss are a great concern associated with chemotherapeutic or antibiotic drug regimens. Thus, prophylactic cure or early treatment is desirable by local delivery to the inner ear. In this study, we examined a novel way of intratympanically delivered sustained nanoformulation by using crosslinked hybrid nanoparticle (cHy-NPs) in a thermoresponsive hydrogel i.e. thermogel that can potentially provide a safe and effective treatment towards the treatment-induced or drug-induced ototoxicity. The prophylactic treatment of the ototoxicity can be achieved by using two therapeutic molecules, Flunarizine (FL: T-type calcium channel blocker) and Honokiol (HK: antioxidant) co-encapsulated in the same delivery system. Here we investigated, FL and HK as cytoprotective molecules against cisplatin-induced toxic effects in the House Ear Institute - Organ of Corti 1 (HEI-OC1) cells and in vivo assessments on the neuromast hair cell protection in the zebrafish lateral line. We observed that cytotoxic protective effect can be enhanced by using FL and HK in combination and developing a robust drug delivery formulation. Therefore, FL-and HK-loaded crosslinked hybrid nanoparticles (FL-cHy-NPs and HK-cHy-NPs) were synthesized using a quality-by-design approach (QbD) in which design of experiment-central composite design (DoE-CCD) following the standard least-square model was used for nanoformulation optimization. The physicochemical characterization of FL and HK loaded-NPs suggested the successful synthesis of spherical NPs with polydispersity index  75%), drugs loading (~ 10%), stability (> 2 months) in the neutral solution, and appropriate cryoprotectant selection. We assessed caspase 3/7 apopototic pathway in vitro that showed significantly reduced signals of caspase 3/7 activation after the FL-cHy-NPs and HK-cHy-NPs (alone or in combination) compared to the CisPt. The final formulation i.e. crosslinked-hybrid-nanoparticle-embedded-in-thermogel was developed by incorporating drug-loaded cHy-NPs in poloxamer-407, poloxamer-188, and carbomer-940-based hydrogel. A combination of artificial intelligence (AI)-based qualitative and quantitative image analysis determined the particle size and distribution throughout the visible segment. The developed formulation was able to release the FL and HK for at least a month. Overall, a highly stable nanoformulation was successfully developed for combating treatment-induced or drug-induced ototoxicity via local administration to the inner ear."
112,A1_imaging,39501063,PMC11538274,10.1038/s44172-024-00302-4,2024,Communications engineering,research-article; Journal Article,Towards industry-ready additive manufacturing: AI-enabled closed-loop control for 3D melt electrowriting.,"Melt electrowriting (MEW) is an emerging high-resolution 3D printing technology used in biomedical engineering, regenerative medicine, and soft robotics. Its transition from academia to industry faces challenges such as slow experimentation, low printing throughput, poor reproducibility, and user-dependent operation, largely due to the nonlinear and multiparametric nature of the MEW process. To address these challenges, we applied computer vision and machine learning to monitor and analyze the process in real-time through imaging of the MEW jet between the nozzle-collector gap. To collect data for training we developed an automated data collection methodology that eases the experimental time from days to hours. A feedforward neural network, working in concert with optimization methods and a feedback loop, is used to develop closed-loop control ensuring reproducibility of the printed parts. We demonstrate that machine learning allows streamlining the MEW operation via closed-loop control of the highly nonlinear 3D printing technology."
113,A1_imaging,37945626,PMC10636134,10.1038/s41598-023-46417-0,2023,Scientific reports,"Research Support, Non-U.S. Gov't; research-article; Journal Article",Categorization of collagen type I and II blend hydrogel using multipolarization SHG imaging with ResNet regression.,"Previously, the discrimination of collagen types I and II was successfully achieved using peptide pitch angle and anisotropic parameter methods. However, these methods require fitting polarization second harmonic generation (SHG) pixel-wise information into generic mathematical models, revealing inconsistencies in categorizing collagen type I and II blend hydrogels. In this study, a ResNet approach based on multipolarization SHG imaging is proposed for the categorization and regression of collagen type I and II blend hydrogels at 0%, 25%, 50%, 75%, and 100% type II, without the need for prior time-consuming model fitting. A ResNet model, pretrained on 18 progressive polarization SHG images at 10° intervals for each percentage, categorizes the five blended collagen hydrogels with a mean absolute error (MAE) of 0.021, while the model pretrained on nonpolarization images exhibited 0.083 MAE. Moreover, the pretrained models can also generally regress the blend hydrogels at 20%, 40%, 60%, and 80% type II. In conclusion, the multipolarization SHG image-based ResNet analysis demonstrates the potential for an automated approach using deep learning to extract valuable information from the collagen matrix."
114,A1_imaging,36898041,PMC10034746,10.1021/acs.analchem.2c04416,2023,Analytical chemistry,"research-article; Research Support, U.S. Gov't, Non-P.H.S.; Journal Article",Mass Spectrometry Imaging Reveals Early Metabolic Priming of Cell Lineage in Differentiating Human-Induced Pluripotent Stem Cells.,"Induced pluripotent stem cells (iPSCs) hold great promise in regenerative medicine; however, few algorithms of quality control at the earliest stages of differentiation have been established. Despite lipids having known functions in cell signaling, their role in pluripotency maintenance and lineage specification is underexplored. We investigated the changes in iPSC lipid profiles during the initial loss of pluripotency over the course of spontaneous differentiation using the co-registration of confocal microscopy and matrix-assisted laser desorption/ionization (MALDI) mass spectrometry imaging. We identified phosphatidylethanolamine (PE) and phosphatidylinositol (PI) species that are highly informative of the temporal stage of differentiation and can reveal iPS cell lineage bifurcation occurring metabolically. Several PI species emerged from the machine learning analysis of MS data as the early metabolic markers of pluripotency loss, preceding changes in the pluripotency transcription factor Oct4. The manipulation of phospholipids via PI 3-kinase inhibition during differentiation manifested in the spatial reorganization of the iPS cell colony and elevated expression of NCAM-1. In addition, the continuous inhibition of phosphatidylethanolamine N-methyltransferase during differentiation resulted in the enhanced maintenance of pluripotency. Our machine learning analysis highlights the predictive power of lipidomic metrics for evaluating the early lineage specification in the initial stages of spontaneous iPSC differentiation."
115,A1_imaging,36109460,PMC9483370,10.1007/s11095-022-03378-9,2022,Pharmaceutical research,research-article; Journal Article; Case Reports,Novel 3D Printed Modular Tablets Containing Multiple Anti-Viral Drugs: a Case of High Precision Drop-on-Demand Drug Deposition.,"3D printed drug delivery systems have gained tremendous attention in pharmaceutical research due to their inherent benefits over conventional systems, such as provisions for customized design and personalized dosing. The present study demonstrates a novel approach of drop-on-demand (DoD) droplet deposition to dispense drug solutions precisely on binder jetting-based 3D printed multi-compartment tablets containing 3 model anti-viral drugs (hydroxychloroquine sulfate - HCS, ritonavir and favipiravir). The printing pressure affected the printing quality whereas the printing speed and infill density significantly impacted the volume dispersed on the tablets. Additionally, the DoD parameters such as nozzle valve open time and cycle time affected both dispersing volume and the uniformity of the tablets. The solid-state characterization, including DSC, XRD, and PLM, revealed that all drugs remained in their crystalline forms. Advanced surface analysis conducted by microCT imaging as well as Artificial Intelligence (AI)/Deep Learning (DL) model validation showed a homogenous drug distribution in the printed tablets even at ultra-low doses. For a four-hour in vitro drug release study, the drug loaded in the outer layer was released over 90%, and the drug incorporated in the middle layer was released over 70%. In contrast, drug encapsulated in the core was only released about 40%, indicating that outer and middle layers were suitable for immediate release while the core could be applied for delayed release. Overall, this study demonstrates a great potential for tailoring drug release rates from a customized modular dosage form and developing personalized drug delivery systems coupling different 3D printing techniques."
116,A1_imaging,41269797,PMC12663998,10.1073/pnas.2424047122,2025,Proceedings of the National Academy of Sciences of the United States of America,research-article; Journal Article,"Deep learning reveals how cells pull, buckle, and navigate fibrous environments.","Cells in tissues navigate fibrous environments fundamentally differently than they do on flat substrates, but the establishment of cell forces in physiological fibrous settings remains poorly understood. Although factors such as the stiffness of the extracellular matrix (ECM) are known to drive behaviors, including cell motility on flat nonfibrous substrates, the interplay between fiber architecture and stiffness in fibrous ECM is not known. Here, we find that in fibrous environments, the directionality of mechanical forces overrides ECM stiffness as the primary regulator of contractility in migrating cells. Using an approach combining phase microscopy with deep learning to map forces in real time, termed deep learning-enabled live-cell fiber-force microscopy (DLFM), we reveal that when cells transition between anisotropic and isotropic stress fields, their contractility significantly drops despite encountering stiffer ECM, contrary to the behavior of cells on flat nonfibrous substrates. Unlike the peripheral adhesions observed on flat nonfibrous substrates, cells in fibrous matrices form force-generating adhesions throughout their body, stabilized by out-of-plane mechanical components unique to fiber geometry. Cells exhibit distinct force signatures during migration, division, and differentiation, with temporal signatures that predict stem cell fate. These findings, enabled by combining deep learning and the mechanics of cells and fibers, explain long-standing paradoxical behavior of cells navigating deformable fibrous environments, how they can pull and tug at them, and identify tension anisotropy as a master regulator of cell behavior, with implications for cancer invasion, tissue engineering, and regenerative medicine."
117,A1_imaging,41471040,PMC12736563,10.3390/pharmaceutics17121526,2025,Pharmaceutics,research-article; Journal Article,NMR Unveils Activity Mechanism of Linear Spider Venom Peptide Fragments Selected by Neural Networks Against Staphylococci Including MRSA.,"Background/Objectives: Methicillin-resistant Staphylococcus aureus (MRSA) poses a significant global health threat due to its increasing resistance to conventional antibiotics. Antimicrobial peptides (AMPs) derived from natural sources represent a promising alternative. Fragments of spider membrane-active toxins can serve as AMPs with anti-MRSA activity. Methods: To demonstrate this, amino acid sequences of approximately 2000 linear spider venom peptides were fragmented into 9-22-residue-long moieties (75,235 in total) and pre-trained neural networks were used to predict their anti-MRSA activity. As many as 15 peptides with high predicted activity were synthesized, and three AMPs with high anti-MRSA and low hemolytic activities were selected. One of these peptides was studied using high-resolution 1H-, 13C-, and 15N-NMR spectroscopy in an aqueous solution and lyso-palmitoylphosphatidylglycerol (LPPG) micelles. Wide-line 31P-NMR was applied to multilamellar phospholipid liposomes composed of phosphatidylcholine (PC) or phosphatidylglycerol (PG). Results: Low hemolytic activity is explained by non-specific interaction with PC whereas high antibacterial activity arises from specific interaction with PG accompanied with the formation of a tight complex between the N-terminal tripeptide fragment and PG headgroup. The structure of a such complex, stabilized by an ionic interaction between the N-terminal NH3+ group and the lipid phosphate, was determined based on peptide-LPPG NOEs. The most favorable ratio between anti-MRSA and hemolytic activities, i.e., selectivity of the peptides, is attained when the tripeptide consists exclusively of phenylalanine and tryptophan residues. Confocal microscopy confirmed that the most selective peptide deteriorates the plasma membrane of S. aureus. Conclusions: This approach may enable the production of highly selective AMPs against Stapylococci, including MRSA."
118,A1_imaging,38164885,PMC10966564,10.1002/advs.202304561,2024,"Advanced science (Weinheim, Baden-Wurttemberg, Germany)","Research Support, Non-U.S. Gov't; research-article; Journal Article",Biohybrid Photonic Platform for Subcellular Stimulation and Readout of In Vitro Neurons.,"Targeted manipulation of neural activity via light has become an indispensable tool for gaining insights into the intricate processes governing single neurons and complex neural networks. To shed light onto the underlying interaction mechanisms, it is crucial to achieve precise control of individual neural activity, as well as a spatial read-out resolution on the nanoscale. Here, a versatile photonic platform with subcellular resolution for stimulation and monitoring of in-vitro neurons is demonstrated. Low-loss photonic waveguides are fabricated on glass substrates using nanoimprint lithography and featuring a loss of only -0.9 ± 0.2 dB cm-1 at 489 nm and are combined with optical fiber-based waveguide-access and backside total internal reflection fluorescence microscopy. Neurons are grown on the bio-functionalized photonic chip surface and, expressing the light-sensitive ion channel Channelrhodopsin-2, are stimulated within the evanescent field penetration depth of 57 nm of the biocompatible waveguides. The versatility and cost-efficiency of the platform, along with the possible subcellular resolution, enable tailor-made investigations of neural interaction dynamics with defined spatial control and high throughput."
119,A1_imaging,38123631,PMC10733327,10.1038/s41598-023-49758-y,2023,Scientific reports,research-article; Journal Article,Machine learning-based estimation of spatial gene expression pattern during ESC-derived retinal organoid development.,"Organoids, which can reproduce the complex tissue structures found in embryos, are revolutionizing basic research and regenerative medicine. In order to use organoids for research and medicine, it is necessary to assess the composition and arrangement of cell types within the organoid, i.e., spatial gene expression. However, current methods are invasive and require gene editing and immunostaining. In this study, we developed a non-invasive estimation method of spatial gene expression patterns using machine learning. A deep learning model with an encoder-decoder architecture was trained on paired datasets of phase-contrast and fluorescence images, and was applied to a retinal organoid derived from mouse embryonic stem cells, focusing on the master gene Rax (also called Rx), crucial for eye field development. This method successfully estimated spatially plausible fluorescent patterns with appropriate intensities, enabling the non-invasive, quantitative estimation of spatial gene expression patterns within each tissue. Thus, this method could lead to new avenues for evaluating spatial gene expression patterns across a wide range of biology and medicine fields."
120,A1_imaging,36034436,PMC9403270,10.3389/fendo.2022.884306,2022,Frontiers in endocrinology,"Research Support, Non-U.S. Gov't; research-article; Journal Article",Deep-learning image reconstruction for image quality evaluation and accurate bone mineral density measurement on quantitative CT: A phantom-patient study.,"Background and purposeTo investigate the image quality and accurate bone mineral density (BMD) on quantitative CT (QCT) for osteoporosis screening by deep-learning image reconstruction (DLIR) based on a multi-phantom and patient study.Materials and methodsHigh-contrast spatial resolution, low-contrast detectability, modulation function test (MTF), noise power spectrum (NPS), and image noise were evaluated for physical image quality on Caphan 500 phantom. Three calcium hydroxyapatite (HA) inserts were used for accurate BMD measurement on European Spine Phantom (ESP). CT images were reconstructed with filtered back projection (FBP), adaptive statistical iterative reconstruction-veo 50% (ASiR-V50%), and three levels of DLIR(L/M/H). Subjective evaluation of the image high-contrast spatial resolution and low-contrast detectability were compared visually by qualified radiologists, whilst the statistical difference in the objective evaluation of the image high-contrast spatial resolution and low-contrast detectability, image noise, and relative measurement error were compared using one-way analysis of variance (ANOVA). Cohen's kappa coefficient (k) was performed to determine the interobserver agreement in qualitative evaluation between two radiologists.ResultsOverall, for three levels of DLIR, 50% MTF was about 4.50 (lp/cm), better than FBP (4.12 lp/cm) and ASiR-V50% (4.00 lp/cm); the 2 mm low-contrast object was clearly resolved at a 0.5% contrast level, while 3mm at FBP and ASiR-V50%. As the strength level decreased and radiation dose increased, DLIR at three levels showed a higher NPS peak frequency and lower noise level, leading to leftward and rightward shifts, respectively. Measured L1, L2, and L3 were slightly lower than that of nominal HA inserts (44.8, 95.9, 194.9 versus 50.2, 100.6, 199.2mg/cm3) with a relative measurement error of 9.84%, 4.08%, and 2.60%. Coefficients of variance for the L1, L2, and L3 HA inserts were 1.51%, 1.41%, and 1.18%. DLIR-M and DLIR-H scored significantly better than ASiR-V50% in image noise (4.83 ± 0.34, 4.50 ± 0.50 versus 4.17 ± 0.37), image contrast (4.67 ± 0.73, 4.50 ± 0.70 versus 3.80 ± 0.99), small structure visibility (4.83 ± 0.70, 4.17 ± 0.73 versus 3.83 ± 1.05), image sharpness (3.83 ± 1.12, 3.53 ± 0.90 versus 3.27 ± 1.16), and artifacts (3.83 ± 0.90, 3.42 ± 0.37 versus 3.10 ± 0.83). The CT value, image noise, contrast noise ratio, and image artifacts in DLIR-M and DLIR-H outperformed ASiR-V50% and FBP (PP>0.05). The prevalence of osteoporosis was 74 (24.67%) in women and 49 (11.79%) in men, whilst the osteoporotic vertebral fracture rate was 26 (8.67%) in women and (5.29%) in men.ConclusionImage quality with DLIR was high-qualified without affecting the accuracy of BMD measurement. It has a potential clinical utility in osteoporosis screening."
121,A1_imaging,40710452,PMC12295332,10.3390/jfb16070237,2025,Journal of functional biomaterials,research-article; Journal Article,"Morphometric, Biomechanical and Macromolecular Performances of β-TCP Macro/Micro-Porous Lattice Scaffolds Fabricated via Lithography-Based Ceramic Manufacturing for Jawbone Engineering.","Effective bone tissue regeneration remains pivotal in implant dentistry, particularly for edentulous patients with compromised alveolar bone due to atrophy and sinus pneumatization. Biomaterials are essential for promoting regenerative processes by supporting cellular recruitment, vascularization, and osteogenesis. This study presents the development and characterization of a novel lithography-printed ceramic β-TCP scaffold, with a macro/micro-porous lattice, engineered to optimize osteoconduction and mechanical stability. Morphological, structural, and biomechanical assessments confirmed a reproducible microarchitecture with suitable porosity and load-bearing capacity. The scaffold was also employed for maxillary sinus augmentation, with postoperative evaluation using micro computed tomography, synchrotron imaging, histology, and Fourier Transform Infrared Imaging analysis, demonstrating active bone regeneration, scaffold resorption, and formation of mineralized tissue. Advanced imaging supported by deep learning tools revealed a well-organized osteocyte network and high-quality bone, underscoring the scaffold's biocompatibility and osteoconductive efficacy. These findings support the application of these 3D-printed β-TCP scaffolds in regenerative dental medicine, facilitating tissue regeneration in complex jawbone deficiencies."
122,A1_imaging,40677815,PMC12265450,10.1364/boe.566950,2025,Biomedical optics express,research-article; Journal Article,Phase-augmented deep learning for cell segmentation in wrapped quantitative phase images.,"Understanding cell adhesion and detachment is crucial for advancing disease diagnosis, treatment, and biomaterial development. Optical phase imaging techniques enable continuous, label-free observation of cells undergoing dynamic processes, including cell adhesion and detachment. To quantitatively study these processes with single-cell precision, accurate cell segmentation from phase images is essential. However, it is challenging to perform cell segmentation in phase images because of phase-wrapping artifacts. In this study, we developed a phase-augmented deep learning approach for cell segmentation in wrapped quantitative phase images. We acquired phase images from modulated optically computer phase microscopy (M-OCPM), a novel imaging technology recently developed in our laboratory. We trained a neural network with U-Net architecture to perform cell segmentation. The novelty of our method lies in the data augmentation strategy that introduces global phase shifts to the input images, enabling the network to distinguish true morphological features from phase-wrapping artifacts. It results in improved segmentation accuracy and eliminates the need for unwrapping. With the phase-augmented U-Net segmentation, we performed a quantitative analysis of cell morphology during cell detachment, highlighting the value of deep learning segmentation for studying dynamic cellular processes."
123,A1_imaging,40438124,PMC12117218,10.34133/bmr.0211,2025,Biomaterials research,research-article; Journal Article,Label-Free Prediction of Fluorescently Labeled Fibrin Networks.,"While fluorescent labeling has been the standard for visualizing fibers within fibrillar scaffold models of the extracellular matrix (ECM), the use of fluorescent dyes can compromise cell viability and photobleach prematurely. The intricate fibrillar composition of ECM is crucial for its viscoelastic properties, which regulate intracellular signaling and provide structural support for cells. Naturally derived biomaterials such as fibrin and collagen replicate these fibrillar structures, but longitudinal confocal imaging of fibers using fluorescent dyes may impact cell function and photobleach the sample long before termination of the experiment. An alternative technique is reflection confocal microscopy (RCM) that provides high-resolution images of fibers. However, RCM is sensitive to fiber orientation relative to the optical axis, and consequently, many fibers are not detected. We aim to recover these fibers. Here, we propose a deep learning tool for predicting fluorescently labeled optical sections from unlabeled image stacks. Specifically, our model is conditioned to reproduce fluorescent labeling using RCM images at 3 laser wavelengths and a single laser transmission image. The model is implemented using a fully convolutional image-to-image mapping architecture with a hybrid loss function that includes both low-dimensional statistical and high-dimensional structural components. Upon convergence, the proposed method accurately recovers 3-dimensional fibrous architecture without substantial differences in fiber length or fiber count. However, the predicted fibers were slightly wider than original fluorescent labels (0.213 ± 0.009 μm). The model can be implemented on any commercial laser scanning microscope, providing wide use in the study of ECM biology."
124,A1_imaging,40762431,PMC12371690,10.1021/acsami.5c11459,2025,ACS applied materials & interfaces,research-article; Journal Article,Integrating Deep Learning and Real-Time Imaging to Visualize In Situ Self-Assembly of Self-Healing Interpenetrating Polymer Networks Formed by Protein and Polysaccharide Fibers.,"Fibrillar protein hydrogels are promising sustainable biomaterials for biomedical applications, but their practical use is often limited by insufficient mechanical strength and stability. To address these challenges, we transformed native proteins into amyloid fibrils (AFs) and incorporated a fibrillar polysaccharide, phytagel (PHY), to engineer interpenetrating polymer network (IPN) hydrogels. Notably, we report for the first time the formation of an amyloid-based hydrogel from apoferritin (APO), with PHY reinforcing the network's mechanical integrity. In situ self-assembly of APO within the PHY matrix yields fully natural, biopolymer-based IPNs. Rheological analyses confirm synergistic interactions between AF and PHY fibers, with the composite hydrogels exhibiting significantly enhanced viscoelastic moduli compared with individual components. The AF-PHY hydrogels also demonstrate excellent self-healing behavior, rapidly restoring their storage modulus after high-strain deformation. A major advancement of this study is the application of deep learning (DL)-based image analysis, using convolutional neural networks, to automate the identification, segmentation, and quantification of fibrillar components in high-resolution scanning electron microscopy images. This AI-driven method enables precise differentiation between AF and PHY fibers and reveals the three-dimensional microarchitecture of the IPN, overcoming key limitations of traditional image analysis. Complementary real-time confocal laser scanning microscopy, with selective fluorescent labeling of protein and polysaccharide components, further validates the IPN structure of the hybrid hydrogels. Our results demonstrate that DL significantly enhances structural characterization and provides insights into gelation processes. This approach sets a new guide for the analysis of complex soft materials and underlines the potential of AF-PHY hydrogels as mechanically robust, self-healing, and fully sustainable biomaterials for biomedical engineering applications."
125,A1_imaging,35056244,PMC8778756,10.3390/mi13010079,2022,Micromachines,research-article; Journal Article,Optimization of Complete Rat Heart Decellularization Using Artificial Neural Networks.,"Whole organ decellularization techniques have facilitated the fabrication of extracellular matrices (ECMs) for engineering new organs. Unfortunately, there is no objective gold standard evaluation of the scaffold without applying a destructive method such as histological analysis or DNA removal quantification of the dry tissue. Our proposal is a software application using deep convolutional neural networks (DCNN) to distinguish between different stages of decellularization, determining the exact moment of completion. Hearts from male Sprague Dawley rats (n = 10) were decellularized using 1% sodium dodecyl sulfate (SDS) in a modified Langendorff device in the presence of an alternating rectangular electric field. Spectrophotometric measurements of deoxyribonucleic acid (DNA) and total proteins concentration from the decellularization solution were taken every 30 min. A monitoring system supervised the sessions, collecting a large number of photos saved in corresponding folders. This system aimed to prove a strong correlation between the data gathered by spectrophotometry and the state of the heart that could be visualized with an OpenCV-based spectrometer. A decellularization completion metric was built using a DCNN based classifier model trained using an image set comprising thousands of photos. Optimizing the decellularization process using a machine learning approach launches exponential progress in tissue bioengineering research."
126,A1_imaging,39687413,PMC11649290,10.1097/gox.0000000000006386,2024,Plastic and reconstructive surgery. Global open,research-article; Journal Article,Scaffold-assisted Breast Augmentation: Approaching New Horizon by Three-Dimensionally Printed Personalized Tissue Regenerative Implants.,"Current breast augmentation options face limitations and potential associated complications. Implant-based augmentation introduces risks such as capsular contracture and malpositioning, whereas fat grafting poses issues such as induration and infections, necessitating revisions. Tissue engineering, integrating 3-dimensional (3D) printing and biomaterials science, aims to overcome these challenges. However, the clinical translation of these advancements remains challenging, with many approaches falling short in demonstrating the necessary volume regeneration. A 28-year-old yoga instructor with a disinterest in traditional options sought an alternative solution. Custom-made biocompatible thermoplastic copolyester implants were proposed, approved, and implemented. Our approach utilized artificial intelligence, magnetic resonance imaging, computer-aided design, and lattice structure engineering for customizing the implant design. Three-dimensional printing and plasma technology surface treatment created implants of 300 and 315 cm3 volumes, weighting around 33 g with biomimetic properties. Implants were placed in the subglandular plane; an 8-month follow-up revealed well-maintained implants without complications, except for a conservatively managed hematoma, and excellent cosmetic outcomes. Magnetic resonance imaging analysis revealed revascularization and new tissue formation within the implant, demonstrating tissue integration without complications. The study addresses biomechanical issues and foreign body reactions that cause capsular contracture in breast augmentation and proposes a novel 3D-printed implant with ultralight weight, tissue integrative porous structure, and biomimetic environments for scaffold-guided tissue regeneration. In conclusion, the presented solution shows promise in overcoming current breast augmentation limitations, demonstrating safety, biocompatibility, and patient satisfaction. Further adoption and long-term studies with larger cohorts are needed to validate its clinical effectiveness and feasibility."
127,A1_imaging,34261044,PMC10322215,10.1088/1361-6560/ac1458,2021,Physics in medicine and biology,"research-article; Journal Article; Research Support, N.I.H., Extramural",CT radiomic features of photodynamic priming in clinical pancreatic adenocarcinoma treatment.,"Photodynamic therapy (PDT) offers localized focal ablation in unresectable pancreatic tumors while tissues surrounding the treatment volume experience a lower light dose, termed photodynamic priming (PDP). While PDP does not cause tissue damage, it has been demonstrated to promote vascular permeability, improve drug delivery, alleviate tumor cell density, and reduce desmoplasia and the resultant internal pressure in pre-clinical evaluation. Preclinical data supports PDP as a neoadjuvant therapy beneficial to subsequent chemotherapy or immunotherapy, yet it is challenging to quantify PDP effects in clinical treatment without additional imaging and testing. This study investigated the potential of radiomic analysis using CT scans acquired before and after PDT to identify areas experiencing PDT-induced necrosis as well as quantify PDP effects in the surrounding tissues. A total of 235 CT tumor slices from seven patients undergoing PDT for pancreatic tumors were examined. Radiomic features assessed included intensity metrics (CT number in Hounsfield Units) and texture analysis using several gray-level co-occurrence matrix (GLCM) parameters. Pre-treatment scans of tumor areas that resulted in PDT-induced necrosis showed statistically significant differences in intensity and texture-based features that could be used to predict the regions that did respond (paired t-test, response versus no response,p p < 0.001). Using leave-one-out cross validation, six intensity and texture-based features were combined into a support-vector machine model which demonstrated reliable prediction of treatment effects for six out of seven patients (ROC curve, AUC = 0.93). This study provides pilot evidence that texture features extracted from CT scans could be utilized as an effective clinical diagnostic prediction and assessment of PDT and PDP effects in pancreatic tumors. (clinical trial NCT03033225)."
128,A1_imaging,37545512,PMC10402919,10.3389/fimmu.2023.1188835,2023,Frontiers in immunology,"Research Support, Non-U.S. Gov't; research-article; Journal Article","A novel 3D spheroid model of rheumatoid arthritis synovial tissue incorporating fibroblasts, endothelial cells, and macrophages.","ObjectiveRheumatoid Arthritis (RA) is a progressive and systemic autoimmune disorder associated with chronic and destructive joint inflammation. The hallmarks of joint synovial inflammation are cellular proliferation, extensive neoangiogenesis and infiltration of immune cells, including macrophages. In vitro approaches simulating RA synovial tissue are crucial in preclinical and translational research to evaluate novel diagnostic and/or therapeutic markers. Two-dimensional (2D) settings present very limited in vivo physiological proximity as they cannot recapitulate cell-cell and cell-matrix interactions occurring in the three-dimensional (3D) tissue compartment. Here, we present the engineering of a spheroid-based model of RA synovial tissue which mimics 3D interactions between cells and pro-inflammatory mediators present in the inflamed synovium.MethodsSpheroids were generated by culturing RA fibroblast-like-synoviocytes (RAFLS), human umbilical vein endothelial cells (ECs) and monocyte-derived macrophages in a collagen-based 3D scaffold. The spheroids were cultured in the presence or absence of vascular endothelial growth factor (VEGF) and fibroblast growth factor 2 (bFGF) or RA synovial fluid (SF). Spheroid expansion and cell migration were quantified for all conditions using confocal microscopy and digital image analysis.ResultsA novel approach using machine learning was developed to quantify spheroid outgrowth and used to reexamine the existing spheroid-based model of RA synovial angiogenesis consisting of ECs and RAFLS. A 2-fold increase in the spheroid outgrowth ratio was demonstrated upon VEGF/bFGF stimulation (p4 RAFLS, 7.5x104 ECs and 3.0x104 macrophages) resulted in good incorporation of the new cell type. The addition of VEGF/bFGF significantly induced spheroid outgrowth (pConclusionWe present a novel spheroid based model consisting of RAFLS, ECs and macrophages that reflects the RA synovial tissue microenvironment. This model may be used to dissect the role of specific cell types in inflammatory responses in RA, to study specific signaling pathways involved in the disease pathogenesis and examine the effects of novel diagnostic (molecular imaging) and therapeutic compounds, including small molecule inhibitors and biologics."
129,A1_imaging,40809973,PMC12339308,10.1364/boe.563643,2025,Biomedical optics express,research-article; Journal Article,Learning-enhanced 3D fiber orientation mapping in thick cardiac tissues.,"Fibrous proteins, such as elastin and collagen, are crucial for the structural integrity of the cardiovascular system. For thin tissue-engineered heart valves and surgical patches, the two-dimensional mapping of fiber orientation is well-established. However, for three-dimensional (3D) thick tissue samples, e.g., the embryonic whole heart, robust 3D fiber analysis tools are not available. This information is essential for computational vascular modeling and tissue microstructure characterization. Therefore, this study employs machine learning (ML) and deep learning (DL) techniques to analyze the 3D cardiovascular fiber structures in thick samples of porcine pericardium and embryonic whole hearts. It is hypothesized that ML/DL-based fiber orientation analysis will outperform traditional Fourier transform and directional filter methods by offering higher spatial accuracy and reduced dependency on manual preprocessing. We trained our ML/DL models on both synthetic and real-world cardiovascular datasets obtained from confocal imaging. The evaluation used a mixed dataset of 1200 samples and a porcine/bovine dataset of 400 samples. Support vector regression (SVR) demonstrated the highest accuracy, achieving a normalized mean absolute error (nMAE) of 5.0% on the mixed dataset and 13.0% on the biological dataset. Among DL models, convolutional neural network (CNN) and residual network-50 (ResNet50) had an nMAE of 12.0% and 11.0% on the mixed dataset and 23.0% and 22.0% on the biological dataset, respectively. Attention mechanisms improved performance further, with the channel attention ResNet50 achieving an nMAE of 5.8% on the mixed dataset and 21.0% on the biological dataset. These findings highlight the potential of ML and DL techniques in improving 3D fiber orientation detection, enabling detailed cardiovascular microstructural assessment."
130,A1_imaging,40647847,PMC12252157,10.3390/polym17131838,2025,Polymers,research-article; Journal Article,Enhancing 3D Printing of Gelatin/Siloxane-Based Cellular Scaffolds Using a Computational Model.,"In recent years, extrusion-based 3D printing has been explored for the fabrication of hydrogel-based structures. This work presents an evaluation of the printability of a gelatin/siloxane hybrid material under defined extrusion conditions by combining rheological characterization, finite-element-based flow simulation in SolidWorks, and image-based analysis of printed meshes. Rheological tests revealed a working region around 50 Pa shear stress, with a maximum viscosity of 3 × 105 Pa·s, a minimum viscosity of 0.089 Pa·s, and a shear rate of 15 s−1. Initial printing conditions using a 27G nozzle, 180 kPa pressure, 32 °C temperature, and 30 mm/s velocity produced mesh images with 54.5% similarity to the CAD target. A FEM-guided parameter set and a binary convolutional neural network trained on microscope images were then used as complementary screening tools to compare printed meshes under the tested conditions. Prints obtained with a 25G nozzle, 170 kPa pressure, 32 °C temperature, and 25 mm/s velocity reached 92.35% image-derived similarity to the CAD target, while the highest similarity observed among the evaluated mesh images was 94.13%. These results support the use of the proposed workflow as a comparative screening strategy for planar printability and CAD similarity in this gelatin/siloxane system. However, the similarity values reported here are derived from 2D image-based metrics and should not be interpreted as direct evidence of full 3D fidelity, generalized process optimization, material superiority, or biological performance."
131,A1_imaging,36098975,PMC9511492,10.1021/acs.jpcb.2c05876,2022,The journal of physical chemistry. B,"research-article; Research Support, U.S. Gov't, Non-P.H.S.; Journal Article; Research Support, N.I.H., Extramural",Imaging Orientation of a Single Molecular Hierarchical Self-Assembled Sheet: The Combined Power of a Vibrational Sum Frequency Generation Microscopy and Neural Network.,"In this work, we determined the tilt angles of molecular units in hierarchical self-assembled materials on a single-sheet level, which were not available previously. This was achieved by developing a fast line-scanning vibrational sum frequency generation (VSFG) hyperspectral imaging technique in combination with neural network analysis. Rapid VSFG imaging enabled polarization resolved images on a single sheet level to be measured quickly, circumventing technical challenges due to long-term optical instability. The polarization resolved hyperspectral images were then used to extract the supramolecular tilt angle of a self-assembly through a set of spectra-tilt angle relationships which were solved through neural network analysis. This unique combination of both novel techniques offers a new pathway to resolve molecular level structural information on self-assembled materials. Understanding these properties can further drive self-assembly design from a bottom-up approach for applications in biomimetic and drug delivery research."
132,A1_imaging,38403677,PMC10894868,10.1038/s41598-024-54698-2,2024,Scientific reports,research-article; Journal Article,"Process optimization for gold nanoparticles biosynthesis by Streptomyces albogriseolus using artificial neural network, characterization and antitumor activities.","Gold nanoparticles (GNPs) are highly promising in cancer therapy, wound healing, drug delivery, biosensing, and biomedical imaging. Furthermore, GNPs have anti-inflammatory, anti-angiogenic, antioxidants, anti-proliferative and anti-diabetic effects. The present study presents an eco-friendly approach for GNPs biosynthesis using the cell-free supernatant of Streptomyces albogriseolus as a reducing and stabilizing agent. The biosynthesized GNPs have a maximum absorption peak at 540 nm. The TEM images showed that GNPs ranged in size from 5.42 to 13.34 nm and had a spherical shape. GNPs have a negatively charged surface with a Zeta potential of - 24.8 mV. FTIR analysis identified several functional groups including C-H, -OH, C-N, amines and amide groups. The crystalline structure of GNPs was verified by X-ray diffraction and the well-defined and distinct diffraction rings observed by the selected area electron diffraction analysis. To optimize the biosynthesis of GNPs using the cell-free supernatant of S. albogriseolus, 30 experimental runs were conducted using central composite design (CCD). The artificial neural network (ANN) was employed to analyze, validate, and predict GNPs biosynthesis compared to CCD. The maximum experimental yield of GNPs (778.74 μg/mL) was obtained with a cell-free supernatant concentration of 70%, a HAuCl4 concentration of 800 μg/mL, an initial pH of 7, and a 96-h incubation time. The theoretically predicted yields of GNPs by CCD and ANN were 809.89 and 777.32 μg/mL, respectively, which indicates that ANN has stronger prediction potential compared to the CCD. The anticancer activity of GNPs was compared to that of doxorubicin (Dox) in vitro against the HeP-G2 human cancer cell line. The IC50 values of Dox and GNPs-based treatments were 7.26 ± 0.4 and 22.13 ± 1.3 µg/mL, respectively. Interestingly, treatments combining Dox and GNPs together showed an IC50 value of 3.52 ± 0.1 µg/mL, indicating that they targeted cancer cells more efficiently."
133,A1_imaging,36928367,PMC10019797,10.1038/s41598-023-30911-6,2023,Scientific reports,"Research Support, Non-U.S. Gov't; research-article; Journal Article","Artificial intelligence-based optimization for chitosan nanoparticles biosynthesis, characterization and in‑vitro assessment of its anti-biofilm potentiality.","Chitosan nanoparticles (CNPs) are promising biopolymeric nanoparticles with excellent physicochemical, antimicrobial, and biological properties. CNPs have a wide range of applications due to their unique characteristics, including plant growth promotion and protection, drug delivery, antimicrobials, and encapsulation. The current study describes an alternative, biologically-based strategy for CNPs biosynthesis using Olea europaea leaves extract. Face centered central composite design (FCCCD), with 50 experiments was used for optimization of CNPs biosynthesis. The artificial neural network (ANN) was employed for analyzing, validating, and predicting CNPs biosynthesis using Olea europaea leaves extract. Using the desirability function, the optimum conditions for maximum CNPs biosynthesis were determined theoretically and verified experimentally. The highest experimental yield of CNPs (21.15 mg CNPs/mL) was obtained using chitosan solution of 1%, leaves extract solution of 100%, initial pH 4.47, and incubation time of 60 min at 53.83°C. The SEM and TEM images revealed that CNPs had a spherical form and varied in size between 6.91 and 11.14 nm. X-ray diffraction demonstrates the crystalline nature of CNPs. The surface of the CNPs is positively charged, having a Zeta potential of 33.1 mV. FTIR analysis revealed various functional groups including C-H, C-O, CONH2, NH2, C-OH and C-O-C. The thermogravimetric investigation indicated that CNPs are thermally stable. The CNPs were able to suppress biofilm formation by P. aeruginosa, S. aureus and C. albicans at concentrations ranging from 10 to 1500 µg/mL in a dose-dependent manner. Inhibition of biofilm formation was associated with suppression of metabolic activity, protein/exopolysaccharide moieties, and hydrophobicity of biofilm encased cells (r ˃ 0.9, P = 0.00). Due to their small size, in the range of 6.91 to 11.14 nm, CNPs produced using Olea europaea leaves extract are promising for applications in the medical and pharmaceutical industries, in addition to their potential application in controlling multidrug-resistant microorganisms, especially those associated with post COVID-19 pneumonia in immunosuppressed patients."
134,A1_imaging,37214429,PMC10196719,10.1016/j.pacs.2023.100504,2023,Photoacoustics,research-article; Journal Article,Implantable QR code subcutaneous microchip using photoacoustic and ultrasound microscopy for secure and convenient individual identification and authentication.,"Individual identification and authentication techniques are merged into many aspects of human life with various applications, including access control, payment or banking transfer, and healthcare. Yet conventional identification and authentication methods such as passwords, biometrics, tokens, and smart cards suffer from inconvenience and/or insecurity. Here, inspired by quick response (QR) code and implantable microdevices, implantable and minimally-invasive QR code subcutaneous microchips (QRC-SMs) are proposed to be an effective approach to carry useful and private information, thus enabling individual identification and authentication. Two types of QRC-SMs, QRC-SMs with ""hole"" and ""flat"" elements and QRC-SMs with ""titanium-coated"" and ""non-coated"" elements, are designed and fabricated to store personal information. Corresponding ultrasound microscopy and photoacoustic microscopy are used for imaging the QR code pattern underneath skin, and open-source artificial intelligence algorithm is applied for QR code detection and recognition. Ex vivo experiments under tissue and in vivo experiments with QRC-SMs implanted in live mice have been performed, demonstrating successful information retrieval from implanted QRC-SMs. QRC-SMs are hidden subcutaneously and invisible to the eyes. They cannot be forgotten, misplaced or lost, and can always be ready for timely medical identification, access control, and payment or banking transfer. Hence, QRC-SMs provide promising routes towards private, secure, and convenient individual identification and authentication."
135,A1_imaging,39829601,PMC11740117,10.1021/acsomega.4c07914,2025,ACS omega,research-article; Journal Article,Quantifying Monomer-Dimer Distribution of Nanoparticles from Uncorrelated Optical Images Using Deep Learning.,"Nanoparticles embedded in polymer matrices play a critical role in enhancing the properties and functionalities of composite materials. Detecting and quantifying nanoparticles from optical images (fixed samples-in vitro imaging) is crucial for understanding their distribution, aggregation, and interactions, which can lead to advancements in nanotechnology, materials science, and biomedical research. In this article, we propose an ensembled deep learning approach for automatic nanoparticle detection and oligomerization quantification in a polymer matrix for optical images. The majority of prior studies of nanoparticle identification and categorization of fixed samples are based on scanning electron microscopy (SEM) or transmission electron microscopy (TEM) images, which are destructive to biological imaging. However, the proposed study is based on optical images, which are susceptible to noise, low contrast, anisotropic shape, overlapping of the point spread function, plasmon coupling, and resolution limitations. In this study, we fine-tune a deep neural network architecture, YOLOv8, on a carefully annotated data set of correlated optical and SEM images of 80 nm gold nanospheres (AuNSs) of varying oligomerization states. The resultant model features a weighted average accuracy of 80.7% for quantification of AuNSs and determination of their oligomeric state, far surpassing the capabilities of existing manual image processing methods. We also demonstrate its speed and effectiveness in nanoparticle detection and oligomerization within the polymer matrix through tests on high-density uncorrelated optical images. The optical image-based quantification technique will be useful for (live samples-for in vivo imaging) analyzing nanoparticle uptake, oligomerization state, and aggregation kinetics in live cells and identifying stoichiometry of membrane protein and its interactions, nanoparticle-cell interaction, cell signaling imaging, and drug delivery."
136,A1_imaging,41403834,PMC12704313,10.1016/j.isci.2025.113989,2025,iScience,research-article; Journal Article,Uterine collagen deposition fluctuates throughout the estrous cycle and provides a scaffold for gland visualization via the SHG-casting method.,"Uterine extracellular matrix (ECM) and uterine glands are essential parts of the endometrium, with important roles in remodeling associated with the estrous cycle, fertility, and pregnancy. Using second harmonic generation (SHG) microscopy, enabling the label-free imaging of fibrillar collagen, we analyzed mouse endometrial tissue across estrous cycle phases. We observed quantifiable 2D and 3D changes in fibrillar collagen accumulation, especially around uterine glands in the estrus phase. We also validate that the 3D SHG fibrillar collagen scans can serve as a template to recreate 3D uterine gland morphology by a method we call SHG-casting, enabling simultaneous label-free studies of endometrial fibrillar collagen and glands. Our custom deep learning-based segmentation model enables rapid, accurate gland segmentation. SHG-casting reveals variable gland structures, including lobular morphology in estrus and involution in later phases. SHG- casting offers a powerful tool for the 3D imaging of epithelial structures supported by collagen-rich ECM, with broad research and diagnostic potential."
137,A1_imaging,33751254,PMC7985105,10.1007/s10856-021-06500-2,2021,Journal of materials science. Materials in medicine,research-article; Journal Article,The corticospinal tract structure of collagen/silk fibroin scaffold implants using 3D printing promotes functional recovery after complete spinal cord transection in rats.,"No effective treatment has been established for nerve dysfunction caused by spinal cord injury (SCI). Orderly axonal growth at the site of spinal cord transection and creation of an appropriate biological microenvironment are important for functional recovery. To axially guiding axonal growth, designing a collagen/silk fibroin scaffold fabricated with 3D printing technology (3D-C/SF) emulated the corticospinal tract. The normal collagen/silk fibroin scaffold with freeze-drying technology (C/SF) or 3D-C/SF scaffold were implanted into rats with completely transected SCI to evaluate its effect on nerve repair during an 8-week observation period. Electrophysiological analysis and locomotor performance showed that the 3D-C/SF implants contributed to significant improvements in the neurogolical function of rats compared to C/SF group. By magnetic resonance imaging, 3D-C/SF implants promoted a striking degree of axonal regeneration and connection between the proximal and distal SCI sites. Compared with C/SF group, rats with 3D-C/SF scaffold exhibited fewer lesions and disordered structures in histological analysis and more GAP43-positive profiles at the lesion site. The above results indicated that the corticospinal tract structure of 3D printing collagen/silk fibroin scaffold improved axonal regeneration and promoted orderly connections within the neural network, which could provided a promising and innovative approach for tissue repair after SCI."
138,A1_imaging,39755586,PMC11700459,10.1186/s12903-024-05411-2,2025,BMC oral health,research-article; Journal Article,LIPUS promotes osteogenic differentiation of rat BMSCs and osseointegration of dental implants by regulating ITGA11 and focal adhesion pathway.,"BackgroundLow-intensity pulsed ultrasound (LIPUS) has been used as an effective noninvasive method for treating fractures and osteoarthrosis, but the application in the field of oral implantation is in its infancy. This study aimed to clarify the effect and mechanism of LIPUS on the osteogenic differentiation of bone marrow mesenchymal stem cells (BMSCs) and implant osseointegration, and to provide an experimental basis for future clinical applications.MethodsDental implants were inserted into Wistar rat femurs, and LIPUS was performed for 4 weeks. Micro-CT and toluidine blue staining were used to assess implant osseointegration. Gene Ontology (GO) and Kyoto Encyclopedia of Genes and Genomes (KEGG) analyses were used to identify enriched functional terms and signalling pathways for differentially expressed genes from LIPUS-treated rat BMSC RNAseq data obtained from the GEO database. The random forest method was used to identify key risk genes according to the mean decrease Gini (MDG) coefficient. Then, LIPUS was applied to treat rat BMSCs, and alkaline phosphatase (ALP) staining, alizarin red staining, RT-PCR and western blotting were used to determine whether LIPUS could promote BMSC osteogenic differentiation via integrin α11 (ITGA11) and the focal adhesion pathway.ResultsOur in vivo experimentations verified that LIPUS significantly increased new bone formation and osseointegration around the implant in rats. Bioinformatics analysis of RNA-seq data revealed that the upregulated genes in BMSCs after LIPUS treatment were significantly enriched in osteoblast differentiation-related functions and focal adhesion-related pathways. Random forest analysis revealed that ITGA11 was the most significant factor affecting BMSC osteogenic differentiation among the differentially expressed genes. In addition, LIPUS significantly increased ALP expression and mineralized nodule formation in rat BMSCs by upregulating ITGA11 and increasing the activity of FAK/PI3K/AKT/GSK3β/β-catenin pathway.ConclusionsLIPUS can effectively promote implant osseointegration in rats and improve rat BMSC osteogenic differentiation by upregulating ITGA11 and increasing the activity of the downstream focal adhesion pathway."
139,A1_imaging,35257292,PMC8901095,10.1007/s11517-022-02523-1,2022,Medical & biological engineering & computing,research-article; Journal Article,Convolutional neural network-based automatic classification for incomplete antibody reaction intensity in solid phase anti-human globulin test image.,"The precise classification of incomplete antibody reaction intensity (IARI) in hydrogel chromatography medium high density medium solid-phase Coombs test is essential for haemolytic disease screening. However, an automatic and contactless method is required for accurate classification of IARI. Here, we present a deep ensemble learning model that integrates five different convolutional neural networks into a single model for IARI classification. A dataset, including 1628 IARI images and corresponding labels of IARI categories ((-), (1 +), (2 +), (3 +), and (4 +)), was used. We trained our model using 1302 IARIs and validated its performance using 326 IARIs. The proposed model achieved 100%, 99.4%, 99.4%, 100%, and 100% accuracies in the ( -), (1 +), (2 +), (3 +), and (4 +) categories, respectively. The results were compared with those of manual classification by immunologists (average accuracy: 99.8% vs. 88.3%, p -1, whereas that required manually was 5.528 s·image-1. The proposed model can thus substantially improve the accuracy and efficiency of IARI classification and facilitate the automation of haemolytic disease screening equipment."
140,A1_imaging,33439497,PMC7754501,10.1111/jmi.12950,2021,Journal of microscopy,"Research Support, Non-U.S. Gov't; research-article; Journal Article",Three-dimensional reconstruction of porous polymer films from FIB-SEM nanotomography data using random forests.,"Combined focused ion beam and scanning electron microscope (FIB-SEM) tomography is a well-established technique for high resolution imaging and reconstruction of the microstructure of a wide range of materials. Segmentation of FIB-SEM data is complicated due to a number of factors; the most prominent is that for porous materials, the scanning electron microscope image slices contain information not only from the planar cross-section of the material but also from underlying, exposed subsurface pores. In this work, we develop a segmentation method for FIB-SEM data from ethyl cellulose porous films made from ethyl cellulose and hydroxypropyl cellulose (EC/HPC) polymer blends. These materials are used for coating pharmaceutical oral dosage forms (tablets or pellets) to control drug release. We study three samples of ethyl cellulose and hydroxypropyl cellulose with different volume fractions where the hydroxypropyl cellulose phase has been leached out, resulting in a porous material. The data are segmented using scale-space features and a random forest classifier. We demonstrate good agreement with manual segmentations. The method enables quantitative characterization and subsequent optimization of material structure for controlled release applications. Although the methodology is demonstrated on porous polymer films, it is applicable to other soft porous materials imaged by FIB-SEM. We make the data and software used publicly available to facilitate further development of FIB-SEM segmentation methods. LAY DESCRIPTION: For imaging of very fine structures in materials, the resolution limits of, e.g. X-ray computed tomography quickly become a bottleneck. Scanning electron microscopy (SEM) provides a way out, but it is essentially a two-dimensional imaging technique. One manner in which to extend it to three dimensions is to use a focused ion beam (FIB) combined with a scanning electron microscopy and acquire tomography data. In FIB-SEM tomography, ions are used to perform serial sectioning and the electron beam is used to image the cross section surface. This is a well-established method for a wide range of materials. However, image analysis of FIB-SEM data is complicated for a variety of reasons, in particular for porous media. In this work, we analyse FIB-SEM data from ethyl cellulose porous films made from ethyl cellulose and hydroxypropyl cellulose (EC/HPC) polymer blends. These films are used as coatings for controlled drug release. The aim is to perform image segmentation, i.e. to identify which parts of the image data constitute the pores and the solid, respectively. Manual segmentation, i.e. when a trained operator manually identifies areas constituting pores and solid, is too time-consuming to do in full for our very large data sets. However, by performing manual segmentation on a set of small, random regions of the data, we can train a machine learning algorithm to perform automatic segmentation on the entire data sets. The method yields good agreement with the manual segmentations and yields porosities of the entire data sets in very good agreement with expected values. The method facilitates understanding and quantitative characterization of the geometrical structure of the materials, and ultimately understanding of how to tailor the drug release."
141,A1_imaging,38247948,PMC10813389,10.3390/bioengineering11010071,2024,"Bioengineering (Basel, Switzerland)",research-article; Journal Article,U-Net Convolutional Neural Network for Real-Time Prediction of the Number of Cultured Corneal Endothelial Cells for Cellular Therapy.,"Corneal endothelial decompensation is treated by the corneal transplantation of donor corneas, but donor shortages and other problems associated with corneal transplantation have prompted investigations into tissue engineering therapies. For clinical use, cells used in tissue engineering must undergo strict quality control to ensure their safety and efficacy. In addition, efficient cell manufacturing processes are needed to make cell therapy a sustainable standard procedure with an acceptable economic burden. In this study, we obtained 3098 phase contrast images of cultured human corneal endothelial cells (HCECs). We labeled the images using semi-supervised learning and then trained a model that predicted the cell centers with a precision of 95.1%, a recall of 92.3%, and an F-value of 93.4%. The cell density calculated by the model showed a very strong correlation with the ground truth (Pearson's correlation coefficient = 0.97, p value = 8.10 × 10-52). The total cell numbers calculated by our model based on phase contrast images were close to the numbers calculated using a hemocytometer through passages 1 to 4. Our findings confirm the feasibility of using artificial intelligence-assisted quality control assessments in the field of regenerative medicine."
142,A1_imaging,36291012,PMC9599576,10.3390/bios12100875,2022,Biosensors,research-article; Journal Article,Super-Long SERS Active Single Silver Nanowires for Molecular Imaging in 2D and 3D Cell Culture Models.,"Establishing a systematic molecular information analysis strategy for cell culture models is of great significance for drug development and tissue engineering technologies. Here, we fabricated single silver nanowires with high surface-enhanced Raman scattering activity to extract SERS spectra in situ from two-dimensional (2D) and three-dimensional (3D) cell culture models. The silver nanowires were super long, flexible and thin enough to penetrate through multiple cells. A single silver nanowire was used in combination with a four-dimensional microcontroller as a cell endoscope for spectrally analyzing the components in cell culture models. Then, we adopted a machine learning algorithm to analyze the obtained spectra. Our results show that the abundance of proteins differs significantly between the 2D and 3D models, and that nucleic acid-rich and protein-rich regions can be distinguished with satisfactory accuracy."
143,A1_imaging,37765602,PMC10537444,10.3390/polym15183746,2023,Polymers,research-article; Journal Article,Poly(3-hydroxybutyrate-co-3-hydroxyhexanoate) Bionanocomposites with Crystalline Nanocellulose and Graphene Oxide: Experimental Results and Support Vector Machine Modeling.,"Poly(3-hydroxybutyrate-co-3-hydroxyhexanoate) (PHBHHx) is a biodegradable and biocompatible bacterial copolymer used in the biomedical and food industries. However, it displays low stiffness and strength for certain applications. This issue can be solved via reinforcement with nanofillers. In this work, PHBHHx-based bionanocomposites reinforced with different loadings of crystalline nanocellulose (CNC) and graphene oxide (GO) were developed by a green and straightforward solution casting technique. Their crystalline nature and surface topography were explored via X-ray diffraction (XRD) and field-emission scanning electron microscopy (FE-SEM), respectively, their composition was corroborated via Fourier-transformed infrared spectroscopy (FTIR), and their crystallization and melting behavior were determined via differential scanning calorimetry (DSC). The nanofillers had a nucleating role, raising the crystallization temperature of the polymer, whilst hardly any changes were found in the melting temperature. Further, significant enhancements in the stiffness, strength, and thermal stability of the PHBHHx matrix were observed with the incorporation of both nanofillers, which was attributed to a synergic effect. The mechanical properties for various concentrations of CNC and GO were accurately predicted using a machine learning (ML) model in the form of a support vector machine (SVM). The model performance was evaluated in terms of the mean absolute error (MAE), the mean square error (MSE), and the correlation coefficient (R2). These bio-based nanocomposites are a valuable alternative to conventional petroleum-based synthetic polymeric materials used nowadays for biomedicine and food packaging applications."
144,A1_imaging,35642585,PMC9253735,10.15252/embr.202254755,2022,EMBO reports,"Research Support, Non-U.S. Gov't; research-article; Journal Article",Malaria parasites release vesicle subpopulations with signatures of different destinations.,"Malaria is the most serious mosquito-borne parasitic disease, caused mainly by the intracellular parasite Plasmodium falciparum. The parasite invades human red blood cells and releases extracellular vesicles (EVs) to alter its host responses. It becomes clear that EVs are generally composed of sub-populations. Seeking to identify EV subpopulations, we subject malaria-derived EVs to size-separation analysis, using asymmetric flow field-flow fractionation. Multi-technique analysis reveals surprising characteristics: we identify two distinct EV subpopulations differing in size and protein content. Small EVs are enriched in complement-system proteins and large EVs in proteasome subunits. We then measure the membrane fusion abilities of each subpopulation with three types of host cellular membranes: plasma, late and early endosome. Remarkably, small EVs fuse to early endosome liposomes at significantly greater levels than large EVs. Atomic force microscope imaging combined with machine-learning methods further emphasizes the difference in biophysical properties between the two subpopulations. These results shed light on the sophisticated mechanism by which malaria parasites utilize EV subpopulations as a communication tool to target different cellular destinations or host systems."
145,A1_imaging,40655425,PMC12242551,10.21769/bioprotoc.5373,2025,Bio-protocol,methods-article; Journal Article,Construction of Large Cranial Windows With Nanosheet and Light-Curable Resin for Long-term Two-Photon Imaging in Mice.,"In vivo two-photon imaging of the mouse brain is essential for understanding brain function in relation to neural structure; however, its application is limited by the size and mechanical stability of conventional cranial windows. Here, we present the procedure of a large-scale cranial window technique based on the nanosheet incorporated into light-curable resin (NIRE) method. This approach utilizes a biocompatible polyethylene-oxide-coated CYTOP (PEO-CYTOP) nanosheet combined with light-curable resin, allowing the window to conform to the brain's curved surface. The protocol enables long-term, high-resolution, and multiscale imaging-from subcellular structures to large neuronal populations-in awake mice over several months. Key features • This protocol establishes large-scale cranial windows by combining a flexible, biocompatible PEO-CYTOP nanosheet with light-curable resin. • The large-scale cranial window provides long-term optical transparency and mechanical stability, enabling chronic in vivo imaging with minimal motion artifacts. • This approach facilitates multiscale two-photon imaging-from subcellular structures to large-scale neural networks-in awake mice."
146,A1_imaging,36536463,PMC9764714,10.1186/s13287-022-03208-0,2022,Stem cell research & therapy,"Research Support, Non-U.S. Gov't; research-article; Journal Article",3D printing of injury-preconditioned secretome/collagen/heparan sulfate scaffolds for neurological recovery after traumatic brain injury in rats.,"BackgroundThe effects of traumatic brain injury (TBI) can include physical disability and even death. The development of effective therapies to promote neurological recovery is still a challenging problem. 3D-printed biomaterials are considered to have a promising future in TBI repair. The injury-preconditioned secretome derived from human umbilical cord blood mesenchymal stem cells showed better stability in neurological recovery after TBI. Therefore, it is reasonable to assume that a biological scaffold loaded with an injury-preconditioned secretome could facilitate neural network reconstruction after TBI.MethodsIn this study, we fabricated injury-preconditioned secretome/collagen/heparan sulfate scaffolds by 3D printing. The scaffold structure and porosity were examined by scanning electron microscopy and HE staining. The cytocompatibility of the scaffolds was characterized by MTT analysis, HE staining and electron microscopy. The modified Neurological Severity Score (mNSS), Morris water maze (MWM), and motor evoked potential (MEP) were used to examine the recovery of cognitive and locomotor function after TBI in rats. HE staining, silver staining, Nissl staining, immunofluorescence, and transmission electron microscopy were used to detect the reconstruction of neural structures and pathophysiological processes. The biocompatibility of the scaffolds in vivo was characterized by tolerance exposure and liver/kidney function assays.ResultsThe excellent mechanical and porosity characteristics of the composite scaffold allowed it to efficiently regulate the secretome release rate. MTT and cell adhesion assays demonstrated that the scaffold loaded with the injury-preconditioned secretome (3D-CH-IB-ST) had better cytocompatibility than that loaded with the normal secretome (3D-CH-ST). In the rat TBI model, cognitive and locomotor function including mNSS, MWM, and MEP clearly improved when the scaffold was transplanted into the damage site. There is a significant improvement in nerve tissue at the site of lesion. More abundant endogenous neurons with nerve fibers, synaptic structures, and myelin sheaths were observed in the 3D-CH-IB-ST group. Furthermore, the apoptotic response and neuroinflammation were significantly reduced and functional vessels were observed at the injury site. Good exposure tolerance in vivo demonstrated favorable biocompatibility of the scaffold.ConclusionsOur results demonstrated that injury-preconditioned secretome/collagen/heparan sulfate scaffolds fabricated by 3D printing promoted neurological recovery after TBI by reconstructing neural networks, suggesting that the implantation of the scaffolds could be a novel way to alleviate brain damage following TBI."
147,A1_imaging,33783921,PMC8359832,10.1002/stem.3371,2021,"Stem cells (Dayton, Ohio)","Research Support, Non-U.S. Gov't; research-article; Journal Article",Label-free quality control and identification of human keratinocyte stem cells by deep learning-based automated cell tracking.,"Stem cell-based products have clinical and industrial applications. Thus, there is a need to develop quality control methods to standardize stem cell manufacturing. Here, we report a deep learning-based automated cell tracking (DeepACT) technology for noninvasive quality control and identification of cultured human stem cells. The combination of deep learning-based cascading cell detection and Kalman filter algorithm-based tracking successfully tracked the individual cells within the densely packed human epidermal keratinocyte colonies in the phase-contrast images of the culture. DeepACT rapidly analyzed the motion of individual keratinocytes, which enabled the quantitative evaluation of keratinocyte dynamics in response to changes in culture conditions. Furthermore, DeepACT can distinguish keratinocyte stem cell colonies from non-stem cell-derived colonies by analyzing the spatial and velocity information of cells. This system can be widely applied to stem cell cultures used in regenerative medicine and provides a platform for developing reliable and noninvasive quality control technology."
148,A1_imaging,40152403,PMC11951891,10.1177/09636897251325628,2025,Cell transplantation,"Research Support, Non-U.S. Gov't; research-article; Journal Article","Bibliometric and LDA analysis of acute rejection in liver transplantation: Emerging trends, immunotherapy challenges, and the role of artificial intelligence.","With the rising demand for liver transplantation (LT), research on acute rejection (AR) has become increasingly diverse, yet no consensus has been reached. This study presents a bibliometric and latent Dirichlet allocation (LDA) topic modeling analysis of AR research in LT, encompassing 1399 articles. The United States, Zhejiang University, and the University of California, San Francisco emerged as leading contributors, while Levitsky J and Uemoto SJ were key researchers. The most influential journals included the American Journal of Transplantation, Journal of Hepatology, and Transplantation. The analysis reveals a transition from traditional histological assessments to molecular diagnostics, genetic and epigenetic profiling, and noninvasive biomarkers such as donor-derived cell-free DNA (dd-cfDNA) and microRNAs. Advances in immune checkpoint inhibitors (ICIs), cell-based therapies (Tregs, mesenchymal stem cells (MSCs)), AI-guided immunosuppression, and nanoparticle-mediated drug delivery systems reflect a growing emphasis on precision medicine. In addition, recent exploration of microbiome-based therapies and regenerative medicine, including MSCs and their extracellular vesicles, offers promising new avenues for reducing long-term immunosuppressive drug dependency and enhancing graft survival. These developments not only improve early AR detection and personalized treatment but also reduce toxicity, foster immune tolerance, and expand the scope of individualized therapeutic options. Global collaboration, supported by cutting-edge research and AI-driven decision-making, remains essential for refining AR strategies, improving graft survival, and achieving better long-term patient outcomes."
149,A1_imaging,41727330,PMC12919318,10.18502/ajmb.v17i4.20070,2025,Avicenna journal of medical biotechnology,research-article; Journal Article,"Challenges and Future Prospects of Superparamagnetic Iron Oxide Nanoparticles (SPIONs) in Nanomedicine: A Focus on Toxicity, Imaging, and Theranostics.","Superparamagnetic Iron Oxide Nanoparticles (SPIONs) have emerged as a pivotal tool in nanomedicine, offering potential in drug delivery, imaging, and targeted therapies. However, their application is challenged by issues such as cytotoxicity, uneven biodistribution, and biocompatibility. SPIONs are predominantly cleared through renal or hepatobiliary pathways, with size and charge playing critical roles in determining their fate. While smaller SPIONs optimize renal clearance, their propensity to agglomerate and activate macrophages may induce inflammatory responses. Radiolabeled SPIONs face additional challenges in molecular imaging and nuclear medicine. Emerging strategies, such as chelator-free radiolabeling and multi-component nanoparticles, aim to address these limitations by improving targeting specificity and enhancing biocompatibility. Looking forward, SPIONs hold immense potential in theranostics, particularly in integrating imaging with targeted drug delivery and therapies. Advances in synthesis and surface functionalization may enhance their safety and effectiveness. Future research should focus on optimizing SPIONs, integrating them with therapeutic agents, and improving targeting and clearance mechanisms. Collaboration among experts and the use of Artificial Intelligence (AI) modeling could accelerate their development for personalized treatment applications. This review uniquely highlights recent advances in radio-labeled SPIONs for molecular imaging and targeted therapy, addressing challenges like biocompatibility, stability, and translational applicability."
150,A1_imaging,37182031,PMC10170186,10.7759/cureus.37349,2023,Cureus,research-article; Journal Article,Blood Flow Prediction in Multi-Exposure Speckle Contrast Imaging Using Conditional Generative Adversarial Network.,"Purpose Blood perfusion is an important physiological parameter that can be quantitatively assessed using various imaging techniques. Blood flow prediction in laser speckle contrast imaging is important for medical diagnosis, drug development, tissue engineering, biomedical research, and continuous monitoring. Deep learning is a new and promising approach for predicting blood flow whenever the condition varies, but it comes with a high learning cost for real-world scenarios with a variable flow value derived from multi-exposure laser speckle contrast imaging (MECI) data. A generative adversarial network (GAN) is presented in this research for the reliable prediction of blood flows in diverse scenarios in MECI. Method We suggested a time-efficient approach using a low frame rate camera that can be used to predict blood flow in MECI data by using conditional GAN architecture. Our approach is implemented by extending our work to the entire flow as well as the specific region of interest (ROI) in the flow. Results Results show that conditional GAN exhibits improved generalization ability to predict blood flow in MECI when compared to classifications-based deep learning approaches with an accuracy of 98.5% with a relative mean error of 1.57% for the whole field and 7.53% for a specific ROI. Conclusion The conditional GAN is very effective in predicting blood flows in MECI, entirely or within ROI, compared with other deep learning approaches."
151,A1_imaging,33383691,PMC7795907,10.3390/molecules26010111,2020,"Molecules (Basel, Switzerland)",research-article; Journal Article,Tailoring Atomoxetine Release Rate from DLP 3D-Printed Tablets Using Artificial Neural Networks: Influence of Tablet Thickness and Drug Loading.,"Various three-dimensional printing (3DP) technologies have been investigated so far in relation to their potential to produce customizable medicines and medical devices. The aim of this study was to examine the possibility of tailoring drug release rates from immediate to prolonged release by varying the tablet thickness and the drug loading, as well as to develop artificial neural network (ANN) predictive models for atomoxetine (ATH) release rate from DLP 3D-printed tablets. Photoreactive mixtures were comprised of poly(ethylene glycol) diacrylate (PEGDA) and poly(ethylene glycol) 400 in a constant ratio of 3:1, water, photoinitiator and ATH as a model drug whose content was varied from 5% to 20% (w/w). Designed 3D models of cylindrical shape tablets were of constant diameter, but different thickness. A series of tablets with doses ranging from 2.06 mg to 37.48 mg, exhibiting immediate- and modified-release profiles were successfully fabricated, confirming the potential of this technology in manufacturing dosage forms on demand, with the possibility to adjust the dose and release behavior by varying drug loading and dimensions of tablets. DSC (differential scanning calorimetry), XRPD (X-ray powder diffraction) and microscopic analysis showed that ATH remained in a crystalline form in tablets, while FTIR spectroscopy confirmed that no interactions occurred between ATH and polymers."
152,A1_imaging,40401519,PMC12128979,10.1172/jci.insight.179246,2025,JCI insight,"Research Support, Non-U.S. Gov't; research-article; Journal Article",iPSC-RPE patch restores photoreceptors and regenerates choriocapillaris in a pig retinal degeneration model.,"Dry age-related macular degeneration (AMD) is a leading cause of untreatable vision loss. In advanced cases, retinal pigment epithelium (RPE) cell loss occurs alongside photoreceptor and choriocapillaris degeneration. We hypothesized that an RPE-patch would mitigate photoreceptor and choriocapillaris degeneration to restore vision. An induced pluripotent stem cell-derived RPE (iRPE) patch was developed using a clinically compatible manufacturing process by maturing iRPE cells on a biodegradable poly(lactic-co-glycolic acid) (PLGA) scaffold. To compare outcomes, we developed a surgical procedure for immediate sequential delivery of PLGA-iRPE and/or PLGA-only patches in the subretinal space of a pig model of laser-induced outer retinal degeneration. Deep learning algorithm-based optical coherence tomography (OCT) image segmentation verified preservation of the photoreceptors over the areas of PLGA-iRPE-transplanted retina and not in laser-injured or PLGA-only-transplanted retina. Adaptive optics imaging of individual cone photoreceptors further supported this finding. OCT-angiography revealed choriocapillaris regeneration in PLGA-iRPE- and not in PLGA-only-transplanted retinas. Our data, obtained using clinically relevant techniques, verified that PLGA-iRPE supports photoreceptor survival and regenerates choriocapillaris in a laser-injured pig retina. Sequential delivery of two 8 mm2 transplants allows for testing of surgical feasibility and safety of the double dose. This work allows one surgery to treat larger and noncontiguous retinal degeneration areas."
153,A1_imaging,41104048,PMC12524171,10.1016/j.mtbio.2025.102372,2025,Materials today. Bio,research-article; Journal Article,Understanding the role of polyethylene glycol coating in reducing the subcellular toxicity of MXene nanoparticles using a large multimodal model.,"MXenes exhibit remarkable properties such as high electrical conductivity, mechanical strength, and versatile surface chemistry, positioning them as promising candidates for various applications in energy storage, biomedical engineering, and environmental remediation. However, concerns regarding their potential toxicity necessitate a deeper understanding of their interactions with biological systems. This study investigates the subcellular interactions of MXenes, focusing on the mitochondria, endoplasmic reticulum (ER), and lysosomes. Using structured illumination microscopy (SIM), the observations reveal that MXenes exhibit selective toxicity, primarily causing structural damage to the ER, while leaving mitochondria and lysosomes largely unaffected. This organelle-specific toxicity appears to be linked to the negative surface charge of MXenes, which modulates their interactions with cellular components. Notably, surface modification of MXenes with polyethylene glycol (PEG) significantly reduces ER toxicity, thereby improving biocompatibility and offering a promising strategy for safer biomedical applications. Building on these findings, it also introduces a novel methodology that employs a large multimodal model (LMM), a state-of-the-art artificial intelligence (AI) framework, for the automated analysis and interpretation of super-resolution microscopy images."
154,A1_imaging,37622905,PMC10452445,10.3390/bios13080818,2023,Biosensors,research-article; Journal Article,Rapid Quantification of Microvessels of Three-Dimensional Blood-Brain Barrier Model Using Optical Coherence Tomography and Deep Learning Algorithm.,"The blood-brain barrier (BBB) is a selective barrier that controls the transport between the blood and neural tissue features and maintains brain homeostasis to protect the central nervous system (CNS). In vitro models can be useful to understand the role of the BBB in disease and assess the effects of drug delivery. Recently, we reported a 3D BBB model with perfusable microvasculature in a Transwell insert. It replicates several key features of the native BBB, as it showed size-selective permeability of different molecular weights of dextran, activity of the P-glycoprotein efflux pump, and functionality of receptor-mediated transcytosis (RMT), which is the most investigated pathway for the transportation of macromolecules through endothelial cells of the BBB. For quality control and permeability evaluation in commercial use, visualization and quantification of the 3D vascular lumen structures is absolutely crucial. Here, for the first time, we report a rapid, non-invasive optical coherence tomography (OCT)-based approach to quantify the microvessel network in the 3D in vitro BBB model. Briefly, we successfully obtained the 3D OCT images of the BBB model and further processed the images using three strategies: morphological imaging processing (MIP), random forest machine learning using the Trainable Weka Segmentation plugin (RF-TWS), and deep learning using pix2pix cGAN. The performance of these methods was evaluated by comparing their output images with manually selected ground truth images. It suggested that deep learning performed well on object identification of OCT images and its computation results of vessel counts and surface areas were close to the ground truth results. This study not only facilitates the permeability evaluation of the BBB model but also offers a rapid, non-invasive observational and quantitative approach for the increasing number of other 3D in vitro models."
155,A1_imaging,38132817,PMC10744304,10.3390/jfb14120563,2023,Journal of functional biomaterials,research-article; Journal Article,Model-Based Design to Enhance Neotissue Formation in Additively Manufactured Calcium-Phosphate-Based Scaffolds.,"In biomaterial-based bone tissue engineering, optimizing scaffold structure and composition remains an active field of research. Additive manufacturing has enabled the production of custom designs in a variety of materials. This study aims to improve the design of calcium-phosphate-based additively manufactured scaffolds, the material of choice in oral bone regeneration, by using a combination of in silico and in vitro tools. Computer models are increasingly used to assist in design optimization by providing a rational way of merging different requirements into a single design. The starting point for this study was an in-house developed in silico model describing the in vitro formation of neotissue, i.e., cells and the extracellular matrix they produced. The level set method was applied to simulate the interface between the neotissue and the void space inside the scaffold pores. In order to calibrate the model, a custom disk-shaped scaffold was produced with prismatic canals of different geometries (circle, hexagon, square, triangle) and inner diameters (0.5 mm, 0.7 mm, 1 mm, 2 mm). The disks were produced with three biomaterials (hydroxyapatite, tricalcium phosphate, and a blend of both). After seeding with skeletal progenitor cells and a cell culture for up to 21 days, the extent of neotissue growth in the disks' canals was analyzed using fluorescence microscopy. The results clearly demonstrated that in the presence of calcium-phosphate-based materials, the curvature-based growth principle was maintained. Bayesian optimization was used to determine the model parameters for the different biomaterials used. Subsequently, the calibrated model was used to predict neotissue growth in a 3D gyroid structure. The predicted results were in line with the experimentally obtained ones, demonstrating the potential of the calibrated model to be used as a tool in the design and optimization of 3D-printed calcium-phosphate-based biomaterials for bone regeneration."
156,A1_imaging,39309215,PMC11415298,10.1038/s42256-024-00883-x,2024,Nature machine intelligence,research-article; Journal Article,A deep learning method that identifies cellular heterogeneity using nanoscale nuclear features.,"Cellular phenotypic heterogeneity is an important hallmark of many biological processes and understanding its origins remains a substantial challenge. This heterogeneity often reflects variations in the chromatin structure, influenced by factors such as viral infections and cancer, which dramatically reshape the cellular landscape. To address the challenge of identifying distinct cell states, we developed artificial intelligence of the nucleus (AINU), a deep learning method that can identify specific nuclear signatures at the nanoscale resolution. AINU can distinguish different cell states based on the spatial arrangement of core histone H3, RNA polymerase II or DNA from super-resolution microscopy images. With only a small number of images as the training data, AINU correctly identifies human somatic cells, human-induced pluripotent stem cells, very early stage infected cells transduced with DNA herpes simplex virus type 1 and even cancer cells after appropriate retraining. Finally, using AI interpretability methods, we find that the RNA polymerase II localizations in the nucleoli aid in distinguishing human-induced pluripotent stem cells from their somatic cells. Overall, AINU coupled with super-resolution microscopy of nuclear structures provides a robust tool for the precise detection of cellular heterogeneity, with considerable potential for advancing diagnostics and therapies in regenerative medicine, virology and cancer biology."
157,A1_imaging,40935419,PMC12519369,10.1136/bmjopen-2024-098590,2025,BMJ open,Clinical Trial Protocol; research-article; Journal Article,Heidelberg Perioperative Deep Data Study (HeiPoDD): study protocol for a prospective cohort study for prediction of complications after high-risk non-cardiac surgery in a German university hospital.,"IntroductionPerioperative adverse events increase morbidity and mortality. The rate and severity of complications and the risk for subsequent mortality are increased after high-risk procedures and in elevated-risk patients. Over the past decades, a multitude of prognostic studies identified perioperative risk factors at the population level. However, to allow for the advancement of precision surgery strategies, improved risk prediction on the individual patient level is warranted. Comprehensive, consecutive, multisource, structured, high-quality patient-related and procedure-related data sets, together with thorough follow-up and combined with state-of-the-art machine-learning analyses, are needed to facilitate precise prediction of perioperative complications. Therefore, we designed and currently conduct the Heidelberg Perioperative Deep Data study (HeiPoDD). Here, we report the rationale and design of the HeiPoDD study.Methods and analysisHeiPoDD is a prospective, single-centre, exploratory cohort study aiming to build up a large-scale deep-data base and corresponding biomaterial collection. 1040 adult patients planned for elective high-risk, non-cardiac surgery for any indication at Heidelberg University Hospital, Germany will be included. The obtained study-specific data set includes clinical data, lab values, genome- and proteome analysis as well as plasma, serum and peripheral blood mononuclear cells (PBMC) collected before and at days 1, 3 and 7 postsurgery. Urine samples are collected before and at day 1 postsurgery. Structured follow-up for perioperative complications such as redo-surgery, length of intensive care stay or length of hospital stay is conducted at days 30, 90 and 1 year postsurgery and for disease progression and survival after 3 and 5 years postsurgery. All study data will be transferred to the HeiPoDD registry to allow merging with all available routine clinical data from the hospital information system including imaging studies as well as haemodynamic and respiratory biosignals. Biomaterials will be stored in the HeiPoDD biomaterial bank to allow further analyses.Ethics and disseminationThe trial protocol and amendments were approved by the ethics committee of the University of Heidelberg (S-758/2021). The protocol is registered with the German Clinical Trial Register (DRKS00024625). Participating patients' data will be recorded only in pseudonymised form. After completion of the study, data collected during the study will be kept on file for up to 30 years. Biomedical samples collected during the study and entered into the biobank will be held for the same amount of time. The findings will be disseminated in peer-reviewed academic journals."
158,A1_imaging,35875405,PMC9297994,10.1111/jace.18182,2022,Journal of the American Ceramic Society. American Ceramic Society,research-article; Journal Article,In situ 4D tomography image analysis framework to follow sintering within 3D-printed glass scaffolds.,"We propose a novel image analysis framework to automate analysis of X-ray microtomography images of sintering ceramics and glasses, using open-source toolkits and machine learning. Additive manufacturing (AM) of glasses and ceramics usually requires sintering of green bodies. Sintering causes shrinkage, which presents a challenge for controlling the metrology of the final architecture. Therefore, being able to monitor sintering in 3D over time (termed 4D) is important when developing new porous ceramics or glasses. Synchrotron X-ray tomographic imaging allows in situ, real-time capture of the sintering process at both micro and macro scales using a furnace rig, facilitating 4D quantitative analysis of the process. The proposed image analysis framework is capable of tracking and quantifying the densification of glass or ceramic particles within multiple volumes of interest (VOIs) along with structural changes over time using 4D image data. The framework is demonstrated by 4D quantitative analysis of bioactive glass ICIE16 within a 3D-printed scaffold. Here, densification of glass particles within 3 VOIs were tracked and quantified along with diameter change of struts and interstrut pore size over the 3D image series, delivering new insights on the sintering mechanism of ICIE16 bioactive glass particles in both micro and macro scales."
159,A1_imaging,37276437,PMC10427398,10.1002/advs.202301207,2023,"Advanced science (Weinheim, Baden-Wurttemberg, Germany)",research-article; Journal Article,Surgical Sealant with Integrated Shape-Morphing Dual Modality Ultrasound and Computed Tomography Sensors for Gastric Leak Detection.,"Postoperative anastomotic leaks are the most feared complications after gastric surgery. For diagnostics clinicians mostly rely on clinical symptoms such as fever and tachycardia, often developing as a result of an already fully developed, i.e., symptomatic, surgical leak. A gastric fluid responsive, dual modality, electronic-free, leak sensor system integrable into surgical adhesive suture support materials is introduced. Leak sensors contain high atomic number carbonates embedded in a polyacrylamide matrix, that upon exposure to gastric fluid convert into gaseous carbon dioxide (CO2 ). CO2 bubbles remain entrapped in the hydrogel matrix, leading to a distinctly increased echogenic contrast detectable by a low-cost and portable ultrasound transducer, while the dissolution of the carbonate species and the resulting diffusion of the cation produces a markedly reduced contrast in computed tomography imaging. The sensing elements can be patterned into a variety of characteristic shapes and can be combined with nonreactive tantalum oxide reference elements, allowing the design of shape-morphing sensing elements visible to the naked eye as well as artificial intelligence-assisted automated detection. In summary, shape-morphing dual modality sensors for the early and robust detection of postoperative complications at deep tissue sites, opening new routes for postoperative patient surveillance using existing hospital infrastructure is reported."
160,A1_imaging,38538741,PMC10973465,10.1038/s41598-024-58010-0,2024,Scientific reports,research-article; Journal Article,Detection of biomagnetic signals from induced pluripotent stem cell-derived cardiomyocytes using deep learning with simulation data.,"The detection of spontaneous magnetic signals can be used for the non-invasive electrophysiological evaluation of induced pluripotent stem cell-derived cardiomyocytes (iPS-CMs). We report that deep learning with a dataset that combines magnetic signals estimated using numerical simulation and actual noise data is effective in the detection of weak biomagnetic signals. To verify the feasibility of this method, we measured artificially generated magnetic signals that mimic cellular magnetic fields using a superconducting quantum interference device and attempted peak detection using a long short-term memory network. We correctly detected 80.0% of the peaks and the method achieved superior detection performance compared with conventional methods. Next, we attempted peak detection for magnetic signals measured from mouse iPS-CMs. The number of detected peaks was consistent with the spontaneous beats counted using microscopic observation and the average peak waveform achieved good similarity with the prediction. We also observed the synchronization of peak positions between simultaneously measured field potentials and magnetic signals. Furthermore, the magnetic measurements of cell samples treated with isoproterenol showed potential for the detection of chronotropic effects. These results suggest that the proposed method is effective and has potential application in the safety assessment of regenerative medicine and drug screening."
161,A1_imaging,41465044,PMC12733366,10.3390/foods14244338,2025,"Foods (Basel, Switzerland)",research-article; Journal Article,Preparation and Characterization of Eel (Anguilla) Bone Collagen Based on Intelligent Algorithm.,"Eel (Anguilla) is an aquatic animal with high nutritional value and multiple health benefits for the human body. To fully utilize its processing by-products fish bone, this study optimized the enzymatic preparation process of using BP neural network and GA genetic algorithm, with collagen extraction yield as the key evaluation metric, and characterized the properties of the obtained collagen. The results demonstrated that the optimal extraction conditions for eel bone collagen were as follows: enzyme dosage of 2%, hydrolysis time of 2.65 h, solid-to-liquid ratio of 1:22, and ultrasonic pretreatment for 21 min at 250 W power, achieving an extraction yield of 57.6%. The main amino acids identified were glycine, glutamic acid, proline, and arginine. SDS-PAGE electrophoresis revealed that eel bone collagen exhibited structural characteristics of type I collagen. Raman spectroscopy and X-ray diffraction indicated an intact triple-helix structure with partial ordered features. The DSC and TGA results demonstrated good thermal stability, with a denaturation temperature of 106.73 °C. SEM imaging displayed a loose, porous fibrous network structure, while rheological analysis suggested potential biomedical material properties. The findings of this study provide fundamental data for the high-value utilization and development of eel bone resources."
162,A1_imaging,37969140,PMC10630981,10.1021/acsmaterialslett.3c00909,2023,ACS materials letters,rapid-communication; Journal Article,SEMPro: A Data-Driven Pipeline To Learn Structure-Property Insights from Scanning Electron Microscopy Images.,"Analyzing hydrogel microstructure through scanning electron microscopy (SEM) images is crucial in understanding hydrogel properties. However, the analysis of SEM images in hydrogel research heavily relies on the intuition of individual researchers and is constrained by the limited size of the dataset. To address this, we propose SEMPro, a data-driven solution using web-scraping and deep learning (DL) to compile and analyze the structure-property relationships of hydrogels through SEM images. It accurately predicts the elastic modulus from SEM images within the same order of magnitude and displays a learned extraction of modulus-relevant features in SEM images as seen through the nontrivial activation mapping and transfer learning. By employing Explainable AI through activation map exposure, SEMPro validates the model predictions. SEMPro represents a closed-loop data collection and analysis pipeline, providing critical insights into hydrogels and soft materials. This innovative approach has the potential to revolutionize hydrogel research, offering high-dimensional insights for further advancements."
163,A1_imaging,40357880,PMC12265864,10.1111/jmi.13419,2025,Journal of microscopy,"Research Support, Non-U.S. Gov't; research-article; Journal Article",Development of a deep learning method for phase retrieval image enhancement in phase contrast microcomputed tomography.,"Propagation-based imaging (one method of X-ray phase contrast imaging) with microcomputed tomography (PBI-µCT) offers the potential to visualise low-density materials, such as soft tissues and hydrogel constructs, which are difficult to be identified by conventional absorption-based contrast µCT. Conventional µCT reconstruction produces edge-enhanced contrast (EEC) images which preserve sharp boundaries but are susceptible to noise and do not provide consistent grey value representation for the same material. Meanwhile, phase retrieval (PR) algorithms can convert edge enhanced contrast to area contrast to improve signal-to-noise ratio (SNR), and contrast-to-noise ratio (CNR) but usually results to over-smoothing, thus creating inaccuracies in quantitative analysis. To alleviate these problems, this study developed a deep learning-based method called edge view enhanced phase retrieval (EVEPR), by strategically integrating the complementary spatial features of denoised EEC and PR images, and further applied this method to segment the hydrogel constructs in vivo and ex vivo. EVEPR used paired denoised EEC and PR images to train a deep convolutional neural network (CNN) on a dataset-to-dataset basis. The CNN had been trained on important high-frequency details, for example, edges and boundaries from the EEC image and area contrast from PR images. The CNN predicted result showed enhanced area contrast beyond conventional PR algorithms while improving SNR and CNR. The enhanced CNR especially allowed for the image to be segmented with greater efficiency. EVEPR was applied to in vitro and ex vivo PBI-µCT images of low-density hydrogel constructs. The enhanced visibility and consistency of hydrogel constructs was essential for segmenting such material which usually exhibit extremely poor contrast. The EVEPR images allowed for more accurate segmentation with reduced manual adjustments. The efficiency in segmentation allowed for the generation of a sizeable database of segmented hydrogel scaffolds which were used in conventional data-driven segmentation applications. EVEPR was demonstrated to be a robust post-image processing method capable of significantly enhancing image quality by training a CNN on paired denoised EEC and PR images. This method not only addressed the common issues of over-smoothing and noise susceptibility in conventional PBI-µCT image processing but also allowed for efficient and accurate in vitro and ex vivo image processing applications of low-density materials."
164,A1_imaging,41103456,PMC12523448,10.3389/ebm.2025.10756,2025,"Experimental biology and medicine (Maywood, N.J.)",research-article; Journal Article,"High-fidelity, personalized cardiac modeling via AI-driven 3D reconstruction and embedded silicone rubber printing.","The burgeoning clinical demand for patient-specific cardiac modeling encounters significant challenges. The current clinical cardiac models are either difficult to manufacture or lack of detailed geometric structures and hence, often fail to incorporate important patient-specific characteristics. Moreover, most 3D-printable soft materials, such as Thermoplastic Poly-Urethane (TPU) or elastic resins, exhibit insufficient flexibility and biocompatibility to accurately mimic cardiac tissues, therefore limiting their ability to truly replicate patient-specific cardiac conditions. To address these limitations, we propose an innovative method for patient-specific cardiac substructure reconstruction based on the integration of Artificial Intelligence (AI) and embedded 3D printing. First, by combining medical imaging data (CT scan) with AI-driven high-precision 3D reconstruction algorithms, the new method segments the patient-specific cardiac structure into 10 substructures. The average Dice coefficient across the ten substructures is 0.87. Second, it uses an embedded 3D printing technique which utilizes silicone rubber matrix as supporting structure and uses diluted catalyst ink to extrude onto the supporting matrix. Through precise regulation of the matrix composition, material deposition rate and curing time, it can fabricate high-fidelity, complex 3D patient-specific silicone heart models with the average dimensional error less than 0.5 mm. The proposed method can substantially reduce manual intervention and post-processing time. The fabricated models provide valuable morphological insights for cardiovascular diagnosis and treatment planning. It is believed that many clinic applications will follow."
165,A1_imaging,38001612,PMC10670125,10.3390/cancers15225352,2023,Cancers,research-article; Journal Article,Towards Realistic 3D Models of Tumor Vascular Networks.,"For reliable in silico or in vitro investigations in, for example, biosensing and drug delivery applications, accurate models of tumor vascular networks down to the capillary size are essential. Compared to images acquired with conventional medical imaging techniques, digitalized histological tumor slices have a higher resolution, enabling the delineation of capillaries. Volume rendering procedures can then be used to generate a 3D model. However, the preparation of such slices leads to misalignments in relative slice orientation between consecutive slices. Thus, image registration algorithms are necessary to re-align the slices. Here, we present an algorithm for the registration and reconstruction of a vascular network from histologic slices applied to 169 tumor slices. The registration includes two steps. First, consecutive images are incrementally pre-aligned using feature- and area-based transformations. Second, using the previous transformations, parallel registration for all images is enabled. Combining intensity- and color-based thresholds along with heuristic analysis, vascular structures are segmented. A 3D interpolation technique is used for volume rendering. This results in a 3D vascular network with approximately 400-450 vessels with diameters down to 25-30 µm. A delineation of vessel structures with close distance was limited in areas of high structural density. Improvement can be achieved by using images with higher resolution and or machine learning techniques."
166,A1_imaging,33417611,PMC7793269,10.1371/journal.pone.0245234,2021,PloS one,research-article; Journal Article,Supervised machine learning for automated classification of human Wharton's Jelly cells and mechanosensory hair cells.,"Tissue engineering and gene therapy strategies offer new ways to repair permanent damage to mechanosensory hair cells (MHCs) by differentiating human Wharton's Jelly cells (HWJCs). Conventionally, these strategies require the classification of each cell as differentiated or undifferentiated. Automated classification tools, however, may serve as a novel method to rapidly classify these cells. In this paper, images from previous work, where HWJCs were differentiated into MHC-like cells, were examined. Various cell features were extracted from these images, and those which were pertinent to classification were identified. Different machine learning models were then developed, some using all extracted data and some using only certain features. To evaluate model performance, the area under the curve (AUC) of the receiver operating characteristic curve was primarily used. This paper found that limiting algorithms to certain features consistently improved performance. The top performing model, a voting classifier model consisting of two logistic regressions, a support vector machine, and a random forest classifier, obtained an AUC of 0.9638. Ultimately, this paper illustrates the viability of a novel machine learning pipeline to automate the classification of undifferentiated and differentiated cells. In the future, this research could aid in automated strategies that determine the viability of MHC-like cells after differentiation."
167,A1_imaging,34196136,PMC8244998,10.1117/1.jbo.26.6.060602,2021,Journal of biomedical optics,"Research Support, Non-U.S. Gov't; research-article; Journal Article; Research Support, N.I.H., Extramural",Perspective on fast-evolving photoacoustic tomography.,"SignificanceAcoustically detecting the rich optical absorption contrast in biological tissues, photoacoustic tomography (PAT) seamlessly bridges the functional and molecular sensitivity of optical excitation with the deep penetration and high scalability of ultrasound detection. As a result of continuous technological innovations and commercial development, PAT has been playing an increasingly important role in life sciences and patient care, including functional brain imaging, smart drug delivery, early cancer diagnosis, and interventional therapy guidance.AimBuilt on our 2016 tutorial article that focused on the principles and implementations of PAT, this perspective aims to provide an update on the exciting technical advances in PAT.ApproachThis perspective focuses on the recent PAT innovations in volumetric deep-tissue imaging, high-speed wide-field microscopic imaging, high-sensitivity optical ultrasound detection, and machine-learning enhanced image reconstruction and data processing. Representative applications are introduced to demonstrate these enabling technical breakthroughs in biomedical research.ConclusionsWe conclude the perspective by discussing the future development of PAT technologies."
168,A1_imaging,36406717,PMC9667272,10.1016/j.heliyon.2022.e11468,2022,Heliyon,research-article; Journal Article,In-process monitoring of a tissue-engineered oral mucosa fabricated on a micropatterned collagen scaffold: use of optical coherence tomography for quality control.,"BackgroundWe previously reported a novel technique for fabricating dermo-epidermal junction (DEJ)-like micropatterned collagen scaffolds to manufacture an ex vivo produced oral mucosa equivalent (EVPOME) for clinical translation; however, more biomimetic micropatterns are required to promote oral keratinocyte-based tissue engineering/regenerative medicine. In addition, in-process monitoring for quality control of tissue-engineered products is key to successful clinical outcomes. However, evaluating three-dimensional tissue-engineered constructs such as EVPOME is challenging. This study aimed to update our technique to fabricate a more biomimetic DEJ structure of oral mucosa and to investigate the efficacy of optical coherence tomography (OCT) in combination with deep learning for non-invasive EVPOME monitoring.MethodsA picosecond laser-textured microstructure mimicking DEJ on stainless steel was used as a negative mould to fabricate the micropatterned collagen scaffold. During EVPOME manufacturing, OCT was applied twice to monitor the EVPOME and evaluate its epithelial thickness.FindingsOur moulding system resulted in successful micropattern replication on the curved collagen scaffold. OCT imaging visualised the epithelial layer and the underlying micropatterned scaffold in EVPOME, enabling to non-invasively detect specific defects not found before the histological examination. Additionally, a gradual increase in epithelial thickness was observed over time.ConclusionThese findings demonstrate the feasibility of using a stainless-steel negative mould to create a more biomimetic micropattern on collagen scaffolds and the potential of OCT imaging for quality control in oral keratinocyte-based tissue engineering/regenerative medicine."
169,A1_imaging,33986691,PMC8110917,10.3389/fphys.2021.650714,2021,Frontiers in physiology,research-article; Journal Article,Quantifying Vascular Density in Tissue Engineered Constructs Using Machine Learning.,"Given the considerable research efforts in understanding and manipulating the vasculature in tissue health and function, making effective measurements of vascular density is critical for a variety of biomedical applications. However, because the vasculature is a heterogeneous collection of vessel segments, arranged in a complex three-dimensional architecture, which is dynamic in form and function, it is difficult to effectively measure. Here, we developed a semi-automated method that leverages machine learning to identify and quantify vascular metrics in an angiogenesis model imaged with different modalities. This software, BioSegment, is designed to make high throughput vascular density measurements of fluorescent or phase contrast images. Furthermore, the rapidity of assessments makes it an ideal tool for incorporation in tissue manufacturing workflows, where engineered tissue constructs may require frequent monitoring, to ensure that vascular growth benchmarks are met."
170,A1_imaging,39717531,PMC11663632,10.3389/fbioe.2024.1432737,2024,Frontiers in bioengineering and biotechnology,research-article; Journal Article,High-throughput platform for label-free sorting of 3D spheroids using deep learning.,"End-stage liver diseases have an increasing impact worldwide, exacerbated by the shortage of transplantable organs. Recognized as one of the promising solutions, tissue engineering aims at recreating functional tissues and organs in vitro. The integration of bioprinting technologies with biological 3D models, such as multi-cellular spheroids, has enabled the fabrication of tissue constructs that better mimic complex structures and in vivo functionality of organs. However, the lack of methods for large-scale production of homogeneous spheroids has hindered the upscaling of tissue fabrication. In this work, we introduce a fully automated platform, designed for high-throughput sorting of 3D spheroids based on label-free analysis of brightfield images. The compact platform is compatible with standard biosafety cabinets and includes a custom-made microscope and two fluidic systems that optimize single spheroid handling to enhance sorting speed. We use machine learning to classify spheroids based on their bioprinting compatibility. This approach enables complex morphological analysis, including assessing spheroid viability, without relying on invasive fluorescent labels. Furthermore, we demonstrate the efficacy of transfer learning for biological applications, for which acquiring large datasets remains challenging. Utilizing this platform, we efficiently sort mono-cellular and multi-cellular liver spheroids, the latter being used in bioprinting applications, and confirm that the sorting process preserves viability and functionality of the spheroids. By ensuring spheroid homogeneity, our sorting platform paves the way for standardized and scalable tissue fabrication, advancing regenerative medicine applications."
171,A1_imaging,41222392,PMC12610427,10.3390/nano15211682,2025,"Nanomaterials (Basel, Switzerland)",research-article; Journal Article,Intermolecular Organization of a Lyotropic Liquid Crystal and Carbon Dot Composite in Microfluidic Channels: Surface and Dynamic Effects.,"Composites of lyotropic liquid crystals with biocompatible luminescent nanoparticles represent multifunctional materials with high potential for application in molecular diagnostics and biomedicine. Their integration with microfluidics is a new and scarcely studied approach that offers unique opportunities for tuning properties of such nanomaterials and simulating the biological environment of their application. This paper analyzes the impact of the governing microfluidic factors, including wall effects and flow dynamics, on the intermolecular structure and optical properties of the mesogenic luminescent nanocomposite of tetraethylene glycol monododecyl ether and carbon dots. The nanoscale and microscale surface structure of microchannel walls was found to be the dominating factor for additional near-wall ordering of the intrinsic lamellar structure of the composite. A combination of controlled shear stress with heating-cooling cycles allowed for a gradual and reversible transformation of multilamellar vesicles into the axial lamellar structure, and provided the composite with anisotropic luminescence capabilities according to the study of the luminescent behavior of carbon dots. The collected experimental datasets, comprising hundreds of texture images, allowed for training the neural network for subsequent accurate recognition of the composite nanoscale organization and dynamic properties in straight and serpentine microchannels. The results will contribute to developing AI-powered microfluidic chips with integrated biocompatible nanocomposite materials for testing drug delivery systems and simulating biological capillary environment in organ-on-chip prototypes."
172,A1_imaging,41583836,PMC12823833,10.3389/fsurg.2025.1710837,2025,Frontiers in surgery,research-article; Journal Article,Emerging applications and research trends of 3D printing and bioprinting in thoracic surgery: a bibliometric and visualized analysis.,"BackgroundThree-dimensional (3D) printing and bioprinting technologies have rapidly evolved into essential tools in thoracic surgery, enabling personalized anatomical modeling, implant fabrication, and tissue engineering. However, the global research landscape and thematic evolution of this field remain incompletely characterized.MethodsA comprehensive bibliometric and visualized analysis was conducted using the Web of Science Core Collection, Scopus, and PubMed databases, covering studies published between 2008 and 2024. Data visualization and network analyses were performed using CiteSpace (v6.2.4R) and VOSviewer (v1.6.18) to assess publication trends, author and institutional collaborations, co-citation patterns, and keyword evolution.ResultsA total of 740 publications were identified, including 627 original articles and 113 reviews, contributed by 4,077 authors from 1,277 institutions across 71 countries. Annual publications increased steadily, peaking in 2024. China ranked first in publication volume (205 papers, 27.7%), while the United States had the highest citation impact (10,969 citations; 58.66 citations per paper). The most active journals were Journal of Thoracic Disease and Medical Physics. Keyword and co-citation analyses revealed three main research phases (1): anatomical modeling and surgical simulation (2008-2015) (2); prosthetic design and clinical application (2016-2020); and (3) tissue engineering, radiotherapy guidance, and bioprinting innovations (2021-2024). Emerging hotspots included electrospinning, volatile organic compound sensing, and tumor-specific implant customization.ConclusionGlobal research on 3D printing in thoracic surgery has expanded rapidly, with a clear transition from mechanical reconstruction toward biologically functional and regenerative approaches. The integration of bioprinting with advanced imaging, artificial intelligence, and robotics holds promise for personalized, precision thoracic surgery. Continued interdisciplinary collaboration will be essential to accelerate clinical translation and regulatory approval of biofabricated constructs."
173,A1_imaging,37456452,PMC10338991,10.7759/cureus.40345,2023,Cureus,research-article; Journal Article,Multi-exposure Laser Speckle Contrast Imaging (MECI)-Based Prediction of Blood Flow Using Random Forest (RF) With K-Means (KM).,"Blood flow prediction is very important for medical diagnosis, drug development, tissue engineering, and continuous monitoring. One commonly used method for studying blood flow is called multi-exposure laser speckle contrast imaging (MECI). It provides valuable insights into how blood flows through tissues and helps in diagnosing circulatory diseases. In our study, we used MECI to measure blood flow in real-time by taking multiple measurements with different exposure times and contrasts. To predict different blood flow rates ranging from 0.1 to 1 mm/s, we employed machine learning (ML) techniques like clustering and random forest (RF) or support vector machine (SVM) algorithms. The study showed that RF with K-means performance is found to be the most accurate technique for flow classification, with an accuracy of 98.5%, a precision of 92%, a specificity of 98.9%, and a classification error of 1.5%. Our study demonstrates that employing clustering and RF algorithms in MECI provides a robust and effective approach to predicting blood flow. This technique holds great potential for a wide range of applications in the medical and healthcare fields."
174,A1_imaging,40025100,PMC11873241,10.1038/s41598-025-87180-8,2025,Scientific reports,research-article; Journal Article,Explainable handcrafted features for mitotic event detection and classification.,"Analysis of cell populations and their behavior is very important in biological and medical research, such as tissue engineering and cancer research. Such behavioral analysis is often performed by visual observation of the cells using microscopy and other imaging techniques, which is often a time-consuming process due to the need for manual observations. Here, a fully automated mitotic event detection method has been developed allowing to reduce the processing time and improving the accuracy of the proliferation rate estimation of studied cell populations Despite the obvious morphological changes during mitosis, traditional image processing methods are not the best candidates, because some phenomena in the images appear as mitotic events but consist of noise and artifacts. These unwanted noise elements and artifacts can cause false positive detections and lead to low precision in detecting proliferation processes. Additionally, traditional cell imaging methods are based on single-cell segmentation resulting in lower performance for high cell densities. To minimize false positive detections, a machine learning-based modeling approach was developed and tested on two large datasets, one public dataset containing phase contrast images and another containing lens-free images. In the new method, traditional image processing, such as thresholding and cell tracking, is employed to select the candidate events. Next, the features that relate to the cell characteristics and process events are extracted. Before the classification step, features are selected using mutual information and ANOVA testing. Finally, false positive rejection is done using tree and random forest classifiers. The applied machine learning approach not only allows high processing performance but also explains how selected features contribute to mitotic event detection. The mean accuracy of the classifiers is 85.12% and precision and recall for the publicly available phase contrast dataset are 88.01% and 92.70% respectively. When applied to the lens-free image dataset, accuracy, precision, and recall were even higher and amounted to 87.66% 88.01%, and 91.78% respectively while employing much less features. The developed methodology has similar performance compared to the published deep learning approach, but has the advantage that it combines high performance with explainable features."
175,A1_imaging,36964565,PMC10039567,10.1186/s12951-023-01864-9,2023,Journal of nanobiotechnology,research-article; Journal Article,Machine-learning screening of luminogens with aggregation-induced emission characteristics for fluorescence imaging.,"Due to the excellent biocompatible physicochemical performance, luminogens with aggregation-induced emission (AIEgens) characteristics have played a significant role in biomedical fluorescence imaging recently. However, screening AIEgens for special applications takes a lot of time and efforts by using conventional chemical synthesis route. Fortunately, artificial intelligence techniques that could predict the properties of AIEgen molecules would be helpful and valuable for novel AIEgens design and synthesis. In this work, we applied machine learning (ML) techniques to screen AIEgens with expected excitation and emission wavelength for biomedical deep fluorescence imaging. First, a database of various AIEgens collected from the literature was established. Then, by extracting key features using molecular descriptors and training various state-of-the-art ML models, a multi-modal molecular descriptors strategy has been proposed to extract the structure-property relationships of AIEgens and predict molecular absorption and emission wavelength peaks. Compared to the first principles calculations, the proposed strategy provided greater accuracy at a lower computational cost. Finally, three newly predicted AIEgens with desired absorption and emission wavelength peaks were synthesized successfully and applied for cellular fluorescence imaging and deep penetration imaging. All the results were consistent successfully with our expectations, which demonstrated the above ML has a great potential for screening AIEgens with suitable wavelengths, which could boost the design and development of novel organic fluorescent materials."
176,A1_imaging,38988863,PMC11233802,10.3389/fbioe.2024.1411680,2024,Frontiers in bioengineering and biotechnology,research-article; Journal Article,ML-driven segmentation of microvascular features during histological examination of tissue-engineered vascular grafts.,"IntroductionThe development of next-generation tissue-engineered medical devices such as tissue-engineered vascular grafts (TEVGs) is a leading trend in translational medicine. Microscopic examination is an indispensable part of animal experimentation, and histopathological analysis of regenerated tissue is crucial for assessing the outcomes of implanted medical devices. However, the objective quantification of regenerated tissues can be challenging due to their unusual and complex architecture. To address these challenges, research and development of advanced ML-driven tools for performing adequate histological analysis appears to be an extremely promising direction.MethodsWe compiled a dataset of 104 representative whole slide images (WSIs) of TEVGs which were collected after a 6-month implantation into the sheep carotid artery. The histological examination aimed to analyze the patterns of vascular tissue regeneration in TEVGs in situ. Having performed an automated slicing of these WSIs by the Entropy Masker algorithm, we filtered and then manually annotated 1,401 patches to identify 9 histological features: arteriole lumen, arteriole media, arteriole adventitia, venule lumen, venule wall, capillary lumen, capillary wall, immune cells, and nerve trunks. To segment and quantify these features, we rigorously tuned and evaluated the performance of six deep learning models (U-Net, LinkNet, FPN, PSPNet, DeepLabV3, and MA-Net).ResultsAfter rigorous hyperparameter optimization, all six deep learning models achieved mean Dice Similarity Coefficients (DSC) exceeding 0.823. Notably, FPN and PSPNet exhibited the fastest convergence rates. MA-Net stood out with the highest mean DSC of 0.875, demonstrating superior performance in arteriole segmentation. DeepLabV3 performed well in segmenting venous and capillary structures, while FPN exhibited proficiency in identifying immune cells and nerve trunks. An ensemble of these three models attained an average DSC of 0.889, surpassing their individual performances.ConclusionThis study showcases the potential of ML-driven segmentation in the analysis of histological images of tissue-engineered vascular grafts. Through the creation of a unique dataset and the optimization of deep neural network hyperparameters, we developed and validated an ensemble model, establishing an effective tool for detecting key histological features essential for understanding vascular tissue regeneration. These advances herald a significant improvement in ML-assisted workflows for tissue engineering research and development."
177,A1_imaging,37280224,PMC10244346,10.1038/s41421-023-00543-1,2023,Cell discovery,research-article; Journal Article,A live-cell image-based machine learning strategy for reducing variability in PSC differentiation systems.,"The differentiation of pluripotent stem cells (PSCs) into diverse functional cell types provides a promising solution to support drug discovery, disease modeling, and regenerative medicine. However, functional cell differentiation is currently limited by the substantial line-to-line and batch-to-batch variabilities, which severely impede the progress of scientific research and the manufacturing of cell products. For instance, PSC-to-cardiomyocyte (CM) differentiation is vulnerable to inappropriate doses of CHIR99021 (CHIR) that are applied in the initial stage of mesoderm differentiation. Here, by harnessing live-cell bright-field imaging and machine learning (ML), we realize real-time cell recognition in the entire differentiation process, e.g., CMs, cardiac progenitor cells (CPCs), PSC clones, and even misdifferentiated cells. This enables non-invasive prediction of differentiation efficiency, purification of ML-recognized CMs and CPCs for reducing cell contamination, early assessment of the CHIR dose for correcting the misdifferentiation trajectory, and evaluation of initial PSC colonies for controlling the start point of differentiation, all of which provide a more invulnerable differentiation method with resistance to variability. Moreover, with the established ML models as a readout for the chemical screen, we identify a CDK8 inhibitor that can further improve the cell resistance to the overdose of CHIR. Together, this study indicates that artificial intelligence is able to guide and iteratively optimize PSC differentiation to achieve consistently high efficiency across cell lines and batches, providing a better understanding and rational modulation of the differentiation process for functional cell manufacturing in biomedical applications."
178,A1_imaging,39665759,PMC11665908,10.1073/pnas.2406331121,2024,Proceedings of the National Academy of Sciences of the United States of America,research-article; Journal Article,3D electron microscopy for analyzing nanoparticles in the tumor endothelium.,"Delivering medical agents to diseased tissues has been challenging, leading researchers to study the in vivo transport process in the body for improving delivery. Many imaging techniques exist for mapping the distribution of medical agent-carrying nanoparticles in tissues, but they cannot capture the three-dimensional context of tissues with single nanoparticle resolution. Here, we developed 3DEM-NPD, a three-dimensional electron microscopy (3D EM) machine learning strategy to image and map single nanoparticle distributions (NPD) in tissues. 3DEM-NPD provides unbiased visualization and quantification of individual nanoparticles within organs. We applied this technique to quantify nanoparticle transport through tumor blood vessel endothelial cells. We measured the cell diameter, surface area, and volume and found that traditional 2D EM cannot accurately measure these features. We used machine learning to locate over 550,000 nanoparticles in less than 3 h with an accuracy of over 82%. The 3DEM-NPD method allowed us to establish a metric to quantify nanoparticle transport at the single nanoparticle level and to quantify the morphological features of ~2,800 vesicles. We find that on average there are only 2.4 nanoparticles per vesicle with a theoretical maximum of 158 nanoparticles per vesicle (~66x increase). These surprising results suggest the need to increase vesicle encapsulation efficiency for improved transport and they provide a benchmark for increasing nanoparticle transport and delivery. This technique may provide unique insights into the interactions between medical agents, drug carriers, emerging materials, and cells at the single-nanoparticle level throughout tissues."
179,A1_imaging,41087421,PMC12521365,10.1038/s41598-025-19683-3,2025,Scientific reports,research-article; Journal Article,Development and In Vivo evaluation of liposomal fentanyl nanocarriers using thin-film hydration and AI-based characterization for enhanced analgesic efficacy in anesthesia.,"The aim of this study was to develop and evaluate a liposomal formulation of fentanyl to improve its analgesic efficacy and safety profile in anesthesia, using artificial intelligence (AI) techniques to characterize and optimize the formulation. The liposomes were prepared using the thin-film hydration method, resulting in vesicles with an average diameter of 120.4 ± 10.2 nm and a polydispersity index of 0.23 ± 0.05. The encapsulation efficiency of fentanyl was determined by high performance liquid chromatography (HPLC) and was 85.0 ± 3.2%. A convolutional neural network (CNN) implemented in TensorFlow/Keras (Python) was used for automated analysis of scanning electron microscopy (SEM) images to evaluate the morphology of liposomes. In vitro drug release was studied over 12 hours using a dialysis method. The analgesic efficacy and safety of the liposomal formulation was evaluated in a rat pain model by comparing the paw withdrawal latency (PWL) and mechanical thresholds of Frey with standard fentanyl. A Gaussian Process Regression (GPR) model developed using scikit-learn (Python) was used to predict liposome properties based on formulation parameters. CNN analysis confirmed predominantly spherical liposomes with 3.2% aggregates and 1.8% broken particles. In vitro release studies showed sustained release of fentanyl with an initial burst of approximately 10%. In vivo, the liposomal fentanyl group showed significantly prolonged analgesia (PWL: 12.4 ± 2.1 seconds) compared to standard fentanyl (8.5 ± 1.5 seconds, p 2 > 0.85) for key formulation characteristics. The novelty of this work lies in the integration of AI-driven characterization (CNN for SEM) and predictive modeling (GPR) into the development and optimization of liposomal fentanyl nanocarriers, enabling objective morphological analysis and data-driven formulation design. The developed liposomal fentanyl formulation provides sustained drug release, increased analgesic efficacy and improved safety compared to standard fentanyl. This AI-enhanced approach offers a promising strategy for optimizing liposomal drug delivery systems in anesthesia and pain management."
180,A1_imaging,34819099,PMC8614058,10.1186/s12989-021-00433-y,2021,Particle and fibre toxicology,"Research Support, Non-U.S. Gov't; research-article; Journal Article; Research Support, N.I.H., Extramural",Silica-coated magnetic-nanoparticle-induced cytotoxicity is reduced in microglia by glutathione and citrate identified using integrated omics.,"BackgroundNanoparticles have been utilized in brain research and therapeutics, including imaging, diagnosis, and drug delivery, owing to their versatile properties compared to bulk materials. However, exposure to nanoparticles leads to their accumulation in the brain, but drug development to counteract this nanotoxicity remains challenging. To date, concerns have risen about the potential toxicity to the brain associated with nanoparticles exposure via penetration of the brain blood barrier to address this issue.MethodsHere the effect of silica-coated-magnetic nanoparticles containing the rhodamine B isothiocyanate dye [MNPs@SiO2(RITC)] were assessed on microglia through toxicological investigation, including biological analysis and integration of transcriptomics, proteomics, and metabolomics. MNPs@SiO2(RITC)-induced biological changes, such as morphology, generation of reactive oxygen species, intracellular accumulation of MNPs@SiO2(RITC) using transmission electron microscopy, and glucose uptake efficiency, were analyzed in BV2 murine microglial cells. Each omics data was collected via RNA-sequencing-based transcriptome analysis, liquid chromatography-tandem mass spectrometry-based proteome analysis, and gas chromatography- tandem mass spectrometry-based metabolome analysis. The three omics datasets were integrated and generated as a single network using a machine learning algorithm. Nineteen compounds were screened and predicted their effects on nanotoxicity within the triple-omics network.ResultsIntracellular reactive oxygen species production, an inflammatory response, and morphological activation of cells were greater, but glucose uptake was lower in MNPs@SiO2(RITC)-treated BV2 microglia and primary rat microglia in a dose-dependent manner. Expression of 121 genes (from 41,214 identified genes), and levels of 45 proteins (from 5918 identified proteins) and 17 metabolites (from 47 identified metabolites) related to the above phenomena changed in MNPs@SiO2(RITC)-treated microglia. A combination of glutathione and citrate attenuated nanotoxicity induced by MNPs@SiO2(RITC) and ten other nanoparticles in vitro and in the murine brain, protecting mostly the hippocampus and thalamus.ConclusionsCombination of glutathione and citrate can be one of the candidates for nanotoxicity alleviating drug against MNPs@SiO2(RITC) induced detrimental effect, including elevation of intracellular reactive oxygen species level, activation of microglia, and reduction in glucose uptake efficiency. In addition, our findings indicate that an integrated triple omics approach provides useful and sensitive toxicological assessment for nanoparticles and screening of drug for nanotoxicity."
181,A1_imaging,40363163,PMC12074402,10.3390/s25092726,2025,"Sensors (Basel, Switzerland)",research-article; Journal Article,Preliminary Study on Sensor-Based Detection of an Adherent Cell's Pre-Detachment Moment in a MPWM Microfluidic Extraction System.,"The extraction of adherent cells, such as B16 murine melanoma cells, from Petri dish cultures is critical in biomedical applications, including cell reprogramming, transplantation, and regenerative medicine. Traditional detachment methods-enzymatic, mechanical, or chemical-often compromise cell viability by altering membrane integrity and disrupting adhesion proteins. To address these challenges, this study investigated sensor-based detection of the pre-detachment phase in a MPWM (Microfluidic Pulse Width Modulation) extraction system. Our approach integrates a micromechatronic system with a microfluidic suction circuit, real-time CCD imaging, and computational analysis to detect and characterize the pre-detachment moment before full extraction. A precisely controlled hydrodynamic force field progressively disrupts adhesion in multiple stages, reducing mechanical stress and preserving cell integrity. Real-time video analysis enables continuous monitoring of positional dynamics and oscillatory responses. Image processing and deep learning algorithms determine object center coordinates, allowing the MPWM system to dynamically adjust suction parameters. This optimizes detachment while minimizing liquid absorption and reflux volume, ensuring efficient extraction. By combining microfluidics, sensor detection, and AI-driven image processing, this study established a non-invasive method for optimizing adherent cell detachment. These findings have significant implications for single-cell research, regenerative medicine, and high-throughput biotechnology, ensuring maximal viability and minimal perturbation."
182,A1_imaging,35478795,PMC9034160,10.1039/d1ra03428f,2021,RSC advances,research-article; Journal Article,Heat induction in two-dimensional graphene-Fe3O4 nanohybrids for magnetic hyperthermia applications with artificial neural network modeling.,"We report the synthesis and characterization of graphene functionalized with iron (Fe3+) oxide (G-Fe3O4) nanohybrids for radio-frequency magnetic hyperthermia application. We adopted the wet chemical procedure, using various contents of Fe3O4 (magnetite) from 0-100% for making two-dimensional graphene-Fe3O4 nanohybrids. The homogeneous dispersal of Fe3O4 nanoparticles decorated on the graphene surface combined with their biocompatibility and high thermal conductivity make them an excellent material for magnetic hyperthermia. The morphological and magnetic properties of the nanohybrids were studied using scanning electron microscopy (SEM) and a vibrating sample magnetometer (VSM), respectively. The smart magnetic platforms were exposed to an alternating current (AC) magnetic field of 633 kHz and of strength 9.1 mT for studying their hyperthermic performance. The localized antitumor effects were investigated with artificial neural network modeling. A neural net time-series model was developed for the assessment of the best nanohybrid composition to serve the purpose with an accuracy close to 100%. Six Nonlinear Autoregressive with External Input (NARX) models were obtained, one for each of the components. The assessment of the accuracy of the predicted results has been done on the basis of Mean Squared Error (MSE). The highest Mean Squared Error value was obtained for the nanohybrid containing 45% magnetite and 55% graphene (F45G55) in the training phase i.e., 0.44703, which is where the model achieved optimal results after 71 epochs. The F45G55 nanohybrid was found to be the best for hyperthermia applications in low dosage with the highest specific absorption rate (SAR) and mean squared error values."
183,A1_imaging,39877155,PMC11772149,10.1016/j.bioactmat.2024.12.031,2025,Bioactive materials,research-article; Journal Article,Graphene oxide scaffolds promote functional improvements mediated by scaffold-invading axons in thoracic transected rats.,"Millions of patients and their caretakers live and deal with the devastating consequences of spinal cord injury (SCI) worldwide. Despite outstanding advances in the field to both understand and tackle these pathologies, a cure for SCI patients, with their peculiar characteristics, is still a mirage. One of the most promising therapeutic strategies to date for these patients involves the use of epidural electrical stimulation. In this context, electrically active materials such as graphene and its derivates become particularly interesting. Indeed, solid evidence of their capacity to closely interact with neural cells and networks is growing. Encouraged by previous findings in our laboratory on the exploration of 3D porous reduced graphene oxide (rGO) scaffolds in chronic cervical hemisected rats (C6), herein we report their neuro-reparative properties when chronically implanted in complete transected rats (T9-T10), in which no preserved contralateral neural networks can assist in any observed recovery. Electrophysiological recordings from brainstem regions show antidromic activation of a small population of neurons in response to electrical stimulation caudal to the injury. These neurons are located in the Gigantocellular nucleus of reticular formation and vestibular nuclei, both regions directly related to motor functions. Together with histological features at the lesion site, such as more abundant and larger blood vessels and more abundant, longer and more homogeneously distributed axons, our results corroborate that rGO scaffolds create a permissive environment that allows the invasion of functional axonic processes from neurons located in brainstem nuclei with motor function in a rat model of complete thoracic transection. Additionally, behavioral tests evidence that these scaffolds play an important role in whole-body mechanical stabilization (postural control) proved by the absence of scoliosis, a higher trunk stability and a larger cervico-thoraco-lumbar movement range in rGO-implanted rats."
184,A1_imaging,39373849,PMC11600185,10.1002/advs.202407055,2024,"Advanced science (Weinheim, Baden-Wurttemberg, Germany)","Research Support, Non-U.S. Gov't; research-article; Journal Article",Space-Confined Amplification for In Situ Imaging of Single Nucleic Acid and Single Pathogen on Biological Samples.,"Direct in situ imaging of nucleic acids on biological samples is advantageous for rapid analysis without DNA extraction. However, traditional nucleic acid amplification in aqueous solutions tends to lose spatial information because of the high mobility of molecules. Similar to a cellular matrix, hydrogels with biomimetic 3D nanoconfined spaces can limit the free diffusion of nucleic acids, thereby allowing for ultrafast in situ enzymatic reactions. In this study, hydrogel-based in situ space-confined interfacial amplification (iSCIA) is developed for direct imaging of single nucleic acid and single pathogen on biological samples without formaldehyde fixation. With a polyethylene glycol hydrogel coating, nucleic acids on the sample are nanoconfined with restricted movement, while in situ amplification can be successfully performed. As a result, the nucleic acids are lighted-up on the large-scale surface in 20 min, with a detection limit as low as 1 copy/10 cm2. Multiplex imaging with a deep learning model is also established to automatically analyze multiple targets. Furthermore, the iSCIA imaging of pathogens on plant leaves and food is successfully used to monitor plant health and food safety. The proposed technique, a rapid and flexible system for in situ imaging, has great potential for food, environmental, and clinical applications."
185,A1_imaging,39010746,PMC11803689,10.1002/jmri.29499,2025,Journal of magnetic resonance imaging : JMRI,research-article; Journal Article,Deep Learning Assisted Classification of T1ρ-MR Based Intervertebral Disc Degeneration Phases.,"BackgroundAccording to the T1ρ value of nucleus pulposus, our previous study has found that intervertebral disc degeneration (IDD) can be divided into three phases based on T1ρ-MR, which is helpful for the selection of biomaterial treatment timing. However, the routine MR sequences for patients with IDD are T1- and T2-MR, T1ρ-MR is not commonly used due to long scanning time and extra expenses, which limits the application of T1ρ-MR based IDD phases.PurposeTo build a deep learning model to achieve the classification of T1ρ-MR based IDD phases from routine T1-MR images.Study typeRetrospective.PopulationSixty (M/F: 35/25) patients with low back pain or lower limb radiculopathy are randomly divided into training (N = 50) and test (N = 10) sets.Field strength/sequences1.5 T MR scanner; T1-, T2-, and T1ρ-MR sequence (spin echo).AssessmentThe T1ρ values of the nucleus pulposus in intervertebral discs (IVDs) were measured. IVDs were divided into three phases based on the mean T1ρ value: pre-degeneration phase (mean T1ρ value >110 msec), rapid degeneration phase (mean T1ρ value: 80-110 msec), and late degeneration phase (mean T1ρ value Statistical testsIntraclass correlation coefficient, area under the receiver operating characteristic curve (AUC), F1-score, accuracy, precision, and recall (P ResultsIn the test dataset, the model achieved a mean average precision of 0.996 for detecting IVD levels. The diagnostic accuracy of the T1ρ-MR based IDD phases was 0.840 and the AUC was 0.871, the average AUC of 5-folds cross validation was 0.843.Data conclusionThe proposed deep learning model achieved the classification of T1ρ-MR based IDD phases from routine T1-MR images, which may provide a method to facilitate the application of T1ρ-MR in IDD.Evidence level4 TECHNICAL EFFICACY: Stage 2."
186,A1_imaging,38443412,PMC10914818,10.1038/s41598-024-55897-7,2024,Scientific reports,research-article; Journal Article,Utilizing Ni(II) complex for metal drug-gel particles in cervical cancer treatment and designing novel drugs through machine learning methods.,"In the present study, a novel coordination polymer (CP) based on Ni(II), namely, [Ni(L)(D-CAM)(H2O)]n (1) (H2D-CAM = (1R,3S)-1,2,2-trimethylcyclopentane-1,3-dicarboxylic acid and L = 3,6-bis(benzimidazol-1-yl)pyridazine), has been produced successfully through applying a mixed ligand synthesis method via reacting Ni(NO3)2·6H2O with 3,6-bis(benzimidazol-1-yl)pyridazine ligand in the presence of a carboxylic acid co-ligand. Hyaluronic acid (HA) and carboxymethyl chitosan (CMCS) are representatives of natural polysaccharides and have good biocompatibility. Based on the chemical synthesis method, HA/CMCS hydrogel was successfully prepared. SEM showed that the lyophilized gel presented a typical macroporous structure with three-dimensional connected pores, which had unique advantages as a drug carrier. Using paclitaxel as a drug model, we further synthesized a novel paclitaxel-loaded metal gel and evaluated its therapeutic effect on cervical cancer. Finally, novel drugs from the reinforcement learning simulation are suggested to have better biological activity against ovarian cancer due to low affinity energy and stronger interaction strength towards the protein receptor."
187,A1_imaging,35009754,PMC8749580,10.3390/s22010212,2021,"Sensors (Basel, Switzerland)",research-article; Journal Article,Robotic Replica of a Human Spine Uses Soft Magnetic Sensor Array to Forecast Intervertebral Loads and Posture after Surgery.,"Cervical disc implants are conventional surgical treatments for patients with degenerative disc disease, such as cervical myelopathy and radiculopathy. However, the surgeon still must determine the candidacy of cervical disc implants mainly from the findings of diagnostic imaging studies, which can sometimes lead to complications and implant failure. To help address these problems, a new approach was developed to enable surgeons to preview the post-operative effects of an artificial disc implant in a patient-specific fashion prior to surgery. To that end, a robotic replica of a person's spine was 3D printed, modified to include an artificial disc implant, and outfitted with a soft magnetic sensor array. The aims of this study are threefold: first, to evaluate the potential of a soft magnetic sensor array to detect the location and amplitude of applied loads; second, to use the soft magnetic sensor array in a 3D printed human spine replica to distinguish between five different robotically actuated postures; and third, to compare the efficacy of four different machine learning algorithms to classify the loads, amplitudes, and postures obtained from the first and second aims. Benchtop experiments showed that the soft magnetic sensor array was capable of precisely detecting the location and amplitude of forces, which were successfully classified by four different machine learning algorithms that were compared for their capabilities: Support Vector Machine (SVM), K-Nearest Neighbor (KNN), Random Forest (RF), and Artificial Neural Network (ANN). In particular, the RF and ANN algorithms were able to classify locations of loads applied 3.25 mm apart with 98.39% ± 1.50% and 98.05% ± 1.56% accuracies, respectively. Furthermore, the ANN had an accuracy of 94.46% ± 2.84% to classify the location that a 10 g load was applied. The artificial disc-implanted spine replica was subjected to flexion and extension by a robotic arm. Five different postures of the spine were successfully classified with 100% ± 0.0% accuracy with the ANN using the soft magnetic sensor array. All results indicated that the magnetic sensor array has promising potential to generate data prior to invasive surgeries that could be utilized to preoperatively assess the suitability of a particular intervention for specific patients and to potentially assist the postoperative care of people with cervical disc implants."
188,A1_imaging,39589904,PMC11784918,10.1093/dmfr/twae062,2025,Dento maxillo facial radiology,"Research Support, Non-U.S. Gov't; research-article; Journal Article",Development and evaluation of a deep learning model to reduce exomass-related metal artefacts in cone-beam CT: an ex vivo study using porcine mandibles.,"ObjectivesTo develop and evaluate a deep learning (DL) model to reduce metal artefacts originating from the exomass in cone-beam CT (CBCT) of the jaws.MethodsFive porcine mandibles, each featuring six tubes filled with a radiopaque solution, were scanned using four CBCT units before and after the incremental insertion of up to three titanium, titanium-zirconium, and zirconia dental implants in the exomass of a small field of view. A conditional denoising diffusion probabilistic model, using DL techniques, was employed to correct axial images from exomass-related metal artefacts across the CBCT units and implant scenarios. Three examiners independently scored the image quality of all datasets, including those without an implant (ground truth), with implants in the exomass (original), and DL-generated ones. Quantitative analysis compared contrast-to-noise ratio (CNR) to validate artefact reduction using repeated measures analysis of variance in a factorial design followed by Tukey test (α = .05).ResultsThe visualisation of the hard tissues and overall image quality was reduced in the original and increased in the DL-generated images. The score variation observed in the original images was not observed in the DL-generated images, which generally scored higher than the original images. DL-generated images revealed significantly greater CNR than both the ground truth and their corresponding original images, regardless of the material and quantity of dental implants and the CBCT unit (P ConclusionsThe developed DL model using porcine mandibles demonstrated promising performance in correcting exomass-related metal artefacts in CBCT, serving as a proof-of-principle for future applications of this approach."
189,A1_imaging,40161541,PMC11950957,10.1016/j.adro.2025.101739,2025,Advances in radiation oncology,research-article; Journal Article,Risk Estimation of Late Rectal Toxicity Using a Convolutional Neural Network-based Dose Prediction in Prostate Cancer Radiation Therapy.,"PurposeThe present study investigated the feasibility of our automatic plan generation model based on a convolutional neural network (CNN) to estimate the baseline risk of grade ≥2 late rectal bleeding (G2-LRB) in volumetric modulated arc therapy for prostate cancer.Methods and materialsWe built the 2-dimensional U-net model to predict dose distributions using the planning computed tomography and organs at risk masks as inputs. Seventy-five volumetric modulated arc therapy plans of prostate cancer, which were delivered at 74.8 Gy in 34 fractions with a uniform planning goal, were included: 60 for training and 5-fold cross-validation, and the remaining 15 for testing. Isodose volume dice similarity coefficient, dose-volume histogram, and normal tissue complication probability (NTCP) metrics between planned and CNN-predicted dose distributions were calculated. The primary endpoint was the goodness-of-fit, expressed as a coefficient of determination (R 2) value, in predicting the percentage of G2-LRB-Lyman-Kutcher-Burman-NTCP.ResultsIn 15 test cases, 2-dimensional U-net predicted dose distributions with a mean isodose volume dice similarity coefficient value of 0.90 within the high-dose region (doses ≥ 50 Gy). Rectum V50Gy, V60Gy, and V70Gy were accurately predicted (R 2 = 0.73, 0.82, and 0.87, respectively). Strong correlations were observed between planned and predicted G2-LRB-Lyman-Kutcher-Burman-NTCP (R 2 = 0.80, P ConclusionsA risk estimation of LRB using CNN-based automatic plan generation from anatomic information was feasible. These results will contribute to the development of a decision support system that identifies priority cases for preradiation therapy interventions, such as hydrogel spacer implantation."
190,A1_imaging,40306624,PMC12080330,10.1021/acs.langmuir.4c03971,2025,Langmuir : the ACS journal of surfaces and colloids,research-article; Journal Article,Deep Learning Based Surface Classification of Functionalized Polymer Coatings.,"Low-technology characterization of material surfaces poses a challenge of significant importance for many scientific fields such as medical implants, biosensors, and regenerative medicine. Simple, fast, and scalable surface analysis methods that can be applied to a wide range of functionalized polymer coatings would thus constitute a major scientific and technological advance. In this work, we studied stain patterns formed by depositing a defined protein solution onto various polymer surfaces. The images of the resulting drying droplet patterns were captured by polarized light microscopy and analyzed by a deep-learning neural network. In this proof-of-concept study, we used chemical vapor deposition polymerization to deposit ten structurally distinct polymer coatings that share an identical polymer backbone, but differ in their functional groups. Despite the relatively minute differences in their chemical structure, the CNN classification of the stain patterns was highly reproducible. Across all different polymers, the overall classification accuracy of the CNN was 96%. When challenging the CNN with images from an unknown polymer coating, i.e., poly[(4-bromo-p-xylylene)-co-(p-xylylene)], these surfaces were classified as halogenated or pseudohalogenated coatings with 95% accuracy. These findings confirm that the scope of surfaces that can be analyzed with this approach goes beyond polymer coatings already known to the CNN through the training procedure and validates the method as a simple, yet versatile surface analysis tool."
191,A1_imaging,41023237,PMC12480507,10.1038/s41598-025-18749-6,2025,Scientific reports,research-article; Journal Article,Elemental composition analysis of calcium-based urinary stones via laser-induced breakdown spectroscopy for enhanced clinical insights.,"The purpose of this study was to profile elemental composition of calcium-based urinary stones using laser-induced breakdown spectroscopy (LIBS) and develop a machine learning model to distinguish recurrence-associated profiles by integrating elemental and clinical data. A total of 122 calcium-based stones (41 calcium oxalate, 11 calcium phosphate, 49 calcium oxalate/calcium phosphate, 8 calcium oxalate/uric acid, 13 calcium phosphate/struvite) were analyzed via LIBS. Elemental intensity ratios (H/Ca, P/Ca, Mg/Ca, Sr/Ca, Na/Ca, K/Ca) were calculated using Ca (396.847 nm) as reference. Clinical variables (demographics, laboratory and imaging results, recurrence status) were retrospectively collected. A back propagation neural network (BPNN) model was trained using four data strategies: clinical-only, spectral principal components (PCs), combined PCs plus clinical, and merged raw spectral plus clinical data. The performance of these four models was evaluated. Sixteen stone samples from other medical centers were used as external validation sets. Mg and Sr were detected in most of stones. Significant correlations existed among P, Mg, Sr, and K ratios. Recurrent patients showed elevated elemental ratios (p < 0.01), higher urine pH (p < 0.01), and lower stone CT density (p = 0.044). The BPNN model with merged spectral plus clinical data achieved optimal performance in classification (test set accuracy: 94.37%), significantly outperforming clinical-only models (test set accuracy: 73.37%). The results of external validation indicate that the model has good generalization ability. LIBS reveals ubiquitous Mg and Sr in calcium-based stones and elevated elemental ratios in recurrent cases. Integration of elemental profiles with clinical data enables high-accuracy classification of recurrence-associated profiles, providing insights for potential risk stratification in urolithiasis management."
192,A1_imaging,40568361,PMC12172745,10.1016/j.ynirp.2024.100218,2024,Neuroimage. Reports,research-article; Journal Article,Quantitative 3D reconstruction of viral vector distribution in rodent and ovine brain following local delivery.,"Viral vectors are an active area of research and development to treat diseases of the central nervous system (CNS). However, systemic delivery of large-molecular weight biologics is complicated by limited crossing of the blood-brain barrier, immunological clearance from the circulation, off-target effects, and systemic or organ toxicity. Local drug delivery can mitigate these obstacles, however, the drug must still be distributed over sufficiently large tissue volume to achieve the desired efficacy. In the field of drug delivery, quantitative, high resolution spatial analysis of drug distribution in the brain and other organs poses a challenge. To address this issue, we introduce a computational pipeline to reconstruct and quantify 3D distribution of locally delivered viral vectors from 2D microscopy images of subsampled brain sections. This pipeline, which combined existing and newly developed machine-learning and other computational tools, effectively removed false positive artifacts abundant in large-scale images of uncleared tissue sections, and subsampling adequately predicted the dispersion of model viral vectors from the point of local drug delivery. Furthermore, the pipeline successfully captured differences in the distribution of adeno virus (AdV) and adeno-associated virus (AAV) vectors exhibiting varying sizes and transport properties. Notably, the proposed method is directly applicable to the distribution studies of therapeutics in large animal models. Thus, our developed pipeline is an accessible tool that can aid the research and development of local drug delivery strategies for the treatment of CNS diseases with viral vectors and potentially other therapeutics."
193,A1_imaging,36108048,PMC9724707,10.1126/science.add1964,2022,"Science (New York, N.Y.)",research-article; Journal Article,Hallucinating symmetric protein assemblies.,"Deep learning generative approaches provide an opportunity to broadly explore protein structure space beyond the sequences and structures of natural proteins. Here, we use deep network hallucination to generate a wide range of symmetric protein homo-oligomers given only a specification of the number of protomers and the protomer length. Crystal structures of seven designs are very similar to the computational models (median root mean square deviation: 0.6 angstroms), as are three cryo-electron microscopy structures of giant 10-nanometer rings with up to 1550 residues and C33 symmetry; all differ considerably from previously solved structures. Our results highlight the rich diversity of new protein structures that can be generated using deep learning and pave the way for the design of increasingly complex components for nanomachines and biomaterials."
194,A1_imaging,35764935,PMC9238268,10.1186/s11658-022-00347-3,2022,Cellular & molecular biology letters,research-article; Journal Article,Raman microspectroscopy fingerprinting of organoid differentiation state.,"BackgroundOrganoids, which are organs grown in a dish from stem or progenitor cells, model the structure and function of organs and can be used to define molecular events during organ formation, model human disease, assess drug responses, and perform grafting in vivo for regenerative medicine approaches. For therapeutic applications, there is a need for nondestructive methods to identify the differentiation state of unlabeled organoids in response to treatment with growth factors or pharmacologicals.MethodsUsing complex 3D submandibular salivary gland organoids developed from embryonic progenitor cells, which respond to EGF by proliferating and FGF2 by undergoing branching morphogenesis and proacinar differentiation, we developed Raman confocal microspectroscopy methods to define Raman signatures for each of these organoid states using both fixed and live organoids.ResultsThree separate quantitative comparisons, Raman spectral features, multivariate analysis, and machine learning, classified distinct organoid differentiation signatures and revealed that the Raman spectral signatures were predictive of organoid phenotype.ConclusionsAs the organoids were unlabeled, intact, and hydrated at the time of imaging, Raman spectral fingerprints can be used to noninvasively distinguish between different organoid phenotypes for future applications in disease modeling, drug screening, and regenerative medicine."
195,A1_imaging,41345497,PMC12789455,10.1038/s41598-025-30934-1,2025,Scientific reports,research-article; Journal Article,Evaluation of deep learning MRI reconstruction for dental implant crowns in a phantom study.,"Deep learning (DL) reconstruction is increasingly applied in clinical magnetic resonance imaging (MRI) to improve image quality and reduce scan time, but its impact on dental metal artifacts remains unclear. This pilot phantom study evaluated DL reconstruction compared with conventional reconstruction for various implant crowns. Acrylic phantoms containing titanium implants with four crown types-zirconia, PMMA, gold, and Ni-Cr metal-were scanned on a 3.0-T MRI system. Axial T1- and T2-weighted sequences were acquired using identical imaging parameters. Image quality (noise and signal-to-noise ratio [SNR]) and metal artifacts (visual scores and artifact ratio) were evaluated in the slice showing the largest crown area. DL reconstruction consistently reduced noise and improved SNR across all crown types and sequences. Metal artifact severity followed the material-dependent order: zirconia < PMMA < gold < Ni-Cr metal, in both sequences. Visual assessment showed no difference in artifact severity between DL and conventional images. DL reduced artifacts only in zirconia crowns on T2-weighted sequence (10.38% vs. 9.31%). These findings indicate that although DL reconstruction enhances overall image quality, its effectiveness in reducing dental metal artifacts remains limited. As this is a pilot study using phantoms, further in vivo validation is necessary."
196,A1_imaging,37020629,PMC10069317,10.1002/gch2.202200206,2023,"Global challenges (Hoboken, NJ)",research-article; Journal Article,A Machine-Learning-Based Bibliometric Analysis of Cell Membrane-Coated Nanoparticles in Biomedical Applications over the Past Eleven Years.,"Cell membrane encapsulation is a growing concept in nanomedicine, for it achieves the purpose of camouﬂage nanoparticles, realizing the convenience for drug delivery, bio-imaging, and detoxification. Cell membranes are constructed by bilayer lipid phospholipid layers, which have unique properties in cellular uptake mechanism, targeting ability, immunomodulation, and regeneration. Current medical applications of cell membranes include cancers, inflammations, regenerations, and so on. In this article, a general bibliometric overview is conducted of cell membrane-coated nanoparticles covering 11 years of evolution in order to provide researchers in the field with a comprehensive view of the relevant achievements and trends. The authors analyze the data from Web of Science Core Collection database, and extract the annual publications and citations, most productive countries/regions, most influential scholars, the collaborations of journals and institutions. The authors also divided cell membranes into several subgroups to further understand the application of different cell membranes in medical scenarios. This study summarizes the current research overview in cell membrane-coated nanoparticles and intuitively provides a direction for future research."
197,A1_imaging,35855109,PMC9290528,10.1093/rb/rbac043,2022,Regenerative biomaterials,research-article; Journal Article,Three-dimensional-printed collagen/chitosan/secretome derived from HUCMSCs scaffolds for efficient neural network reconstruction in canines with traumatic brain injury.,"The secretome secreted by stem cells and bioactive material has emerged as a promising therapeutic choice for traumatic brain injury (TBI). We aimed to determine the effect of 3D-printed collagen/chitosan/secretome derived from human umbilical cord blood mesenchymal stem cells scaffolds (3D-CC-ST) on the injured tissue regeneration process. 3D-CC-ST was performed using 3D printing technology at a low temperature (-20°C), and the physical properties and degeneration rate were measured. The utilization of low temperature contributed to a higher cytocompatibility of fabricating porous 3D architectures that provide a homogeneous distribution of cells. Immediately after the establishment of the canine TBI model, 3D-CC-ST and 3D-CC (3D-printed collagen/chitosan scaffolds) were implanted into the cavity of TBI. Following implantation of scaffolds, neurological examination and motor evoked potential detection were performed to analyze locomotor function recovery. Histological and immunofluorescence staining were performed to evaluate neuro-regeneration. The group treated with 3D-CC-ST had good performance of behavior functions. Implanting 3D-CC-ST significantly reduced the cavity area, facilitated the regeneration of nerve fibers and vessel reconstruction, and promoted endogenous neuronal differentiation and synapse formation after TBI. The implantation of 3D-CC-ST also markedly reduced cell apoptosis and regulated the level of systemic inflammatory factors after TBI."
198,A1_imaging,41227853,PMC12607992,10.3390/ma18214893,2025,"Materials (Basel, Switzerland)",research-article; Journal Article,"NMR, FT-IR, XRD, SEM, and ANN Complex Characterization of Some Nonwoven Materials Produced by Electrospinning.","Electrospinning is a versatile technique used to manufacture nanofibers by applying an electric field to a polymer solution. This method has gained significant interest in the biomedical, pharmaceutical, and materials engineering fields due to its ability to produce porous structures with a high specific surface area, making it ideal for applications such as wound dressings, controlled drug delivery systems, and tissue engineering. The materials used in electrospinning play a crucial role in determining the final properties of the obtained nonwoven nanofibers. Among the most studied substances are chitosan, collagen, and fish-derived gelatin, which are biopolymers with high biocompatibility. These materials are especially used in the medical and pharmaceutical fields due to their bioactive properties. In combination with synthetic polymers such as polyethylene glycol (PEG) and polyvinyl alcohol (PVA), these biopolymers can form electrospun fibers with improved mechanical characteristics and enhanced structural stability. The characterization of these materials was performed using modern characterization techniques, such as one-dimensional (1D) proton NMR spectroscopy (1H), for which the spin-spin relaxation time distributions T2 were characterized. Additionally, two-dimensional (2D) measurements were conducted, for which EXSY T2-T2 and COSY T1-T2 exchange maps were obtained. The characterization was complemented with FT-IR spectra measurements, and the nanofiber morphology was observed using SEM. As a novelty, machine learning methods, including artificial neural networks (ANNs), were applied to characterize the local structural order of the produced nanofibers. In this study, it was shown that the nanofiber nonwoven materials made from PVA are characterized by a degree of order in the range of 0.27 to 0.61, which are more ordered than the nanofibers made from chitosan and fish gelatin, characterized by an order degree ranging from 0.051 to 0.312, where 0 represents the completely unordered network and 1 a fully ordered fabric."
199,A1_imaging,33928769,PMC8084167,10.1117/1.jbo.26.5.052913,2021,Journal of biomedical optics,"Research Support, Non-U.S. Gov't; research-article; Research Support, U.S. Gov't, Non-P.H.S.; Journal Article",Human embryonic stem cell classification: random network with autoencoded feature extractor.,"SignificanceAutomated understanding of human embryonic stem cell (hESC) videos is essential for the quantified analysis and classification of various states of hESCs and their health for diverse applications in regenerative medicine.AimThis paper aims to develop an ensemble method and bagging of deep learning classifiers as a model for hESC classification on a video dataset collected using a phase contrast microscope.ApproachThe paper describes a deep learning-based random network (RandNet) with an autoencoded feature extractor for the classification of hESCs into six different classes, namely, (1) cell clusters, (2) debris, (3) unattached cells, (4) attached cells, (5) dynamically blebbing cells, and (6) apoptotically blebbing cells. The approach uses unlabeled data to pre-train the autoencoder network and fine-tunes it using the available annotated data.ResultsThe proposed approach achieves a classification accuracy of 97.23  ±  0.94  %   and outperforms the state-of-the-art methods. Additionally, the approach has a very low training cost compared with the other deep-learning-based approaches, and it can be used as a tool for annotating new videos, saving enormous hours of manual labor.ConclusionsRandNet is an efficient and effective method that uses a combination of subnetworks trained using both labeled and unlabeled data to classify hESC images."
