rank,area,epmc_id,pmcid,doi,year,journal,pub_types,title,abstract
1,A3_sensors,36064877,PMC9445076,10.1038/s41598-022-18271-z,2022,Scientific reports,"Research Support, Non-U.S. Gov't; research-article; Journal Article",Seizure-related differences in biosignal 24-h modulation patterns.,"A seizure likelihood biomarker could improve seizure monitoring and facilitate adjustment of treatments based on seizure risk. Here, we tested differences in patient-specific 24-h-modulation patterns of electrodermal activity (EDA), peripheral body temperature (TEMP), and heart rate (HR) between patients with and without seizures. We enrolled patients who underwent continuous video-EEG monitoring at Boston Children's Hospital to wear a biosensor. We divided patients into two groups: those with no seizures and those with at least one seizure during the recording period. We assessed the 24-h modulation level and amplitude of EDA, TEMP, and HR. We performed machine learning including physiological and clinical variables. Subsequently, we determined classifier performance by cross-validated machine learning. Patients with seizures (n = 49) had lower EDA levels (p = 0.031), EDA amplitudes (p = 0.045), and trended toward lower HR levels (p = 0.060) compared to patients without seizures (n = 68). Averaged cross-validated classification accuracy was 69% (AUC-ROC: 0.75). Our results show the potential to monitor and forecast risk for epileptic seizures based on changes in 24-h patterns in wearable recordings in combination with clinical variables. Such biomarkers might be applicable to inform care, such as treatment or seizure injury risk during specific periods, scheduling diagnostic tests, such as admission to the epilepsy monitoring unit, and potentially other neurological and chronic conditions."
2,A3_sensors,41012864,PMC12473479,10.3390/s25185627,2025,"Sensors (Basel, Switzerland)",research-article; Journal Article,Spectral Demodulation of Mixed-Linewidth FBG Sensor Networks Using Cloud-Based Deep Learning for Land Monitoring.,"Fiber Bragg grating (FBG) sensing systems face significant challenges in resolving overlapping spectral signatures when multiple sensors operate within limited wavelength ranges, severely limiting sensor density and network scalability. This study introduces a novel Transformer-based neural network architecture that effectively resolves spectral overlap in both uniform and mixed-linewidth FBG sensor arrays, operating under bidirectional drift. The system uniquely combines dual-linewidth configurations with reflection and transmission mode fusion to enhance demodulation accuracy and sensing capacity. By integrating cloud computing, the model enables scalable deployment and near-real-time inference even in large-scale monitoring environments. The proposed approach supports self-healing functionality through dynamic switching between spectral modes during fiber breaks and enhances resilience against spectral congestion. Comprehensive evaluation across twelve drift scenarios demonstrates exceptional demodulation performance under severe spectral overlap conditions that challenge conventional peak-finding algorithms. This breakthrough establishes a new paradigm for high-density, distributed FBG sensing networks applicable to land monitoring, soil stability assessment, groundwater detection, maritime surveillance, and smart agriculture."
3,A3_sensors,36678055,PMC9862774,10.3390/nano13020298,2023,"Nanomaterials (Basel, Switzerland)",research-article; Journal Article,Modeling and Optimization of Sensitivity and Creep for Multi-Component Sensing Materials.,"Pressure sensors urgently need high-performance sensing materials in order to be developed further. Sensitivity and creep are regarded as two key indices for assessing a sensor's performance. For the design and optimization of sensing materials, an accurate estimation of the impact of several parameters on sensitivity and creep is essential. In this study, sensitivity and creep were predicted using the response surface methodology (RSM) and support vector regression (SVR), respectively. The input parameters were the concentrations of nickel (Ni) particles, multiwalled carbon nanotubes (MWCNTs), and multilayer graphene (MLG), as well as the magnetic field intensity (B). According to statistical measures, the SVR model exhibited a greater level of predictability and accuracy. The non-dominated sorting genetic-II algorithm (NSGA-II) was used to generate the Pareto-optimal fronts, and decision-making was used to determine the final optimal solution. With these conditions, the optimized results revealed an improved performance compared to the earlier study, with an average sensitivity of 0.059 kPa-1 in the pressure range of 0-16 kPa and a creep of 0.0325, which showed better sensitivity in a wider range compared to previous work. The theoretical sensitivity and creep were relatively similar to the actual values, with relative deviations of 0.317% and 0.307% after simulation and experimental verification. Future research for transducer performance optimization can make use of the provided methodology because it is representative."
4,A3_sensors,41228930,PMC12610047,10.3390/s25216705,2025,"Sensors (Basel, Switzerland)",research-article; Journal Article,Deep Learning Algorithms for Human Activity Recognition in Manual Material Handling Tasks.,"Human Activity Recognition (HAR) is widely used for healthcare, but few works focus on Manual Material Handling (MMH) activities, despite their diffusion and impact on the workers' health. We propose four Deep Learning algorithms for HAR in MMH: Bidirectional Long Short-Term Memory (BiLSTM), Sparse Denoising Autoencoder (Sp-DAE), Recurrent Sp-DAE, and Recurrent Convolutional Neural Network (RCNN). We explored different hyperparameter combinations to maximize the classification performance (F1-score,) using wearable sensors' data gathered from 14 subjects. We investigated the best three-parameter combinations for each network using the full dataset to select the two best-performing networks, which were then compared using 14 datasets with increasing subject numerosity, 70-30% split, and Leave-One-Subject-Out (LOSO) validation, to evaluate whether they may perform better with a larger dataset. The benchmarking network DeepConvLSTM was tested on the full dataset. BiLSTM performs best in classification and complexity (95.7% 70-30% split; 90.3% LOSO). RCNN performed similarly (95.9%; 89.2%) with a positive trend with subject numerosity. DeepConvLSTM achieves similar classification performance (95.2%; 90.3%) but requires ×57.1 and ×31.3 more Multiply and ACcumulate (MAC) and ×100.8 and ×28.3 more Multiplication and Addition (MA) operations, which measure the complexity of the network's inference process, than BiLSTM and RCNN, respectively. The BILSTM and RCNN perform close to DeepConvLSTM while being computationally lighter, fostering their use in embedded systems. Such lighter algorithms can be readily used in the automatic ergonomic and biomechanical risk assessment systems, enabling personalization of risk assessment and easing the adoption of safety measures in industrial practices involving MMH."
5,A3_sensors,40732595,PMC12298904,10.3390/s25144466,2025,"Sensors (Basel, Switzerland)",research-article; Journal Article,Single-Sensor Impact Source Localization Method for Anisotropic Glass Fiber Composite Wind Turbine Blades.,"The wind turbine blade is subject to multi-source impacts, such as bird strikes, lightning strikes, and hail, throughout its extended service. Accurate localization of those impact sources is a key technical link in structural health monitoring of the wind turbine blade. In this paper, a single-sensor impact source localization method is proposed. Capitalizing on deep learning frameworks, this method innovatively transforms the impact source localization problem into a classification task, thereby eliminating the need for anisotropy compensation and correction required by conventional localization algorithms. Furthermore, it leverages the inherent coding effects of the blade's material and geometric anisotropy on impact sources originating from different positions, enabling localization using only a single sensor. Experimental results show that the method has a high localization accuracy of 96.9% under single-sensor conditions, which significantly reduces the cost compared to the traditional multi-sensor array scheme. This study provides a cost-effective solution for real-time detection of wind turbine blade impact events."
6,A3_sensors,39275395,PMC11398124,10.3390/s24175484,2024,"Sensors (Basel, Switzerland)",research-article; Journal Article,Data-Driven Strain Sensor Design Based on a Knowledge Graph Framework.,"Wearable flexible strain sensors require different performance depending on the application scenario. However, developing strain sensors based solely on experiments is time-consuming and often produces suboptimal results. This study utilized sensor knowledge to reduce knowledge redundancy and explore designs. A framework combining knowledge graphs and graph representational learning methods was proposed to identify targeted performance, decipher hidden information, and discover new designs. Unlike process-parameter-based machine learning methods, it used the relationship as semantic features to improve prediction precision (up to 0.81). Based on the proposed framework, a strain sensor was designed and tested, demonstrating a wide strain range (300%) and closely matching predicted performance. This predicted sensor performance outperforms similar materials. Overall, the present work is favorable to design constraints and paves the way for the long-awaited implementation of text-mining-based knowledge management for sensor systems, which will facilitate the intelligent sensor design process."
7,A3_sensors,40474423,PMC12369696,10.1002/adma.202502203,2025,"Advanced materials (Deerfield Beach, Fla.)",research-article; Journal Article,"Stretchable, Multiplexed, and Bimodal Sensing Electronic Armor for Colonoscopic Continuum Robot Enhanced by Triboelectric Artificial Synapse.","Colonoscopic continuum robots often lack sensing capabilities, risking tissue damage. An ideal robot electronic skin should offer full-body coverage, multiplexing, stretchability, and multifunctionality, but integration is challenging due to the robot's elongated structure. This work presents a stretchable electronic armor (E-armor) with a 3D crosslinked structure that enables 300 mm full coverage while accomplishing multiplexed simultaneous tactile and strain sensing through bioinspired artificial synapse mechanisms. The E-armor integrates 48 tactile sensing points through bilayer co-electrode strategy, reducing wiring while combining triboelectric encoding intelligence with innovative stretchable triboelectric interlinked films (TIFs) to form a triboelectric artificial synapse that generates digitally encoded signal pairs upon contact. A convolutional neural network and long short-term memory network (CNN-LSTM) deep learning framework achieve 99.31% accuracy in identifying multi-point tactile signals. A sodium alginate/polyacrylamide/sodium chloride (SA/PAM/NaCl) conductive hydrogel serves as a strain sensing element, providing excellent stretchability and biocompatibility, and allowing precise inference of bending angles at 12 strain sensing edges. A compliance control strategy coordinates tactile and strain signals to autonomously adjust continuum robot postures while ensuring smooth operation. The digital twin-based 3D visualization interface enhances human-robot interaction by digitally reconstructing both tactile and strain feedback, enabling real-time visualization of the continuum robot's intracolonic posture."
8,A3_sensors,35445206,PMC9013843,10.3389/fdgth.2022.874208,2022,Frontiers in digital health,research-article; Journal Article,Predicting Severity of Huntington's Disease With Wearable Sensors.,"The Unified Huntington's Disease Rating Scale (UHDRS) is the primary clinical assessment tool for rating motor function in patients with Huntington's disease (HD). However, the UHDRS and similar rating scales (e.g., UPDRS) are both subjective and limited to in-office assessments that must be administered by a trained and experienced rater. An objective, automated method of quantifying disease severity would facilitate superior patient care and could be used to better track severity over time. We conducted the present study to evaluate the feasibility of using wearable sensors, coupled with machine learning algorithms, to rate motor function in patients with HD. Fourteen participants with symptomatic HD and 14 healthy controls participated in the study. Each participant wore five adhesive biometric sensors applied to the trunk and each limb while completing brief walking, sitting, and standing tasks during a single office visit. A two-stage machine learning method was employed to classify participants by HD status and to predict UHDRS motor subscores. Linear discriminant analysis correctly classified all participants' HD status except for one control subject with abnormal gait (96.4% accuracy, 92.9% sensitivity, and 100% specificity in leave-one-out cross-validation). Two regression models accurately predicted individual UHDRS subscores for gait, and dystonia within a 10% margin of error. Our regression models also predicted a composite UHDRS score-a sum of left and right arm rigidity, total chorea, total dystonia, bradykinesia, gait, and tandem gait subscores-with an average error below 15%. Machine learning classifiers trained on brief in-office datasets discriminated between controls and participants with HD, and could accurately predict selected motor UHDRS subscores. Our results could enable the future use of biosensors for objective HD assessment in the clinic or remotely and could inform future studies for the use of this technology as a potential endpoint in clinical trials."
9,A3_sensors,37850105,PMC10578443,10.3389/fpsyt.2023.1231024,2023,Frontiers in psychiatry,research-article; Journal Article,Predicting obsessive-compulsive disorder episodes in adolescents using a wearable biosensor-A wrist angel feasibility study.,"IntroductionObsessive-compulsive disorders (OCD) are marked by distress, negative emotions, mental processes and behaviors that are reflected in physiological signals such as heart rate, electrodermal activity, and skin temperature. Continuous monitoring of physiological signals associated with OCD symptoms may make measures of OCD more objective and facilitate close monitoring of prodromal symptoms, treatment progress and risk of relapse. Thus, we explored the feasibility of capturing OCD events in the real world using an unobtrusive wrist worn biosensor and machine learning models.MethodsNine adolescents (ages 10-17 years) with mild to moderate-severe OCD were recruited from child and adolescent mental health services. Participants were asked to wear the biosensor in the lab during conditions of rest and exposure to OCD symptom-triggering stimuli and for up to 8 weeks in their everyday lives and register OCD events. We explored the relationships among physiological data, registered OCD events, age, OCD symptom severity and symptom types. In the machine learning models, we considered detection of OCD events as a binary classification problem. A nested cross-validation strategy with either random 10-folds, leave-one-subject-out, or leave-week(s)-out in both layers was used. We compared the performance of four models: logistic regression, random forest (RF), feedforward neural networks, and mixed-effect random forest (MERF). To explore the ability of the models to detect OCD events in new patients, we assessed the performance of participant-based generalized models. To explore the ability of models to detect OCD events in future, unseen data from the same patients, we compared the performance of temporal generalized models trained on multiple patients with personalized models trained on single patients.ResultsEight of the nine participants collected biosensor signals totaling 2, 405 h and registered 1, 639 OCD events. Better performance was obtained when generalizing across time compared to across patients. Generalized temporal models trained on multiple patients were found to perform better than personalized models trained on single patients. RF and MERF models outperformed the other models in terms of accuracy in all cross-validation strategies, reaching 70% accuracy in random and participant cross-validation.ConclusionOur pilot results suggest that it is possible to detect OCD episodes in the everyday lives of adolescents using physiological signals captured with a wearable biosensor. Large scale studies are needed to train and test models capable of detecting and predicting episodes.Clinical trial registrationClinicalTrials.gov: NCT05064527, registered October 1, 2021."
10,A3_sensors,39859920,PMC11766870,10.3390/ma18020449,2025,"Materials (Basel, Switzerland)",research-article; Journal Article,Impact Damage Localization in Composite Structures Using Data-Driven Machine Learning Methods.,"Due to the uncertainty of material properties of plate-like structures, many traditional methods are unable to locate the impact source on their surface in real time. It is important to study the impact source-localization problem for plate structures. In this paper, a data-driven machine learning method is proposed to detect impact sources in plate-like structures and its effectiveness is tested on three plate-like structures with different material properties. In order to collect data on the localization of the impact source, four piezoelectric transducers and an oscilloscope were utilized to construct an experimental platform for impulse response testing. Meanwhile, the position of the impact source on the surface of the test plate is generated by manually releasing the steel ball. The eigenvalue of arrival time in the time domain signal is extracted to build data sets for machine learning. This paper uses the Back Propagation (BP) neural network to learn the difference in the arrival time of each sensor and predict the location of the impact source. The results demonstrate that the machine learning method proposed in this paper can predict the location of the impact source in the plate-like structure without relying on the material properties, with high test accuracy and robustness. The research work in this paper can provide experimental methods and testing techniques for locating impact damage in composite material structures."
11,A3_sensors,40853062,PMC12481560,10.1021/acssensors.5c00243,2025,ACS sensors,research-article; Journal Article,Microwave MIMO E-Nose for Wireless Communication and Selective Detection of VOC Mixtures with Concentration Estimation.,"We present the first dual-functional microwave electronic nose (E-nose) that enables wireless communication, VOC mixture detection, and reliable concentration estimation, designed for seamless integration with wireless sensor networks. The proposed E-nose features multiple-input multiple-output (MIMO) antenna system functionalized with molecularly imprinted polymer (MIP) and multiwalled carbon nanotube-based sensing materials for the selective detection of individual or mixed volatile organic compounds (VOCs). We addressed several novel challenges such as managing cross-reactivity under electromagnetic interference with wideband decoupling, employing a dual-branch neural network (NN) with feature prioritization and transducer behavior insights, and optimizing sensor placement for spatial isolation in a compact design. The developed E-nose demonstrated high sensitivity and selectivity for VOC mixtures at room temperature, with detection limits below safety thresholds, ensuring practical applicability. The optimized NN model achieved high predictive accuracy (R2 = 0.982 to 0.991), delivering near-perfect concentration estimations with negligible errors for pure (0.35%) and mixtures of 2-4 VOCs (2.0 to 3.5%). The proposed framework, customizable for detecting diverse VOCs and toxic gases, enables scalable indoor and outdoor air-quality monitoring. Its seamless dual functionality ensures uninterrupted wireless communication services during gas sensing, establishing a new paradigm in advanced sensor technology with microwave MIMO E-Nose systems."
12,A3_sensors,39412621,PMC11485280,10.1007/s40820-024-01539-6,2024,Nano-micro letters,research-article; Journal Article,Ultra-High Sensitivity Anisotropic Piezoelectric Sensors for Structural Health Monitoring and Robotic Perception.,"Monitoring minuscule mechanical signals, both in magnitude and direction, is imperative in many application scenarios, e.g., structural health monitoring and robotic sensing systems. However, the piezoelectric sensor struggles to satisfy the requirements for directional recognition due to the limited piezoelectric coefficient matrix, and achieving sensitivity for detecting micrometer-scale deformations is also challenging. Herein, we develop a vector sensor composed of lead zirconate titanate-electronic grade glass fiber composite filaments with oriented arrangement, capable of detecting minute anisotropic deformations. The as-prepared vector sensor can identify the deformation directions even when subjected to an unprecedented nominal strain of 0.06%, thereby enabling its utility in accurately discerning the 5 μm-height wrinkles in thin films and in monitoring human pulse waves. The ultra-high sensitivity is attributed to the formation of porous ferroelectret and the efficient load transfer efficiency of continuous lead zirconate titanate phase. Additionally, when integrated with machine learning techniques, the sensor's capability to recognize multi-signals enables it to differentiate between 10 types of fine textures with 100% accuracy. The structural design in piezoelectric devices enables a more comprehensive perception of mechanical stimuli, offering a novel perspective for enhancing recognition accuracy."
13,A3_sensors,37935714,PMC10630371,10.1038/s41467-023-43034-3,2023,Nature communications,research-article; Journal Article,Circular polarization-resolved ultraviolet photonic artificial synapse based on chiral perovskite.,"Circularly polarized light (CPL) adds a unique dimension to optical information processing and communication. Integrating CPL sensitivity with light learning and memory in a photonic artificial synapse (PAS) device holds significant value for advanced neuromorphic vision systems. However, the development of such systems has been impeded by the scarcity of suitable CPL active optoelectronic materials. In this work, we employ a helical chiral perovskite hybrid combined with single-wall carbon nanotubes to achieve circularly polarized ultraviolet neuromorphic vision sensing and imaging. The heterostructure demonstrates long-term charge storage as evidenced by multiple-pulsed transient absorption measurements and highly sensitive circular polarization-dependent photodetection, thereby enabling efficient CPL-resolved synaptic and neuromorphic behaviors. Significantly, our PAS sensor arrays adeptly visualize, discriminate, and memorize distinct circularly polarized images with up to 93% recognition accuracy in spiking neural network simulations. These findings underscore the pivotal role of chiral perovskites in advancing PAS technology and circular polarization-enhanced ultraviolet neuromorphic vision systems."
14,A3_sensors,36873262,PMC9979786,10.1021/acsaelm.2c01436,2023,ACS applied electronic materials,research-article; Journal Article,Soft Wireless Headband Bioelectronics and Electrooculography for Persistent Human-Machine Interfaces.,"Recent advances in wearable technologies have enabled ways for people to interact with external devices, known as human-machine interfaces (HMIs). Among them, electrooculography (EOG), measured by wearable devices, is used for eye movement-enabled HMI. Most prior studies have utilized conventional gel electrodes for EOG recording. However, the gel is problematic due to skin irritation, while separate bulky electronics cause motion artifacts. Here, we introduce a low-profile, headband-type, soft wearable electronic system with embedded stretchable electrodes, and a flexible wireless circuit to detect EOG signals for persistent HMIs. The headband with dry electrodes is printed with flexible thermoplastic polyurethane. Nanomembrane electrodes are prepared by thin-film deposition and laser cutting techniques. A set of signal processing data from dry electrodes demonstrate successful real-time classification of eye motions, including blink, up, down, left, and right. Our study shows that the convolutional neural network performs exceptionally well compared to other machine learning methods, showing 98.3% accuracy with six classes: the highest performance till date in EOG classification with only four electrodes. Collectively, the real-time demonstration of continuous wireless control of a two-wheeled radio-controlled car captures the potential of the bioelectronic system and the algorithm for targeting various HMI and virtual reality applications."
15,A3_sensors,40942794,PMC12431005,10.3390/s25175365,2025,"Sensors (Basel, Switzerland)",research-article; Journal Article,Evaluating Machine Learning-Based Classification of Human Locomotor Activities for Exoskeleton Control Using Inertial Measurement Unit and Pressure Insole Data.,"Classifying human locomotor activities from wearable sensor data is an important high-level component of control schemes for many wearable robotic exoskeletons. In this study, we evaluated three machine learning models for classifying activity type (walking, running, jumping), speed, and surface incline using input data from body-worn inertial measurement units (IMUs) and e-textile insole pressure sensors. The IMUs were positioned on segments of the lower limb and pelvis during lab-based data collection from 16 healthy participants (11 men, 5 women), who walked and ran on a treadmill at a range of preset speeds and inclines. Logistic Regression (LR), Random Forest (RF), and Light Gradient-Boosting Machine (LGBM) models were trained, tuned, and scored on a validation data set (n = 14), and then evaluated on a test set (n = 2). The LGBM model consistently outperformed the other two, predicting activity and speed well, but not incline. Further analysis showed that LGBM performed equally well with data from a limited number of IMUs, and that speed prediction was challenged by inclusion of abnormally fast walking and slow running trials. Gyroscope data was most important to model performance. Overall, LGBM models show promise for implementing locomotor activity prediction from lower-limb-mounted IMU data recorded at different anatomical locations."
16,A3_sensors,37448547,PMC10336914,10.4103/jmss.jmss_169_21,2023,Journal of medical signals and sensors,other; Journal Article,Classification of Human Emotional States Based on Valence-Arousal Scale using Electroencephalogram.,"Recognition of human emotion states for affective computing based on Electroencephalogram (EEG) signal is an active yet challenging domain of research. In this study we propose an emotion recognition framework based on 2-dimensional valence-arousal model to classify High Arousal-Positive Valence (Happy) and Low Arousal-Negative Valence (Sad) emotions. In total 34 features from time, frequency, statistical and nonlinear domain are studied for their efficacy using Artificial Neural Network (ANN). The EEG signals from various electrodes in different scalp regions viz., frontal, parietal, temporal, occipital are studied for performance. It is found that ANN trained using features extracted from the frontal region has outperformed that of all other regions with an accuracy of 93.25%. The results indicate that the use of smaller set of electrodes for emotion recognition that can simplify the acquisition and processing of EEG data. The developed system can aid immensely to the physicians in their clinical practice involving emotional states, continuous monitoring, and development of wearable sensors for emotion recognition."
17,A3_sensors,37514541,PMC10384930,10.3390/s23146246,2023,"Sensors (Basel, Switzerland)",research-article; Journal Article,A Finite-Time Sliding-Mode Controller Based on the Disturbance Observer and Neural Network for Hysteretic Systems with Application in Piezoelectric Actuators.,"Piezoelectric actuators (PEAs) have the benefits of a high-resolution and high-frequency response and are widely applied in the field of micro-/nano-high-precision positioning. However, PEAs undergo nonlinear hysteresis between input voltage and output displacement, owing to the properties of materials. In addition, the input frequency can also influence the hysteresis response of PEAs. Research on tracking the control of PEAs by using various adaptive controllers has been a hot topic. This paper presents a finite-time sliding-mode controller (SMC) based on the disturbance observer (DOB) and a radial basis function (RBF) neural network (NN) (RBF-NN). RBF-NN is used to replace the hysteresis model of the dynamic system, and a novel finite-time adaptive DOB is proposed to estimate the disturbances of the system. By using RBF-NN, it is no longer necessary to establish the hysteresis model. The proposed DOB does not rely on any priori knowledge of disturbances and has a simple structure. All the solutions of closed-loop systems are practical finite-time-stable, and tracking errors can converge to a small neighborhood of zero in a finite time. The proposed control method was compiled in C language in the VC++ environment. A series of comparative experiments were conducted on a platform of a commercial PEA to validate the method. According to the experimental results of the sinusoidal and triangular trajectories under the frequencies of 1, 50, 100, and 200 Hz, the proposed control method is feasible and effective in improving the tracking control accuracy of the PEA platform."
18,A3_sensors,41156378,PMC12565868,10.3390/mi16101132,2025,Micromachines,research-article; Journal Article,Wearable Flexible Wireless Pressure Sensor Based on Poly(vinyl alcohol)/Carbon Nanotube/MXene Composite for Health Monitoring.,"Accurate pressure monitoring is crucial for both human body applications and intelligent robotic arms, particularly for whole-body motion monitoring in human-machine interfaces. Conventional wearable electronic devices, however, often suffer from rigid connections, non-conformity, and inaccuracies. In this study, we propose a high-precision wireless flexible sensor using a poly(vinyl alcohol)/single-walled carbon nanotube/MXene composite as the sensitive material, combined with a randomly distributed wrinkle structure to accurately monitor pressure parameters. To validate the sensor's performance, it was used to monitor movements of the vocal cords, bent fingers, and human pulse. The sensor exhibits a pressure measurement range of approximately 0-130 kPa and a minimum resolution of 20 Pa. At pressures below 1 kPa, the sensor exhibits high sensitivity, enabling the detection of transient pressure changes. Within the pressure range of 1-10 kPa, the sensitivity decreases to approximately 54.71 kPa-1. Additionally, the sensor demonstrates response times of 12.5 ms at 10 kPa. For wireless signal acquisition, the pressure sensor was integrated with a Bluetooth chip, enabling real-time high-precision pressure monitoring. A deep learning-based training model was developed, achieving over 98% accuracy in motion recognition without additional computing equipment. This advancement is significant for streamlined human motion monitoring systems and intelligent components."
19,A3_sensors,40136949,PMC11940286,10.3390/bios15030152,2025,Biosensors,research-article; Journal Article,Machine Learning-Driven D-Glucose Prediction Using a Novel Biosensor for Non-Invasive Diabetes Management.,"Developing reliable noninvasive diagnostic and monitoring systems for diabetes remains a significant challenge, especially in the e-healthcare domain, due to computational inefficiencies and limited predictive accuracy in current approaches. The current study integrates machine learning with a molecularly imprinted polymer biosensor for detecting D-glucose in the exhaled breath condensate or aerosol. Advanced models, such as Convolutional Neural Networks and Recurrent Neural Networks, were used to analyze resistance signals, while classical algorithms served as benchmarks. To address challenges like data imbalance, limited samples, and inter-sensor variability, synthetic data generation methods like Synthetic Minority Oversampling Technique and Generative Adversarial Networks were employed. This framework aims to classify clinically relevant glucose levels accurately, enabling non-invasive diabetes monitoring."
20,A3_sensors,36949735,PMC10025282,10.1038/s41378-023-00499-y,2023,Microsystems & nanoengineering,research-article; Journal Article,Multiplexed DNA-functionalized graphene sensor with artificial intelligence-based discrimination performance for analyzing chemical vapor compositions.,"This study presents a new technology that can detect and discriminate individual chemical vapors to determine the chemical vapor composition of mixed chemical composition in situ based on a multiplexed DNA-functionalized graphene (MDFG) nanoelectrode without the need to condense the original vapor or target dilution. To the best of our knowledge, our artificial intelligence (AI)-operated arrayed electrodes were capable of identifying the compositions of mixed chemical gases with a mixed ratio in the early stage. This innovative technology comprised an optimized combination of nanodeposited arrayed electrodes and artificial intelligence techniques with advanced sensing capabilities that could operate within biological limits, resulting in the verification of mixed vapor chemical components. Highly selective sensors that are tolerant to high humidity levels provide a target for ""breath chemovapor fingerprinting"" for the early diagnosis of diseases. The feature selection analysis achieved recognition rates of 99% and above under low-humidity conditions and 98% and above under humid conditions for mixed chemical compositions. The 1D convolutional neural network analysis performed better, discriminating the compositional state of chemical vapor under low- and high-humidity conditions almost perfectly. This study provides a basis for the use of a multiplexed DNA-functionalized graphene gas sensor array and artificial intelligence-based discrimination of chemical vapor compositions in breath analysis applications."
21,A3_sensors,33240868,PMC7677185,10.3389/fbioe.2020.601704,2020,Frontiers in bioengineering and biotechnology,research-article; Journal Article,Hydrogels for 3D Neural Tissue Models: Understanding Cell-Material Interactions at a Molecular Level.,"The development of 3D neural tissue analogs is of great interest to a range of biomedical engineering applications including tissue engineering of neural interfaces, treatment of neurodegenerative diseases and in vitro assessment of cell-material interactions. Despite continued efforts to develop synthetic or biosynthetic hydrogels which promote the development of complex neural networks in 3D, successful long-term 3D approaches have been restricted to the use of biologically derived constructs. In this study a poly (vinyl alcohol) biosynthetic hydrogel functionalized with gelatin and sericin (PVA-SG), was used to understand the interplay between cell-cell communication and cell-material interaction. This was used to probe critical short-term interactions that determine the success or failure of neural network growth and ultimately the development of a useful model. Complex primary ventral mesencephalic (VM) neural cells were encapsulated in PVA-SG hydrogels and critical molecular cues that demonstrate mechanosensory interaction were examined. Neuronal presence was constant over the 10 day culture, but the astrocyte population decreased in number. The lack of astrocytic support led to a reduction in neural process outgrowth from 24.0 ± 1.3 μm on Day 7 to 7.0 ± 0.1 μm on Day 10. Subsequently, purified astrocytes were studied in isolation to understand the reasons behind PVA-SG hydrogel inability to support neural network development. It was proposed that the spatially restrictive nature (or tight mesh size) of PVA-SG hydrogels limited the astrocytic actin polymerization together with a cytoplasmic-nuclear translocation of YAP over time, causing an alteration in their cell cycle. This was confirmed by the evaluation of p27/Kip1 gene that was found to be upregulated by a twofold increase in expression at both Days 7 and 10 compared to Day 3, indicating the quiescent stage of the astrocytes in PVA-SG hydrogel. Cell migration was further studied by the quantification of MMP-2 production that was negligible compared to 2D controls, ranging from 2.7 ± 2.3% on Day 3 to 5.3 ± 2.9% on Day 10. This study demonstrates the importance of understanding astrocyte-material interactions at the molecular level, with the need to address spatial constraints in the 3D hydrogel environment. These findings will inform the design of future hydrogel constructs with greater capacity for remodeling by the cell population to create space for cell migration and neural process extension."
22,A3_sensors,34196137,PMC8242537,10.1117/1.jbo.26.6.068001,2021,Journal of biomedical optics,"Research Support, Non-U.S. Gov't; research-article; Journal Article",CNN-based CP-OCT sensor integrated with a subretinal injector for retinal boundary tracking and injection guidance.,"SignificanceSubretinal injection is an effective way of delivering transplant genes and cells to treat many degenerative retinal diseases. However, the technique requires high-dexterity and microscale precision of experienced surgeons, who have to overcome the physiological hand tremor and limited visualization of the subretinal space.AimTo automatically guide the axial motion of microsurgical tools (i.e., a subretinal injector) with microscale precision in real time using a fiber-optic common-path swept-source optical coherence tomography distal sensor.ApproachWe propose, implement, and study real-time retinal boundary tracking of A-scan optical coherence tomography (OCT) images using a convolutional neural network (CNN) for automatic depth targeting of a selected retinal boundary for accurate subretinal injection guidance. A simplified 1D U-net is used for the retinal layer segmentation on A-scan OCT images. A Kalman filter, combining retinal boundary position measurement by CNN and velocity measurement by cross correlation between consecutive A-scan images, is applied to optimally estimate the retinal boundary position. Unwanted axial motions of the surgical tools are compensated by a piezoelectric linear motor based on the retinal boundary tracking.ResultsCNN-based segmentation on A-scan OCT images achieves the mean unsigned error (MUE) of ∼3  pixels (8.1  μm) using an ex vivo bovine retina model. GPU parallel computing allows real-time inference (∼2  ms) and thus real-time retinal boundary tracking. Involuntary tremors, which include low-frequency draft in hundreds of micrometers and physiological tremors in tens of micrometers, are compensated effectively. The standard deviations of photoreceptor (PR) and choroid (CH) boundary positions get as low as 10.8  μm when the depth targeting is activated.ConclusionsA CNN-based common-path OCT distal sensor successfully tracks retinal boundaries, especially the PR/CH boundary for subretinal injection, and automatically guides the tooltip's axial position in real time. The microscale depth targeting accuracy of our system shows its promising possibility for clinical application."
23,A3_sensors,36080623,PMC9460850,10.3390/polym14173549,2022,Polymers,research-article; Journal Article,A Mask-Shaped Respiration Sensor Using Triboelectricity and a Machine Learning Approach toward Smart Sleep Monitoring Systems.,"Daily sleep monitoring is limited by the needs for specialized equipment and experts. This study combines a mask-shaped triboelectric nanogenerator (M-TENG) and machine learning for facile daily sleep monitoring without the specialized equipment or experts. The fabricated M-TENG demonstrates its excellent ability to detect respiration, even distinguishing oral and nasal breath. To increase the pressure sensitivity of the M-TENG, the reactive ion etching is conducted with different tilted angles. By investigating each surface morphology of the polytetrafluoroethylene films according to the reactive ion etching with different tilted angles, the tilted angle is optimized with the angle of 60° and the pressure sensitivity is increased by 5.8 times. The M-TENG can also detect changes in the angle of head and snoring. Various sleep stages can be classified by their distinctive electrical outputs, with the aid of a machine learning approach. As a result, a high averaged-classification accuracy of 87.17% is achieved for each sleep stage. Experimental results demonstrate that the proposed combination can be utilized to monitor the sleep stage in order to provide an aid for self-awareness of sleep disorders. Considering these results, the M-TENG and machine learning approach is expected to be utilized as a smart sleep monitoring system in near future."
24,A3_sensors,39203710,PMC11356000,10.3390/mi15081059,2024,Micromachines,research-article; Journal Article,Deep Learning-Assisted Smartphone-Based Electrochemiluminescence Visual Monitoring Biosensor: A Fully Integrated Portable Platform.,"A novel, portable deep learning-assisted smartphone-based electrochemiluminescence (ECL) cost-effective (~10$) sensing platform was developed and used for selective detection of lactate. Low-cost, fast prototyping screen printing and wax printing methods with paper-based substrate were used to fabricate miniaturized single-pair electrode ECL platforms. The lab-made 3D-printed portable black box served as a reaction chamber. This portable platform was integrated with a smartphone and a buck-boost converter, eliminating the need for expensive CCD cameras, photomultiplier tubes, and bulky power supplies. This advancement makes this platform ideal for point-of-care testing applications. Foremost, the integration of a deep learning approach served to enhance not just the accuracy of the ECL sensors, but also to expedite the diagnostic procedure. The deep learning models were trained (3600 ECL images) and tested (900 ECL images) using ECL images obtained from experimentation. Herein, for user convenience, an Android application with a graphical user interface was developed. This app performs several tasks, which include capturing real-time images, cropping them, and predicting the concentration of required bioanalytes through deep learning. The device's capability to work in a real environment was tested by performing lactate sensing. The fabricated ECL device shows a good liner range (from 50 µM to 2000 µM) with an acceptable limit of detection value of 5.14 µM. Finally, various rigorous analyses, including stability, reproducibility, and unknown sample analysis, were conducted to check device durability and stability. Therefore, the developed platform becomes versatile and applicable across various domains by harnessing deep learning as a cutting-edge technology and integrating it with a smartphone."
25,A3_sensors,32784818,PMC7472399,10.3390/s20164441,2020,"Sensors (Basel, Switzerland)",research-article; Journal Article,Rapid Non-Destructive Quantification of Eugenol in Curdlan Biofilms by Electronic Nose Combined with Gas Chromatography-Mass Spectrometry.,"Eugenol is hepatotoxic and potentially hazardous to human health. This paper reports on a rapid non-destructive quantitative method for the determination of eugenol concentration in curdlan (CD) biofilms by electronic nose (E-nose) combined with gas chromatography-mass spectrometry (GC-MS). Different concentrations of eugenol were added to the film-forming solution to form a series of biofilms by casting method, and the actual eugenol concentration in the biofilm was determined. Analysis of the odor collected on the biofilms was carried out by GC-MS and an E-nose. The E-nose data was subjected to principal component analysis (PCA) and linear discriminant analysis (LDA) in order to establish a discriminant model for determining eugenol concentrations in the biofilms. Further analyses involving the application of all sensors and featured sensors, the prediction model-based partial least squares (PLS) and support vector machines (SVM) were carried out to determine eugenol concentration in the CD biofilms. The results showed that the optimal prediction model for eugenol concentration was obtained by PLS at R2p of 0.952 using 10 sensors. The study described a rapid, non-destructive detection and quantitative method for determining eugenol concentration in bio-based packaging materials."
26,A3_sensors,36850663,PMC9963039,10.3390/s23042064,2023,"Sensors (Basel, Switzerland)",research-article; Journal Article,How Accurately Can Wearable Sensors Assess Low Back Disorder Risks during Material Handling? Exploring the Fundamental Capabilities and Limitations of Different Sensor Signals.,"Low back disorders (LBDs) are a leading occupational health issue. Wearable sensors, such as inertial measurement units (IMUs) and/or pressure insoles, could automate and enhance the ergonomic assessment of LBD risks during material handling. However, much remains unknown about which sensor signals to use and how accurately sensors can estimate injury risk. The objective of this study was to address two open questions: (1) How accurately can we estimate LBD risk when combining trunk motion and under-the-foot force data (simulating a trunk IMU and pressure insoles used together)? (2) How much greater is this risk assessment accuracy than using only trunk motion (simulating a trunk IMU alone)? We developed a data-driven simulation using randomized lifting tasks, machine learning algorithms, and a validated ergonomic assessment tool. We found that trunk motion-based estimates of LBD risk were not strongly correlated (r range: 0.20-0.56) with ground truth LBD risk, but adding under-the-foot force data yielded strongly correlated LBD risk estimates (r range: 0.93-0.98). These results raise questions about the adequacy of a single IMU for LBD risk assessment during material handling but suggest that combining an IMU on the trunk and pressure insoles with trained algorithms may be able to accurately assess risks."
27,A3_sensors,39327317,PMC11427634,10.1007/s40820-024-01532-z,2024,Nano-micro letters,research-article; Journal Article,Bioinspired Passive Tactile Sensors Enabled by Reversible Polarization of Conjugated Polymers.,"Tactile perception plays a vital role for the human body and is also highly desired for smart prosthesis and advanced robots. Compared to active sensing devices, passive piezoelectric and triboelectric tactile sensors consume less power, but lack the capability to resolve static stimuli. Here, we address this issue by utilizing the unique polarization chemistry of conjugated polymers for the first time and propose a new type of bioinspired, passive, and bio-friendly tactile sensors for resolving both static and dynamic stimuli. Specifically, to emulate the polarization process of natural sensory cells, conjugated polymers (including poly(3,4-ethylenedioxythiophene):poly(styrenesulfonate), polyaniline, or polypyrrole) are controllably polarized into two opposite states to create artificial potential differences. The controllable and reversible polarization process of the conjugated polymers is fully in situ characterized. Then, a micro-structured ionic electrolyte is employed to imitate the natural ion channels and to encode external touch stimulations into the variation in potential difference outputs. Compared with the currently existing tactile sensing devices, the developed tactile sensors feature distinct characteristics including fully organic composition, high sensitivity (up to 773 mV N-1), ultralow power consumption (nW), as well as superior bio-friendliness. As demonstrations, both single point tactile perception (surface texture perception and material property perception) and two-dimensional tactile recognitions (shape or profile perception) with high accuracy are successfully realized using self-defined machine learning algorithms. This tactile sensing concept innovation based on the polarization chemistry of conjugated polymers opens up a new path to create robotic tactile sensors and prosthetic electronic skins."
28,A3_sensors,40104964,PMC12079333,10.1002/advs.202414580,2025,"Advanced science (Weinheim, Baden-Wurttemberg, Germany)",research-article; Journal Article,"Sandwich Miura-Ori Enabled Large Area, Super Resolution Tactile Skin for Human-Machine Interactions.","With substantial advances in materials science and electronics, flexible tactile sensors have emerged as a promising sector with extensive applications, notably in human-machine interactions. However, achieving large-area sensing with few sensing units at a low cost remains a challenge; the use of sensor arrays will complicate wiring and increase costs. To solve these issues, a sandwich Miura-ori (SMo)-enabled super-resolution tactile skin capable of resolving normal and shear forces is proposed, and a theoretical model that incorporates the impact of actual manufacturing process is also developed, enabling the model to be employed for different tactile skins following calibration. Using machine learning techniques, the proposed tactile skin can accurately localize touch inputs (average localization error of 1.89 mm) and estimate the external force (average estimation error of 8%). Furthermore, a curved SMo skin is designed and fabricated using the tessellation algorithm, then installed on a robotic arm to control the motion, demonstrating its potential in human-machine interactions. This research introduces a straightforward and cost-effective approach to the design and manufacturing of super-resolution tactile skins, and it also offers a valuable solution for future large-area tactile sensor technologies."
29,A3_sensors,37447780,PMC10346228,10.3390/s23135930,2023,"Sensors (Basel, Switzerland)",research-article; Journal Article,Design and Validation of a Low-Cost Mobile EEG-Based Brain-Computer Interface.,"Objective: We designed and validated a wireless, low-cost, easy-to-use, mobile, dry-electrode headset for scalp electroencephalography (EEG) recordings for closed-loop brain-computer (BCI) interface and internet-of-things (IoT) applications. Approach: The EEG-based BCI headset was designed from commercial off-the-shelf (COTS) components using a multi-pronged approach that balanced interoperability, cost, portability, usability, form factor, reliability, and closed-loop operation. Main Results: The adjustable headset was designed to accommodate 90% of the population. A patent-pending self-positioning dry electrode bracket allowed for vertical self-positioning while parting the user's hair to ensure contact of the electrode with the scalp. In the current prototype, five EEG electrodes were incorporated in the electrode bracket spanning the sensorimotor cortices bilaterally, and three skin sensors were included to measure eye movement and blinks. An inertial measurement unit (IMU) provides monitoring of head movements. The EEG amplifier operates with 24-bit resolution up to 500 Hz sampling frequency and can communicate with other devices using 802.11 b/g/n WiFi. It has high signal-to-noise ratio (SNR) and common-mode rejection ratio (CMRR) (121 dB and 110 dB, respectively) and low input noise. In closed-loop BCI mode, the system can operate at 40 Hz, including real-time adaptive noise cancellation and 512 MB of processor memory. It supports LabVIEW as a backend coding language and JavaScript (JS), Cascading Style Sheets (CSS), and HyperText Markup Language (HTML) as front-end coding languages and includes training and optimization of support vector machine (SVM) neural classifiers. Extensive bench testing supports the technical specifications and human-subject pilot testing of a closed-loop BCI application to support upper-limb rehabilitation and provides proof-of-concept validation for the device's use at both the clinic and at home. Significance: The usability, interoperability, portability, reliability, and programmability of the proposed wireless closed-loop BCI system provides a low-cost solution for BCI and neurorehabilitation research and IoT applications."
30,A3_sensors,33880448,PMC8035911,10.34133/2021/4689869,2021,"Research (Washington, D.C.)",research-article; Journal Article,Self-Powered Intelligent Human-Machine Interaction for Handwriting Recognition.,"Handwritten signatures widely exist in our daily lives. The main challenge of signal recognition on handwriting is in the development of approaches to obtain information effectively. External mechanical signals can be easily detected by triboelectric nanogenerators which can provide immediate opportunities for building new types of active sensors capable of recording handwritten signals. In this work, we report an intelligent human-machine interaction interface based on a triboelectric nanogenerator. Using the horizontal-vertical symmetrical electrode array, the handwritten triboelectric signal can be recorded without external energy supply. Combined with supervised machine learning methods, it can successfully recognize handwritten English letters, Chinese characters, and Arabic numerals. The principal component analysis algorithm preprocesses the triboelectric signal data to reduce the complexity of the neural network in the machine learning process. Further, it can realize the anticounterfeiting recognition of writing habits by controlling the samples input to the neural network. The results show that the intelligent human-computer interaction interface has broad application prospects in signature security and human-computer interaction."
31,A3_sensors,36298057,PMC9611759,10.3390/s22207705,2022,"Sensors (Basel, Switzerland)",research-article; Journal Article,Soft Robots' Dynamic Posture Perception Using Kirigami-Inspired Flexible Sensors with Porous Structures and Long Short-Term Memory (LSTM) Neural Networks.,"Soft robots can create complicated structures and functions for rehabilitation. The posture perception of soft actuators is critical for performing closed-loop control for a precise location. It is essential to have a sensor with both soft and flexible characteristics that does not affect the movement of a soft actuator. This paper presents a novel end-to-end posture perception method that employs flexible sensors with kirigami-inspired structures and long short-term memory (LSTM) neural networks. The sensors were developed with conductive sponge materials. With one-step calibration from the sensor output, the posture of the soft actuator could be calculated by the LSTM network. The method was validated by attaching the developed sensors to a soft fiber-reinforced bending actuator. The results showed the accuracy of posture prediction of sponge sensors with three kirigami-inspired structures ranged from 0.91 to 0.97 in terms of R2. The sponge sensors only generated a resistive torque value of 0.96 mNm at the maximum bending position when attached to a soft actuator, which would minimize the effect on actuator movement. The kirigami-inspired flexible sponge sensor could in future enhance soft robotic development."
32,A3_sensors,39982550,PMC11845634,10.1007/s40820-025-01656-w,2025,Nano-micro letters,research-article; Journal Article,A Flexible-Integrated Multimodal Hydrogel-Based Sensing Patch.,"Sleep monitoring is an important part of health management because sleep quality is crucial for restoration of human health. However, current commercial products of polysomnography are cumbersome with connecting wires and state-of-the-art flexible sensors are still interferential for being attached to the body. Herein, we develop a flexible-integrated multimodal sensing patch based on hydrogel and its application in unconstraint sleep monitoring. The patch comprises a bottom hydrogel-based dual-mode pressure-temperature sensing layer and a top electrospun nanofiber-based non-contact detection layer as one integrated device. The hydrogel as core substrate exhibits strong toughness and water retention, and the multimodal sensing of temperature, pressure, and non-contact proximity is realized based on different sensing mechanisms with no crosstalk interference. The multimodal sensing function is verified in a simulated real-world scenario by a robotic hand grasping objects to validate its practicability. Multiple multimodal sensing patches integrated on different locations of a pillow are assembled for intelligent sleep monitoring. Versatile human-pillow interaction information as well as their evolution over time are acquired and analyzed by a one-dimensional convolutional neural network. Track of head movement and recognition of bad patterns that may lead to poor sleep are achieved, which provides a promising approach for sleep monitoring."
33,A3_sensors,41219294,PMC12606275,10.1038/s41598-025-22949-5,2025,Scientific reports,research-article; Journal Article,Plasmonic SPR biosensor with bayesian regression for non-invasive protein biomarker detection.,"This paper presents a designed metasurface sensor for protein biomarkers detection. The design of this metasurface structure is essentially dependent on the coating of four identical figure-eight-shaped resonators of MXene through black phosphorus and graphene. Meanwhile, the performance analysis demonstrates a competitive sensitivity (395 GHz/RIU) with a linear frequency response of R² = 0.954 and protein biomarker concentration (R² = 0.956). The sensor exhibits stable performance across 0.31-0.46 THz and maintains consistent operation at incident angles up to 30°. Interestingly, this tunability is achieved through graphene chemical potential modulation, with transmittance decreasing from 97.7% to 66.7% as its value increases. Additionally, the machine learning optimization using Bayesian Ridge Regression demonstrates exceptional predictive capabilities for both refractive index variations (R² ≈ 86%) and angular dependencies (R² ≈ 96%). This integrated photonic-microfluidic sensor platform offers significant potential for early detection of neurological disorders through rapid, sensitive, and scalable brain tumor biomarker analysis."
34,A3_sensors,33225180,PMC7676330,10.1021/acsomega.0c04433,2020,ACS omega,research-article; Journal Article,Intelligent Mobile Electronic Nose System Comprising a Hybrid Polymer-Functionalized Quartz Crystal Microbalance Sensor Array.,"We devised a low-cost mobile electronic nose (e-nose) system using a quartz crystal microbalance (QCM) sensor array functionalized with various polymer-based thin active films (i.e., polyacrylonitrile, poly(vinylidene fluoride), poly(vinyl pyrrolidone), and poly(vinyl acetate)). It works based on the gravimetric detection principle, where the additional mass of the adsorbed molecules on the polymer surface can induce QCM resonance frequency shifts. To collect and process the obtained sensing data sets, a multichannel data acquisition (DAQ) circuitry was developed and calibrated using a function generator resulting in a device frequency resolution of 0.5 Hz. Four prepared QCM sensors demonstrated various sensitivity levels with high reproducibility and consistency under exposure to seven different volatile organic compounds (VOCs). Moreover, two types of machine learning algorithms (i.e., linear discriminant analysis and support vector machine models) were employed to differentiate and classify those tested analytes, in which classification accuracies of up to 98 and 99% could be obtained, respectively. This high-performance e-nose system is expected to be used as a versatile sensing platform for performing reliable qualitative and quantitative analyses in complex gaseous mixtures containing numerous VOCs for early disease diagnosis and environmental quality monitoring."
35,A3_sensors,33097696,PMC7585441,10.1038/s41467-020-19059-3,2020,Nature communications,"Research Support, Non-U.S. Gov't; research-article; Journal Article",Triboelectric nanogenerator sensors for soft robotics aiming at digital twin applications.,"Designing efficient sensors for soft robotics aiming at human machine interaction remains a challenge. Here, we report a smart soft-robotic gripper system based on triboelectric nanogenerator sensors to capture the continuous motion and tactile information for soft gripper. With the special distributed electrodes, the tactile sensor can perceive the contact position and area of external stimuli. The gear-based length sensor with a stretchable strip allows the continuous detection of elongation via the sequential contact of each tooth. The triboelectric sensory information collected during the operation of soft gripper is further trained by support vector machine algorithm to identify diverse objects with an accuracy of 98.1%. Demonstration of digital twin applications, which show the object identification and duplicate robotic manipulation in virtual environment according to the real-time operation of the soft-robotic gripper system, is successfully created for virtual assembly lines and unmanned warehouse applications."
36,A3_sensors,40558332,PMC12190710,10.3390/biomimetics10060363,2025,"Biomimetics (Basel, Switzerland)",research-article; Journal Article,A Piezoelectric Sensor Based on MWCNT-Enhanced Polyvinyl Chloride Gel for Contact Perception of Grippers.,"In contrast to traditional hydrogels, which are susceptible to water evaporation and structural degradation, non-hydrogel materials are engineered for superior stability and consistent performance. Here, we report an innovative piezoelectric polyvinyl chloride/multi-walled carbon nanotube polymer gel (PVC/MWCNT polymer gel, PMPG) with exceptional linearity (as low as 1.31%), high sensitivity (50-310.17 mV), rapid response (172-189 ms), and thermal stability. Under strain induction, ordered rearrangement of dipoles in PMPG and the enhancement of MWCNTs generate a potential difference. Increasing MWCNT content enhances output voltage, sensitivity, conductivity, maximum stress, Young's modulus, and toughness, while reducing nonlinear error. Higher dibutyl adipate (DBA) content increases output voltage and slightly improves sensitivity but decreases mechanical strength. The optimal PMPG (PVC:DBA = 1:5, 1 wt% MWCNTs) exhibited outstanding performance. It exhibits a nonlinear error as low as 1.31%, a conductivity of 25.4 μS/cm, an 80% compressive strain tolerance (273 kPa stress), and dimensional stability for 90 days in air. By integrating PMPG with machine learning algorithms, soft robotic grippers gain advanced contact perception capabilities, enabling applications in medicine, rescue, exploration, and other fields requiring fine manipulation and adaptability. This work highlights PMPG's potential as a stable, high-performance material for soft robotics and beyond."
37,A3_sensors,36192403,PMC9530138,10.1038/s41467-022-33457-9,2022,Nature communications,"Research Support, Non-U.S. Gov't; research-article; Journal Article",Ultrathin crystalline-silicon-based strain gauges with deep learning algorithms for silent speech interfaces.,"A wearable silent speech interface (SSI) is a promising platform that enables verbal communication without vocalization. The most widely studied methodology for SSI focuses on surface electromyography (sEMG). However, sEMG suffers from low scalability because of signal quality-related issues, including signal-to-noise ratio and interelectrode interference. Hence, here, we present a novel SSI by utilizing crystalline-silicon-based strain sensors combined with a 3D convolutional deep learning algorithm. Two perpendicularly placed strain gauges with minimized cell dimension (2) could effectively capture the biaxial strain information with high reliability. We attached four strain sensors near the subject's mouths and collected strain data of unprecedently large wordsets (100 words), which our SSI can classify at a high accuracy rate (87.53%). Several analysis methods were demonstrated to verify the system's reliability, as well as the performance comparison with another SSI using sEMG electrodes with the same dimension, which exhibited a relatively low accuracy rate (42.60%)."
38,A3_sensors,35049638,PMC8773545,10.3390/bios12010009,2021,Biosensors,research-article; Journal Article,A Fiber-Optic Surface Plasmon Resonance Sensor for Bio-Detection in Visible to Near-Infrared Images.,"In this paper, we demonstrate a fiber-optic surface plasmon resonance (FO-SPR) biosensor based on image processing and back propagation (BP) neural network. The transmitted light of the FO-SPR sensor was captured by using visible (VIS) and near-infrared (NIR) CMOS sensors. The optical information related to the SPR effect was extracted from images based on grayscale conversion and an edge detection algorithm. To achieve accurate monitoring of refractive index (RI) changes, the grayscale means of the VIS and NIR images and the RGB summation of the edge-detected images were used as training and test inputs for the BP neural network. We verified the effectiveness and superiority of this sensing system by experiments on sodium chloride solution identification and protein binding detection. This work is promising for practical applications in standardized biochemical sensing."
39,A3_sensors,38935025,PMC11434127,10.1002/advs.202402440,2024,"Advanced science (Weinheim, Baden-Wurttemberg, Germany)",research-article; Journal Article,Multi-Objective Bayesian Optimization for Laminate-Inspired Mechanically Reinforced Piezoelectric Self-Powered Sensing Yarns.,"Piezoelectric fiber yarns produced by electrospinning offer a versatile platform for intelligent devices, demonstrating mechanical durability and the ability to convert mechanical strain into electric signals. While conventional methods involve twisting a single poly(vinylidene fluoride-co-trifluoroethylene)(P(VDF-TrFE)) fiber mat to create yarns, by limiting control over the mechanical properties, an approach inspired by composite laminate design principles is proposed for strengthening. By stacking multiple electrospun mats in various sequences and twisting them into yarns, the mechanical properties of P(VDF-TrFE) yarn structures are efficiently optimized. By leveraging a multi-objective Bayesian optimization-based machine learning algorithm without imposing specific stacking restrictions, an optimal stacking sequence is determined that simultaneously enhances the ultimate tensile strength (UTS) and failure strain by considering the orientation angles of each aligned fiber mat as discrete design variables. The conditions on the Pareto front that achieve a balanced improvement in both the UTS and failure strain are identified. Additionally, applying corona poling induces extra dipole polarization in the yarn state, successfully fabricating mechanically robust and high-performance piezoelectric P(VDF-TrFE) yarns. Ultimately, the mechanically strengthened piezoelectric yarns demonstrate superior capabilities in self-powered sensing applications, particularly in challenging environments and sports scenarios, substantiating their potential for real-time signal detection."
40,A3_sensors,35459070,PMC9025845,10.3390/s22083085,2022,"Sensors (Basel, Switzerland)",research-article; Journal Article,AI Prediction of Brain Signals for Human Gait Using BCI Device and FBG Based Sensorial Platform for Plantar Pressure Measurements.,"Artificial intelligence (AI) in developing modern solutions for biomedical problems such as the prediction of human gait for human rehabilitation is gaining ground. An attempt was made to use plantar pressure information through fiber Bragg grating (FBG) sensors mounted on an in-sole, in tandem with a brain-computer interface (BCI) device to predict brain signals corresponding to sitting, standing and walking postures of a person. Posture classification was attained with an accuracy range between 87-93% from FBG and BCI signals using machine learning models such as K-nearest neighbor (KNN), logistic regression (LR), support vector machine (SVM), and naïve Bayes (NB). These models were used to identify electrodes responding to sitting, standing and walking activities of four users from a 16 channel BCI device. Six electrode positions based on the 10-20 system for electroencephalography (EEG) were identified as the most sensitive to plantar activities and found to be consistent with clinical investigations of the sensorimotor cortex during foot movement. A prediction of brain EEG corresponding to given FBG data with lowest mean square error (MSE) values (0.065-0.109) was made with the selection of a long-short term memory (LSTM) machine learning model when compared to the recurrent neural network (RNN) and gated recurrent unit (GRU) models."
41,A3_sensors,35632276,PMC9146283,10.3390/s22103867,2022,"Sensors (Basel, Switzerland)",research-article; Journal Article,Optimal Sensor Placement for Modal-Based Health Monitoring of a Composite Structure.,"Optimal sensor placement is one of the important issues in monitoring the condition of structures, which has a major influence on monitoring system performance and cost. Due to this, it is still an open problem to find a compromise between these two parameters. In this study, the problem of optimal sensor placement was investigated for a composite plate with simulated internal damage. To solve this problem, different sensor placement methods with different constraint variants were applied. The advantage of the proposed approach is that information for sensor placement was used only from the structure's healthy state. The results of the calculations according to sensor placement methods were subsets of possible sensor network candidates, which were evaluated using the aggregation of different metrics. The evaluation of selected sensor networks was performed and validated using machine learning techniques and visualized appropriately. Using the proposed approach, it was possible to precisely detect damage based on a limited number of strain sensors and mode shapes taken into consideration, which leads to efficient structural health monitoring with resource savings both in costs and computational time and complexity."
42,A3_sensors,40808043,PMC12349028,10.3390/s25154879,2025,"Sensors (Basel, Switzerland)",research-article; Journal Article,Spatial-Temporal Hotspot Management of Photovoltaic Modules Based on Fiber Bragg Grating Sensor Arrays.,"Against the backdrop of an urgent energy crisis, solar energy has attracted sufficient attention as one of the most inexhaustible and friendly types of environmental energy. Faced with long service and harsh environment, the poor performance ratios of photovoltaic arrays and safety hazards are frequently boosted worldwide. In particular, the hot spot effect plays a vital role in weakening the power generation performance and reduces the lifetime of photovoltaic (PV) modules. Here, our research reports a spatial-temporal hot spot management system integrated with fiber Bragg grating (FBG) temperature sensor arrays and cooling hydrogels. Through finite element simulations and indoor experiments in laboratory conditions, a superior cooling effect of hydrogels and photoelectric conversion efficiency improvement have been demonstrated. On this basis, field tests were carried out in which the FBG arrays detected the surface temperature of the PV module first, and then a classifier based on an optimized artificial neural network (ANN) recognized hot spots with an accuracy of 99.1%. The implementation of cooling hydrogels as a feedback mechanism achieved a 7.7 °C reduction in temperature, resulting in a 5.6% enhancement in power generation efficiency. The proposed strategy offers valuable insights for conducting predictive maintenance of PV power plants in the case of hot spots."
43,A3_sensors,41002351,PMC12468533,10.3390/bios15090612,2025,Biosensors,research-article; Journal Article,"Low-Cost AI-Enabled Optoelectronic Wearable for Gait and Breathing Monitoring: Design, Validation, and Applications.","This paper presents the development of an optoelectronic wearable sensor system for portable monitoring of the movement and physiological parameters of patients. The sensor system is based on a low-cost inertial measurement unit (IMU) and an optical fiber-integrated chest belt for breathing rate monitoring with wireless connection with a gateway connected to the cloud. The sensors also use artificial intelligence algorithms for clustering, classification, and regression of the data. Results show a root mean squared error (RMSE) between the reference data and the proposed breathing rate sensor of 0.6 BPM, whereas RMSEs of 0.037 m/s2 and 0.27 °/s are obtained for the acceleration and angular velocity analysis, respectively. For the sensor validation under different movement analysis protocols, the balance and Timed up and Go (TUG) tests performed with 12 subjects demonstrate the feasibility of the proposed device for biomechanical and physical therapy protocols' automatization and assessment. The balance tests were performed in two different conditions, with a wider and narrower base, whereas the TUG tests were made with the combination of cognitive and motor tests. The results demonstrate the influence of the change of base on the balance analysis as well as the dual task effect on the scores during the TUG testing, where the combination between motor and cognitive tests lead to smaller scores on the TUG tests due to the increase of complexity of the task. Therefore, the proposed approach results in a low-cost and fully automated sensor system that can be used in different protocols for physical rehabilitation."
44,A3_sensors,40600804,PMC12376505,10.1002/advs.202500217,2025,"Advanced science (Weinheim, Baden-Wurttemberg, Germany)","Research Support, Non-U.S. Gov't; research-article; Journal Article",Tactile Augmentation of Material Classification via Imperceptible On-Skin Triboelectricity Collection.,"Harnessing intrinsic triboelectric signals from human skin holds promise for enhancing tactile perception. However, collecting these signals without disrupting normal skin functions and convoluting motion artifacts remains challenging. Additionally, person-to-person signal variance complicates data processing. In this study, it is demonstrated that triboelectric signals generated from touch can be imperceptibly collected and processed using a machine learning model to achieve tactile augmentation. When one hand contacts and rubs against a target object, charge transfer occurs between the skin and the object's surface. By placing a substrate-less microfiber electrode on the finger of the other hand, a body-coupled triboelectric circuit is formed to collect these signals, which contain material-specific features such as amplitude and peak ratio. A machine learning technique is developed to process the triboelectric signals, enabling the classification of six different materials with a prediction accuracy of ≈95%. The material differentiation model is further validated across different users, achieving an overall accuracy of ≈88 %, illustrating the potential of utilizing the body-coupled triboelectric circuit for tactile augmentation."
45,A3_sensors,37560618,PMC10407620,10.1039/d3ra02900j,2023,RSC advances,research-article; Journal Article,Machine learning-assisted flexible wearable device for tyrosine detection.,"Early diagnosis of pathological markers can significantly shorten the rate of viral transmission, reduce the probability of infection, and improve the cure rate of diseases. Therefore, analytical techniques for identifying pathological markers and environmental toxicants have received considerable attention from researchers worldwide. However, the most popular techniques used in clinical settings involve expensive precision instruments and complex detection processes. Thus, a simpler, more efficient, rapid, and intelligent means of analysis must be urgently developed. Electrochemical biosensors have the advantages of simple processing, low cost, low sample preparation requirements, rapid analysis, easy miniaturization, and integration. Thus, they have become popular in extensive research. Machine learning is widely used in material-assisted synthesis, sensor design, and other fields owing to its powerful data analysis and simulation learning capabilities. In this study, a machine learning-assisted carbon black-graphene oxide conjugate polymer (CB-GO/CP) electrode, in conjunction with a flexible wearable device, is proposed for the smart portable detection of tyrosine (Tyr). Input feature value data are obtained for the artificial neural network (ANN) and support vector machines (SVM) model learning via multiple data collections in artificial urine and by recording the pH and temperature values. The results reveal that a machine-learning model that integrates multiple external factors is more accurate for the prediction of Tyr concentration."
46,A3_sensors,39095463,PMC11297172,10.1038/s41467-024-50884-y,2024,Nature communications,research-article; Journal Article,Accelerated discovery of perovskite solid solutions through automated materials synthesis and characterization.,"Accelerating perovskite solid solution discovery and sustainable synthesis is crucial for addressing challenges in wireless communication and biosensors. However, the vast array of chemical compositions and their dependence on factors such as crystal structure, and sintering temperature require time-consuming manual processes. To overcome these constraints, we introduce an automated materials discovery approach encompassing machine learning (ML) assisted material screening, robotic synthesis, and high-throughput characterization. Our proposed platform for rapid sintering and dielectric analysis streamlines the characterization of perovskites and the discovery of disordered materials. The setup has been successfully validated, demonstrating processing materials within minutes, in stark contrast to conventional procedures that can take hours or days. Following setup validation with established samples, we showcase synthesizing single-phase solid solutions within the barium family, such as (BaxSr1-x)CeO3, identified through ML-guided chemistry."
47,A3_sensors,37763889,PMC10537244,10.3390/mi14091726,2023,Micromachines,research-article; Journal Article,Health Monitoring System from Pyralux Copper-Clad Laminate Film and Random Forest Algorithm.,"Sensor technologies have been core features for various wearable electronic products for decades. Their functions are expected to continue to play an essential role in future generations of wearable products. For example, trends in industrial, military, and security applications include smartwatches used for monitoring medical indicators, hearing devices with integrated sensor options, and electronic skins. However, many studies have focused on a specific area of the system, such as manufacturing processes, data analysis, or actual testing. This has led to challenges regarding the reliability, accuracy, or connectivity of components in the same wearable system. There is an urgent need for studies that consider the whole system to maximize the efficiency of soft sensors. This study proposes a method to fabricate a resistive pressure sensor with high sensitivity, resilience, and good strain tolerance for recognizing human motion or body signals. Herein, the sensor electrodes are shaped on a thin Pyralux film. A layer of microfiber polyesters, coated with carbon nanotubes, is used as the bearing and pressure sensing layer. Our sensor shows superior capabilities in respiratory monitoring. More specifically, the sensor can work in high-humidity environments, even when immersed in water-this is always a big challenge for conventional sensors. In addition, the embedded random forest model, built for the application to recognize restoration signals with high accuracy (up to 92%), helps to provide a better overview when placing flexible sensors in a practical system."
48,A3_sensors,35559227,PMC9062654,10.3762/bjnano.13.34,2022,Beilstein journal of nanotechnology,research-article; Journal Article,A chemiresistive sensor array based on polyaniline nanocomposites and machine learning classification.,"The selective detection of ammonia (NH3), nitrogen dioxide (NO2), carbon oxides (CO2 and CO), acetone ((CH3)2CO), and toluene (C6H5CH3) is investigated by means of a gas sensor array based on polyaniline nanocomposites. The array composed by seven different conductive sensors with composite sensing layers are measured and analyzed using machine learning. Statistical tools, such as principal component analysis and linear discriminant analysis, are used as dimensionality reduction methods. Five different classification methods, namely k-nearest neighbors algorithm, support vector machine, random forest, decision tree classifier, and Gaussian process classification (GPC) are compared to evaluate the accuracy of target gas determination. We found the Gaussian process classification model trained on features extracted from the data by principal component analysis to be a highly accurate method reach to 99% of the classification of six different gases."
49,A3_sensors,39451717,PMC11505716,10.3390/bios14100504,2024,Biosensors,research-article; Journal Article,A Machine Learning Assisted Non-Enzymatic Electrochemical Biosensor to Detect Urea Based on Multi-Walled Carbon Nanotube Functionalized with Copper Oxide Micro-Flowers.,"Detecting urea is crucial for diagnosing related health conditions and ensuring timely medical intervention. The addition of machine learning (ML) technologies has completely changed the field of biochemical sensing, providing enhanced accuracy and reliability. In the present work, an ML-assisted screen-printed, flexible, electrochemical, non-enzymatic biosensor was proposed to quantify urea concentrations. For the detection of urea, the biosensor was modified with a multi-walled carbon nanotube-zinc oxide (MWCNT-ZnO) nanocomposite functionalized with copper oxide (CuO) micro-flowers (MFs). Further, the CuO-MFs were synthesized using a standard sol-gel approach, and the obtained particles were subjected to various characterization techniques, including X-ray diffraction (XRD), field emission scanning electron microscopy (FESEM), and Fourier transform infrared (FTIR) spectroscopy. The sensor's performance for urea detection was evaluated by assessing the dependence of peak currents on analyte concentration using cyclic voltammetry (CV) at different scan rates of 50, 75, and 100 mV/s. The designed non-enzymatic biosensor showed an acceptable linear range of operation of 0.5-8 mM, and the limit of detection (LoD) observed was 78.479 nM, which is well aligned with the urea concentration found in human blood and exhibits a good sensitivity of 117.98 mA mM-1 cm-2. Additionally, different regression-based ML models were applied to determine CV parameters to predict urea concentrations experimentally. ML significantly improves the accuracy and reliability of screen-printed biosensors, enabling accurate predictions of urea levels. Finally, the combination of ML and biosensor design emphasizes not only the high sensitivity and accuracy of the sensor but also its potential for complex non-enzymatic urea detection applications. Future advancements in accurate biochemical sensing technologies are made possible by this strong and dependable methodology."
50,A3_sensors,40775661,PMC12561432,10.1002/advs.202510894,2025,"Advanced science (Weinheim, Baden-Wurttemberg, Germany)",research-article; Journal Article,MXene-Integrated Printed Piezoresistive Flexible Sensors: A Breakthrough in Real-Time Monitoring for Medical and Smart Applications.,"As an emerging 2D transition metal carbide material with metal-like conductivity, MXene exhibits significant potential in the development of piezoresistive sensors. Nevertheless, achieving favorable combined properties in MXene-based pressure sensors remains challenging. This research explores a method for the assisted deposition of Ag nanoparticles between the layers of waffle-structured MXene by template-directed growth strategy, preparing the chocolate-inlaid Ag@waffle-structured MXene (WSM-A8). With DFT calculations and finite element simulations, the theoretical analysis for the transition of energy bands and the increase of charge density is conducted for the WSM-A8. Meanwhile, the conducting pathways established in WSM-A8 are systematically simulated, verifying the construction of the oriented field-modulation piezoresistive structure proposed in this study. The pressure sensor prepared with WSM-A8 presents the highest ΔI/I0 response intensity (507 in 210 kPa) among the reported MXene-based piezoresistive sensors with a satisfactory sensitivity (45/30 ms for response/recovery time), which also possesses outstanding structural stability (less than 4% attenuation of the response value after 500 bending cycles) and superior oxidation resistance. Utilizing the convolutional neural network and machine learning, the recognition accuracy of the integrated device is effectively improved. This study provides a feasible approach for realizing real-time pressure monitoring, demonstrating great potential in medical diagnosis, intelligent actuators, and human-computer interactions."
51,A3_sensors,41450855,PMC12728062,10.3389/fspor.2025.1724021,2025,Frontiers in sports and active living,research-article; Journal Article,An adaptive hand exoskeleton rehabilitation training system integrating virtual reality and an AI-based assessment engine.,"IntroductionPost-stroke hand motor impairment is a major cause of long-term functional disability and reduced quality of life, with approximately 70% of stroke survivors experiencing persistent limitations in fine motor control. Conventional rehabilitation is constrained by low adherence, subjective assessment, and insufficient individualization, which limits exploitation of the neuroplasticity window for motor relearning. To address these challenges, we propose a bio-AI-VR integrated hand rehabilitation system that fuses biosignal sensing (bio), AI-based analysis, and virtual reality (VR) interaction to realize an efficient, adaptive, and quantifiable closed-loop training process. The integration rationale is grounded in three theoretical pillars: (i) multimodal data fusion theory-combining heterogeneous biosignal and behavioral data through AI to overcome single-modality limitations; (ii) closed-loop adaptive control theory-dynamically balancing challenge and capability via real-time feedback; (iii) neuroplasticity multisensory enhancement theory-coordinating visual, proprioceptive, and motor pathways to strengthen cortical reorganization. This work addresses three testable hypotheses: (RQ1) Can multimodal biosignal fusion achieve real-time assessment with R2≥0.65 and latency MethodsA lightweight hand exoskeleton ( ResultsAll 24 participants completed the study with one missed session (479 of 480 scheduled sessions, 8,946 annotated segments); end-to-end latency median 38 ms (IQR 33-42 ms), decomposed as: sampling 8±2 ms, preprocessing 4±1 ms, network 12±3 ms, AI inference 5±1 ms, control 2±0.5 ms, command return 7±2 ms. Offline model performance: R2=0.72 (GroupKFold), MAE = 3.2 points, Spearman ρ=0.68 with FMA-UE ( pDiscussionResults validate all three hypotheses: (i) multimodal fusion exceeded technical targets ( R2=0.72>0.65 , latency 38 ms 6 points, d=0.98>0.8 ), exceeding published spontaneous recovery rates (2-4 points); (iii) ablation experiments demonstrated ≥15% degradation when removing any component, confirming non-additive synergistic effects of bio-AI-VR integration. Compared to recent brain-computer interface systems using EEG-based motor imagery, this approach achieves paradigm shift toward execution-based rehabilitation with direct motor intent capture and real-time physical feedback. The AAN control law elevates from low-level motion control to high-level rehabilitation strategy, spanning multiple temporal scales (window to course-level) and dual channels (physical assistance + cognitive challenge). Limitations include single-arm design limiting causal inference, small sample size ( n=24 ), short intervention period (4 weeks), FMA-UE proxy construction via linear interpolation, and controlled clinical setting vs. real-world deployment. Future work requires larger RCTs with active control arms, extended follow-up (3-6 months), dense longitudinal assessments, exploration of deep learning architectures for temporal modeling, and validation in home-based telerehabilitation settings. The bio-AI-VR system demonstrates feasibility of data-driven, multimodal closed-loop rehabilitation, offering a wearable, low-latency, and personalized solution for post-stroke hand recovery that bridges the gap between laboratory innovation and clinical translation."
52,A3_sensors,40431999,PMC12115526,10.3390/s25103207,2025,"Sensors (Basel, Switzerland)",research-article; Journal Article,Development of Non-Invasive Continuous Glucose Prediction Models Using Multi-Modal Wearable Sensors in Free-Living Conditions.,"Continuous monitoring of glucose levels is important for diabetes management and prevention. While traditional glucose monitoring methods are often invasive and expensive, recent approaches using machine learning (ML) models have explored non-invasive alternatives-but many still depend on manually logged food intake and activity, which is burdensome and impractical for everyday use. In this study, we propose a novel approach that eliminates the need for manual input by utilizing only passively collected, automatically recorded multi-modal data from non-invasive wearable sensors. This enables practical and continuous glucose prediction in real-world, free-living environments. We used the BIG IDEAs Lab Glycemic Variability and Wearable Device Data (BIGIDEAs) dataset, which includes approximately 26,000 CGM readings, simultaneous ly collected wearable data, and demographic information. A total of 236 features encompassing physiological, behavioral, circadian, and demographic factors were constructed. Feature selection was conducted using random-forest-based importance analysis to select the most relevant features for model training. We evaluated the effectiveness of various ML regression techniques, including linear regression, ridge regression, random forest regression, and XGBoost regression, in terms of prediction and clinical accuracy. Biological sex, circadian rhythm, behavioral features, and tonic features of electrodermal activity (EDA) emerged as key predictors of glucose levels. Tree-based models outperformed linear models in both prediction and clinical accuracy. The XGBoost (XR) model performed best, achieving an R-squared of 0.73, an RMSE of 11.9 mg/dL, an NRMSE of 0.52 mg/dL, a MARD of 7.1%, and 99.4% of predictions falling within Zones A and B of the Clarke Error Grid. This study demonstrates the potential of combining feature engineering and tree-based ML regression techniques for continuous glucose monitoring using wearable sensors."
53,A3_sensors,32714750,PMC7375248,10.1002/advs.202000261,2020,"Advanced science (Weinheim, Baden-Wurttemberg, Germany)",research-article; Journal Article,Machine Learning Glove Using Self-Powered Conductive Superhydrophobic Triboelectric Textile for Gesture Recognition in VR/AR Applications.,"The rapid progress of Internet of things (IoT) technology raises an imperative demand on human machine interfaces (HMIs) which provide a critical linkage between human and machines. Using a glove as an intuitive and low-cost HMI can expediently track the motions of human fingers, resulting in a straightforward communication media of human-machine interactions. When combining several triboelectric textile sensors and proper machine learning technique, it has great potential to realize complex gesture recognition with the minimalist-designed glove for the comprehensive control in both real and virtual space. However, humidity or sweat may negatively affect the triboelectric output as well as the textile itself. Hence, in this work, a facile carbon nanotubes/thermoplastic elastomer (CNTs/TPE) coating approach is investigated in detail to achieve superhydrophobicity of the triboelectric textile for performance improvement. With great energy harvesting and human motion sensing capabilities, the glove using the superhydrophobic textile realizes a low-cost and self-powered interface for gesture recognition. By leveraging machine learning technology, various gesture recognition tasks are done in real time by using gestures to achieve highly accurate virtual reality/augmented reality (VR/AR) controls including gun shooting, baseball pitching, and flower arrangement, with minimized effect from sweat during operation."
54,A3_sensors,33579699,PMC7880591,10.1126/sciadv.abe5683,2021,Science advances,"Research Support, Non-U.S. Gov't; research-article; Journal Article",Biomimetic and flexible piezoelectric mobile acoustic sensors with multiresonant ultrathin structures for machine learning biometrics.,"Flexible resonant acoustic sensors have attracted substantial attention as an essential component for intuitive human-machine interaction (HMI) in the future voice user interface (VUI). Several researches have been reported by mimicking the basilar membrane but still have dimensional drawback due to limitation of controlling a multifrequency band and broadening resonant spectrum for full-cover phonetic frequencies. Here, highly sensitive piezoelectric mobile acoustic sensor (PMAS) is demonstrated by exploiting an ultrathin membrane for biomimetic frequency band control. Simulation results prove that resonant bandwidth of a piezoelectric film can be broadened by adopting a lead-zirconate-titanate (PZT) membrane on the ultrathin polymer to cover the entire voice spectrum. Machine learning-based biometric authentication is demonstrated by the integrated acoustic sensor module with an algorithm processor and customized Android app. Last, exceptional error rate reduction in speaker identification is achieved by a PMAS module with a small amount of training data, compared to a conventional microelectromechanical system microphone."
55,A3_sensors,33854875,PMC8024994,10.1002/advs.202002362,2021,"Advanced science (Weinheim, Baden-Wurttemberg, Germany)","Research Support, Non-U.S. Gov't; research-article; Journal Article",Tactile Avatar: Tactile Sensing System Mimicking Human Tactile Cognition.,"As a surrogate for human tactile cognition, an artificial tactile perception and cognition system are proposed to produce smooth/soft and rough tactile sensations by its user's tactile feeling; and named this system as ""tactile avatar"". A piezoelectric tactile sensor is developed to record dynamically various physical information such as pressure, temperature, hardness, sliding velocity, and surface topography. For artificial tactile cognition, the tactile feeling of humans to various tactile materials ranging from smooth/soft to rough are assessed and found variation among participants. Because tactile responses vary among humans, a deep learning structure is designed to allow personalization through training based on individualized histograms of human tactile cognition and recording physical tactile information. The decision error in each avatar system is less than 2% when 42 materials are used to measure the tactile data with 100 trials for each material under 1.2N of contact force with 4cm s-1 of sliding velocity. As a tactile avatar, the machine categorizes newly experienced materials based on the tactile knowledge obtained from training data. The tactile sensation showed a high correlation with the specific user's tendency. This approach can be applied to electronic devices with tactile emotional exchange capabilities, as well as advanced digital experiences."
56,A3_sensors,37687505,PMC10488954,10.3390/ma16175812,2023,"Materials (Basel, Switzerland)",research-article; Journal Article,Intelligent Optimization Design of a Phononic Crystal Air-Coupled Ultrasound Transducer.,"To further improve the operational performance of a phononic crystal air-coupled ultrasonic transducer while reducing the number of simulations, an intelligent optimization design strategy is proposed by combining finite element simulation analysis and artificial intelligence (AI) methods. In the proposed strategy, the structural design parameters of 1-3 piezoelectric composites and acoustic impedance gradient matching layer are sampled using the optimal Latin hypercube sampling (OLHS) method. Moreover, the COMSOL software is utilized to calculate the performance parameters of the transducer. Based on the simulation data, a radial basis function neural network (RBFNN) model is trained to establish the relationship between the design parameters and the performance parameters. The accuracy of the approximation model is verified through linear regression plots and statistical methods. Finally, the NSGA-II algorithm is used to determine the design parameters of the transducer. After optimization, the band gap widths of the piezoelectric composites and acoustic impedance gradient matching layer are increased by 16 kHz and 13.5 kHz, respectively. Additionally, the -6 dB bandwidth of the transducer is expanded by 11.5%. The simulation results and experimental results are consistent with the design objectives, which confirms the effectiveness of the design strategy. This work provides a feasible strategy for the design of high-performance air-coupled ultrasonic transducers, which is of great significance for the development of non-destructive testing technology."
57,A3_sensors,40047595,PMC11857537,10.3390/mi16020123,2025,Micromachines,research-article; Journal Article,MXene-MWCNT Conductive Network for Long-Lasting Wearable Strain Sensors with Gesture Recognition Capabilities.,"In this work, a conductive composite film composed of multi-walled carbon nanotubes (MWCNTs) and multi-layer Ti3C2Tx MXene nanosheets is used to construct a strain sensor on sandpaper Ecoflex substrate. The composite material forms a sophisticated conductive network with exceptional electrical conductivity, resulting in sensors with broad detection ranges and high sensitivities. The findings indicate that the strain sensing range of the Ecoflex/Ti3C2Tx/MWCNT strain sensor, when the mass ratio is set to 5:2, extends to 240%, with a gauge factor (GF) of 933 within the strain interval from 180% to 240%. The strain sensor has demonstrated its robustness by enduring more than 33,000 prolonged stretch-and-release cycles at 20% cyclic tensile strain. Moreover, a fast response time of 200 ms and detection limit of 0.05% are achieved. During application, the sensor effectively enables the detection of diverse physiological signals in the human body. More importantly, its application in a data glove that is coupled with machine learning and uses the Support Vector Machine (SVM) model trained on the collected gesture data results in an impressive recognition accuracy of 93.6%."
58,A3_sensors,39845877,PMC11747815,10.1039/d4sc06643j,2025,Chemical science,research-article; Journal Article,Synthesis of shape-tunable PbZrTiO3 nanocrystals with lattice variations for piezoelectric energy harvesting and human motion detection.,"PbZr0.7Ti0.3O3 cubes with tunable sizes and cuboids have been hydrothermally synthesized. PbZrTiO3 cubes with three different Zr : Ti atomic percentages were also prepared. Analysis of synchrotron X-ray diffraction (XRD) patterns reveals the presence of two lattice components for these samples. Fast Fourier Transform (FFT) processing of high-resolution transmission electron microscopy (HR-TEM) images shows discernible lattice spot differences between the inner bulk and surface layer region for a PbZr0.7Ti0.3O3 cube, while a cuboid has distinct lattice spot deviations. The lattice variations yield different dielectric constant numbers for these two samples, despite being bound by the same crystal faces. The PbZrTiO3 crystals give size- and composition-dependent band gaps. Cuboids show notably larger piezoelectric and ferroelectric responses than cubes. Piezoelectric nanogenerators (PENGs) containing 30 wt% cuboids produce the highest open-circuit voltage of 20.36 V and short-circuit current of 2300 nA. The PENGs harvest energy through bending/releasing cycles to power devices and show photothermal pyroelectric activity. Moreover, a single 30 wt% cuboid PENG device integrated into a shoe insole can deliver an impressive 96.8% accuracy for human motion detection using a machine learning approach. This work illustrates that considerable lattice variation through crystal shape control is effective in enhancing material properties."
59,A3_sensors,38675735,PMC11054503,10.3390/vaccines12040352,2024,Vaccines,research-article; Journal Article,Dynamic Profiling and Prediction of Antibody Response to SARS-CoV-2 Booster-Inactivated Vaccines by Microsample-Driven Biosensor and Machine Learning.,"Knowledge of the antibody response to the third dose of inactivated SARS-CoV-2 vaccines is crucial because it is the subject of one of the largest global vaccination programs. This study integrated microsampling with optical biosensors to profile neutralizing antibodies (NAbs) in fifteen vaccinated healthy donors, followed by the application of machine learning to predict antibody response at given timepoints. Over a nine-month duration, microsampling and venipuncture were conducted at seven individual timepoints. A refined iteration of a fiber optic biolayer interferometry (FO-BLI) biosensor was designed, enabling rapid multiplexed biosensing of the NAbs of both wild-type and Omicron SARS-CoV-2 variants in minutes. Findings revealed a strong correlation (Pearson r of 0.919, specificity of 100%) between wild-type variant NAb levels in microsamples and sera. Following the third dose, sera NAb levels of the wild-type variant increased 2.9-fold after seven days and 3.3-fold within a month, subsequently waning and becoming undetectable after three months. Considerable but incomplete evasion of the latest Omicron subvariants from booster vaccine-elicited NAbs was confirmed, although a higher number of binding antibodies (BAbs) was identified by another rapid FO-BLI biosensor in minutes. Significantly, FO-BLI highly correlated with a pseudovirus neutralization assay in identifying neutralizing capacities (Pearson r of 0.983). Additionally, machine learning demonstrated exceptional accuracy in predicting antibody levels, with an error level of <5% for both NAbs and BAbs across multiple timepoints. Microsample-driven biosensing enables individuals to access their results within hours of self-collection, while precise models could guide personalized vaccination strategies. The technology's innate adaptability means it has the potential for effective translation in disease prevention and vaccine development."
60,A3_sensors,40388541,PMC12379165,10.1021/acssensors.5c00152,2025,ACS sensors,research-article; Journal Article,Synergistic Integration of Laser Oxidation and Long Short-Term Memory for Advanced Odor Classification in Next-Generation Artificial Olfactory Systems.,"Emulating and enhancing human olfactory capabilities, artificial olfactory technology provides adept detection of subtle odors, gases, and various chemical substances. Metal oxide semiconductors (MOSs) are ideal materials for next-generation artificial olfactory devices due to their outstanding gas sensing performance, characterized high sensitivity, high response speed, and robust stability, as well as their compatibility with microfabrication. For broader applications, developing a comprehensive database of diverse odorants is crucial, which necessitates expanding the types of MOS channels in artificial olfactory devices. This paper reports a laser-induced oxidation-based artificial olfactory device using a 7 × 3 sensor array composed of three metal oxides (SnO2-x, ZnOx, and WO3-x). By analyzing the response pattern of various odorants using a deep neural network, the device achieved 95.2% accuracy in classifying eight single odor molecules. Additionally, it successfully deconvoluted the types and concentrations of two odor mixtures and classified ten types of wine with accuracies of 91.3% and 92.5%, respectively. Furthermore, this study identified the proper number and arrangement of sensors for next-generation e-nose development. Our innovative artificial olfactory system can be integrated into various fields, such as the aromatic industry and virtual reality, making it a beneficial technology for future artificial olfaction applications."
61,A3_sensors,40268887,PMC12019587,10.1038/s41378-025-00934-2,2025,Microsystems & nanoengineering,research-article; Journal Article,Pulse-driven MEMS gas sensor combined with machine learning for selective gas identification.,"The sensing and identification of trace gases are essential for ensuring chemical safety and protecting human health. This study introduces a low-power electronic nose system that utilizes a single sensor driven by repeated pulsed power inputs, offering a viable alternative to conventional sensor array-based methods. The sensor's compact design and suspended architecture facilitate a rapid thermal response, effectively decoupling the influences of temperature, physisorption, and charge exchange on the conductivity of the sensing material. This mechanism generates distinct gas sensing responses, characterized by alternating dual responses within a single time period. The unique dynamics of the dual signals, which vary with gas type and concentration, enable precise identification of multiple gas species using machine learning (ML) algorithms. Microfabricated through wafer-level batch processing, our innovative electronic nose system holds significant potential for battery-powered mobile devices and IoT-based monitoring applications."
62,A3_sensors,34344892,PMC8333059,10.1038/s41467-021-25046-z,2021,Nature communications,research-article; Journal Article,Selection rules of triboelectric materials for direct-current triboelectric nanogenerator.,"The rapid development of Internet of Things and artificial intelligence brings increasing attention on the harvesting of distributed energy by using triboelectric nanogenerator (TENG), especially the direct current TENG (DC-TENG). It is essential to select appropriate triboelectric materials for obtaining a high performance TENG. In this work, we provide a set of rules for selecting the triboelectric materials for DC-TENG based on several basic parameters, including surface charge density, friction coefficient, polarization, utilization rate of charges, and stability. On the basis of the selection rules, polyvinyl chloride, used widely in industry rather than in TENG, is selected as the triboelectric layer. Its effective charge density can reach up to ~8.80 mC m-2 in a microstructure-designed DC-TENG, which is a new record for all kinds of TENGs. This work can offer a basic guideline for the triboelectric materials selection and promote the practical applications of DC-TENG."
63,A3_sensors,34502855,PMC8434643,10.3390/s21175964,2021,"Sensors (Basel, Switzerland)",research-article; Journal Article,Plantar Pressure Detection System Based on Flexible Hydrogel Sensor Array and WT-RF.,"This paper presents a hydrogel-based flexible sensor array to detect plantar pressure distribution and recognize the gait patterns to assist those who suffer from gait disorders to rehabilitate better. The traditional pressure detection array is composed of rigid metal sensors, which have poor biocompatibility and expensive manufacturing costs. To solve the above problems, we have designed and fabricated a novel flexible sensor array based on AAM/NaCl (Acrylamide/Sodium chloride) hydrogel and PI (Polyimide) membrane. The proposed array exhibits excellent structural flexibility (209 KPa) and high sensitivity (12.3 mV·N-1), which allows it to be in full contact with the sole of the foot to collect pressure signals accurately. The Wavelet Transform-Random Forest (WT-RF) algorithm is introduced to recognize the gaits based on the plantar pressure signals. Wavelet transform realizes the signal filtering and normalization, and random forest is responsible for the classification of the processed signals. The classification accuracy of the WT-RF algorithm reaches 91.9%, which ensures the precise recognition of gaits."
64,A3_sensors,39511152,PMC11543809,10.1038/s41378-024-00813-2,2024,Microsystems & nanoengineering,research-article; Journal Article,Deep learning-assisted object recognition with hybrid triboelectric-capacitive tactile sensor.,"Tactile sensors play a critical role in robotic intelligence and human-machine interaction. In this manuscript, we propose a hybrid tactile sensor by integrating a triboelectric sensing unit and a capacitive sensing unit based on porous PDMS. The triboelectric sensing unit is sensitive to the surface material and texture of the grasped objects, while the capacitive sensing unit responds to the object's hardness. By combining signals from the two sensing units, tactile object recognition can be achieved among not only different objects but also the same object in different states. In addition, both the triboelectric layer and the capacitor dielectric layer were fabricated through the same manufacturing process. Furthermore, deep learning was employed to assist the tactile sensor in accurate object recognition. As a demonstration, the identification of 12 samples was implemented using this hybrid tactile sensor, and an recognition accuracy of 98.46% was achieved. Overall, the proposed hybrid tactile sensor has shown great potential in robotic perception and tactile intelligence."
65,A3_sensors,41051955,PMC12560124,10.1021/acssensors.5c02182,2025,ACS sensors,research-article; Journal Article,Metal-Organic Framework-Based Chemiresistive Array Paired with Machine Learning Algorithms for the Detection and Differentiation of Toxic Gases.,"The development of low-power, sensitive, and selective gas sensors capable of detecting and differentiating toxic gases is pivotal for safety and environmental monitoring. This paper describes a chemiresistive sensor array comprising a series of three conductive hexahydroxytriphenylene-based metal-organic frameworks (MOFs) (M3(HHTP)2 (M = Ni, Cu, Zn)) capable of detecting and differentiating parts-per-million (ppm) levels of carbon monoxide (CO), ammonia (NH3), sulfur dioxide (SO2), hydrogen sulfide (H2S), and nitric oxide (NO), as well as binary mixtures of SO2 and H2S in dry nitrogen at room temperature. This capability arises from variations in the identity of the linking metal and the framework packing pattern across the materials in the array. To visualize the response pattern of the sensor array and map it to a predicted gas composition, principal component analysis and random forest classification are employed. Both machine learning techniques confirm the ability to discriminate CO, NH3, SO2, H2S, and NO analytes as well as binary SO2/H2S mixtures at ppm concentrations using the response of the array. Moreover, a feature importance method applied to the classifier assigns importance scores to each sensor in the array to quantify the impact of individual materials on analyte discrimination. Spectroscopic investigations provide insight into how the structural features of the MOFs influence sensing performance and ascertain material-analyte interactions governing sensing selectivity for SO2/H2S binary mixtures."
66,A3_sensors,33731346,PMC7968845,10.1126/sciadv.abd9117,2021,Science advances,research-article; Journal Article,Bioinspired mechano-photonic artificial synapse based on graphene/MoS2 heterostructure.,"Developing multifunctional and diversified artificial neural systems to integrate multimodal plasticity, memory, and supervised learning functions is an important task toward the emulation of neuromorphic computation. Here, we present a bioinspired mechano-photonic artificial synapse with synergistic mechanical and optical plasticity. The artificial synapse is composed of an optoelectronic transistor based on graphene/MoS2 heterostructure and an integrated triboelectric nanogenerator. By controlling the charge transfer/exchange in the heterostructure with triboelectric potential, the optoelectronic synaptic behaviors can be readily modulated, including postsynaptic photocurrents, persistent photoconductivity, and photosensitivity. The photonic synaptic plasticity is elaborately investigated under the synergistic effect of mechanical displacement and the light pulses embodying different spatiotemporal information. Furthermore, artificial neural networks are simulated to demonstrate the improved image recognition accuracy up to 92% assisted with mechanical plasticization. The mechano-photonic artificial synapse is highly promising for implementing mixed-modal interaction, emulating complex biological nervous system, and promoting the development of interactive artificial intelligence."
67,A3_sensors,40164642,PMC11958700,10.1038/s41598-024-81312-2,2025,Scientific reports,research-article; Journal Article,Human activity recognition algorithms for manual material handling activities.,"Human Activity Recognition (HAR) using wearable sensors has prompted substantial interest in recent years due to the availability and low cost of Inertial Measurement Units (IMUs). HAR using IMUs can aid both the ergonomic evaluation of the performed activities and, more recently, with the development of exoskeleton technologies, can assist with the selection of precisely tailored assisting strategies. However, there needs to be more research regarding the identification of diverse lifting styles, which requires appropriate datasets and the proper selection of hyperparameters for the employed classification algorithms. This paper offers insight into the effect of sensor placement, number of sensors, time window, classifier complexity, and IMU data types used in the classification of lifting styles. The analyzed classifiers are feedforward neural networks, 1-D convolutional neural networks, and recurrent neural networks, standard architectures in time series classification but offer different classification capabilities and computational complexity. This is of the utmost importance when inference is expected to occur in an embedded platform such as an occupational exoskeleton. It is shown that accurate lifting style detection requires multiple sensors, sufficiently long time windows, and classifier architectures able to leverage the temporal nature of the data since the differences are subtle from a kinematic point of view but significantly impact the possibility of injuries."
68,A3_sensors,37687790,PMC10490180,10.3390/s23177334,2023,"Sensors (Basel, Switzerland)",research-article; Journal Article,Low-Cost Distributed Optical Waveguide Shape Sensor Based on WTDM Applied in Bionics.,"Bionic robotics, driven by advancements in artificial intelligence, new materials, and manufacturing technologies, is attracting significant attention from research and industry communities seeking breakthroughs. One of the key technologies for achieving a breakthrough in robotics is flexible sensors. This paper presents a novel approach based on wavelength and time division multiplexing (WTDM) for distributed optical waveguide shape sensing. Structurally designed optical waveguides based on color filter blocks validate the proposed approach through a cost-effective experimental setup. During data collection, it combines optical waveguide transmission loss and the way of controlling the color and intensity of the light source and detecting color and intensity variations for modeling. An artificial neural network is employed to model and demodulate a data-driven optical waveguide shape sensor. As a result, the correlation coefficient between the predicted and real bending angles reaches 0.9134 within 100 s. To show the parsing performance of the model more intuitively, a confidence accuracy curve is introduced to describe the accuracy of the data-driven model at last."
69,A3_sensors,35908811,PMC9507374,10.1002/advs.202202306,2022,"Advanced science (Weinheim, Baden-Wurttemberg, Germany)","research-article; Journal Article; Research Support, N.I.H., Extramural",Translational Organic Neural Interface Devices at Single Neuron Resolution.,"Recording from the human brain at the spatiotemporal resolution of action potentials provides critical insight into mechanisms of higher cognitive functions and neuropsychiatric disease that is challenging to derive from animal models. Here, organic materials and conformable electronics are employed to create an integrated neural interface device compatible with minimally invasive neurosurgical procedures and geared toward chronic implantation on the surface of the human brain. Data generated with these devices enable identification and characterization of individual, spatially distribute human cortical neurons in the absence of any tissue penetration (n = 229 single units). Putative single-units are effectively clustered, and found to possess features characteristic of pyramidal cells and interneurons, as well as identifiable microcircuit interactions. Human neurons exhibit consistent phase modulation by oscillatory activity and a variety of population coupling responses. The parameters are furthermore established to optimize the yield and quality of single-unit activity from the cortical surface, enhancing the ability to investigate human neural network mechanisms without breaching the tissue interface and increasing the information that can be safely derived from neurophysiological monitoring."
70,A3_sensors,40801439,PMC12591205,10.1002/advs.202509740,2025,"Advanced science (Weinheim, Baden-Wurttemberg, Germany)",research-article; Journal Article,Bio-Inspired SA-FA Bionic Dual Receptor Electronic Skin for Intelligent Gesture and Material Cognition Systems Enhanced by Static-Dynamic Mutual Interaction.,"Traditional electronic skins (e-skins) face significant challenges in system integration and practical usability demonstrations, limiting their ability to meet the development demands of robot intellectualization under future artificial intelligence (AI) frameworks. Here, a bionic dual receptor (BDR) e-skin motivated by AI-based hardware-software coordination is proposed, which consists of electrospinning fiber triboelectric unit inspired by fast-adapting receptors and micropyramid ionic hydrogel iontronic unit inspired by slow-adapting receptors. Benefiting from the iontronic effect and micropyramid structure, the iontronic unit yields impressive features: a linear sensitivity of 172 kPa-1 (30 kPa), a fast response/recovery time of 11.2 ms. Based on this innovation, the BDR e-skin is integrated into the glove, and a dual-channel signal-motivated intelligent glove cognitive system for sign language gesture identification and robot interaction is developed, laying the foundation for subsequent usability demonstrations. Further, the BDR e-skin is deeply integrated with intelligent software algorithms and high-speed hardware circuits to construct an intelligent autonomous material cognition system. This system enables the robot finger controlled by the intelligent glove to accurately identify multidimensional properties (average accuracy: 99.3%) of smooth surface films-such as electronegativity, softness/hardness, and material species-with a single touch, showing a tactile cognition level comparable to that of humans."
71,A3_sensors,35746152,PMC9228771,10.3390/s22124370,2022,"Sensors (Basel, Switzerland)",research-article; Journal Article,Deep Learning Approach to Impact Classification in Sensorized Panels Using Self-Attention.,"This paper proposes a new method of impact classification for a Structural Health Monitoring system through the use of Self-Attention, the central building block of the Transformer neural network. As a topical and highly promising neural network architecture, the Transformer has the potential to greatly improve the speed and robustness of impact detection. This paper investigates the suitability of this new network, confronting the advantages and disadvantages offered by the Transformer and a well-known and established neural network for impact detection, the Convolutional Neural Network (CNN). The comparison is undertaken on performance, scalability, and computational time. The inputs to the networks were created using a data transformation technique, which transforms the raw time series data collected from the network of piezoelectric sensors, installed on a composite panel, through the use of Fourier Transform. It is demonstrated that the Transformer method reduces the computational complexity of the impact detection significantly, while achieving excellent prediction results."
72,A3_sensors,35516603,PMC9054528,10.1039/d0ra03293j,2020,RSC advances,research-article; Journal Article,Piezoelectric polymer nanofibers for pressure sensors and their applications in human activity monitoring.,"Miniaturized, wearable and self-powered sensors are crucial for applications in artificial intelligence, robotics, healthcare, and communication devices. In particular, piezoelectric polymer-based sensing systems have the advantages of light weight, large piezoelectricity and mechanical flexibility, offering great opportunities in flexible and stretchable electronic devices. Herein, free-standing large-size nanofiber (NF) membranes have been fabricated by an electrospinning technique. Our results show that the as-synthesized P(VDF-TrFE) NFs are pure β-phase and exhibit excellent mechanical and thermal properties. Besides having high sensitivity and operational stability, the fibrous sensor can generate remarkable electrical signals from applied pressure, with an output voltage of 18.1 V, output current of 0.177 μA, and power density of 22.9 μW cm-2. Moreover, such sensors also produce significant electrical performance of up to a few volts under human mechanical stress, thereby allowing for the monitoring of biomechanical movement of the human foot, elbow, and finger. Our study sheds light onto the use of piezoelectric polymers for flexible self-powered sensing electronics and wearable devices."
73,A3_sensors,34283124,PMC8271957,10.3390/s21134568,2021,"Sensors (Basel, Switzerland)",research-article; Journal Article,FBG-Based Temperature Sensors for Liquid Identification and Liquid Level Estimation via Random Forest.,"This paper proposed a liquid level measurement and classification system based on a fiber Bragg grating (FBG) temperature sensor array. For the oil classification, the fluids were dichotomized into oil and nonoil, i.e., water and emulsion. Due to the low variability of the classes, the random forest (RF) algorithm was chosen for the classification. Three different fluids, namely water, mineral oil, and silicone oil (Kryo 51), were identified by three FBGs located at 21.5 cm, 10.5 cm, and 3 cm from the bottom. The fluids were heated by a Peltier device placed at the bottom of the beaker and maintained at a temperature of 318.15 K during the entire experiment. The fluid identification by the RF algorithm achieved an accuracy of 100%. An average root mean squared error (RMSE) of 0.2603 cm, with a maximum RMSE lower than 0.4 cm, was obtained in the fluid level measurement also using the RF algorithm. Thus, the proposed method is a feasible tool for fluid identification and level estimation under temperature variation conditions and provides important benefits in practical applications due to its easy assembly and straightforward operation."
74,A3_sensors,37547144,PMC10397731,10.3389/fnins.2023.1221512,2023,Frontiers in neuroscience,research-article; Journal Article,An innovative EEG-based emotion recognition using a single channel-specific feature from the brain rhythm code method.,"IntroductionEfficiently recognizing emotions is a critical pursuit in brain-computer interface (BCI), as it has many applications for intelligent healthcare services. In this work, an innovative approach inspired by the genetic code in bioinformatics, which utilizes brain rhythm code features consisting of δ, θ, α, β, or γ, is proposed for electroencephalography (EEG)-based emotion recognition.MethodsThese features are first extracted from the sequencing technique. After evaluating them using four conventional machine learning classifiers, an optimal channel-specific feature that produces the highest accuracy in each emotional case is identified, so emotion recognition through minimal data is realized. By doing so, the complexity of emotion recognition can be significantly reduced, making it more achievable for practical hardware setups.ResultsThe best classification accuracies achieved for the DEAP and MAHNOB datasets range from 83-92%, and for the SEED dataset, it is 78%. The experimental results are impressive, considering the minimal data employed. Further investigation of the optimal features shows that their representative channels are primarily on the frontal region, and associated rhythmic characteristics are typical of multiple kinds. Additionally, individual differences are found, as the optimal feature varies with subjects.DiscussionCompared to previous studies, this work provides insights into designing portable devices, as only one electrode is appropriate to generate satisfactory performances. Consequently, it would advance the understanding of brain rhythms, which offers an innovative solution for classifying EEG signals in diverse BCI applications, including emotion recognition."
75,A3_sensors,39915672,PMC11802847,10.1038/s41598-025-88766-y,2025,Scientific reports,research-article; Journal Article,Machine learning optimized design of THz piezoelectric perovskite-based biosensor for the detection of formalin in aqueous environments.,"This investigation presents the development and characterization of an advanced piezoelectric perovskite-based biosensing platform optimized for formalin detection in aqueous media through the implementation of Locally Weighted Linear Regression (LWLR) machine learning algorithms. The sensor architecture operates within the terahertz spectral region and incorporates an advanced nanomaterial composite system comprising black phosphorus, gold nanostructures, graphene, and barium titanate to maximize detection sensitivity and operational performance metrics. The engineered platform integrates a circular graphene metasurfaces configuration with a gold-based H-resonator assembly and concentrically arranged circular ring resonators. Computational simulations demonstrate vigorous sensing capabilities across three discrete frequency bands, achieving remarkable sensitivity parameters of 444 GHzRIU⁻¹, accompanied by a quality factor of 5.970 and detection accuracy of 7.576. The integration of LWLR-based optimization protocols substantially enhances prediction accuracy while reducing computational time by ≥ 85% as well as cutting down the required resources. The proposed sensor architecture presents significant potential for environmental monitoring and clinical applications, offering a highly sensitive and efficient methodology for quantitative formalin detection in aqueous environments."
76,A3_sensors,34640658,PMC8512428,10.3390/s21196335,2021,"Sensors (Basel, Switzerland)",research-article; Journal Article,Isolating Specific vs. Non-Specific Binding Responses in Conducting Polymer Biosensors for Bio-Fingerprinting.,"A longstanding challenge for accurate sensing of biomolecules such as proteins concerns specifically detecting a target analyte in a complex sample (e.g., food) without suffering from nonspecific binding or interactions from the target itself or other analytes present in the sample. Every sensor suffers from this fundamental drawback, which limits its sensitivity, specificity, and longevity. Existing efforts to improve signal-to-noise ratio involve introducing additional steps to reduce nonspecific binding, which increases the cost of the sensor. Conducting polymer-based chemiresistive biosensors can be mechanically flexible, are inexpensive, label-free, and capable of detecting specific biomolecules in complex samples without purification steps, making them very versatile. In this paper, a poly (3,4-ethylenedioxyphene) (PEDOT) and poly (3-thiopheneethanol) (3TE) interpenetrating network on polypropylene-cellulose fabric is used as a platform for a chemiresistive biosensor, and the specific and nonspecific binding events are studied using the Biotin/Avidin and Gliadin/G12-specific complementary binding pairs. We observed that specific binding between these pairs results in a negative ΔR with the addition of the analyte and this response increases with increasing analyte concentration. Nonspecific binding was found to have the opposite response, a positive ΔR upon the addition of analyte was seen in nonspecific binding cases. We further demonstrate the ability of the sensor to detect a targeted protein in a dual-protein analyte solution. The machine-learning classifier, random forest, predicted the presence of Biotin with 75% accuracy in dual-analyte solutions. This capability of distinguishing between specific and nonspecific binding can be a step towards solving the problem of false positives or false negatives to which all biosensors are susceptible."
77,A3_sensors,34690533,PMC8525496,10.1016/j.cej.2021.132966,2022,"Chemical engineering journal (Lausanne, Switzerland : 1996)",research-article; Journal Article,Electrochemical sensors for the detection of SARS-CoV-2 virus.,"Coronavirus (COVID-19), a deadly pandemic has spread worldwide and created many global health issues. Though methods of its detection are being continuously developed for the early detection and monitoring of COVID-19, still there is need for more novel methods. The presently used methods include rapid antigen tests, serological surveys, reverse transcription-polymerase chain reaction (RT-PCR), artificial intelligence-based techniques, and assays based on sensors/biosensors. Of all these, RT-PCR test has high sensitivity and specificity though it requires more time for testing and need for skilled technicians. Recently, electrochemical sensors have been developed for rapid monitoring and detection of SARS-CoV-2 from the patient's biological fluid samples. This review covers the recently developed electrochemical sensors that are focused on the detection of viral nucleic acid, immunoglobulin, antigen, and the entire viral particles. In addition, we also compare and assess their detection limits, sensitivities and specificities for the identification and monitoring of COVID-19. Furthermore, this review will address the best practices for the development of electrochemical sensors such as electrode fouling, limit of detection/limit of quantification determination and verification."
78,A3_sensors,40599495,PMC12209138,10.1007/s13205-025-04400-8,2025,3 Biotech,research-article; Journal Article,Python-driven impedance profiling on peptide-functionalized biosensor for detection of HIV gp41 envelope protein.,"This study presents the first label-free impedimetric biosensor for the detection of HIV envelope protein gp41 using antimicrobial peptides (AMPs) as biorecognition receptors. The biosensor interface was enhanced with thiolated polystyrene and gold nanospheres to ensure stable peptide immobilization and resist nonspecific adsorption. Electrochemical impedance spectroscopy (EIS) confirmed each step of the electrode modification, while surface morphology was validated via scanning electron microscopy. A Python-based deep learning algorithm was applied to impedance data for efficient curve fitting and regression modeling. The biosensor demonstrated high sensitivity, with a linear detection range of 5-600 pg/mL, a regression coefficient (R 2) of 0.9946, a limit of detection (LOD) of 1.62 pg/mL, and a limit of quantification (LOQ) of 4.91 pg/mL. Chronoimpedimetric (CI) detection revealed that gp41 binding occurred within 350 s. The biosensor showed excellent reproducibility (CV % = 0.22%), good selectivity with less than 12% signal variation in spiked serum, and robust stability, maintaining functionality after extended storage. These results highlight the biosensor's potential as a rapid, sensitive, and reproducible diagnostic platform for early HIV detection.Supplementary informationThe online version contains supplementary material available at 10.1007/s13205-025-04400-8."
79,A3_sensors,38478125,PMC10937778,10.1007/s00604-024-06258-8,2024,Mikrochimica acta,research-article; Journal Article,Metal oxide-based gas sensor array for VOCs determination in complex mixtures using machine learning.,"Detection of volatile organic compounds (VOCs) from the breath is becoming a viable route for the early detection of diseases non-invasively. This paper presents a sensor array of 3 component metal oxides that give maximal cross-sensitivity and can successfully use machine learning methods to identify four distinct VOCs in a mixture. The metal oxide sensor array comprises NiO-Au (ohmic), CuO-Au (Schottky), and ZnO-Au (Schottky) sensors made by the DC reactive sputtering method and having a film thickness of 80-100 nm. The NiO and CuO films have ultrafine particle sizes of 2 value of more than 0.99 and LOD of 0.012 ppm, 0.015 ppm, 0.014 ppm, and 0.025 ppm for predicting the concentrations of acetone, toluene, ethanol, and chloroform, respectively, in complex mixtures. Therefore, it is demonstrated that the array utilizing the provided algorithms can classify and predict the concentrations of the four gases simultaneously for disease diagnosis and treatment monitoring."
80,A3_sensors,41597784,PMC12843744,10.3390/mi17010003,2025,Micromachines,research-article; Journal Article,Self-Assembled MXene/MWCNTs Pressure Sensors Combined with Novel Hollow Microstructures for High Sensitivity.,"Flexible pressure sensors have garnered significant attention over the past few decades owing to their indispensable role in electronic skin and health monitoring, and there is an urgent demand for high sensitivity to meet the requirements of large-scale applications. In this work, we demonstrate a resistive pressure sensor with self-assembled MXene/MWCNTs complex conductive networks, whose hollow substrate is achieved via designed molds and thermally expandable microspheres. Herein, the pressure sensor exhibits the desired performances, including a high sensitivity of 2.63 kPa-1, an ultra-low detection limit of ~0.25% relative resistance change, and rapid response times of 340 ms. The high performance enables promising prospects for detecting diverse human body movements. More importantly, it has been applied in numerical classification based on machine learning with the Hidden Markov Model, achieving an impressive accuracy of ~99.2%. Our research offers novel insights for enhancing the performance of pressure sensors, which hold great potential for practical applications."
81,A3_sensors,39157074,PMC11325392,10.1021/acsomega.4c03485,2024,ACS omega,research-article; Journal Article,First-Principles Structure Search Study of 17-β-Estradiol Adsorption on Graphene.,"17-Beta-estradiol (E2), a steroid hormone synthesized from cholesterol, has various impacts on health and the environment. Currently, the gold standard for its measurement in the body is a conventional blood test (mass spectrometry), but carbon-based electrochemical sensors have been proposed as an alternative due to their advantages, such as rapid analysis time and sensitivity. To improve the atomic-level understanding of the interactions at the substrate surface, we performed density functional theory (DFT) simulations to study the nature of the adsorption of E2 on pristine graphene. Bayesian Optimization Structure Search (BOSS) was employed to reduce human bias in the determination of the most favorable adsorption configurations. Two stable adsorption minimum configurations were found. Analysis of their electronic properties indicates that E2 physisorbs on graphene. Embarking upon complex carbonaceous materials, the importance of finding all possible minimum candidates with automated structure search tools is highlighted. Computational investigations facilitate tailoring substrate materials with outstanding performance and applications in neuroscientific research, fertility monitoring, and clinical trials. Combining them with experimental research carries significant potential to advance sensor design beyond the current state-of-the-art."
82,A3_sensors,35333568,PMC8956263,10.1126/sciadv.abj9220,2022,Science advances,research-article; Journal Article,Frequency-selective acoustic and haptic smart skin for dual-mode dynamic/static human-machine interface.,"Accurate transmission of biosignals without interference of surrounding noises is a key factor for the realization of human-machine interfaces (HMIs). We propose frequency-selective acoustic and haptic sensors for dual-mode HMIs based on triboelectric sensors with hierarchical macrodome/micropore/nanoparticle structure of ferroelectric composites. Our sensor shows a high sensitivity and linearity under a wide range of dynamic pressures and resonance frequency, which enables high acoustic frequency selectivity in a wide frequency range (145 to 9000 Hz), thus rendering noise-independent voice recognition possible. Our frequency-selective multichannel acoustic sensor array combined with an artificial neural network demonstrates over 95% accurate voice recognition for different frequency noises ranging from 100 to 8000 Hz. We demonstrate that our dual-mode sensor with linear response and frequency selectivity over a wide range of dynamic pressures facilitates the differentiation of surface texture and control of an avatar robot using both acoustic and mechanical inputs without interference from surrounding noise."
83,A3_sensors,41281662,PMC12639595,10.1016/j.mtbio.2025.102524,2025,Materials today. Bio,research-article; Journal Article,Multifunctional hydrogel sensors with dynamic covalent networks for machine learning-assisted Parkinson's disease diagnosis and encrypted human-computer interaction.,"Flexible sensors hold significant application value in the fields of human-computer interaction and medical monitoring. In this study, we developed a smart hydrogel strain sensor based on dynamic covalent cross-linking. A multifunctional hydrogel was fabricated by constructing a multicomponent synergistic network composed of poly (acrylic acid) (PAA), dialdehyde carboxymethyl cellulose (OCMC), gelatin methacryloyl (GelMA), and lignosulfonate methacrylate (MLS). This hydrogel (AGOM) exhibited synergistically enhanced interfacial adhesion strength (>77.8 kPa) and mechanical properties, with an elongation at break exceeding 1820 %. The unique gradient network structure not only provides the material with excellent electrical conductivity (conductivity >0.55 S/m). A message transmission system has been developed based on the principles of Morse code, allowing for the coding and decoding of messages by recognizing different amplitudes of finger bending. Electrodes constructed from this hydrogel reliably record human electromyography (EMG) and electrocardiography (ECG) signals. The conductive network, combined with its wide-range and high-sensitivity characteristics (GF = 5.31), enables the sensor to accurately recognize clinical symptoms. This includes the characteristic tremor signals associated with Parkinson's disease. By leveraging machine learning, the sensor achieves a high recognition rate. This technology offers an innovative solution for monitoring and assisted treatment of Parkinson's disease, presenting significant application prospects in the field of intelligent medicine."
84,A3_sensors,40104941,PMC11920892,10.1088/1741-2552/adba8b,2025,Journal of neural engineering,research-article; Journal Article,"An active electronic, high-density epidural paddle array for chronic spinal cord neuromodulation.","Objective. Epidural electrical stimulation (EES) has shown promise as both a clinical therapy and research tool for studying nervous system function. However, available clinical EES paddles are limited to using a small number of contacts due to the burden of wires necessary to connect each contact to the therapeutic delivery device, limiting the treatment area or density of epidural electrode arrays. We aimed to eliminate this burden using advanced on-paddle electronics.Approach. We developed a smart EES paddle with a 60-electrode programmable array, addressable using an active electronic multiplexer embedded within the electrode paddle body. The electronics are sealed in novel, ultra-low profile hermetic packaging. We conducted extensive reliability testing on the novel array, including a battery of ISO 10993-1 biocompatibility tests and determination of the hermetic package leak rate. We then evaluated the EES devicein vivo, placed on the epidural surface of the ovine lumbosacral spinal cord for 15 months.Main results.The active paddle array performed nominally when implanted in sheep for over 15 months and no device-related malfunctions were observed. The onboard multiplexer enabled bespoke electrode arrangements across, and within, experimental sessions. We identified stereotyped responses to stimulation in lower extremity musculature, and examined local field potential responses to EES using high-density recording bipoles. Finally, spatial electrode encoding enabled machine learning models to accurately perform EES parameter inference for unseen stimulation electrodes, reducing the need for extensive training data in future deep models.Significance. We report the development and chronic large animalin vivoevaluation of a high-density EES paddle array containing active electronics. Our results provide a foundation for more advanced computation and processing to be integrated directly into devices implanted at the neural interface, opening new avenues for the study of nervous system function and new therapies to treat neural injury and dysfunction."
85,A3_sensors,32155991,PMC7153259,10.3390/nano10030479,2020,"Nanomaterials (Basel, Switzerland)",research-article; Journal Article,Bioelectronic Nose Based on Single-Stranded DNA and Single-Walled Carbon Nanotube to Identify a Major Plant Volatile Organic Compound (p-Ethylphenol) Released by Phytophthora Cactorum Infected Strawberries.,"The metabolic activity in plants or fruits is associated with volatile organic compounds (VOCs), which can help identify the different diseases. P-ethylphenol has been demonstrated as one of the most important VOCs released by the Phytophthora cactorum (P. cactorum) infected strawberries. In this study, a bioelectronic nose based on a gas biosensor array and signal processing model was developed for the noninvasive diagnostics of the P. cactorum infected strawberries, which could overcome the limitations of the traditional spectral analysis methods. The gas biosensor array was fabricated using the single-wall carbon nanotubes (SWNTs) immobilized on the surface of field-effect transistor, and then non-covalently functionalized with different single-strand DNAs (ssDNA) through π-π interaction. The characteristics of ssDNA-SWNTs were investigated using scanning electron microscope, atomic force microscopy, Raman, UV spectroscopy, and electrical measurements, indicating that ssDNA-SWNTs revealed excellent stability and repeatability. By comparing the responses of different ssDNA-SWNTs, the sensitivity to P-ethylphenol was significantly higher for the s6DNA-SWNTs than other ssDNA-SWNTs, in which the limit of detection reached 0.13% saturated vapor of P-ethylphenol. However, s6DNA-SWNTs can still be interfered with by other VOCs emitted by the strawberries in the view of poor selectivity. The bioelectronic nose took advantage of the different sensitivities of different gas biosensors to different VOCs. To improve measure precision, all ssDNA-SWNTs as a gas biosensor array were applied to monitor the different VOCs released by the strawberries, and the detecting data were processed by neural network fitting (NNF) and Gaussian process regression (GPR) with high accuracy."
86,A3_sensors,40335471,PMC12058972,10.1038/s41378-025-00907-5,2025,Microsystems & nanoengineering,research-article; Journal Article,"Streaming-based Tweezers for Routing, Engineering, and Manipulation of multiparticles: STREAM.","Contactless manipulation of samples, particularly the ability to dynamically handle multiple fragile specimens while maintaining their integrity and viability, is crucial for various applications in biology, medicine, engineering, and physics. While hydrodynamic tweezers have emerged as a promising approach for gentle, label-free manipulation of a wide range of sample types and sizes, they typically have limited flexibility in terms of dynamic control, making it challenging to realize high-resolution and programmable manipulation of multiple samples. Here, we introduce the Streaming-based Tweezers for Routing, Engineering, And Manipulation of multiparticles (STREAM) with sub-wavelength resolution. The platform employs an array of piezoelectric plates arranged in a space-reciprocal pattern to generate acoustic streaming, creating localized trapping points. The mechanism of particle trapping and the improvement of routing resolution via multiunit activation were investigated. Subsequently, a convolutional neural network (CNN) with arbitrary voltage combination as the input and predicted trapping position as the output was integrated into the system. The CNN calibration is vital to the system as it enhances the platform's performance, enabling precise control of the trapping positions beyond traditional physical unit size limitations. We demonstrated the STREAM platform's capabilities through single particle routing with sub-wavelength precision, simultaneous manipulation of multiple particles, and on-demand assembly of samples. The STREAM platform opens new possibilities for applications requiring precise and dynamic control of particles and samples, with the potential to advance fields including biology, chemistry, and materials science."
87,A3_sensors,41083573,PMC12518625,10.1038/s41598-025-19571-w,2025,Scientific reports,research-article; Journal Article,"High-precision multiple defect detection and localization in composite laminates using integrated piezoelectric sensing, regression and neural networks methods.","This study presents a novel methodology that integrates piezoelectric actuation and sensing with regression models and neural networks for high-accuracy detection and localization of multiple delamination and crack defects in composite laminates. An eight-layer graphite/epoxy composite plate, instrumented with piezoelectric patches, is excited using random voltage stimuli, generating structural responses captured by sensors. The proposed framework employs six regression techniques and artificial neural networks, achieving localization accuracy with [Formula: see text] values exceeding 99.6%. Additionally, combining five signal decomposition methods with four classifiers enables defect type identification with up to 98.26% accuracy. The methodology demonstrates exceptional precision in detecting previously unseen delamination and crack defects down to the lamina level, optimized through grid search cross-validation. A comparative analysis highlights that piezoelectric sensor voltage signals outperform acceleration signals for defect characterization. This integrated piezoelectric-regression/neural network framework establishes a robust foundation for non-destructive evaluation, offering significant potential for real-time structural health monitoring applications."
88,A3_sensors,32299460,PMC7164221,10.1186/s12984-020-00675-5,2020,Journal of neuroengineering and rehabilitation,"research-article; Research Support, U.S. Gov't, Non-P.H.S.; Journal Article",Prediction of gait intention from pre-movement EEG signals: a feasibility study.,"BackgroundPrediction of Gait intention from pre-movement Electroencephalography (EEG) signals is a vital step in developing a real-time Brain-computer Interface (BCI) for a proper neuro-rehabilitation system. In that respect, this paper investigates the feasibility of a fully predictive methodology to detect the intention to start and stop a gait cycle by utilizing EEG signals obtained before the event occurrence.MethodsAn eight-channel, custom-made, EEG system with electrodes placed around the sensorimotor cortex was used to acquire EEG data from six healthy subjects and two amputees. A discrete wavelet transform-based method was employed to capture event related information in alpha and beta bands in the time-frequency domain. The Hjorth parameters, namely activity, mobility, and complexity, were extracted as features while a two-sample unpaired Wilcoxon test was used to get rid of redundant features for better classification accuracy. The feature set thus obtained was then used to classify between 'walk vs. stop' and 'rest vs. start' classes using support vector machine (SVM) classifier with RBF kernel in a ten-fold cross-validation scheme.ResultsUsing a fully predictive intention detection system, 76.41±4.47% accuracy, 72.85±7.48% sensitivity, and 79.93±5.50% specificity were achieved for 'rest vs. start' classification. While for 'walk vs. stop' classification, the obtained mean accuracy, sensitivity, and specificity were 74.12±4.12%, 70.24±6.45%, and 77.78±7.01% respectively. Overall average True Positive Rate achieved by this methodology was 72.06±8.27% with 1.45 False Positives/min.ConclusionExtensive simulations and resulting classification results show that it is possible to achieve statistically similar intention detection accuracy using either only pre-movement EEG features or trans-movement EEG features. The classifier performance shows the potential of the proposed methodology to predict human movement intention exclusively from the pre-movement EEG signal to be applied in real-life prosthetic and neuro-rehabilitation systems."
89,A3_sensors,36085341,PMC9461448,10.1038/s41467-022-33021-5,2022,Nature communications,"Research Support, Non-U.S. Gov't; research-article; Journal Article",Topographic design in wearable MXene sensors with in-sensor machine learning for full-body avatar reconstruction.,"Wearable strain sensors that detect joint/muscle strain changes become prevalent at human-machine interfaces for full-body motion monitoring. However, most wearable devices cannot offer customizable opportunities to match the sensor characteristics with specific deformation ranges of joints/muscles, resulting in suboptimal performance. Adequate wearable strain sensor design is highly required to achieve user-designated working windows without sacrificing high sensitivity, accompanied with real-time data processing. Herein, wearable Ti3C2Tx MXene sensor modules are fabricated with in-sensor machine learning (ML) models, either functioning via wireless streaming or edge computing, for full-body motion classifications and avatar reconstruction. Through topographic design on piezoresistive nanolayers, the wearable strain sensor modules exhibited ultrahigh sensitivities within the working windows that meet all joint deformation ranges. By integrating the wearable sensors with a ML chip, an edge sensor module is fabricated, enabling in-sensor reconstruction of high-precision avatar animations that mimic continuous full-body motions with an average avatar determination error of 3.5 cm, without additional computing devices."
90,A3_sensors,38793972,PMC11124880,10.3390/s24103118,2024,"Sensors (Basel, Switzerland)",research-article; Journal Article,Delamination Depth Detection in Composite Plates Using the Lamb Wave Technique Based on Convolutional Neural Networks.,"Delamination represents one of the most significant and dangerous damages in composite plates. Recently, many papers have presented the capability of structural health monitoring (SHM) techniques for the investigation of structural delamination with various shapes and thickness depths. However, few studies have been conducted regarding the utilization of convolutional neural network (CNN) methods for automating the non-destructive testing (NDT) techniques database to identify the delamination size and depth. In this paper, an automated system qualified for distinguishing between pristine and damaged structures and classifying three classes of delamination with various depths is presented. This system includes a proposed CNN model and the Lamb wave technique. In this work, a unidirectional composite plate with three samples of delamination inserted at different depths was prepared for numerical and experimental investigations. In the numerical part, the guided wave propagation and interaction with three samples of delamination were studied to observe how the delamination depth can affect the scattered and trapped waves over the delamination region. This numerical study was validated experimentally using an efficient ultrasonic guided waves technique. This technique involved piezoelectric wafer active sensors (PWASs) and a scanning laser Doppler vibrometer (SLDV). Both numerical and experimental studies demonstrate that the delamination depth has a direct effect on the trapped waves' energy and distribution. Three different datasets were collected from the numerical and experimental studies, involving the numerical wavefield image dataset, experimental wavefield image dataset, and experimental wavenumber spectrum image dataset. These three datasets were used independently with the proposed CNN model to develop a system that can automatically classify four classes (pristine class and three different delamination classes). The results of all three datasets show the capability of the proposed CNN model for predicting the delamination depth with high accuracy. The proposed CNN model results of the three different datasets were validated using the GoogLeNet CNN. The results of both methods show an excellent agreement. The results proved the capability of the wavefield image and wavenumber spectrum datasets to be used as input data to the CNN for the detection of delamination depth."
91,A3_sensors,38539605,PMC10968567,10.3390/brainsci14030216,2024,Brain sciences,research-article; Journal Article,Exploring Brain Dynamics via EEG and Steady-State Activation Map Networks in Music Composition.,"In recent years, the integration of brain-computer interface technology and neural networks in the field of music generation has garnered widespread attention. These studies aimed to extract individual-specific emotional and state information from electroencephalogram (EEG) signals to generate unique musical compositions. While existing research has focused primarily on brain regions associated with emotions, this study extends this research to brain regions related to musical composition. To this end, a novel neural network model incorporating attention mechanisms and steady-state activation mapping (SSAM) was proposed. In this model, the self-attention module enhances task-related information in the current state matrix, while the extended attention module captures the importance of state matrices over different time frames. Additionally, a convolutional neural network layer is used to capture spatial information. Finally, the ECA module integrates the frequency information learned by the model in each of the four frequency bands, mapping these by learning their complementary frequency information into the final attention representation. Evaluations conducted on a dataset specifically constructed for this study revealed that the model surpassed representative models in the emotion recognition field, with recognition rate improvements of 1.47% and 3.83% for two different music states. Analysis of the attention matrix indicates that the left frontal lobe and occipital lobe are the most critical brain regions in distinguishing between 'recall and creation' states, while FP1, FPZ, O1, OZ, and O2 are the electrodes most related to this state. In our study of the correlations and significances between these areas and other electrodes, we found that individuals with musical training exhibit more extensive functional connectivity across multiple brain regions. This discovery not only deepens our understanding of how musical training can enhance the brain's ability to work in coordination but also provides crucial guidance for the advancement of brain-computer music generation technologies, particularly in the selection of key brain areas and electrode configurations. We hope our research can guide the work of EEG-based music generation to create better and more personalized music."
92,A3_sensors,40657052,PMC12251120,10.1109/ojemb.2023.3330290,2025,IEEE open journal of engineering in medicine and biology,research-article; Journal Article,"Printed Strain Sensors for Motion Recognition: A Review of Materials, Fabrication Methods, and Machine Learning Algorithms.","Recent studies in functional nanomaterials with advanced macro, micro, and nano-scale structures have yielded substantial improvements in human-interfaced strain sensors for motion and gesture recognition. Furthermore, fundamental advances in nanomaterial printing have been developed and leveraged to translate these materials and mechanical innovations into practical applications. Significant progress in machine learning for human-interfaced strain sensing has unlocked numerous opportunities to improve lives and the human experience through healthcare innovations, sports performance monitoring, and human-machine interfaces. However, several key challenges still must be overcome if strain sensors can become ubiquitous tools for human motion recognition. This review begins with a summary of the critical strain-sensing mechanisms employed today and how recent works have sought to push their boundaries. It then proceeds to cover the primary functional materials used in wearable strain sensors from a performance and printability perspective. Next is a review of recent advances in nanomaterial printing to produce the complex structures necessary for functional devices. Next, we summarize machine learning approaches for human gesture recognition and the myriad applications and use cases for human-interfaced strain sensors. Finally, it concludes with a discussion of challenges and opportunities for future research in the field."
93,A3_sensors,40613833,PMC12227402,10.1007/s40820-025-01839-5,2025,Nano-micro letters,research-article; Journal Article,Dual Structure Reinforces Interfacial Polarized MXene/PVDF-TrFE Piezoelectric Nanocomposite for Pressure Monitoring.,"The emerging interfacial polarization strategy exhibits applicative potential in piezoelectric enhancement. However, there is an ongoing effort to address the inherent limitations arising from charge bridging phenomena and stochastic interface disorder that plague the improvement of piezoelectric performance. Here, we report a dual structure reinforced MXene/PVDF-TrFE piezoelectric composite, whose piezoelectricity is enhanced under the coupling effect of interfacial polarization and structural design. Synergistically, molecular dynamics simulations, density functional theory calculations and experimental validation revealed the details of interfacial interactions, which promotes the net spontaneous polarization of PVDF-TrFE from the 0.56 to 31.41 Debye. The oriented MXene distribution and porous structure not only tripled the piezoelectric response but also achieved an eightfold increase in sensitivity within the low-pressure region, along with demonstrating cyclic stability exceeding 20,000 cycles. The properties reinforcement originating from dual structure is elucidated through the finite element simulation and experimental validation. Attributed to the excellent piezoelectric response and deep learning algorithm, the sensor can effectively recognize the signals of artery pulse and finger flexion. Finally, a 3 × 3 sensor array is fabricated to monitor the pressure distribution wirelessly. This study provides an innovative methodology for reinforcing interfacial polarized piezoelectric materials and insight into structural designs."
94,A3_sensors,35214386,PMC8877542,10.3390/s22041484,2022,"Sensors (Basel, Switzerland)",research-article; Journal Article,Damage Classification Using Supervised Self-Organizing Maps in Structural Health Monitoring.,"Improvements in computing capacity have allowed computers today to execute increasingly complex tasks. One of the main benefits of these improvements is the possibility of developing machine learning algorithms, of which the fields of application are extensive and varied. However, an area in which this type of algorithms acquires an increasing relevance is structural health monitoring (SHM), where inspection strategies and guided wave-based approaches make the evaluation of the structural conditions of an aircraft, vessel or building among others possible, by detecting and classifying existing damages. The use of sensors, data acquisition systems (DAQ) and computation has also allowed these damage detection and classification tasks to be carried out automatically. Despite today's advances, it is still necessary to continue with the development of more robust, reliable, and low-cost structural health monitoring systems. For this reason, this work contemplates three key points: (i) the configuration of a data acquisition system for signal gathering from an an active piezoelectric (PZT) sensor network; (ii) the development of a damage classification methodology based on signal processing techniques (normalization and PCA), from which the models that describe the structural conditions of the plate are built; and (iii) the use of machine learning algorithms, more specifically, three variants of the self-organizing maps called CPANN (counterpropagation artificial neural network), SKN (supervised Kohonen) and XYF (X-Y fused Kohonen). The data obtained allowed one to carry out an experimental validation of the damage classification methodology, to determine the presence of damages in two aluminum plates of different sizes, where masses were added to change the vibrational responses captured by the sensor network and a composite (CFRP) plate with real damages, such as delamination and cracks. This classification methodology allowed one to obtain excellent results by validating the usefulness of the SKN and XYF networks in damage classification tasks, showing overall accuracies of 73.75% and 72.5%, respectively, according to the cross-validation process. These percentages are higher than those obtained in comparison with other neural networks such as: kNN, discriminant analysis, classification trees, partial least square discriminant analysis, and backpropagation neural networks, when the cross-validation process was applied."
95,A3_sensors,36298061,PMC9609214,10.3390/s22207711,2022,"Sensors (Basel, Switzerland)",research-article; Journal Article,SenseHunger: Machine Learning Approach to Hunger Detection Using Wearable Sensors.,"The perception of hunger and satiety is of great importance to maintaining a healthy body weight and avoiding chronic diseases such as obesity, underweight, or deficiency syndromes due to malnutrition. There are a number of disease patterns, characterized by a chronic loss of this perception. To our best knowledge, hunger and satiety cannot be classified using non-invasive measurements. Aiming to develop an objective classification system, this paper presents a multimodal sensory system using associated signal processing and pattern recognition methods for hunger and satiety detection based on non-invasive monitoring. We used an Empatica E4 smartwatch, a RespiBan wearable device, and JINS MEME smart glasses to capture physiological signals from five healthy normal weight subjects inactively sitting on a chair in a state of hunger and satiety. After pre-processing the signals, we compared different feature extraction approaches, either based on manual feature engineering or deep feature learning. Comparative experiments were carried out to determine the most appropriate sensor channel, device, and classifier to reliably discriminate between hunger and satiety states. Our experiments showed that the most discriminative features come from three specific sensor modalities: Electrodermal Activity (EDA), infrared Thermopile (Tmp), and Blood Volume Pulse (BVP)."
96,A3_sensors,32929087,PMC7490371,10.1038/s41467-020-18471-z,2020,Nature communications,"Research Support, Non-U.S. Gov't; research-article; Journal Article",Deep learning enabled smart mats as a scalable floor monitoring system.,"Toward smart building and smart home, floor as one of our most frequently interactive interfaces can be implemented with embedded sensors to extract abundant sensory information without the video-taken concerns. Yet the previously developed floor sensors are normally of small scale, high implementation cost, large power consumption, and complicated device configuration. Here we show a smart floor monitoring system through the integration of self-powered triboelectric floor mats and deep learning-based data analytics. The floor mats are fabricated with unique ""identity"" electrode patterns using a low-cost and highly scalable screen printing technique, enabling a parallel connection to reduce the system complexity and the deep-learning computational cost. The stepping position, activity status, and identity information can be determined according to the instant sensory data analytics. This developed smart floor technology can establish the foundation using floor as the functional interface for diverse applications in smart building/home, e.g., intelligent automation, healthcare, and security."
97,A3_sensors,38235464,PMC10790939,10.3389/fnrgo.2022.1007673,2022,Frontiers in neuroergonomics,research-article; Journal Article,Predictions of task using neural modeling.,"IntroductionA well-designed brain-computer interface (BCI) can make accurate and reliable predictions of a user's state through the passive assessment of their brain activity; in turn, BCI can inform an adaptive system (such as artificial intelligence, or AI) to intelligently and optimally aid the user to maximize the human-machine team (HMT) performance. Various groupings of spectro-temporal neural features have shown to predict the same underlying cognitive state (e.g., workload) but vary in their accuracy to generalize across contexts, experimental manipulations, and beyond a single session. In our work we address an outstanding challenge in neuroergonomic research: we quantify if (how) identified neural features and a chosen modeling approach will generalize to various manipulations defined by the same underlying psychological construct, (multi)task cognitive workload.MethodsTo do this, we train and test 20 different support vector machine (SVM) models, each given a subset of neural features as recommended from previous research or matching the capabilities of commercial devices. We compute each model's accuracy to predict which (monitoring, communications, tracking) and how many (one, two, or three) task(s) were completed simultaneously. Additionally, we investigate machine learning model accuracy to predict task(s) within- vs. between-sessions, all at the individual-level.ResultsOur results indicate gamma activity across all recording locations consistently outperformed all other subsets from the full model. Our work demonstrates that modelers must consider multiple types of manipulations which may each influence a common underlying psychological construct.DiscussionWe offer a novel and practical modeling solution for system designers to predict task through brain activity and suggest next steps in expanding our framework to further contribute to research and development in the neuroergonomics community. Further, we quantified the cost in model accuracy should one choose to deploy our BCI approach using a mobile EEG-systems with fewer electrodes-a practical recommendation from our work."
98,A3_sensors,36340769,PMC9627315,10.3389/fnins.2022.1009878,2022,Frontiers in neuroscience,research-article; Journal Article,Individual finger movement decoding using a novel ultra-high-density electroencephalography-based brain-computer interface system.,"Brain-Computer Interface (BCI) technology enables users to operate external devices without physical movement. Electroencephalography (EEG) based BCI systems are being actively studied due to their high temporal resolution, convenient usage, and portability. However, fewer studies have been conducted to investigate the impact of high spatial resolution of EEG on decoding precise body motions, such as finger movements, which are essential in activities of daily living. Low spatial sensor resolution, as found in common EEG systems, can be improved by omitting the conventional standard of EEG electrode distribution (the international 10-20 system) and ordinary mounting structures (e.g., flexible caps). In this study, we used newly proposed flexible electrode grids attached directly to the scalp, which provided ultra-high-density EEG (uHD EEG). We explored the performance of the novel system by decoding individual finger movements using a total of 256 channels distributed over the contralateral sensorimotor cortex. Dense distribution and small-sized electrodes result in an inter-electrode distance of 8.6 mm (uHD EEG), while that of conventional EEG is 60 to 65 mm on average. Five healthy subjects participated in the experiment, performed single finger extensions according to a visual cue, and received avatar feedback. This study exploits mu (8-12 Hz) and beta (13-25 Hz) band power features for classification and topography plots. 3D ERD/S activation plots for each frequency band were generated using the MNI-152 template head. A linear support vector machine (SVM) was used for pairwise finger classification. The topography plots showed regular and focal post-cue activation, especially in subjects with optimal signal quality. The average classification accuracy over subjects was 64.8 (6.3)%, with the middle versus ring finger resulting in the highest average accuracy of 70.6 (9.4)%. Further studies are required using the uHD EEG system with real-time feedback and motor imagery tasks to enhance classification performance and establish the basis for BCI finger movement control of external devices."
99,A3_sensors,41061059,PMC12506980,10.1126/sciadv.adx3348,2025,Science advances,research-article; Journal Article,Deep learning-empowered triboelectric acoustic textile for voice perception and intuitive generative AI-voice access on clothing.,"Integrating generative artificial intelligence (AI) chatbots with acoustic perception textiles allows everyday clothing to retrieve information, seek advice, and perform tasks through voice interactions. Here, we present a deep learning (DL)-empowered triboelectric AI acoustic textile (A-Textile) leveraging electrostatic charges on clothing for imperceptible, active voice perception and AI access. The multilayered A-Textile features a composite coating of three-dimensional SnS2 nanoflowers (NFs) embedded in silicone rubber to enhance charge capture and transfer, along with a SnS2 NFs-decorated graphite-like carbonized textile for charge accumulation and preservation. This design maximizes the charge density on the textile, achieving a 21-volt output, 1.2 volts per pascal sensitivity, 1-hertz resolution, and a wide sound response frequency range of 80 to 900 hertz. Using a well-trained DL model, the A-Textile precisely classifies and visualizes voice commands for internet-of-things control and cloud information access. Furthermore, we demonstrate its integration with ChatGPT, providing an intuitive interface for engaging with generative AI services to perform sophisticated tasks."
100,A3_sensors,40316813,PMC12048387,10.1007/s40820-025-01753-w,2025,Nano-micro letters,research-article; Journal Article,AI-Enabled Piezoelectric Wearable for Joint Torque Monitoring.,"Joint health is critical for musculoskeletal (MSK) conditions that are affecting approximately one-third of the global population. Monitoring of joint torque can offer an important pathway for the evaluation of joint health and guided intervention. However, there is no technology that can provide the precision, effectiveness, low-resource setting, and long-term wearability to simultaneously achieve both rapid and accurate joint torque measurement to enable risk assessment of joint injury and long-term monitoring of joint rehabilitation in wider environments. Herein, we propose a piezoelectric boron nitride nanotubes (BNNTs)-based, AI-enabled wearable device for regular monitoring of joint torque. We first adopted an iterative inverse design to fabricate the wearable materials with a Poisson's ratio precisely matched to knee biomechanics. A highly sensitive piezoelectric film was constructed based on BNNTs and polydimethylsiloxane and applied to precisely capture the knee motion, while concurrently realizing self-sufficient energy harvesting. With the help of a lightweight on-device artificial neural network, the proposed wearable device was capable of accurately extracting targeted signals from the complex piezoelectric outputs and then effectively mapping these signals to their corresponding physical characteristics, including torque, angle, and loading. A real-time platform was constructed to demonstrate the capability of fine real-time torque estimation. This work offers a relatively low-cost wearable solution for effective, regular joint torque monitoring that can be made accessible to diverse populations in countries and regions with heterogeneous development levels, potentially producing wide-reaching global implications for joint health, MSK conditions, ageing, rehabilitation, personal health, and beyond."
101,A3_sensors,39994432,PMC11850843,10.1038/s41598-025-91196-5,2025,Scientific reports,research-article; Journal Article,Machine learning-enabled multiscale modeling platform for damage sensing digital twin in piezoelectric composite structures.,"Nondestructive evaluation (NDE) of aerospace structures plays a crucial role in their successful operation under harsh environments. Most NDE methods, however, lack real-time in-situ predictive capabilities of evolving damage and are conducted in a post-mortem manner. This paper proposes a damage-sensing digital twin (DT) for piezoelectric composite structures incorporating microscale morphology and mechanisms into structural damage to address this shortcoming. The DT framework consists of a two-step computational process integrating multiscale-multiphysics modeling with machine learning (ML) tools to detect damage progression in the piezoelectric composite structure using electrical signal measurements at a few surface points. A parametrically upscaled coupled constitutive damage mechanics (PUCCDM) model is developed for this DT with the representation of microstructural morphology and mechanisms in macroscopic constitutive relations. Artificial neural network operates on micro-electro-mechanical data to derive PUCCDM constitutive coefficients as functions of underlying representative aggregated microstructural parameters (RAMPs). The PUCCDM model-simulated macroscopic electromechanical and damage fields, in conjunction with RAMPs, provide a comprehensive time-dependent dataset for a convolutional long-short-term memory (ConvLSTM) network to learn microstructure-dependent electrical and damage field correlations. The DT is consequently used to successfully predict location-specific damage from electrical signals at a limited number of sensors."
102,A3_sensors,39161809,PMC11332826,10.1016/j.heliyon.2024.e35187,2024,Heliyon,research-article; Journal Article,High stretchable and self-adhesive multifunctional hydrogel for wearable and flexible sensors.,"Ionic conductive hydrogel has recently garnered significant research attention due to its potential applications in the field of wearable and flexible electronics. Nonetheless, the integration of multifunctional and synergistic advantages, including reliable electronic properties, high swelling capacity, exceptional mechanical characteristics, and self-adhesive properties, presents an ongoing challenge. In this study, we have developed an ionic conductive hydrogel through the co-polymerization of 4-Acryloylmorpholine (ACMO) and sodium acrylate using UV curing technology. The hydrogel exhibits excellent mechanical properties, high conductivity, superior swelling capacity, and remarkable self-adhesive attributes. The hydrogel serves as a highly sensitive strain sensor, enabling precise monitoring of both substantial and subtle human motions. Furthermore, the hydrogel demonstrates the capability to adhere to human skin, functioning as a human-machine interface for the detection of physiological signals, including electromyogram (EMG) signals, with low interfacial impedance. This work is anticipated to yield a new class of stretchable and conductive materials with diverse potential applications, ranging from flexible sensors and wearable bio-electronics to contributions in the field of artificial intelligence."
103,A3_sensors,41356781,PMC12675293,10.1038/s44455-025-00009-2,2025,NPJ metamaterials,research-article; Journal Article,Piezoelectric truss metamaterials: data-driven design and additive manufacturing.,"The inherent directionality of piezoelectric materials is constrained by the symmetry of their crystal structure, which limits the property space in natural piezoelectric materials. To alleviate this limitation, one could leverage geometry or architecture at the mesoscale. Here, we present a framework for designing and 3D-printing piezoelectric truss metamaterials with customizable anisotropic responses. We employ generative machine learning to design truss metamaterials and achieve unconventional behaviors, including auxetic, unidirectional, and omnidirectional piezoelectricity. Then, we develop an in-gel-3D printing method to fabricate these structures using a composite slurry of photo-curable resin and lead-free piezoelectric particles. We achieve an improvement of over 48% in the specific hydrostatic piezoelectric coefficient in optimized metamaterials over bulk lead zirconate titanate (PZT), and the rare phenomenon of higher transverse piezoelectric coefficients than the longitudinal coefficient. Our approach enables customizable piezoelectric responses and paves the way towards the development of a new generation of electro-active animate materials."
104,A3_sensors,40583160,PMC12407276,10.1002/advs.202505873,2025,"Advanced science (Weinheim, Baden-Wurttemberg, Germany)",research-article; Journal Article,Bionic Multimodal Augmented Somatosensory Receptor Enabled by Thermogalvanic Hydrogel.,"The emergence of an e-skin receptor is an optimal solution for restoring the hand function of patients with sensation disorder, while constructing an e-skin receptor with high sensitivity, self-supervised capability, and open-environmental stability remains challenging. Here, inspired by the human skin perception mechanism, an ultrasensitive self-powered multimodal fingertip receptor that integrates thermogalvanic hydrogels as active mechanoreceptors and thermoreceptors for entropy-stabilized material fingerprint perception is proposed. A micropatterned and gradient structure strategy is introduced to improve the sensitivity to 53.6 kPa-1 with a low detection limit of 1.9 Pa. By exploiting static thermovoltage and dynamic differential signals to visualize the unsteady interfacial heat conduction, different materials can be determined in 80 ms based on the fast and slow adaptive sensations of the receptor. The self-supervised thermovoltage compensation is realized by self-decoupling contact pressure and thermal contact coefficients of materials, accommodating variations in applied forces. Benefiting from the robust interfacial heat transfer process and thermoelectric conversion, the tactile perception mechanism demonstrates universality under various external surroundings and contact conditions. With the assistance of deep learning, the fingertip receptor can function as an augmented somatosensory receptor to accurately perceive cutaneous cues of objects with an accuracy of 95.5%, which provides the potential of intelligent haptic perception to human-machine interfaces and prosthetics."
105,A3_sensors,39147964,PMC11327237,10.1007/s40820-024-01481-7,2024,Nano-micro letters,research-article; Journal Article,Light-Activated Virtual Sensor Array with Machine Learning for Non-Invasive Diagnosis of Coronary Heart Disease.,"Early non-invasive diagnosis of coronary heart disease (CHD) is critical. However, it is challenging to achieve accurate CHD diagnosis via detecting breath. In this work, heterostructured complexes of black phosphorus (BP) and two-dimensional carbide and nitride (MXene) with high gas sensitivity and photo responsiveness were formulated using a self-assembly strategy. A light-activated virtual sensor array (LAVSA) based on BP/Ti3C2Tx was prepared under photomodulation and further assembled into an instant gas sensing platform (IGSP). In addition, a machine learning (ML) algorithm was introduced to help the IGSP detect and recognize the signals of breath samples to diagnose CHD. Due to the synergistic effect of BP and Ti3C2Tx as well as photo excitation, the synthesized heterostructured complexes exhibited higher performance than pristine Ti3C2Tx, with a response value 26% higher than that of pristine Ti3C2Tx. In addition, with the help of a pattern recognition algorithm, LAVSA successfully detected and identified 15 odor molecules affiliated with alcohols, ketones, aldehydes, esters, and acids. Meanwhile, with the assistance of ML, the IGSP achieved 69.2% accuracy in detecting the breath odor of 45 volunteers from healthy people and CHD patients. In conclusion, an immediate, low-cost, and accurate prototype was designed and fabricated for the noninvasive diagnosis of CHD, which provided a generalized solution for diagnosing other diseases and other more complex application scenarios."
106,A3_sensors,34567778,PMC8433186,10.1038/s41378-021-00295-6,2021,Microsystems & nanoengineering,research-article; Journal Article,A 3D flexible neural interface based on a microfluidic interconnection cable capable of chemical delivery.,"The demand for multifunctional neural interfaces has grown due to the need to provide a better understanding of biological mechanisms related to neurological diseases and neural networks. Direct intracerebral drug injection using microfluidic neural interfaces is an effective way to deliver drugs to the brain, and it expands the utility of drugs by bypassing the blood-brain barrier (BBB). In addition, uses of implantable neural interfacing devices have been challenging due to inevitable acute and chronic tissue responses around the electrodes, pointing to a critical issue still to be overcome. Although neural interfaces comprised of a collection of microneedles in an array have been used for various applications, it has been challenging to integrate microfluidic channels with them due to their characteristic three-dimensional structures, which differ from two-dimensionally fabricated shank-type neural probes. Here we present a method to provide such three-dimensional needle-type arrays with chemical delivery functionality. We fabricated a microfluidic interconnection cable (µFIC) and integrated it with a flexible penetrating microelectrode array (FPMA) that has a 3-dimensional structure comprised of silicon microneedle electrodes supported by a flexible array base. We successfully demonstrated chemical delivery through the developed device by recording neural signals acutely from in vivo brains before and after KCl injection. This suggests the potential of the developed microfluidic neural interface to contribute to neuroscience research by providing simultaneous signal recording and chemical delivery capabilities."
107,A3_sensors,35268999,PMC8911346,10.3390/ma15051769,2022,"Materials (Basel, Switzerland)",research-article; Journal Article,Enhanced Electromechanical Response in PVDF-BNBT Composite Nanofibers for Flexible Sensor Applications.,"Wearable energy harvesters and sensors have recently attracted significant attention with the rapid development of artificial intelligence and the Internet of Things (IoT). Compared to high-output bulk materials, these wearable devices are mainly fabricated by thin-film-based materials that limit their application. Therefore, the enhancement of output voltage and power for these devices has recently become an urgent topic. In this paper, the lead-free bismuth titanate-barium titanate (0.93(Na0.5Bi0.5)TiO3-0.07BaTiO3(BNBT)) nanoparticles and nanofibers were embedded into the PVDF nanofibers. They produced high inorganic electrical voltage coefficients, high electromechanical coupling coefficients, and environmentally friendly properties that enhance the electromechanical performance of pure PVDF nanofibers, and they are all the critical requirements for modern flexible pressure sensors. In detail, PVDF and PVDF-based composites nanofibers were prepared by electrospinning, and different flexible sandwich composite devices were fabricated by the PDMS encapsulation method. As a result, the six-time enhancement maximum output voltage was obtained in a PVDF-BNBT (fiber)-based composite sensor compared to the pure PVDF one. Our results indicate that the output voltage of the pressure sensors has been significantly enhanced, and the development gate is enabled by analyzing the related physical process and influence mechanism."
108,A3_sensors,39768034,PMC11673410,10.3390/bioengineering11121216,2024,"Bioengineering (Basel, Switzerland)",research-article; Journal Article,Selective Auditory Attention Detection Using Combined Transformer and Convolutional Graph Neural Networks.,"Attention is one of many human cognitive functions that are essential in everyday life. Given our limited processing capacity, attention helps us focus only on what matters. Focusing attention on one speaker in an environment with many speakers is a critical ability of the human auditory system. This paper proposes a new end-to-end method based on the combined transformer and graph convolutional neural network (TraGCNN) that can effectively detect auditory attention from electroencephalograms (EEGs). This approach eliminates the need for manual feature extraction, which is often time-consuming and subjective. Here, the first EEG signals are converted to graphs. We then extract attention information from these graphs using spatial and temporal approaches. Finally, our models are trained with these data. Our model can detect auditory attention in both the spatial and temporal domains. Here, the EEG input is first processed by transformer layers to obtain a sequential representation of EEG based on attention onsets. Then, a family of graph convolutional layers is used to find the most active electrodes using the spatial position of electrodes. Finally, the corresponding EEG features of active electrodes are fed into the graph attention layers to detect auditory attention. The Fuglsang 2020 dataset is used in the experiments to train and test the proposed and baseline systems. The new TraGCNN approach, as compared with state-of-the-art attention classification methods from the literature, yields the highest performance in terms of accuracy (80.12%) as a classification metric. Additionally, the proposed model results in higher performance than our previously graph-based model for different lengths of EEG segments. The new TraGCNN approach is advantageous because attenuation detection is achieved from EEG signals of subjects without requiring speech stimuli, as is the case with conventional auditory attention detection methods. Furthermore, examining the proposed model for different lengths of EEG segments shows that the model is faster than our previous graph-based detection method in terms of computational complexity. The findings of this study have important implications for the understanding and assessment of auditory attention, which is crucial for many applications, such as brain-computer interface (BCI) systems, speech separation, and neuro-steered hearing aid development."
109,A3_sensors,40391298,PMC12088768,10.1016/j.csbj.2025.04.022,2025,Computational and structural biotechnology journal,research-article; Journal Article,Prediction and validation of nanowire proteins in Oleidesulfovibrio alaskensis G20 using machine learning and feature engineering.,"The type-IV bacterial pili and multiheme c-type cytochrome protein family have gained significant attention due to their role in extracellular electron transfer (EET), which defines their electrogenic properties. These electrogenic behaviors play a crucial role in interspecies microbial communication, essential for microbial biofilm formation and the development of robust technologies such as biosensors. Given the technological and ecological significance of electron transfer mechanisms, this study presents NanowireML (NWML), a 2-staged machine learning (ML) system to identify and analyze nanowire (NW) proteins. Stage 1 predicts NW proteins using minimal features, and Stage 2 leverages graphical knowledge representation to predict the most relevant NW mechanism governing candidates in specific experimental conditions. To train the stage 1 model, we used a comprehensive dataset of 999 proteins from a public database specializing in NW development. The primary objective of the NWML model is to identify and validate microbial proteins involved in the biogenesis of NW. Protein feature, such as dipeptide amino acid composition, transition, and distribution enhance the model's performance. Gene ontology (GO) analysis revealed that NW are structural extrusions, part of membranal proteins, with several exposed metal ion binding motifs. The predicted NW protein collection advances to stage 2, where their GO knowledge is stored using a graphical representation. A customized deep neural network (biologically influenced neural networks: BINN) then predicts the most relevant biological pathways governing NW formation using experimental gene expression data. Our study provides detailed insights into gene sets, unveiling the mechanistic networks and pathways crucial for NW formation. These findings enable data-driven decisions for biomedical and biotechnological applications. The NWML model demonstrated high accuracy achieving 94.87 %, 96.68 %, 96.65 %, 96.05 %, and 96.13 % on support vector machine (SVM), random forest (RF), extreme gradient boosting (XGBoost), logistic regression (LR), and artificial neural network (ANN)."
110,A3_sensors,32252336,PMC7221763,10.3390/nano10040664,2020,"Nanomaterials (Basel, Switzerland)",research-article; Journal Article,Nano Carbon Black-Based High Performance Wearable Pressure Sensors.,"The reasonable design pattern of flexible pressure sensors with excellent performance and prominent features including high sensitivity and a relatively wide workable linear range has attracted significant attention owing to their potential application in the advanced wearable electronics and artificial intelligence fields. Herein, nano carbon black from kerosene soot, an atmospheric pollutant generated during the insufficient burning of hydrocarbon fuels, was utilized as the conductive material with a bottom interdigitated textile electrode screen printed using silver paste to construct a piezoresistive pressure sensor with prominent performance. Owing to the distinct loose porous structure, the lumpy surface roughness of the fabric electrodes, and the softness of polydimethylsiloxane, the piezoresistive pressure sensor exhibited superior detection performance, including high sensitivity (31.63 kPa-1 within the range of 0-2 kPa), a relatively large feasible range (0-15 kPa), a low detection limit (2.26 pa), and a rapid response time (15 ms). Thus, these sensors act as outstanding candidates for detecting the human physiological signal and large-scale limb movement, showing their broad range of application prospects in the advanced wearable electronics field."
111,A3_sensors,39465142,PMC11502717,10.1002/mco2.726,2024,MedComm,research-article; Journal Article,Point-of-care breath sample analysis by semiconductor-based E-Nose technology discriminates non-infected subjects from SARS-CoV-2 pneumonia patients: a multi-analyst experiment.,"Metal oxide sensor-based electronic nose (E-Nose) technology provides an easy to use method for breath analysis by detection of volatile organic compound (VOC)-induced changes of electrical conductivity. Resulting signal patterns are then analyzed by machine learning (ML) algorithms. This study aimed to establish breath analysis by E-Nose technology as a diagnostic tool for severe acute respiratory syndrome coronavirus type 2 (SARS-CoV-2) pneumonia within a multi-analyst experiment. Breath samples of 126 subjects with (n = 63) or without SARS-CoV-2 pneumonia (n = 63) were collected using the ReCIVA® Breath Sampler, enriched and stored on Tenax sorption tubes, and analyzed using an E-Nose unit with 10 sensors. ML approaches were applied by three independent data analyst teams and included a wide range of classifiers, hyperparameters, training modes, and subsets of training data. Within the multi-analyst experiment, all teams successfully classified individuals as infected or uninfected with an averaged area under the curve (AUC) larger than 90% and misclassification error lower than 19%, and identified the same sensor as most relevant to classification success. This new method using VOC enrichment and E-Nose analysis combined with ML can yield results similar to polymerase chain reaction (PCR) detection and superior to point-of-care (POC) antigen testing. Reducing the sensor set to the most relevant sensor may prove interesting for developing targeted POC testing."
112,A3_sensors,40283268,PMC12029604,10.3390/mi16040393,2025,Micromachines,research-article; Journal Article,Lasso Model-Based Optimization of CNC/CNF/rGO Nanocomposites.,"This study explores the use of citric acid and L-ascorbic acid as reducing agents in CNC/CNF/rGO nanocomposite fabrication, focusing on their effects on electrical conductivity and mechanical properties. Through comprehensive analysis, L-ascorbic acid showed superior reduction efficiency, producing rGO with enhanced electrical conductivity up to 2.5 S/m, while citric acid offered better CNC and CNF dispersion, leading to higher mechanical stability. The research employs an advanced optimization framework, integrating regression models and a neural network with 30 hidden layers, to provide insights into composition-property relationships and enable precise material tailoring. The neural network model, trained on various input variables, demonstrated excellent predictive performance, with R2 values exceeding 0.998. A LASSO model was also implemented to analyze variable impacts on material properties. The findings, supported by machine learning optimization, have significant implications for flexible electronics, smart packaging, and biomedical applications, paving the way for future research on scalability, long-term stability, and advanced modeling techniques for these sustainable, multifunctional materials."
113,A3_sensors,38534238,PMC10968039,10.3390/bios14030131,2024,Biosensors,research-article; Journal Article,Real-Time Classification of Anxiety in Virtual Reality Therapy Using Biosensors and a Convolutional Neural Network.,"Virtual Reality Exposure Therapy is a method of cognitive behavioural therapy that aids in the treatment of anxiety disorders by making therapy practical and cost-efficient. It also allows for the seamless tailoring of the therapy by using objective, continuous feedback. This feedback can be obtained using biosensors to collect physiological information such as heart rate, electrodermal activity and frontal brain activity. As part of developing our objective feedback framework, we developed a Virtual Reality adaptation of the well-established emotional Stroop Colour-Word Task. We used this adaptation to differentiate three distinct levels of anxiety: no anxiety, mild anxiety and severe anxiety. We tested our environment on twenty-nine participants between the ages of eighteen and sixty-five. After analysing and validating this environment, we used it to create a dataset for further machine-learning classification of the assigned anxiety levels. To apply this information in real-time, all of our information was processed within Virtual Reality. Our Convolutional Neural Network was able to differentiate the anxiety levels with a 75% accuracy using leave-one-out cross-validation. This shows that our system can accurately differentiate between different anxiety levels."
114,A3_sensors,38732824,PMC11085676,10.3390/s24092719,2024,"Sensors (Basel, Switzerland)",research-article; Journal Article,Signal Processing Using a Circular Sensor Array to Measure the Torsional Angle of a Bolted Joint.,"This study presents a new approach to determining the preload force of bolted joints. The concept involves measuring the torsional angle without contact. For this purpose, we present a circular magnetic sensor array integrated into the torque wrench. The torsional angle in bolted joints depends on the dimensions of the screw and the materials used and is typically less than four degrees. For this reason, one requirement is a high angular resolution so that a continuous recording of the torsion angle is feasible during the assembly process. This can be achieved using the circular sensor array and adapted signal processing methods. Two signal processing approaches are utilized. First, the direct method uses the discrete Fourier transformation to calculate the rotation angle from the signal phase. This approach is robust to signal distortion and does not depend on signal amplitude. Second, the method with a learning phase employs Gaussian process regression to minimize the angle error. In an experiment, both approaches were applied within a test bench and showed promising results. The direct method demonstrated a very good angular resolution without training and calibration. For mobile and less-complex applications where a reference system is unavailable, the direct method is preferable. However, in complex measurement systems where reference systems can be utilized initially, significant enhancements to an excellent resolution can be achieved through prior training."
115,A3_sensors,37447734,PMC10346774,10.3390/s23135885,2023,"Sensors (Basel, Switzerland)",research-article; Journal Article,Closed-Chain Inverse Dynamics for the Biomechanical Analysis of Manual Material Handling Tasks through a Deep Learning Assisted Wearable Sensor Network.,"Despite the automatization of many industrial and logistics processes, human workers are still often involved in the manual handling of loads. These activities lead to many work-related disorders that reduce the quality of life and the productivity of aged workers. A biomechanical analysis of such activities is the basis for a detailed estimation of the biomechanical overload, thus enabling focused prevention actions. Thanks to wearable sensor networks, it is now possible to analyze human biomechanics by an inverse dynamics approach in ecological conditions. The purposes of this study are the conceptualization, formulation, and implementation of a deep learning-assisted fully wearable sensor system for an online evaluation of the biomechanical effort that an operator exerts during a manual material handling task. In this paper, we show a novel, computationally efficient algorithm, implemented in ROS, to analyze the biomechanics of the human musculoskeletal systems by an inverse dynamics approach. We also propose a method for estimating the load and its distribution, relying on an egocentric camera and deep learning-based object recognition. This method is suitable for objects of known weight, as is often the case in logistics. Kinematic data, along with foot contact information, are provided by a fully wearable sensor network composed of inertial measurement units. The results show good accuracy and robustness of the system for object detection and grasp recognition, thus providing reliable load estimation for a high-impact field such as logistics. The outcome of the biomechanical analysis is consistent with the literature. However, improvements in gait segmentation are necessary to reduce discontinuities in the estimated lower limb articular wrenches."
116,A3_sensors,41023062,PMC12480986,10.1038/s41598-025-18753-w,2025,Scientific reports,research-article; Journal Article,Next-generation COVID-19 detection using a metasurface biosensor with machine learning-enhanced refractive index sensing.,"This work introduces a high-performance graphene-silver hybrid metasurface biosensor for the fast and precise detection of COVID-19. Through parametric optimization with COMSOL Multiphysics, the sensor achieves a sensitivity of 400 GHz/RIU, a figure of merit (FOM) of 5.000 RIU⁻¹, and a Q factor of 12.7 within the refractive index range of 1.334-1.355 RIU. A machine learning framework enhances predictive reliability across different refractive indices, as reflected by a coefficient of determination (R²) of 0.90. The fabrication strategy-combining CVD graphene growth, electron beam lithography, and silver deposition-ensures scalability and practical realization. The novelty of this study lies in the synergistic integration of a graphene-silver metasurface platform with machine learning-based predictive modeling, enabling rapid, label-free, and highly accurate COVID-19 detection. Unlike conventional RT-PCR and antigen-based tests, which suffer from delays, high costs, or reduced sensitivity in asymptomatic cases, the proposed sensor achieves superior balance between sensitivity, figure of merit, and predictive accuracy, thereby surpassing state-of-the-art optical and terahertz biosensors. This positions the device as a novel, portable, and cost-effective diagnostic tool for next-generation pandemic preparedness."
117,A3_sensors,40920590,PMC12447402,10.1021/acsami.5c13990,2025,ACS applied materials & interfaces,research-article; Journal Article,Harnessing Explainable AI to Explore Structure-Activity Relationships in Artificial Olfaction.,"Chemical sensor arrays mimic the mammalian olfactory system to achieve artificial olfaction, and receptor materials resembling olfactory receptors are being actively developed. To realize practical artificial olfaction, it is essential to provide guidelines for developing effective receptor materials based on the structure-activity relationship. In this study, we demonstrated the visualization of the relationship between sensing signal features and odorant molecular features using an explainable AI (XAI) technique. We focused on classification tasks and employed a convolutional neural network (CNN) and score-class activation mapping (Score-CAM) methods. The results obtained from analyzing the 94 odor samples prepared using pure solvents indicate that the information regarding the active receptor materials and data points in the signals and the structure-activity relationship could be accurately extracted. Therefore, using XAI techniques to analyze sensor signals from odor data is an important technique for advancing artificial olfaction."
118,A3_sensors,38234482,PMC10790930,10.3389/fnrgo.2023.1274730,2023,Frontiers in neuroergonomics,research-article; Journal Article,Combining brain-computer interfaces with deep reinforcement learning for robot training: a feasibility study in a simulation environment.,"Deep reinforcement learning (RL) is used as a strategy to teach robot agents how to autonomously learn complex tasks. While sparsity is a natural way to define a reward in realistic robot scenarios, it provides poor learning signals for the agent, thus making the design of good reward functions challenging. To overcome this challenge learning from human feedback through an implicit brain-computer interface (BCI) is used. We combined a BCI with deep RL for robot training in a 3-D physical realistic simulation environment. In a first study, we compared the feasibility of different electroencephalography (EEG) systems (wet- vs. dry-based electrodes) and its application for automatic classification of perceived errors during a robot task with different machine learning models. In a second study, we compared the performance of the BCI-based deep RL training to feedback explicitly given by participants. Our findings from the first study indicate the use of a high-quality dry-based EEG-system can provide a robust and fast method for automatically assessing robot behavior using a sophisticated convolutional neural network machine learning model. The results of our second study prove that the implicit BCI-based deep RL version in combination with the dry EEG-system can significantly accelerate the learning process in a realistic 3-D robot simulation environment. Performance of the BCI-based trained deep RL model was even comparable to that achieved by the approach with explicit human feedback. Our findings emphasize the usage of BCI-based deep RL methods as a valid alternative in those human-robot applications where no access to cognitive demanding explicit human feedback is available."
119,A3_sensors,41953392,PMC13055561,10.1002/adfm.202513767,2025,Advanced functional materials,research-article; Journal Article,Emerging 2D Materials and Their Hybrid Nanostructures for Label-Free Optical Biosensing: Recent Progress and Outlook.,"The increasing demand for rapid detection and remote monitoring with high sensitivity and selectivity has driven the development of label-free optical biosensors based on 2D materials (2DMs). Owing to their high surface-to-volume ratio and unique, tunable electrical and optical properties, 2DMs are highly attractive for biosensing applications. Van der Waals heterostructures (vdWHs) that combine different 2DMs allow the creation of hybrid materials with synergistic or novel functionalities. Beyond purely 2D vdWHs, mixed-dimensional hybrid architectures have recently emerged, offering enhanced sensitivity, stability, and reproducibility in label-free optical detection. This review highlights recent advances in surface-enhanced Raman scattering (SERS)- and surface plasmon resonance (SPR)-based biosensing using 2DMs and their hybrid nanostructures, discussing the role of each component and emphasizing their synergistic effects. It also provides an overview of recent progress in multifunctional sensing platforms and the integration of machine learning to improve performance and enable intelligent data analysis. Finally, the current challenges and future opportunities for advancing next-generation label-free optical biosensors are highlighted."
120,A3_sensors,40527913,PMC12174331,10.1038/s41531-025-01034-8,2025,NPJ Parkinson's disease,brief-report; Journal Article,Wrist accelerometry and machine learning sensitively capture disease progression in prodromal Parkinson's disease.,"Sensitive motor measures are needed to support trials in Parkinson's disease (PD). Wrist sensor data was collected continuously at home from 269 individuals with PD (106 with prodromal PD). Submovements were smaller, slower, and less variable in PD and prodromal PD. A machine-learned composite measure captured disease progression in prodromal PD more sensitively than the MDS-UPDRS Part III motor score. Wearable sensor-based measures may be useful in upcoming clinical trials."
121,A3_sensors,36523756,PMC9744781,10.3389/fnbeh.2022.1025870,2022,Frontiers in behavioral neuroscience,research-article; Journal Article,Event-related brain potential markers of visual and auditory perception: A useful tool for brain computer interface systems.,"ObjectiveA majority of BCI systems, enabling communication with patients with locked-in syndrome, are based on electroencephalogram (EEG) frequency analysis (e.g., linked to motor imagery) or P300 detection. Only recently, the use of event-related brain potentials (ERPs) has received much attention, especially for face or music recognition, but neuro-engineering research into this new approach has not been carried out yet. The aim of this study was to provide a variety of reliable ERP markers of visual and auditory perception for the development of new and more complex mind-reading systems for reconstructing the mental content from brain activity.MethodsA total of 30 participants were shown 280 color pictures (adult, infant, and animal faces; human bodies; written words; checkerboards; and objects) and 120 auditory files (speech, music, and affective vocalizations). This paradigm did not involve target selection to avoid artifactual waves linked to decision-making and response preparation (e.g., P300 and motor potentials), masking the neural signature of semantic representation. Overall, 12,000 ERP waveforms × 126 electrode channels (1 million 512,000 ERP waveforms) were processed and artifact-rejected.ResultsClear and distinct category-dependent markers of perceptual and cognitive processing were identified through statistical analyses, some of which were novel to the literature. Results are discussed from the view of current knowledge of ERP functional properties and with respect to machine learning classification methods previously applied to similar data.ConclusionThe data showed a high level of accuracy (p ≤ 0.01) in the discriminating the perceptual categories eliciting the various electrical potentials by statistical analyses. Therefore, the ERP markers identified in this study could be significant tools for optimizing BCI systems [pattern recognition or artificial intelligence (AI) algorithms] applied to EEG/ERP signals."
122,A3_sensors,39204782,PMC11359526,10.3390/s24165085,2024,"Sensors (Basel, Switzerland)",research-article; Journal Article,An Explainable Deep Learning Approach for Stress Detection in Wearable Sensor Measurements.,"Stress has various impacts on the health of human beings. Recent success in wearable sensor development, combined with advancements in deep learning to automatically detect features from raw data, opens several interesting applications related to detecting emotional states. Being able to accurately detect stress-related emotional arousal in an acute setting can positively impact the imminent health status of humans, i.e., through avoiding dangerous locations in an urban traffic setting. This work proposes an explainable deep learning methodology for the automatic detection of stress in physiological sensor data, recorded through a non-invasive wearable sensor device, the Empatica E4 wristband. We propose a Long-Short Term-Memory (LSTM) network, extended through a Deep Generative Ensemble of conditional GANs (LSTM DGE), to deal with the low data regime of sparsely labeled sensor measurements. As explainability is often a main concern of deep learning models, we leverage Integrated Gradients (IG) to highlight the most essential features used by the model for prediction and to compare the results to state-of-the-art expert-based stress-detection methodologies in terms of precision, recall, and interpretability. The results show that our LSTM DGE outperforms the state-of-the-art algorithm by 3 percentage points in terms of recall, and 7.18 percentage points in terms of precision. More importantly, through the use of Integrated Gradients as a layer of explainability, we show that there is a strong overlap between model-derived stress features for electrodermal activity and existing literature, which current state-of-the-art stress detection systems in medical research and psychology are based on."
123,A3_sensors,36448023,PMC9691282,10.1016/j.biosx.2022.100284,2022,Biosensors & bioelectronics: X,research-article; Journal Article,"Emerging 0D, 1D, 2D, and 3D nanostructures for efficient point-of-care biosensing.","The recent COVID-19 infection outbreak has raised the demand for rapid, highly sensitive POC biosensing technology for intelligent health and wellness. In this direction, efforts are being made to explore high-performance nano-systems for developing novel sensing technologies capable of functioning at point-of-care (POC) applications for quick diagnosis, data acquisition, and disease management. A combination of nanostructures [i.e., 0D (nanoparticles & quantum dots), 1D (nanorods, nanofibers, nanopillars, & nanowires), 2D (nanosheets, nanoplates, nanopores) & 3D nanomaterials (nanocomposites and complex hierarchical structures)], biosensing prototype, and micro-electronics makes biosensing suitable for early diagnosis, detection & prevention of life-threatening diseases. However, a knowledge gap associated with the potential of 0D, 1D, 2D, and 3D nanostructures for the design and development of efficient POC sensing is yet to be explored carefully and critically. With this focus, this review highlights the latest engineered 0D, 1D, 2D, and 3D nanomaterials for developing next-generation miniaturized, portable POC biosensors development to achieve high sensitivity with potential integration with the internet of medical things (IoMT, for miniaturization and data collection, security, and sharing), artificial intelligence (AI, for desired analytics), etc. for better diagnosis and disease management at the personalized level."
124,A3_sensors,40671603,PMC12276500,10.1177/00368504251359081,2025,Science progress,research-article; Journal Article,Prediction of piezoelectric properties of NBT-based ceramics based on deep neural networks.,"In recent years, the rapid advancement of materials science has underscored the significance and complexity of understanding and optimizing the properties of piezoelectric materials. Traditional analytical methods have encountered difficulties in addressing the challenges posed by variable material compositions and intricate processing conditions. However, deep neural networks (DNNs) present new opportunities in this field due to their robust capabilities in nonlinear data processing and pattern recognition. This study employs DNN to model the relationship between the composition and processing conditions of piezoelectric materials and their electrical properties. Through quenching experiments, it was observed that the electrical properties of Na0.5Bi0.5TiO3-based ceramics are positively correlated with local polar heterogeneity. This phenomenon was further validated by manipulating the local polar heterogeneity through Bi or Sr nonstoichiometric modifications. Subsequently, a DNN model characterized by local polarity heterogeneity was developed. After training on extensive high-quality experimental data, the DNN model demonstrated exceptional prediction accuracy and effectively elucidated the underlying complex mechanisms governing material properties. The findings indicate that DNN can accelerate the development and optimization of new piezoelectric materials, provide guidance for experimental design, and significantly enhance research and development efficiency. The successful application of this research strongly supports the expansion of deep learning technology in materials science."
125,A3_sensors,35433527,PMC8995751,10.31661/jbpe.v0i0.1264,2022,Journal of biomedical physics & engineering,research-article; Journal Article,Hand Motor Imagery Classification Using Effective Connectivity and Hierarchical Machine Learning in EEG Signals.,"BackgroundMotor Imagery (MI) Brain Computer Interface (BCI) directly links central nervous system to a computer or a device. Most MI-BCI structures rely on features of a single channel of Electroencephalogram (EEG). However, to provide more valuable features, the relationships among EEG channels in the form of effective brain connectivity analysis must be considered.ObjectiveThis study aims to identify a set of robust and discriminative effective connectivity features from EEG signals and to develop a hierarchical machine learning structure for discrimination of left and right hand MI task effectively.Material and methodsIn this analytical study, we estimated effective connectivity using Granger Causality (GC) methods namely, Generalized Partial Directed Coherence (GPDC), Directed Transfer Function (DTF) and direct Directed Transfer Function (dDTF). These measures determine the transient causal relation between different brain areas. Then a feature subset selection method based on Kruskal-Wallis test was performed to choose most significant directed causal connection between channels. Moreover, the minimal-redundancy-maximal-relevance feature selection method is applied to discard non-significance features. Finally, support vector machine method is used for classification.ResultsThe maximum value of the classification accuracies using GC methods over different frequency bands in 29 subjects in 60 trial is approximately 84% in Mu (8-12 Hz) - Beta1 (12 - 15 Hz) frequency band using GPDC method.ConclusionThis new hierarchical automated BCI system could be applied for discrimination of left and right hand MI tasks from EEG signal, effectively."
126,A3_sensors,37238653,PMC10216447,10.3390/biom13050783,2023,Biomolecules,"Research Support, Non-U.S. Gov't; research-article; Journal Article",Impact of Magnetite Nanowires on In Vitro Hippocampal Neural Networks.,"Nanomaterials design, synthesis, and characterization are ever-expanding approaches toward developing biodevices or neural interfaces to treat neurological diseases. The ability of nanomaterials features to tune neuronal networks' morphology or functionality is still under study. In this work, we unveil how interfacing mammalian brain cultured neurons and iron oxide nanowires' (NWs) orientation affect neuronal and glial densities and network activity. Iron oxide NWs were synthesized by electrodeposition, fixing the diameter to 100 nm and the length to 1 µm. Scanning electron microscopy, Raman, and contact angle measurements were performed to characterize the NWs' morphology, chemical composition, and hydrophilicity. Hippocampal cultures were seeded on NWs devices, and after 14 days, the cell morphology was studied by immunocytochemistry and confocal microscopy. Live calcium imaging was performed to study neuronal activity. Using random nanowires (R-NWs), higher neuronal and glial cell densities were obtained compared with the control and vertical nanowires (V-NWs), while using V-NWs, more stellate glial cells were found. R-NWs produced a reduction in neuronal activity, while V-NWs increased the neuronal network activity, possibly due to a higher neuronal maturity and a lower number of GABAergic neurons, respectively. These results highlight the potential of NWs manipulations to design ad hoc regenerative interfaces."
127,A3_sensors,37672883,PMC10602575,10.1002/advs.202303922,2023,"Advanced science (Weinheim, Baden-Wurttemberg, Germany)",research-article; Journal Article,"MXene-Induced Flexible, Water-Retention, Semi-Interpenetrating Network Hydrogel for Ultra-Stable Strain Sensors with Real-Time Gesture Recognition.","As water-saturated polymer networks, hydrogels are a growing family of soft materials that have recently become promising candidates for flexible electronics application. However, it remains still difficult for hydrogel-based strain sensors to achieve the organic unity of mechanical properties, electrical conductivity, and water retention. To address this challenge, based on the template, the excellent properties of MXene nanoflakes (rich surface functional groups, high specific surface area, hydrophilicity, and conductivity) are fully utilized in this study to prepare the P(AA-co-AM)/MXene@PDADMAC semi-interpenetrating network (semi-IPN) hydrogel. The proposed hydrogel continues to exhibit excellent strain response and flexibility after 30 days of storage at room temperature, and its performance do not decrease after 1100 cycles. Considering these characteristics, a hydrogel-based device for converting sign language into Chinese characters is successfully developed and optimized using machine learning. Therefore, this study provides novel insight and application directions for hydrogel families."
128,A3_sensors,40621006,PMC12223865,10.1021/acsomega.5c02363,2025,ACS omega,research-article; Journal Article,Harnessing Machine Learning to Revolutionize Electrochemical Detection of Vitamin E Acetate in E‑Liquids.,"This study presents the development of a novel molecularly imprinted electrochemical sensor for the sensitive and selective detection of vitamin E acetate (VEA) in e-cigarette liquids, a critical step in addressing the rising public health concern of e-cigarette, or vaping, product use-associated lung injury. VEA-imprinted polymeric nanoparticles, intended to serve as the recognition element on the sensor surface, were synthesized using surfactant-free emulsion polymerization. The synthesized polymer was characterized using Fourier Transformed Infrared Spectroscopy, scanning electron microscope, and zeta potential analyses. The sensor, fabricated using VEA-imprinted poly-(HMA-co-PA)/Nafion on screen-printed carbon electrodes, demonstrated a limit of quantification (LoQ) of 112.3 μg/mL (3.3× S/N) with a wide linear range extending to 3.0 mg/mL (10× S/N). While the sensor exhibited limitations in detecting VEA at concentrations below the LoQ, the integration of machine learning algorithms effectively mitigated these challenges. Machine learning models successfully classified the presence of VEA, even at subdetection limit concentrations, significantly enhancing the sensor's analytical capabilities. Rigorous testing on real-world e-cigarette liquid samples yielded high recovery rates (96.83% ± 2.79-102.56% ± 3.84), validating the sensor's accuracy and selectivity in complex matrices. This research not only establishes a promising platform for the rapid and sensitive detection of VEA in e-cigarette liquids but also underscores the transformative potential of integrating artificial intelligence with sensor technologies for addressing critical public health challenges."
129,A3_sensors,40318170,PMC12224986,10.1002/advs.202501293,2025,"Advanced science (Weinheim, Baden-Wurttemberg, Germany)",research-article; Journal Article,Artificial Olfactory System Enabled by Ultralow Chemical Sensing Variations of 1D SnO2 Nanoarchitectures.,"AI-assisted electronic nose systems often emphasize sensitivity-driven datasets, overlooking the comprehensive analysis of gaseous chemical attributes critical for precise gas identification. Conventional fabrication methods generate inconsistent datasets and focus primarily on improving classification accuracy through deep learning, neglecting the fundamental role of sensor material design. This study addresses these challenges by developing a highly reliable sensor platform to standardize gas sensing for deep learning applications. Specifically, 1D SnO2 nanonetworks functionalized with Au and Pd nanocatalysts are fabricated via a systematic deposition process, enhancing gas diffusion and reaction kinetics. Stability improvements through controlled aging process reduce the coefficient of variation to below 5% across seven target gases: acetone, hydrogen, ethanol, carbon monoxide, propane, isoprene, and toluene. The platform exhibits exceptional deep learning performance, achieving over 99.5% classification accuracy using a residual network model, even in high-humidity environments (up to 80% relative humidity) and at parts-per-trillion detection limits. This study highlights the synergy between nanostructure engineering and AI, establishing a robust framework for next-generation bioinspired electronic nose systems with enhanced reliability and analytical capability."
130,A3_sensors,41202096,PMC12594348,10.1371/journal.pone.0332356,2025,PloS one,research-article; Journal Article,Enhanced surface plasmon resonance biosensor with graphene-black phosphorus heterostructure for ultra-high sensitivity refractive index detection with machine learning for behaviour prediction.,"This study reports a five-layer surface plasmon resonance biosensor architecture comprising a BK7 glass substrate, silver plasmonic film, monolayer graphene, black phosphorus dielectric, and analyte region, engineered for high-precision detection of low refractive index media. The graphene-black phosphorus heterostructure synergistically exploits the exceptionally high surface-to-volume ratio of graphene and the anisotropic optical response of black phosphorus, enabling pronounced electromagnetic field confinement at the sensor interface. In particular, the detection procedure is mainly dependent on the emergence of the angular surface plasmon resonance based on the optimum values of the different geometrical and structural parameters. Therefore, the electromagnetic optimization using COMSOL Multiphysics was performed by varying the silver thickness, graphene thickness and black phosphorus thickness over an analyte index range of 1.29-1.38 RIU. The optimized configuration achieved a maximum sensitivity of 300°/RIU at n = 1.35 RIU, with a figure of merit of 45.455 RIU-1 and a detection limit of 0.018 RIU, surpassing previously reported architectures. Furthermore, predictive validation employing K-nearest neighbours regression demonstrated excellent reliability, yielding R² values between 92-100% and mean absolute errors of 0.005-0.012 RIU."
131,A3_sensors,40439842,PMC12122957,10.1007/s40820-025-01780-7,2025,Nano-micro letters,research-article; Journal Article,"Machine Learning Enabled Reusable Adhesion, Entangled Network-Based Hydrogel for Long-Term, High-Fidelity EEG Recording and Attention Assessment.","Due to their high mechanical compliance and excellent biocompatibility, conductive hydrogels exhibit significant potential for applications in flexible electronics. However, as the demand for high sensitivity, superior mechanical properties, and strong adhesion performance continues to grow, many conventional fabrication methods remain complex and costly. Herein, we propose a simple and efficient strategy to construct an entangled network hydrogel through a liquid-metal-induced cross-linking reaction, hydrogel demonstrates outstanding properties, including exceptional stretchability (1643%), high tensile strength (366.54 kPa), toughness (350.2 kJ m-3), and relatively low mechanical hysteresis. The hydrogel exhibits long-term stable reusable adhesion (104 kPa), enabling conformal and stable adhesion to human skin. This capability allows it to effectively capture high-quality epidermal electrophysiological signals with high signal-to-noise ratio (25.2 dB) and low impedance (310 ohms). Furthermore, by integrating advanced machine learning algorithms, achieving an attention classification accuracy of 91.38%, which will significantly impact fields like education, healthcare, and artificial intelligence."
132,A3_sensors,35165824,PMC8844338,10.1007/s40820-022-00806-8,2022,Nano-micro letters,research-article; Journal Article,Functionalized Fiber-Based Strain Sensors: Pathway to Next-Generation Wearable Electronics.,"Wearable strain sensors are arousing increasing research interests in recent years on account of their potentials in motion detection, personal and public healthcare, future entertainment, man-machine interaction, artificial intelligence, and so forth. Much research has focused on fiber-based sensors due to the appealing performance of fibers, including processing flexibility, wearing comfortability, outstanding lifetime and serviceability, low-cost and large-scale capacity. Herein, we review the latest advances in functionalization and device fabrication of fiber materials toward applications in fiber-based wearable strain sensors. We describe the approaches for preparing conductive fibers such as spinning, surface modification, and structural transformation. We also introduce the fabrication and sensing mechanisms of state-of-the-art sensors and analyze their merits and demerits. The applications toward motion detection, healthcare, man-machine interaction, future entertainment, and multifunctional sensing are summarized with typical examples. We finally critically analyze tough challenges and future remarks of fiber-based strain sensors, aiming to implement them in real applications."
133,A3_sensors,39851169,PMC11803620,10.1021/acsami.4c17369,2025,ACS applied materials & interfaces,research-article; Journal Article,Full Body-Worn Textile-Integrated Nanomaterials and Soft Electronics for Real-Time Continuous Motion Recognition Using Cloud Computing.,"Recognizing human body motions opens possibilities for real-time observation of users' daily activities, revolutionizing continuous human healthcare and rehabilitation. While some wearable sensors show their capabilities in detecting movements, no prior work could detect full-body motions with wireless devices. Here, we introduce a soft electronic textile-integrated system, including nanomaterials and flexible sensors, which enables real-time detection of various full-body movements using the combination of a wireless sensor suit and deep-learning-based cloud computing. This system includes an array of a nanomembrane, laser-induced graphene strain sensors, and flexible electronics integrated with textiles for wireless detection of different body motions and workouts. With multiple human subjects, we demonstrate the system's performance in real-time prediction of eight different activities, including resting, walking, running, squatting, walking upstairs, walking downstairs, push-ups, and jump roping, with an accuracy of 95.3%. The class of technologies, integrated as full body-worn textile electronics and interactive pairing with smartwatches and portable devices, can be used in real-world applications such as ambulatory health monitoring via conjunction with smartwatches and feedback-enabled customized rehabilitation workouts."
134,A3_sensors,36216925,PMC9550802,10.1038/s41467-022-33716-9,2022,Nature communications,"Research Support, Non-U.S. Gov't; research-article; Journal Article",Dual sensing signal decoupling based on tellurium anisotropy for VR interaction and neuro-reflex system application.,"Anisotropy control of the electronic structure in inorganic semiconductors is an important step in developing devices endowed with multi-function. Here, we demonstrate that the intrinsic anisotropy of tellurium nanowires can be used to modulate the electronic structure and piezoelectric polarization and decouple pressure and temperature difference signals, and realize VR interaction and neuro-reflex applications. The architecture design of the device combined with self-locking effect can eliminate dependence on displacement, enabling a single device to determine the hardness and thermal conductivity of materials through a simple touch. We used a bimodal Te-based sensor to develop a wearable glove for endowing real objects to the virtual world, which greatly improves VR somatosensory feedback. In addition, we successfully achieved stimulus recognition and neural-reflex in a rabbit sciatic nerve model by integrating the sensor signals using a deep learning technique. In view of in-/ex-vivo feasibility, the bimodal Te-based sensor would be considered a novel sensing platform for a wide range application of metaverse, AI robot, and electronic medicine."
135,A3_sensors,37851810,PMC10584341,10.1126/sciadv.adj0904,2023,Science advances,research-article; Journal Article,A multiscale generative model to understand disorder in domain boundaries.,"A continuing challenge in atomic resolution microscopy is to identify significant structural motifs and their assembly rules in synthesized materials with limited observations. Here, we propose and validate a simple and effective hybrid generative model capable of predicting unseen domain boundaries in a potassium sodium niobate thin film from only a small number of observations, without expensive first-principles calculations or atomistic simulations of domain growth. Our results demonstrate that complicated domain boundary structures spanning 1 to 100 nanometers can arise from simple interpretable local rules played out probabilistically. We also found previously unobserved, significant, tileable boundary motifs that may affect the piezoelectric response of the material system, and evidence that our system creates domain boundaries with the highest configurational entropy. More broadly, our work shows that simple yet interpretable machine learning models could pave the way to describe and understand the nature and origin of disorder in complex materials, therefore improving functional materials design."
136,A3_sensors,33106481,PMC7588488,10.1038/s41467-020-19088-y,2020,Nature communications,research-article; Journal Article,3D printed graphene-based self-powered strain sensors for smart tires in autonomous vehicles.,"The transition of autonomous vehicles into fleets requires an advanced control system design that relies on continuous feedback from the tires. Smart tires enable continuous monitoring of dynamic parameters by combining strain sensing with traditional tire functions. Here, we provide breakthrough in this direction by demonstrating tire-integrated system that combines direct mask-less 3D printed strain gauges, flexible piezoelectric energy harvester for powering the sensors and secure wireless data transfer electronics, and machine learning for predictive data analysis. Ink of graphene based material was designed to directly print strain sensor for measuring tire-road interactions under varying driving speeds, normal load, and tire pressure. A secure wireless data transfer hardware powered by a piezoelectric patch is implemented to demonstrate self-powered sensing and wireless communication capability. Combined, this study significantly advances the design and fabrication of cost-effective smart tires by demonstrating practical self-powered wireless strain sensing capability."
137,A3_sensors,40652523,PMC12520506,10.1002/advs.202509400,2025,"Advanced science (Weinheim, Baden-Wurttemberg, Germany)",research-article; Journal Article,Solvent Replacement-Driven Ionic Liquid Thermoelectric Gel for Self-Powered Morse Code Communication Assisted by Machine Learning.,"The development of ionic liquid gels (IL gels) with both high thermoelectric performance and mechanical flexibility is essential for advancing low-grade heat energy harvesting in next-generation flexible electronics and self-powered systems. Herein, a poly(methacrylic acid) (PMAA)-based IL gel is reported, fabricated via a solvent replacement strategy. By tailoring the synergistic coordination between Fe2+/Fe3+ redox couples and carboxyl (─COOH) groups in the polymer network, the gel functions as a thermogalvanic electrolyte, and its voltage generation is driven by temperature-dependent redox reactions of Fe2+/Fe3+. The resulting gel demonstrates excellent thermoelectric stability over a broad temperature range, achieving a high ionic conductivity (σ) of 13.45 S·m-1 and the Seebeck coefficient (Si) of -4.67 mV·K-1. In situ Raman spectroscopy and low-field solid-state nuclear magnetic resonance (NMR) analysis reveal the directional migration behavior of Fe2+/Fe3+ ions under a thermal gradient and their dynamic coupling with polymer chain motion. Furthermore, a self-powered Morse-code communication system is developed using a machine learning (ML)-assisted framework. A logistic regression model achieved 100% accuracy on an independent test set, indicating a strict monotonic mapping between voltage signals and encoded characters. This work provides new insights into the molecular design and thermoelectric regulation mechanisms of flexible thermoelectric gel, paving the way for their practical application in wearable self-powered communication devices."
138,A3_sensors,40867216,PMC12384591,10.3390/brainsci15080886,2025,Brain sciences,research-article; Journal Article,Interpretable EEG Emotion Classification via CNN Model and Gradient-Weighted Class Activation Mapping.,"Background/Objectives: Electroencephalography (EEG)-based emotion recognition plays an important role in affective computing and brain-computer interface applications. However, existing methods often face the challenge of achieving high classification accuracy while maintaining physiological interpretability. Methods: In this study, we propose a convolutional neural network (CNN) model with a simple architecture for EEG-based emotion classification. The model achieves classification accuracies of 95.21% for low/high arousal, 94.59% for low/high valence, and 93.01% for quaternary classification tasks on the DEAP dataset. To further improve model interpretability and support practical applications, Gradient-weighted Class Activation Mapping (Grad-CAM) is employed to identify the EEG electrode regions that contribute most to the classification results. Results: The visualization reveals that electrodes located in the right prefrontal cortex and left parietal lobe are the most influential, which is consistent with findings from emotional lateralization theory. Conclusions: This provides a physiological basis for optimizing electrode placement in wearable EEG-based emotion recognition systems. The proposed method combines high classification performance with interpretability and provides guidance for the design of efficient and portable affective computing systems."
139,A3_sensors,39329584,PMC11430250,10.3390/biomimetics9090562,2024,"Biomimetics (Basel, Switzerland)",research-article; Journal Article,Emotion Recognition Using EEG Signals through the Design of a Dry Electrode Based on the Combination of Type 2 Fuzzy Sets and Deep Convolutional Graph Networks.,"Emotion is an intricate cognitive state that, when identified, can serve as a crucial component of the brain-computer interface. This study examines the identification of two categories of positive and negative emotions through the development and implementation of a dry electrode electroencephalogram (EEG). To achieve this objective, a dry EEG electrode is created using the silver-copper sintering technique, which is assessed through Scanning Electron Microscope (SEM) and Energy Dispersive X-ray Analysis (EDXA) evaluations. Subsequently, a database is generated utilizing the designated electrode, which is based on the musical stimulus. The collected data are fed into an improved deep network for automatic feature selection/extraction and classification. The deep network architecture is structured by combining type 2 fuzzy sets (FT2) and deep convolutional graph networks. The fabricated electrode demonstrated superior performance, efficiency, and affordability compared to other electrodes (both wet and dry) in this study. Furthermore, the dry EEG electrode was examined in noisy environments and demonstrated robust resistance across a diverse range of Signal-To-Noise ratios (SNRs). Furthermore, the proposed model achieved a classification accuracy of 99% for distinguishing between positive and negative emotions, an improvement of approximately 2% over previous studies. The manufactured dry EEG electrode is very economical and cost-effective in terms of manufacturing costs when compared to recent studies. The proposed deep network, combined with the fabricated dry EEG electrode, can be used in real-time applications for long-term recordings that do not require gel."
140,A3_sensors,38586195,PMC10996401,10.3389/fnins.2024.1306283,2024,Frontiers in neuroscience,research-article; Journal Article,A brain functional network feature extraction method based on directed transfer function and graph theory for MI-BCI decoding tasks.,"BackgroundThe development of Brain-Computer Interface (BCI) technology has brought tremendous potential to various fields. In recent years, prominent research has focused on enhancing the accuracy of BCI decoding algorithms by effectively utilizing meaningful features extracted from electroencephalographic (EEG) signals.ObjectiveThis paper proposes a method for extracting brain functional network features based on directed transfer function (DTF) and graph theory. The method incorporates the extracted brain network features with common spatial pattern (CSP) to enhance the performance of motor imagery (MI) classification task.MethodsThe signals from each electrode of the EEG, utilizing a total of 32 channels, are used as input signals for the network nodes. In this study, 26 healthy participants were recruited to provide EEG data. The brain functional network is constructed in Alpha and Beta bands using the DTF method. The node degree (ND), clustering coefficient (CC), and global efficiency (GE) of the brain functional network are obtained using graph theory. The DTF network features and graph theory are combined with the traditional signal processing method, the CSP algorithm. The redundant network features are filtered out using the Lasso method, and finally, the fused features are classified using a support vector machine (SVM), culminating in a novel approach we have termed CDGL.ResultsFor Beta frequency band, with 8 electrodes, the proposed CDGL method achieved an accuracy of 89.13%, a sensitivity of 90.15%, and a specificity of 88.10%, which are 14.10, 16.69, and 11.50% percentage higher than the traditional CSP method (75.03, 73.46, and 76.60%), respectively. Furthermore, the results obtained with 8 channels were superior to those with 4 channels (82.31, 83.35, and 81.74%), and the result for the Beta frequency band were better than those for the Alpha frequency band (87.42, 87.48, and 87.36%). Similar results were also obtained on two public datasets, where the CDGL algorithm's performance was found to be optimal.ConclusionThe feature fusion of DTF network and graph theory features enhanced CSP algorithm's performance in MI task classification. Increasing the number of channels allows for more EEG signal feature information, enhancing the model's sensitivity and discriminative ability toward specific activities in brain regions. It should be noted that the functional brain network features in the Beta band exhibit superior performance improvement for the algorithm compared to those in the Alpha band."
141,A3_sensors,39943558,PMC11820130,10.3390/s25030919,2025,"Sensors (Basel, Switzerland)",research-article; Journal Article,Prediction of Member Forces of Steel Tubes on the Basis of a Sensor System with the Use of AI.,"The rapid development of AI (artificial intelligence), sensor technology, high-speed Internet, and cloud computing has demonstrated the potential of data-driven approaches in structural health monitoring (SHM) within the field of structural engineering. Algorithms based on machine learning (ML) models are capable of discerning intricate structural behavioral patterns from real-time data gathered by sensors, thereby offering solutions to engineering quandaries in structural mechanics and SHM. This study presents an innovative approach based on AI and a fiber-reinforced polymer (FRP) double-helix sensor system for the prediction of forces acting on steel tube members in offshore wind turbine support systems; this enables structural health monitoring of the support system. The steel tube as the transitional member and the FRP double helix-sensor system were initially modeled in three dimensions using ABAQUS finite element software. Subsequently, the data obtained from the finite element analysis (FEA) were inputted into a fully connected neural network (FCNN) model, with the objective of establishing a nonlinear mapping relationship between the inputs (strain) and the outputs (reaction force). In the FCNN model, the impact of the number of input variables on the model's predictive performance is examined through cross-comparison of different combinations and positions of the six sets of input variables. And based on an evaluation of engineering costs and the number of strain sensors, a series of potential combinations of variables are identified for further optimization. Furthermore, the potential variable combinations were optimized using a convolutional neural network (CNN) model, resulting in optimal input variable combinations that achieved the accuracy level of more input variable combinations with fewer sensors. This not only improves the prediction performance of the model but also effectively controls the engineering cost. The model performance was evaluated using several metrics, including R2, MSE, MAE, and SMAPE. The results demonstrated that the CNN model exhibited notable advantages in terms of fitting accuracy and computational efficiency when confronted with a limited data set. To provide further support for practical applications, an interactive graphical user interface (GUI)-based sensor-coupled mechanical prediction system for steel tubes was developed. This system enables engineers to predict the member forces of steel tubes in real time, thereby enhancing the efficiency and accuracy of SHM for offshore wind turbine support systems."
142,A3_sensors,37687970,PMC10490817,10.3390/s23177515,2023,"Sensors (Basel, Switzerland)",research-article; Journal Article,Multi-Damage Detection in Composite Space Structures via Deep Learning.,"The diagnostics of environmentally induced damages in composite structures plays a critical role for ensuring the operational safety of space platforms. Recently, spacecraft have been equipped with lightweight and very large substructures, such as antennas and solar panels, to meet the performance demands of modern payloads and scientific instruments. Due to their large surface, these components are more susceptible to impacts from orbital debris compared to other satellite locations. However, the detection of debris-induced damages still proves challenging in large structures due to minimal alterations in the spacecraft global dynamics and calls for advanced structural health monitoring solutions. To address this issue, a data-driven methodology using Long Short-Term Memory (LSTM) networks is applied here to the case of damaged solar arrays. Finite element models of the solar panels are used to reproduce damage locations, which are selected based on the most critical risk areas in the structures. The modal parameters of the healthy and damaged arrays are extracted to build the governing equations of the flexible spacecraft. Standard attitude manoeuvres are simulated to generate two datasets, one including local accelerations and the other consisting of piezoelectric voltages, both measured in specific locations of the structure. The LSTM architecture is then trained by associating each sensed time series with the corresponding damage label. The performance of the deep learning approach is assessed, and a comparison is presented between the accuracy of the two distinct sets of sensors: accelerometers and piezoelectric patches. In both cases, the framework proved effective in promptly identifying the location of damaged elements within limited measured time samples."
143,A3_sensors,39903805,PMC11948013,10.1002/advs.202416564,2025,"Advanced science (Weinheim, Baden-Wurttemberg, Germany)",research-article; Journal Article,Structure and Wiring Optimized TT/MT Double-Helical Fiber Sensors: Fabrication and Applications in Human Motion Monitoring and Gesture Recognition.,"A fibrous flexible sensor, with its small size, minimally burdens the human body, ranking among the most user-friendly flexible sensors. However, its application is often limited by damage caused by electrode movement, as flexible sensors are typically attached to joints, which can be greatly alleviated by placing the two electrodes on the same side. Inspired by the hydrogen bonds in the double-helical structure of DNA, the double-helical electrode design is commonly found and applied in fiber-based batteries and supercapacitors into fibrous flexible sensors through coaxial wet-spinning and further treatment. The double helical sensor exhibits high strength and maintains stable operation and is prepared under over 300% strain with gauge factors (GF) of 0.9, 39.5, and 349, respectively, in its working ranges. This unique single-sided electrode structure also enabled applications such as water flow sensing. The sensor into a smart glove capable of real-time is further integrated, five-channel finger motion detection, and used a convolutional neural network (CNN)-based machine learning algorithm to achieve 98.8% accuracy in recognizing six common gestures. This study provides a novel approach to optimize the electrode distribution in fiber-based flexible sensors through an internally encapsulated double-helical structure, making a significant contribution to the field of flexible sensing."
144,A3_sensors,38544935,PMC10966183,10.1016/j.fochx.2024.101281,2024,Food chemistry: X,research-article; Journal Article,Colorimetric sensor array for the rapid distinction and detection of various antibiotic-resistant psychrophilic bacteria in raw milk based-on machine learning.,"In this study, a rapid, inexpensive, and accurate colorimetric sensor for detecting psychrophilic bacteria was designed, comprising gold (Au) nanoparticles (NPs) modified by d-amino acid (D-AA) as color-metric probes. Based on the aggregation of Au NPs induced by psychrophilic bacteria, a noticeable color shift occurred within 6 h. Depending on the various metabolic behaviors of bacteria to different D-AA, four primary psychrophilic bacteria in raw milk were successfully distinguished by learning the response patterns. Furthermore, the quantification of single bacteria and the practical application in milk samples could be realized. Notably, a rapid colorimetric method was constructed by combining Au/D-AA with antibiotics for the minimum inhibitory concentration of psychrophilic bacteria, which relied on differences in bacteria metabolic activity in response to diverse antibiotic treatments. Therefore, the method enables the rapid detection and susceptibility evaluation of psychrophilic bacteria, promoting clinical practicability and antibiotic management."
145,A3_sensors,38654624,PMC11220713,10.1002/advs.202401515,2024,"Advanced science (Weinheim, Baden-Wurttemberg, Germany)","Research Support, Non-U.S. Gov't; research-article; Journal Article",Self-Powered Biomimetic Pressure Sensor Based on Mn-Ag Electrochemical Reaction for Monitoring Rehabilitation Training of Athletes.,"Self-powered pressure detection using smart wearable devices is the subject of intense research attention, which is intended to address the critical need for prolonged and uninterrupted operations. Current piezoelectric and triboelectric sensors well respond to dynamic stimuli while overlooking static stimuli. This study proposes a dual-response potentiometric pressure sensor that responds to both dynamic and static stimuli. The proposed sensor utilizes interdigital electrodes with MnO2/carbon/polyvinyl alcohol (PVA) as the cathode and conductive silver paste as the anode. The electrolyte layer incorporates a mixed hydrogel of PVA and phosphoric acid. The optimized interdigital electrodes and sandpaper-like microstructured surface of the hydrogel electrolyte contribute to enhanced performance by facilitating an increased contact area between the electrolyte and electrodes. The sensor features an open-circuit voltage of 0.927 V, a short-circuit current of 6 µA, a higher sensitivity of 14 mV/kPa, and outstanding cycling performance (>5000 cycles). It can accurately recognize letter writing and enable capacitor charging and LED lighting. Additionally, a data acquisition and display system employing the proposed sensor, which facilitates the monitoring of athletes' rehabilitation training, and machine learning algorithms that effectively guide rehabilitation actions are presented. This study offers novel solutions for the future development of smart wearable devices."
146,A3_sensors,32806786,PMC7464357,10.3390/polym12081812,2020,Polymers,research-article; Journal Article,Quality Prediction for Injection Molding by Using a Multilayer Perceptron Neural Network.,"Injection molding has been widely used in the mass production of high-precision products. The finished products obtained through injection molding must have a high quality. Machine parameters do not accurately reflect the molding conditions of the polymer melt; thus, the use of machine parameters leads to erroneous quality judgments. Moreover, the cost of mass inspections of finished products has led to strict restrictions on comprehensive quality testing. Therefore, an automatic quality inspection that provides effective and accurate quality judgment for each injection-molded part is required. This study proposes a multilayer perceptron (MLP) neural network model combined with quality indices for performing fast and automatic prediction of the geometry of finished products. The pressure curves detected by the in-mold pressure sensor, which reflect the flow state of the melt, changes in various indicators and molding quality, were considered in this study. Furthermore, the quality indices extracted from pressure curves with a strong correlation with the part quality were input into the MLP model for learning and prediction. The results indicate that the training and testing of the first-stage holding pressure index, pressure integral index, residual pressure drop index and peak pressure index with respect to the geometric widths were accurate (accuracy rate exceeded 92%), which demonstrates the feasibility of the proposed method."
147,A3_sensors,35162005,PMC8840179,10.3390/s22031261,2022,"Sensors (Basel, Switzerland)",research-article; Journal Article,Carbon SH-SAW-Based Electronic Nose to Discriminate and Classify Sub-ppm NO2.,"In this research, a compact electronic nose (e-nose) based on a shear horizontal surface acoustic wave (SH-SAW) sensor array is proposed for the NO2 detection, classification and discrimination among some of the most relevant surrounding toxic chemicals, such as carbon monoxide (CO), ammonia (NH3), benzene (C6H6) and acetone (C3H6O). Carbon-based nanostructured materials (CBNm), such as mesoporous carbon (MC), reduced graphene oxide (rGO), graphene oxide (GO) and polydopamine/reduced graphene oxide (PDA/rGO) are deposited as a sensitive layer with controlled spray and Langmuir-Blodgett techniques. We show the potential of the mass loading and elastic effects of the CBNm to enhance the detection, the classification and the discrimination of NO2 among different gases by using Machine Learning (ML) techniques (e.g., PCA, LDA and KNN). The small dimensions and low cost make this analytical system a promising candidate for the on-site discrimination of sub-ppm NO2."
148,A3_sensors,36236461,PMC9573480,10.3390/s22197363,2022,"Sensors (Basel, Switzerland)",research-article; Journal Article,Toward Mental Effort Measurement Using Electrodermal Activity Features.,"The ability to monitor mental effort during a task using a wearable sensor may improve productivity for both work and study. The use of the electrodermal activity (EDA) signal for tracking mental effort is an emerging area of research. Through analysis of over 92 h of data collected with the Empatica E4 on a single participant across 91 different activities, we report on the efficacy of using EDA features getting at signal intensity, signal dispersion, and peak intensity for prediction of the participant's self-reported mental effort. We implemented the logistic regression algorithm as an interpretable machine learning approach and found that features related to signal intensity and peak intensity were most useful for the prediction of whether the participant was in a self-reported high mental effort state; increased signal and peak intensity were indicative of high mental effort. When cross-validated by activity moderate predictive efficacy was achieved (AUC = 0.63, F1 = 0.63, precision = 0.64, recall = 0.63) which was significantly stronger than using the model bias alone. Predicting mental effort using physiological data is a complex problem, and our findings add to research from other contexts showing that EDA may be a promising physiological indicator to use for sensor-based self-monitoring of mental effort throughout the day. Integration of other physiological features related to heart rate, respiration, and circulation may be necessary to obtain more accurate predictions."
149,A3_sensors,36964430,PMC10039194,10.1007/s40820-023-01054-0,2023,Nano-micro letters,research-article; Journal Article,Mechanoluminescent-Triboelectric Bimodal Sensors for Self-Powered Sensing and Intelligent Control.,"Self-powered flexible devices with skin-like multiple sensing ability have attracted great attentions due to their broad applications in the Internet of Things (IoT). Various methods have been proposed to enhance mechano-optic or electric performance of the flexible devices; however, it remains challenging to realize the display and accurate recognition of motion trajectories for intelligent control. Here, we present a fully self-powered mechanoluminescent-triboelectric bimodal sensor based on micro-nanostructured mechanoluminescent elastomer, which can patterned-display the force trajectories. The deformable liquid metals used as stretchable electrode make the stress transfer stable through overall device to achieve outstanding mechanoluminescence (with a gray value of 107 under a stimulus force as low as 0.3 N and more than 2000 cycles reproducibility). Moreover, a microstructured surface is constructed which endows the resulted composite with significantly improved triboelectric performances (voltage increases from 8 to 24 V). Based on the excellent bimodal sensing performances and durability of the obtained composite, a highly reliable intelligent control system by machine learning has been developed for controlling trolley, providing an approach for advanced visual interaction devices and smart wearable electronics in the future IoT era."
150,A3_sensors,41184430,PMC12583832,10.1038/s41598-025-22251-4,2025,Scientific reports,research-article; Journal Article,Smart monitoring of composite concrete damage using EMI technique with temperature effects compensation and ANN integration.,"The composite materials are widely used across industries however, these materials are prone to damages like cracking and delamination due to its complexity. The Electromechanical Impedance (EMI) technique offers a reliable non-destructive solution for detecting such damage using piezoelectric sensors and enabling effective structural health monitoring and enhancing safety and durability. This study explores the application of the EMI technique for monitoring damages in composite fibre concrete specimens. The specimens were prepared using Ordinary Portland Cement (OPC), fly ash, and polypropylene, glass fiber mixture, water, fine and coarse aggregates. The Piezoelectric sensors were employed to record conductance and susceptance signatures, enabling early detection and quantification of damages. The severity of damages were assessed using statistical indices such as Root Mean Square Deviation (RMSD), Mean Absolute Percentage Deviation (MAPD), and Correlation Coefficient (CC) revealing higher sensitivity. A notable leftward shift in EMI signatures with increasing damage was confirmed progressive structural degradation. Additionally, structural parameters equivalent stiffness and equivalent damping were evaluated, demonstrating a decrease in stiffness and an increase in damping with greater damage depth. Temperature effects on EMI responses were also investigated, necessitating compensation for reliable analysis. An Artificial Neural Network (ANN) model was trained using Levenberg-Marquardt (LM) algorithm and implemented to predict conductance values and damage depth. The developed ANN showed high accuracy, with strong agreement between experimental and predicted results. Overall, the findings confirm the EMI technique's potential for SHM of composite fiber concrete and integration with machine learning for improved predictive its durability assessment."
151,A3_sensors,37496741,PMC10366476,10.3389/fnins.2023.1200701,2023,Frontiers in neuroscience,research-article; Journal Article,Emotional brain network decoded by biological spiking neural network.,"IntroductionEmotional disorders are essential manifestations of many neurological and psychiatric diseases. Nowadays, researchers try to explore bi-directional brain-computer interface techniques to help the patients. However, the related functional brain areas and biological markers are still unclear, and the dynamic connection mechanism is also unknown.MethodsTo find effective regions related to different emotion recognition and intervention, our research focuses on finding emotional EEG brain networks using spiking neural network algorithm with binary coding. We collected EEG data while human participants watched emotional videos (fear, sadness, happiness, and neutrality), and analyzed the dynamic connections between the electrodes and the biological rhythms of different emotions.ResultsThe analysis has shown that the local high-activation brain network of fear and sadness is mainly in the parietal lobe area. The local high-level brain network of happiness is in the prefrontal-temporal lobe-central area. Furthermore, the α frequency band could effectively represent negative emotions, while the α frequency band could be used as a biological marker of happiness. The decoding accuracy of the three emotions reached 86.36%, 95.18%, and 89.09%, respectively, fully reflecting the excellent emotional decoding performance of the spiking neural network with self- backpropagation.DiscussionThe introduction of the self-backpropagation mechanism effectively improves the performance of the spiking neural network model. Different emotions exhibit distinct EEG networks and neuro-oscillatory-based biological markers. These emotional brain networks and biological markers may provide important hints for brain-computer interface technique exploration to help related brain disease recovery."
152,A3_sensors,32478033,PMC7237200,10.3389/fchem.2020.00362,2020,Frontiers in chemistry,research-article; Journal Article,Asymptomatic Diagnosis of Huanglongbing Disease Using Metalloporphyrin Functionalized Single-Walled Carbon Nanotubes Sensor Arrays.,"Porphyrins, with or without metal ions (MPs), have been explored and applied in optical and electrochemical sensor fields owing to their special physicochemical properties. The presence of four nitrogen atoms at the centers of porphyrins means that porphyrins chelate most metal ions, which changes the binding ability of MPs with gas molecules via non-specific binding. In this article, we report hybrid chemiresistor sensor arrays based on single-walled carbon nanotubes (SWNTs) non-covalently functionalized with six different MPs using the solvent casting technique. The characteristics of MP-SWNTs were investigated through various optical and electrochemical methods, including UV spectroscopy, Raman, atomic force microscopy, current-voltage (I-V), and field-effect transistor (FET) measurement. The proposed sensor arrays were employed to monitor the four VOCs (tetradecene, linalool, phenylacetaldehyde, and ethylhexanol) emitted by citrus trees infected with Huanglongbing (HLB), of which the contents changed dramatically at the asymptomatic stage. The sensitivity to VOCs could change significantly, exceeding the lower limits of the SWNT-based sensors. For qualitative and quantitative analysis of the four VOCs, the data collected by the sensor arrays were processed using different regression models including partial least squares (PLS) and an artificial neural network (ANN), which further offered a diagnostic basis for Huanglongbing disease at the asymptomatic stage."
153,A3_sensors,34567743,PMC8433330,10.1038/s41378-021-00249-y,2021,Microsystems & nanoengineering,research-article; Journal Article,Optical actuation of a micromechanical photodiode via the photovoltaic-piezoelectric effect.,"Radiation pressure and photothermal forces have been previously used to optically actuate micro/nanomechanical structures fabricated from semiconductor piezoelectric materials such as gallium arsenide (GaAs). In these materials, coupling of the photovoltaic and piezoelectric properties has not been fully explored and leads to a new type of optical actuation that we call the photovoltaic-piezoelectric effect (PVPZ). We demonstrate this effect by electrically measuring, via the direct piezoelectric effect, the optically induced strain in a novel torsional resonator. The micron-scale torsional resonator is fabricated from a lattice-matched single-crystal molecular beam epitaxy (MBE)-grown GaAs photodiode heterostructure. We find that the strain depends on the product of the electro-optic responsivity and piezoelectric constant of GaAs. The photovoltaic-piezoelectric effect has important potential applications, such as in the development of configurable optical circuits, which can be used in neuromorphic photonic chips, processing of big data with deep learning and the development of quantum circuits."
154,A3_sensors,41258162,PMC12630648,10.1038/s41597-025-06090-6,2025,Scientific data,"Dataset; Research Support, U.S. Gov't, Non-P.H.S.; data-paper; Journal Article",A multimodal physiological dataset for non-invasive blood glucose estimation.,"Diabetes is a major health challenge that affects millions of people worldwide. Managing diabetes effectively requires monitoring blood glucose levels continuously, typically through invasive sensing devices such as continuous glucose monitors (CGMs). Blood glucose excursions have been shown to induce changes in several physiological signals such as electrocardiography (ECG), photoplethysmography (PPG) and electrodermal activity (EDA) that can be measured non-invasively with consumer-grade wearable sensors. These physiological changes can be mapped into glucose levels using machine-learning models trained on comprehensive multimodal datasets of physiological signals. However, most existing datasets lack ground-truth measurements from CGMs and often only include aggregated physiological data (e.g. heart rate) at low sampling rates. To address these gaps, we introduce PhysioCGM, an open-source dataset that contains raw physiological recordings from multiple sensors including ECG, PPG, EDA, skin temperature, accelerometry and ground-truth CGM data collected for up to 17 days from 10 participants with Type 1 Diabetes in ambulatory settings. This dataset aims to promote the development of non-invasive methods for glucose monitoring and improve diabetes management."
155,A3_sensors,40212327,PMC11935989,10.1002/smsc.202100083,2022,Small science,research-article; Journal Article,"Biologically Inspired Stretchable, Multifunctional, and 3D Electronic Skin by Strain Visualization and Triboelectric Pressure Sensing.","Electronic skins have been developed for sensing vertical pressure and tensile strain individually. Here, a stretchable, multifunctional, and 3D electronic skin (SMTE) is fabricated to imitate the squid's natural structure to achieve strain visualization and pressure sensing at the same time. The SMTE consists of an anisotropic and elastic light shutter to tune the natural color or fluorescence, which converts the in-plane strain to the visual changes in color and intensity. The shutter also works as an elastic dielectric layer for vertical pressure sensing based on the principle of a single-electrode triboelectric nanogenerator. The performance of the SMTE is demonstrated by integrating it on a model hand as a tactile sensor for touch, bending, and gesture interpretation, which has potential applications in human-machine interaction, soft robots, and artificial intelligence."
156,A3_sensors,34483823,PMC8415782,10.3389/fnins.2021.699631,2021,Frontiers in neuroscience,research-article; Journal Article,Decoding Neural Activity in Sulcal and White Matter Areas of the Brain to Accurately Predict Individual Finger Movement and Tactile Stimuli of the Human Hand.,"Millions of people worldwide suffer motor or sensory impairment due to stroke, spinal cord injury, multiple sclerosis, traumatic brain injury, diabetes, and motor neuron diseases such as ALS (amyotrophic lateral sclerosis). A brain-computer interface (BCI), which links the brain directly to a computer, offers a new way to study the brain and potentially restore impairments in patients living with these debilitating conditions. One of the challenges currently facing BCI technology, however, is to minimize surgical risk while maintaining efficacy. Minimally invasive techniques, such as stereoelectroencephalography (SEEG) have become more widely used in clinical applications in epilepsy patients since they can lead to fewer complications. SEEG depth electrodes also give access to sulcal and white matter areas of the brain but have not been widely studied in brain-computer interfaces. Here we show the first demonstration of decoding sulcal and subcortical activity related to both movement and tactile sensation in the human hand. Furthermore, we have compared decoding performance in SEEG-based depth recordings versus those obtained with electrocorticography electrodes (ECoG) placed on gyri. Initial poor decoding performance and the observation that most neural modulation patterns varied in amplitude trial-to-trial and were transient (significantly shorter than the sustained finger movements studied), led to the development of a feature selection method based on a repeatability metric using temporal correlation. An algorithm based on temporal correlation was developed to isolate features that consistently repeated (required for accurate decoding) and possessed information content related to movement or touch-related stimuli. We subsequently used these features, along with deep learning methods, to automatically classify various motor and sensory events for individual fingers with high accuracy. Repeating features were found in sulcal, gyral, and white matter areas and were predominantly phasic or phasic-tonic across a wide frequency range for both HD (high density) ECoG and SEEG recordings. These findings motivated the use of long short-term memory (LSTM) recurrent neural networks (RNNs) which are well-suited to handling transient input features. Combining temporal correlation-based feature selection with LSTM yielded decoding accuracies of up to 92.04 ± 1.51% for hand movements, up to 91.69 ± 0.49% for individual finger movements, and up to 83.49 ± 0.72% for focal tactile stimuli to individual finger pads while using a relatively small number of SEEG electrodes. These findings may lead to a new class of minimally invasive brain-computer interface systems in the future, increasing its applicability to a wide variety of conditions."
157,A3_sensors,35884309,PMC9313071,10.3390/bios12070506,2022,Biosensors,research-article; Journal Article,Full Soft Capacitive Omnidirectional Tactile Sensor Based on Micro-Spines Electrode and Hemispheric Dielectric Structure.,"Flourishing in recent years, intelligent electronics is desirably pursued in many fields including bio-symbiotic, human physiology regulatory, robot operation, and human-computer interaction. To support this appealing vision, human-like tactile perception is urgently necessary for dexterous object manipulation. In particular, the real-time force perception with strength and orientation simultaneously is critical for intelligent electronic skin. However, it is still very challenging to achieve directional tactile sensing that has eminent properties, and at the same time, has the feasibility for scale expansion. Here, a fully soft capacitive omnidirectional tactile (ODT) sensor was developed based on the structure of MWCNTs coated stripe electrode and Ecoflex hemisphere array dielectric. The theoretical analysis of this structure was conducted for omnidirectional force detection by finite element simulation. Combined with the micro-spine and the hemispheric hills dielectric structure, this sensing structure could achieve omnidirectional detection with high sensitivity (0.306 ± 0.001 kPa-1 under 10 kPa) and a wide response range (2.55 Pa to 160 kPa). Moreover, to overcome the inherent disunity in flexible sensor units due to nano-materials and polymer, machine learning approaches were introduced as a prospective technical routing to recognize various loading angles and finally performed more than 99% recognition accuracy. The practical validity of the design was demonstrated by the detection of human motion, physiological activities, and gripping of a cup, which was evident to have great potential for tactile e-skin for digital medical and soft robotics."
158,A3_sensors,39937914,PMC11818020,10.1126/sciadv.ads1301,2025,Science advances,research-article; Journal Article,Rapidly self-healing electronic skin for machine learning-assisted physiological and movement evaluation.,"Emerging electronic skins (E-Skins) offer continuous, real-time electrophysiological monitoring. However, daily mechanical scratches compromise their functionality, underscoring urgent need for self-healing E-Skins resistant to mechanical damage. Current materials have slow recovery times, impeding reliable signal measurement. The inability to heal within 1 minute is a major barrier to commercialization. A composition achieving 80% recovery within 1 minute has not yet been reported. Here, we present a rapidly self-healing E-Skin tailored for real-time monitoring of physical and physiological bioinformation. The E-Skin recovers more than 80% of its functionality within 10 seconds after physical damage, without the need of external stimuli. It consistently maintains reliable biometric assessment, even in extreme environments such as underwater or at various temperatures. Demonstrating its potential for efficient health assessment, the E-Skin achieves an accuracy exceeding 95%, excelling in wearable muscle strength analytics and on-site AI-driven fatigue identification. This study accelerates the advancement of E-Skin through rapid self-healing capabilities."
159,A3_sensors,36145900,PMC9504861,10.3390/polym14183755,2022,Polymers,research-article; Journal Article,Analysis of Force Sensing Accuracy by Using SHM Methods on Conventionally Manufactured and Additively Manufactured Small Polymer Parts.,"Fabricating complex parts using additive manufacturing is becoming more popular in diverse engineering sectors. Structural Health Monitoring (SHM) methods can be implemented to reduce inspection costs and ensure structural integrity and safety in these parts. In this study, the Surface Response to Excitation (SuRE) method was used to investigate the wave propagation characteristics and load sensing capability in conventionally and additively manufactured ABS parts. For the first set of the test specimens, one conventionally manufactured and three additively manufactured rectangular bar-shaped specimens were prepared. Moreover, four additional parts were also additively manufactured with 30% and 60% infill ratios and 1 mm and 2 mm top surface thicknesses. The external geometry of all parts was the same. Ultrasonic surface waves were generated using three different signals via a piezoelectric actuator bonded to one end of the part. At the other end of each part, a piezoelectric disk was bonded to monitor the response to excitation. It was found that hollow sections inside the 3D printed part slowed down the wave travel. The Continuous Wavelet Transform (CWT) and Short-Time Fourier Transform (STFT) were implemented for converting the recorded sensory data into time-frequency images. These image datasets were fed into a convolutional neural network for the estimation of the compressive loading when the load was applied at the center of specimens at five different levels (0 N, 50 N, 100 N, 150 N, and 200 N). The results showed that the classification accuracy was improved when the CWT scalograms were used."
160,A3_sensors,38555281,PMC10981753,10.1038/s41467-024-47074-1,2024,Nature communications,research-article; Journal Article,Flexible large-area ultrasound arrays for medical applications made using embossed polymer structures.,"With the huge progress in micro-electronics and artificial intelligence, the ultrasound probe has become the bottleneck in further adoption of ultrasound beyond the clinical setting (e.g. home and monitoring applications). Today, ultrasound transducers have a small aperture, are bulky, contain lead and are expensive to fabricate. Furthermore, they are rigid, which limits their integration into flexible skin patches. New ways to fabricate flexible ultrasound patches have therefore attracted much attention recently. First prototypes typically use the same lead-containing piezo-electric materials, and are made using micro-assembly of rigid active components on plastic or rubber-like substrates. We present an ultrasound transducer-on-foil technology based on thermal embossing of a piezoelectric polymer. High-quality two-dimensional ultrasound images of a tissue mimicking phantom are obtained. Mechanical flexibility and effective area scalability of the transducer are demonstrated by functional integration into an endoscope probe with a small radius of 3 mm and a large area (91.2×14 mm2) non-invasive blood pressure sensor."
161,A3_sensors,32574167,PMC7310735,10.1371/journal.pone.0231517,2020,PloS one,"Research Support, Non-U.S. Gov't; research-article; Journal Article",On-line anxiety level detection from biosignals: Machine learning based on a randomized controlled trial with spider-fearful individuals.,"We present performance results concerning the validation for anxiety level detection based on trained mathematical models using supervised machine learning techniques. The model training is based on biosignals acquired in a randomized controlled trial. Wearable sensors were used to collect electrocardiogram, electrodermal activity, and respiration from spider-fearful individuals. We designed and applied ten approaches for data labeling considering individual biosignals as well as subjective ratings. Performance results revealed a selection of trained models adapted for two-level (low and high) and three-level (low, medium and high) classification of anxiety using a minimal set of six features. We obtained a remarkable accuracy of 89.8% for the two-level classification and of 74.4% for the three-level classification using a short time window length of ten seconds when applying the approach that uses subjective ratings for data labeling. Bagged Trees proved to be the most suitable classifier type among the classification models studied. The trained models will have a practical impact on the feasibility study of an augmented reality exposure therapy based on a therapeutic game for the treatment of arachnophobia."
162,A3_sensors,35930645,PMC9355359,10.1126/sciadv.abq2521,2022,Science advances,research-article; Journal Article,Artificial tactile perception smart finger for material identification based on triboelectric sensing.,"Tactile perception includes the direct response of tactile corpuscles to environmental stimuli and psychological parameters associated with brain recognition. To date, several artificial haptic-based sensing techniques can accurately measure physical stimuli. However, quantifying the psychological parameters of tactile perception to achieve texture and roughness identification remains challenging. Here, we developed a smart finger with surpassed human tactile perception, which enabled accurate identification of material type and roughness through the integration of triboelectric sensing and machine learning. In principle, as each material has different capabilities to gain or lose electrons, a unique triboelectric fingerprint output will be generated when the triboelectric sensor is in contact with the measured object. The construction of a triboelectric sensor array could further eliminate interference from the environment, and the accuracy rate of material identification was as high as 96.8%. The proposed smart finger provides the possibility to impart artificial tactile perception to manipulators or prosthetics."
163,A3_sensors,38726180,PMC11079093,10.1016/j.heliyon.2024.e30406,2024,Heliyon,research-article; Journal Article,Cortical signals analysis to recognize intralimb mobility using modified RNN and various EEG quantities.,"Electroencephalogram (EEG) signals are critical in interpreting sensorimotor activities for predicting body movements. However, their efficacy in identifying intralimb movements, such as the dorsiflexion and plantar flexion of the foot, remains suboptimal. This study aims to explore whether various EEG signal quantities can effectively recognize intralimb movements to facilitate the development of Brain-Computer Interface (BCI) devices for foot rehabilitation. This research involved twenty-two healthy, right-handed participants. EEG data were collected using 21 electrodes positioned over the motor cortex, while two electromyography (EMG) electrodes recorded the onset of ankle joint movements. The study focused on analyzing slow cortical potential (SCP) and sensorimotor rhythms (SMR) in alpha and beta bands from the EEG. Five key features-fourth-order Autoregressive feature, variance, waveform length, standard deviation, and permutation entropy-were extracted. A modified Recurrent Neural Network (RNN) including Long Short-term Memory (LSTM) and Gated Recurrent Unit (GRU) algorithms was developed for movement recognition. These were compared against conventional machine learning algorithms, including nonlinear Support Vector Machine (SVM) and k Nearest Neighbourhood (kNN) classifiers. The performance of the proposed models was assessed using two data schemes: within-subject and across-subjects. The findings demonstrated that the GRU and LSTM models significantly outperformed traditional machine learning algorithms in recognizing different EEG signal quantities for intralimb movement. The study indicates that deep learning models, particularly GRU and LSTM, hold superior potential over standard machine learning techniques in identifying intralimb movements using EEG signals. Where the accuracies of LSTM for within and across subjects were 98.87 ± 1.80 % and 87.38 ± 0.86 % respectively. Whereas the accuracy of GRU within and across subjects were 99.18 ± 1.28 % and 86.44 ± 0.69 % respectively. This advancement could significantly benefit the development of BCI devices aimed at foot rehabilitation, suggesting a new avenue for enhancing physical therapy outcomes."
164,A3_sensors,36637495,PMC9838410,10.1007/s00216-023-04514-z,2023,Analytical and bioanalytical chemistry,research-article; Journal Article,Machine learning toward high-performance electrochemical sensors.,"The so-coined fourth paradigm in science has reached the sensing area, with the use of machine learning (ML) toward data-driven improvements in sensitivity, reproducibility, and accuracy, along with the determination of multiple targets from a single measurement using multi-output regression models. Particularly, the use of supervised ML models trained on large data sets produced by electrical and electrochemical bio/sensors has emerged as an impacting trend in the literature by allowing accurate analyses even in the presence of usual issues such as electrode fouling, poor signal-to-noise ratio, chemical interferences, and matrix effects. In this trend article, apart from an outlook for the coming years, we present examples from the literature that demonstrate how helpful ML algorithms can be for dispensing the adoption of experimental methods to address the aforesaid interfering issues, ultimately contributing to translate testing technologies into on-site, practical, and daily applications."
165,A3_sensors,39438483,PMC11496644,10.1038/s41467-024-53517-6,2024,Nature communications,"Research Support, Non-U.S. Gov't; research-article; Journal Article",Avian-inspired embodied perception in biohybrid flapping-wing robotics.,"Avian feather intricate adaptable architecture to wing deformations has catalyzed interest in feathered flapping-wing aircraft with high maneuverability, agility, and stealth. Yet, to mimic avian integrated somatic sensation within stringent weight constraints, remains challenging. Here, we propose an avian-inspired embodied perception approach for biohybrid flapping-wing robots. Our feather-piezoelectric mechanoreceptor leverages feather-based vibration structures and flexible piezoelectric materials to refine and augment mechanoreception via coupled oscillator interactions and robust microstructure adhesion. Utilizing convolutional neural networks with the grey wolf optimizer, we develop tactile perception of airflow velocity and wing flapping frequency proprioception. This method also senses pitch angle via airflow direction and detects wing morphology through feather collisions. Our low-weight, accurate perception of flapping-wing robot flight states is validated by motion capture. This investigation constructs a biomechanically integrated embodied perception system in flapping-wing robots, which holds significant promise in reflex-based control of complex flight maneuvers and natural bird flight surveillance."
166,A3_sensors,39404278,PMC11477666,10.3390/nano14191549,2024,"Nanomaterials (Basel, Switzerland)",research-article; Journal Article,Graphene-Doped Thermoplastic Polyurethane Nanocomposite Film-Based Triboelectric Nanogenerator for Self-Powered Sport Sensor.,"Triboelectric nanogenerators (TENGs), as novel electronic devices for converting mechanical energy into electrical energy, are better suited as signal-testing sensors or as components within larger wearable Internet of Things (IoT) or Artificial Intelligence (AI) systems, where they handle small-device power supply and signal acquisition. Consequently, TENGs hold promising applications in self-powered sensor technology. As global energy supplies become increasingly tight, research into self-powered sensors has become critical. This study presents a self-powered sport sensor system utilizing a triboelectric nanogenerator (TENG), which incorporates a thermoplastic polyurethane (TPU) film doped with graphene and polytetrafluoroethylene (PTFE) as friction materials. The graphene-doped TPU nanocomposite film-based TENG (GT-TENG) demonstrates excellent working durability. Furthermore, the GT-TENG not only consistently powers an LED but also supplies energy to a sports timer and an electronic watch. It serves additionally as a self-powered sensor for monitoring human movement. The design of this self-powered motion sensor system effectively harnesses human kinetic energy, integrating it seamlessly with sport sensing capabilities."
167,A3_sensors,36584356,PMC9887647,10.1021/acssensors.2c02001,2023,ACS sensors,"Research Support, Non-U.S. Gov't; research-article; Journal Article",Multiarray Biosensor for Diagnosing Lung Cancer Based on Gap Plasmonic Color Films.,"Adaptable and sensitive materials are essential for the development of advanced sensor systems such as bio and chemical sensors. Biomaterials can be used to develop multifunctional biosensor applications using genetic engineering. In particular, a plasmonic sensor system using a coupled film nanostructure with tunable gap sizes is a potential candidate in optical sensors because of its simple fabrication, stability, extensive tuning range, and sensitivity to small changes. Although this system has shown a good ability to eliminate humidity as an interferant, its performance in real-world environments is limited by low selectivity. To overcome these issues, we demonstrated the rapid response of gap plasmonic color sensors by utilizing metal nanostructures combined with genetically engineered M13 bacteriophages to detect volatile organic compounds (VOCs) and diagnose lung cancer from breath samples. The M13 bacteriophage was chosen as a recognition element because the structural protein capsid can readily be modified to target the desired analyte. Consequently, the VOCs from various functional groups were distinguished by using a multiarray biosensor based on a gap plasmonic color film observed by hierarchical cluster analysis. Furthermore, the lung cancer breath samples collected from 70 healthy participants and 50 lung cancer patients were successfully classified with a high rate of over 89% through supporting machine learning analysis."
168,A3_sensors,40200687,PMC12243725,10.1002/adma.202500077,2025,"Advanced materials (Deerfield Beach, Fla.)",research-article; Journal Article,Pressure Induced Molecular-Arrangement and Charge-Density Perturbance in Doped Polymer for Intelligent Motion and Vocal Recognitions.,"Conjugated polymers (CPs) show great potential for pressure detection due to the amorphous polymer packing, but a lack of clarity regarding sensing mechanisms hampers the development of further applications. Herein, a sacrificial template-full solution method with both rough surface and high conductivity is described that can be applied to sandwich-structured resistive pressure sensors. Transient absorption measurements demonstrate the significant increase of carrier lifetime (from 1.44 to 2.54 ns) induced by pressure, which directly evidenced the superior sensing mechanism of sidechain doped conjugated polymer. This sensor displayed low-pressure detection limit of 0.7 Pa as well as a rapid response time of 18.8 ms, enabling multi-mode motion analysis including wrist pulse, swallowing, finger bending, grabbing, and typing. Additionally, an intelligent vocal recognition system with convolutional neural networks is used which can achieve >96% classification accuracy across diverse vocal profiles. This general approach is anticipated and enables a new direction for the development of pressure sensors."
169,A3_sensors,34683270,PMC8540298,10.3390/mi12101219,2021,Micromachines,research-article; Journal Article,"Human Motion State Recognition Based on Flexible, Wearable Capacitive Pressure Sensors.","Human motion state recognition technology based on flexible, wearable sensor devices has been widely applied in the fields of human-computer interaction and health monitoring. In this study, a new type of flexible capacitive pressure sensor is designed and applied to the recognition of human motion state. The electrode layers use multi-walled carbon nanotubes (MWCNTs) as conductive materials, and polydimethylsiloxane (PDMS) with microstructures is embedded in the surface as a flexible substrate. A composite film of barium titanate (BaTiO3) with a high dielectric constant and low dielectric loss and PDMS is used as the intermediate dielectric layer. The sensor has the advantages of high sensitivity (2.39 kPa-1), wide pressure range (0-120 kPa), low pressure resolution (6.8 Pa), fast response time (16 ms), fast recovery time (8 ms), lower hysteresis, and stability. The human body motion state recognition system is designed based on a multi-layer back propagation neural network, which can collect, process, and recognize the sensor signals of different motion states (sitting, standing, walking, and running). The results indicate that the overall recognition rate of the system for the human motion state reaches 94%. This proves the feasibility of the human motion state recognition system based on the flexible wearable sensor. Furthermore, the system has high application potential in the field of wearable motion detection."
170,A3_sensors,39204885,PMC11360066,10.3390/s24165189,2024,"Sensors (Basel, Switzerland)",research-article; Journal Article,Using Flexible-Printed Piezoelectric Sensor Arrays to Measure Plantar Pressure during Walking for Sarcopenia Screening.,"Sarcopenia is an age-related syndrome characterized by the loss of skeletal muscle mass and function. Community screening, commonly used in early diagnosis, usually lacks features such as real-time monitoring, low cost, and convenience. This study introduces a promising approach to sarcopenia screening by dynamic plantar pressure monitoring. We propose a wearable flexible-printed piezoelectric sensing array incorporating barium titanate thin films. Utilizing a flexible printer, we fabricate the array with enhanced compressive strength and measurement range. Signal conversion circuits convert charge signals of the sensors into voltage signals, which are transmitted to a mobile phone via Bluetooth after processing. Through cyclic loading, we obtain the average voltage sensitivity (4.844 mV/kPa) of the sensing array. During a 6 m walk, the dynamic plantar pressure features of 51 recruited participants are extracted, including peak pressures for both sarcopenic and control participants before and after weight calibration. Statistical analysis discerns feature significance between groups, and five machine learning models are employed to screen for sarcopenia with the collected features. The results show that the features of dynamic plantar pressure have great potential in early screening of sarcopenia, and the Support Vector Machine model after feature selection achieves a high accuracy of 93.65%. By combining wearable sensors with machine learning techniques, this study aims to provide more convenient and effective sarcopenia screening methods for the elderly."
171,A3_sensors,39584792,PMC11744520,10.1002/advs.202408313,2025,"Advanced science (Weinheim, Baden-Wurttemberg, Germany)",research-article; Journal Article,Smart Driving Hardware Augmentation by Flexible Piezoresistive Sensor Matrices with Grafted-on Anticreep Composites.,"Signal drift and hysteresis of flexible piezoresistive sensors pose significant challenges against the widespread applications in emerging fields such as electronic skin, wearable equipment for metaverse and human-AI (artificial intelligence) interfaces. To address the creep and relaxation issues associated with pressure-sensitive materials, a highly stable piezoresistive composite is proposed, using polyamide-imide (PAI) fibers as the matrix and in situ grafted-polymerized polyaniline (PANI) as the semi-conducting layer. The PAI with large rigid fluorenylidene groups exhibits a high glass transition temperature of 372 °C (PAI 5-5), which results in an extremely long relaxation time at room temperature and consequently offers outstanding anti-creep/relaxation performances. The enhancement of PAI-PANI interfacial bonding through in situ grafting improves the sensor reliably. The sensor presents high linear sensitivity of 35.3 kPa-1 over a pressure range of 0.2-20 kPa, outstanding repeatability, and excellent dynamic stability with only a 3.8% signal deviation through ≈10 000 cycles. Real-time visualization of pressure distribution is realized by sensor matrices, which demonstrate the capability of tactile gesture recognition on both flat and curved surfaces. The recognition of sitting postures is achieved by two 12 × 12 matrices facilitated by machine learning, which prompts the potential for the augmentation of smart driving."
172,A3_sensors,40814138,PMC12671001,10.1021/acssensors.5c01816,2025,ACS sensors,research-article; Journal Article,Low-Cost Polyphenol-Polypyrrole Molecularly Imprinted Sensor for Point-of-Care Alzheimer's Detection.,"There is an urgent need for rapid, affordable diagnostics for Alzheimer's disease (AD), particularly those that can detect phosphorylated Tau 181 (p-tau181)─a key biomarker─directly in plasma. We present a scalable, label-free electrochemical biosensor fabricated on a printed circuit board platform, integrating a novel nanomolecularly imprinted polymer transducer based on a polyphenol red-polypyrrole composite. This platform enables sensitive detection of p-tau181 in undiluted plasma, serum, and clinical AD samples using a custom-designed potentiostat and machine learning-assisted classification. The sensor achieves a detection limit of 498 fg mL-1, a sensitivity of 8.99 μA/pg mL, and an area under the ROC curve (AUC) of 0.84 in clinical samples, comparable to the single molecule array (SIMOA) assay (AUC = 0.91), but at a fraction of the cost. This integrated platform, validated in real patient samples, demonstrates significant advancement toward accessible, point-of-care diagnostics for early AD detection."
173,A3_sensors,35161507,PMC8840666,10.3390/s22030759,2022,"Sensors (Basel, Switzerland)",research-article; Journal Article,Neural Network-Enabled Flexible Pressure and Temperature Sensor with Honeycomb-like Architecture for Voice Recognition.,"Flexible pressure sensors have been studied as wearable voice-recognition devices to be utilized in human-machine interaction. However, the development of highly sensitive, skin-attachable, and comfortable sensing devices to achieve clear voice detection remains a considerable challenge. Herein, we present a wearable and flexible pressure and temperature sensor with a sensitive response to vibration, which can accurately recognize the human voice by combing with the artificial neural network. The device consists of a polyethylene terephthalate (PET) printed with a silver electrode, a filament-microstructured polydimethylsiloxane (PDMS) film embedded with single-walled carbon nanotubes and a polyimide (PI) film sputtered with a patterned Ti/Pt thermistor strip. The developed pressure sensor exhibited a pressure sensitivity of 0.398 kPa-1 in the low-pressure regime, and the fabricated temperature sensor shows a desirable temperature coefficient of resistance of 0.13% ∘C in the range of 25 ∘C to 105 ∘C. Through training and testing the neural network model with the waveform data of the sensor obtained from human pronunciation, the vocal fold vibrations of different words can be successfully recognized, and the total recognition accuracy rate can reach 93.4%. Our results suggest that the fabricated sensor has substantial potential for application in the human-computer interface fields, such as voice control, vocal healthcare monitoring, and voice authentication."
174,A3_sensors,38398915,PMC10890478,10.3390/mi15020185,2024,Micromachines,research-article; Journal Article,Gesture Recognition Based on a Convolutional Neural Network-Bidirectional Long Short-Term Memory Network for a Wearable Wrist Sensor with Multi-Walled Carbon Nanotube/Cotton Fabric Material.,"Flexible pressure sensors play a crucial role in detecting human motion and facilitating human-computer interaction. In this paper, a type of flexible pressure sensor unit with high sensitivity (2.242 kPa-1), fast response time (80 ms), and remarkable stability (1000 cycles) is proposed and fabricated by the multi-walled carbon nanotube (MWCNT)/cotton fabric (CF) material based on a dip-coating method. Six flexible pressure sensor units are integrated into a flexible wristband and made into a wearable and portable wrist sensor with favorable stability. Then, seven wrist gestures (Gesture Group #1), five letter gestures (Gesture Group #2), and eight sign language gestures (Gesture Group #3) are performed by wearing the wrist sensor, and the corresponding time sequence signals of the three gesture groups (#1, #2, and #3) from the wrist sensor are collected, respectively. To efficiently recognize different gestures from the three groups detected by the wrist sensor, a fusion network model combined with a convolutional neural network (CNN) and the bidirectional long short-term memory (BiLSTM) neural network, named CNN-BiLSTM, which has strong robustness and generalization ability, is constructed. The three types of Gesture Groups were recognized based on the CNN-BiLSTM model with accuracies of 99.40%, 95.00%, and 98.44%. Twenty gestures (merged by Group #1, #2, and #3) were recognized with an accuracy of 96.88% to validate the applicability of the wrist sensor based on this model for gesture recognition. The experimental results denote that the CNN-BiLSTM model has very efficient performance in recognizing different gestures collected from the flexible wrist sensor."
175,A3_sensors,32023865,PMC7038381,10.3390/s20030772,2020,"Sensors (Basel, Switzerland)",research-article; Journal Article,Electronic Tongue Recognition with Feature Specificity Enhancement.,"As a kind of intelligent instrument, an electronic tongue (E-tongue) realizes liquid analysis with an electrode-sensor array and certain machine learning methods. The large amplitude pulse voltammetry (LAPV) is a regular E-tongue type that prefers to collect a large amount of response data at a high sampling frequency within a short time. Therefore, a fast and effective feature extraction method is necessary for machine learning methods. Considering the fact that massive common-mode components (high correlated signals) in the sensor-array responses would depress the recognition performance of the machine learning models, we have proposed an alternative feature extraction method named feature specificity enhancement (FSE) for feature specificity enhancement and feature dimension reduction. The proposed FSE method highlights the specificity signals by eliminating the common mode signals on paired sensor responses. Meanwhile, the radial basis function is utilized to project the original features into a nonlinear space. Furthermore, we selected the kernel extreme learning machine (KELM) as the recognition part owing to its fast speed and excellent flexibility. Two datasets from LAPV E-tongues have been adopted for the evaluation of the machine-learning models. One is collected by a designed E-tongue for beverage identification and the other one is a public benchmark. For performance comparison, we introduced several machine-learning models consisting of different combinations of feature extraction and recognition methods. The experimental results show that the proposed FSE coupled with KELM demonstrates obvious superiority to other models in accuracy, time consumption and memory cost. Additionally, low parameter sensitivity of the proposed model has been demonstrated as well."
176,A3_sensors,40389552,PMC12089585,10.1038/s41598-025-01408-1,2025,Scientific reports,research-article; Journal Article,A cost-effective approach using generative AI and gamification to enhance biomedical treatment and real-time biosensor monitoring.,"Biosensors are crucial to the diagnosis process since they are designed to detect a specific biological analyte by changing from a biological entity into electrical signals that can be processed for further inspection and analysis. The method provides stability while evaluating cancer cell imaging and real-time angiogenesis monitoring, together with a robust, accurate, and successful identification. Nevertheless, there are several advantages to using nanomaterials in biological therapies like cancer therapy. In support of this strategy, gamification creates a new framework for therapeutic training that provides patients and first aid responders with immunological, photothermal, photodynamic, and chemo-like therapy. Multimedia systems, gamification, and generative artificial intelligence enable us to set up virtual training sessions. In these sessions, game-based training is being developed to help with skin cancer early detection and treatment. The study offers a new, cost-effective solution called GAI, which combines gamification and general awareness training in a virtual environment, to give employees and patients a hierarchy of first aid instruction. The goal of GAI is to evaluate a patient's performance at each stage. Nonetheless, the following is how the scaling conditions are defined: learners can be divided into three categories: passive, moderate, and active. Through the use of simulations, we argue that the proposed work's outcome is unique in that it provides learners with therapeutic training that is reliable, effective, efficient, and deliverable. The examination shows good changes in training feasibility, up to 22%, with chemo-like therapy being offered as learning opportunities."
177,A3_sensors,35476814,PMC9045607,10.1371/journal.pone.0267311,2022,PloS one,"research-article; Research Support, U.S. Gov't, Non-P.H.S.; Journal Article",Towards skin-acetone monitors with selective sensitivity: Dynamics of PANI-CA films.,"Most research aimed at measuring biomarkers on the skin is only concerned with sensing chemicals in sweat using electrical signals, but these methods are not truly non-invasive nor non-intrusive because they require substantial amounts of sweat to get a reading. This project aims to create a truly non-invasive wearable sensor that continuously detects the gaseous acetone (a biomarker related to metabolic disorders) that ambiently comes out of the skin. Composite films of polyaniline and cellulose acetate, exhibiting chemo-mechanical actuation upon exposure to gaseous acetone, were tested in the headspaces above multiple solutions containing acetone, ethanol, and water to gauge response sensitivity, selectivity, and repeatability. The bending of the films in response to exposures to these environments was tracked by an automatic video processing code, which was found to out-perform an off-the-shelf deep neural network-based tracker. Using principal component analysis, we showed that the film bending is low dimensional with over 90% of the shape changes being captured with just two parameters. We constructed forward models to predict shape changes from the known exposure history and found that a linear model can explain 40% of the observed variance in film tip angle changes. We constructed inverse models, going from third order fits of shape changes to acetone concentrations where about 45% of the acetone variation and about 30% of ethanol variation are captured by linear models, and non-linear models did not perform substantially better. This suggests there is sufficient sensitivity and inherent selectivity of the films. These models, however, provide evidence for substantial hysteretic or long-time-scale responses of the PANI films, seemingly due to the presence of water. Further experiments will allow more accurate discrimination of unknown exposure environments. Nevertheless, the sensor will operate with high selectivity in low sweat body locations, like behind the ear or on the nails."
178,A3_sensors,35590938,PMC9101362,10.3390/s22093248,2022,"Sensors (Basel, Switzerland)",research-article; Journal Article,Emotion Recognition Using a Reduced Set of EEG Channels Based on Holographic Feature Maps.,"An important function of the construction of the Brain-Computer Interface (BCI) device is the development of a model that is able to recognize emotions from electroencephalogram (EEG) signals. Research in this area is very challenging because the EEG signal is non-stationary, non-linear, and contains a lot of noise due to artifacts caused by muscle activity and poor electrode contact. EEG signals are recorded with non-invasive wearable devices using a large number of electrodes, which increase the dimensionality and, thereby, also the computational complexity of EEG data. It also reduces the level of comfort of the subjects. This paper implements our holographic features, investigates electrode selection, and uses the most relevant channels to maximize model accuracy. The ReliefF and Neighborhood Component Analysis (NCA) methods were used to select the optimal electrodes. Verification was performed on four publicly available datasets. Our holographic feature maps were constructed using computer-generated holography (CGH) based on the values of signal characteristics displayed in space. The resulting 2D maps are the input to the Convolutional Neural Network (CNN), which serves as a feature extraction method. This methodology uses a reduced set of electrodes, which are different between men and women, and obtains state-of-the-art results in a three-dimensional emotional space. The experimental results show that the channel selection methods improve emotion recognition rates significantly with an accuracy of 90.76% for valence, 92.92% for arousal, and 92.97% for dominance."
179,A3_sensors,35519130,PMC9055647,10.1039/d0ra03687k,2020,RSC advances,research-article; Journal Article,Cocaine by-product detection with metal oxide semiconductor sensor arrays.,"A range of n-type and p-type metal oxide semiconductor gas sensors based on SnO2 and Cr2O3 materials have been modified with zeolites H-ZSM-5, Na-A and H-Y to create a gas sensor array able to successfully detect a cocaine by-product, methyl benzoate, which is commonly targeted by detection dogs. Exposure to vapours was carried out with eleven sensors. Upon data analysis, four of these that offered promising qualities for detection were subsequently selected to understand whether machine learning methods would enable successful and accurate classification of gases. The capability of discrimination of the four sensor array was assessed against nine different vapours of interest; methyl benzoate, ethane, ethanol, nitrogen dioxide, ammonia, acetone, propane, butane, and toluene. When using the polykernel function (C = 200) in the Weka software - and just five seconds into the gas injection - the model was 94.1% accurate in successfully classifying the data. Although further work is necessary to bring the sensors to a standard of detection that is competitive with that of dogs, these results are very encouraging because they show the potential of metal oxide semiconductor sensors to rapidly detect a cocaine by-product in an inexpensive way."
180,A3_sensors,40813413,PMC12354778,10.1038/s41598-025-06724-0,2025,Scientific reports,research-article; Journal Article,"Synthesis and characterization of hematite nanomaterials imprinted with acetone, ethanol and methanol for AI-Based IoT gas sensor arrays.","Indoor air pollution, primarily caused by volatile organic compounds (VOCs) such as acetone, ethanol, and methanol, poses significant health risks and necessitates the development of efficient, real-time monitoring solutions. Conventional gas sensors often operate at high temperatures and are limited to detecting a single gas type, which restricts their applicability for comprehensive air quality management. To address these challenges, this study presents the development and evaluation of an advanced electronic nose (E-nose) system capable of detecting acetone, ethanol, and methanol at low operating temperatures. The proposed E-nose system comprises a gas sensor array integrating three metal oxide sensors (SM10, SE10, and Sp) designed for the simultaneous detection of these VOCs. The sensor array is seamlessly combined with Internet of Things (IoT) and cloud-based platforms to enable real-time gas monitoring and analysis. Hematite nanomaterials, imprinted with ethanol and methanol at varying concentrations of 10%, 15%, and 25%, were synthesized via a hydrothermal method. Comprehensive characterization of the synthesized nanopowders was performed using scanning electron microscopy (SEM), X-ray diffraction (XRD), photoluminescence (PL), and thermogravimetric analysis (TGA). Electrical performance assessments, including response versus temperature, resistance versus gas concentration, and output voltage versus gas concentration, were conducted to evaluate sensor efficiency. To enhance the accuracy and reliability of gas detection, artificial intelligence (AI) algorithms were employed to analyze sensor data, enabling precise gas concentration monitoring and issuing alerts when predefined threshold levels are exceeded. The dataset, obtained from sensor responses to different concentrations of acetone, ethanol, and methanol, was analyzed using multiple hybrid machine learning models, including CNN-LSTM, PCA-CNN-LSTM, PCA-XGBoost, Random Forest (RF), RF-GB, RF-GB-NN, and KNN. Notably, the RF, RF-GB, and RF-GB-NN models achieved 100% accuracy in classifying both gas type and condition. Regression analysis further demonstrated that the RF-GB model achieved an ideal coefficient of determination (R2 = 1) across all three gases, with RF and RF-GB-NN yielding R2 values of 0.999. Among the models, RF-GB exhibited the lowest limit of detection (LOD), while RF presented relatively higher LOD values. The findings validate the effectiveness of the developed sensor array, combined with AI-driven analysis, in accurately classifying and quantifying gas concentrations. Threshold values were established at 500 ppm for acetone and ethanol, and 200 ppm for methanol, with monitoring capabilities tailored to these limits."
181,A3_sensors,38257578,PMC11154430,10.3390/s24020486,2024,"Sensors (Basel, Switzerland)",research-article; Journal Article,Application of Dynamic Mode Decomposition to Characterize Temporal Evolution of Plantar Pressures from Walkway Sensor Data in Women with Cancer.,"Pressure sensor-impregnated walkways transform a person's footfalls into spatiotemporal signals that may be sufficiently complex to inform emerging artificial intelligence (AI) applications in healthcare. Key consistencies within these plantar signals show potential to uniquely identify a person, and to distinguish groups with and without neuromotor pathology. Evidence shows that plantar pressure distributions are altered in aging and diabetic peripheral neuropathy, but less is known about pressure dynamics in chemotherapy-induced peripheral neuropathy (CIPN), a condition leading to falls in cancer survivors. Studying pressure dynamics longitudinally as people develop CIPN will require a composite model that can accurately characterize a survivor's gait consistencies before chemotherapy, even in the presence of normal step-to-step variation. In this paper, we present a state-of-the-art data-driven learning technique to identify consistencies in an individual's plantar pressure dynamics. We apply this technique to a database of steps taken by each of 16 women before they begin a new course of neurotoxic chemotherapy for breast or gynecologic cancer. After extracting gait features by decomposing spatiotemporal plantar pressure data into low-rank dynamic modes characterized by three features: frequency, a decay rate, and an initial condition, we employ a machine-learning model to identify consistencies in each survivor's walking pattern using the centroids for each feature. In this sample, our approach is at least 86% accurate for identifying the correct individual using their pressure dynamics, whether using the right or left foot, or data from trials walked at usual or fast speeds. In future work, we suggest that persistent deviation from a survivor's pre-chemotherapy step consistencies could be used to automate the identification of peripheral neuropathy and other chemotherapy side effects that impact mobility."
182,A3_sensors,34434076,PMC8381950,10.1080/14686996.2021.1961100,2021,Science and technology of advanced materials,research-article; Journal Article,"Waterproof, thin, high-performance pressure sensors-hand drawing for underwater wearable applications.","Wearable sensors, especially pressure sensors, have become an indispensable part of life when reflecting human interactions and surroundings. However, the difficulties in technology and production-cost still limit their applicability in the field of human monitoring and healthcare. Herein, we propose a fabrication method with flexible, waterproof, thin, and high-performance circuits - based on hand-drawing for pressure sensors. The shape of the sensor is drawn on the pyralux film without assistance from any designing software and the wet-tissues coated by CNTs act as a sensing layer. Such sensor showed a sensitivity (~0.2 kPa-1) while ensuring thinness (~0.26 mm) and flexibility for touch detection or breathing monitoring. More especially, our sensor is waterproof for underwater wearable applications, which is a drawback of conventional paper-based sensors. Its outstanding capability is demonstrated in a real application when detecting touch actions to control a phone, while the sensor is dipped underwater. In addition, by leveraging machine learning technology, these touch actions were processed and classified to achieve highly accurate monitoring (up to 94%). The available materials, easy fabrication techniques, and machine learning algorithms are expected to bring significant contributions to the development of hand-drawing sensors in the future."
183,A3_sensors,40431806,PMC12115265,10.3390/s25103011,2025,"Sensors (Basel, Switzerland)",research-article; Journal Article,Real-Time Detection and Localization of Force on a Capacitive Elastomeric Sensor Array Using Image Processing and Machine Learning.,"Soft and flexible capacitive tactile sensors are vital in prosthetics, wearable health monitoring, and soft robotics applications. However, achieving accurate real-time force detection and spatial localization remains a significant challenge, especially in dynamic, non-rigid environments like prosthetic liners. This study presents a real-time force point detection and tracking system using a custom-fabricated soft elastomeric capacitive sensor array in conjunction with image processing and machine learning techniques. The system integrates Otsu's thresholding, Connected Component Labeling, and a tailored cluster-tracking algorithm for anomaly detection, enabling real-time localization within 1 ms. A 6×6 Dragon Skin-based sensor array was fabricated, embedded with copper yarn electrodes, and evaluated using a UR3e robotic arm and a Schunk force-torque sensor to generate controlled stimuli. The fabricated tactile sensor measures the applied force from 1 to 3 N. Sensor output was captured via a MUCA breakout board and Arduino Nano 33 IoT, transmitting the Ratio of Mutual Capacitance data for further analysis. A Python-based processing pipeline filters and visualizes the data with real-time clustering and adaptive thresholding. Machine learning models such as linear regression, Support Vector Machine, decision tree, and Gaussian Process Regression were evaluated to correlate force with capacitance values. Decision Tree Regression achieved the highest performance (R2=0.9996, RMSE=0.0446), providing an effective correlation factor of 51.76 for force estimation. The system offers robust performance in complex interactions and a scalable solution for soft robotics and prosthetic force mapping, supporting health monitoring, safe automation, and medical diagnostics."
184,A3_sensors,40094081,PMC11905930,10.1021/acsaelm.4c02059,2025,ACS applied electronic materials,research-article; Journal Article,Hydrogel In-Tape Electronic Tongue.,"An electronic tongue is a sensor-based system designed to mimic human taste by detecting and analyzing the chemical properties of liquids through electrochemical methods. Here, we introduce the HITS concept, an electronic tongue system that enables rapid and sequential classification of various beverages. This system utilizes a single, cost-effective platform with interdigital electrodes made of carbon printed on recyclable poly(ethylene terephthalate) (PET), significantly reducing the need for multiple electrodes. With the use of interchangeable hydrogel tapes, the system requires a single deep (150 μL) pore per analysis, allowing for efficient sequential testing. The hydrogel seamlessly accommodates the electrode interface and operates with a semisolid electrolyte, achieving ultrafast analysis times of just 5 min. Employing AI and machine learning algorithms, HITS accurately differentiated between coffee, juice, water, white wine, and red wine with a 100% success rate. This sustainable approach combines high precision, speed, and low environmental impact, offering a versatile solution for various technological applications, including food science, quality control, and health monitoring. This e-solution not only enhances precision and speed but also aligns with growing environmental concerns, offering a low-impact and scalable platform for advanced liquid analysis."
185,A3_sensors,40433949,PMC12412577,10.1002/advs.202414732,2025,"Advanced science (Weinheim, Baden-Wurttemberg, Germany)",research-article; Journal Article,Soft Bioelectronic Interfaces for Continuous Peripheral Neural Signal Recording and Robust Cross-Subject Decoding.,"Accurate decoding of peripheral nerve signals is essential for advancing neuroscience research, developing therapeutics for neurological disorders, and creating reliable human-machine interfaces. However, the poor mechanical compliance of conventional metal electrodes and limited generalization of existing decoding models have significantly hindered progress in understanding peripheral nerve function. This study introduces low-impedance, soft-conducting polymer electrodes capable of forming stable, intimate contacts with peripheral nerve tissues, allowing for continuous and reliable recording of neural activity in awake animals. Using this unique dataset of neurophysiological signals, a neural network model that integrates both handcrafted and deep learning-derived features, while incorporating parameter-sharing and adaptation training strategies, is developed. This approach significantly improves the generalizability of the decoding model across subjects, reducing the reliance on extensive training data. The findings not only deepen the understanding of peripheral nerve function but also open avenues for developing advanced interventions to augment and restore neurological functions."
186,A3_sensors,40859909,PMC12631923,10.1002/advs.202507610,2025,"Advanced science (Weinheim, Baden-Wurttemberg, Germany)",research-article; Journal Article,Thinned and Welded Silver Nanowires for Intelligent Pressure and Humidity Sensing Enabled by Machine Learning.,"The rapid development of flexible and wearable technologies urgently requires high-performance and compatible flexible electrodes. Silver nanowires (AgNWs) are considered a promising conductive material, but their inherent structural drawbacks significantly hinder their widespread application. Here, an innovative and facile strategy is employed to simultaneously enhance the electrical and optical properties of AgNWs by precisely tuning their microstructure. Thinner AgNWs are achieved through the selective etching, alongside enhanced heating and mechanical properties, stemming from the welded structure and preserved conductive network integrity. A pressure sensor constructed with modified AgNWs demonstrates improved sensitivity compared to one using pristine AgNWs. By leveraging machine learning, the sensor can identify pressing behaviors with different fingers, achieving a high accuracy of 94.5%. The letters of the alphabet are also accurately recognized through analysis of unique resistance patterns in their Morse code. With the incorporation of a moisture-sensitive graphene oxide layer, the device is capable of recognizing human respiration behaviors and detecting voices based on their distinctive respiration and pronunciation patterns. The strategy employed to tailor the functionality of AgNWs, combined with further integration of machine learning, presents a promising avenue for advancing flexible and wearable electronics."
187,A3_sensors,38582770,PMC10998919,10.1038/s41598-024-58843-9,2024,Scientific reports,research-article; Journal Article,Machine learning-enhanced drug testing for simultaneous morphine and methadone detection in urinary biofluids.,"The simultaneous identification of drugs has considerable difficulties due to the intricate interplay of analytes and the interference present in biological matrices. In this study, we introduce an innovative electrochemical sensor that overcomes these hurdles, enabling the precise and simultaneous determination of morphine (MOR), methadone (MET), and uric acid (UA) in urine samples. The sensor harnesses the strategically adapted carbon nanotubes (CNT) modified with graphitic carbon nitride (g-C3N4) nanosheets to ensure exceptional precision and sensitivity for the targeted analytes. Through systematic optimization of pivotal parameters, we attained accurate and quantitative measurements of the analytes within intricate matrices employing the fast Fourier transform (FFT) voltammetry technique. The sensor's performance was validated using 17 training and 12 test solutions, employing the widely acclaimed machine learning method, partial least squares (PLS), for predictive modeling. The root mean square error of cross-validation (RMSECV) values for morphine, methadone, and uric acid were significantly low, measuring 0.1827 µM, 0.1951 µM, and 0.1584 µM, respectively, with corresponding root mean square error of prediction (RMSEP) values of 0.1925 µM, 0.2035 µM, and 0.1659 µM. These results showcased the robust resiliency and reliability of our predictive model. Our sensor's efficacy in real urine samples was demonstrated by the narrow range of relative standard deviation (RSD) values, ranging from 3.71 to 5.26%, and recovery percentages from 96 to 106%. This performance underscores the potential of the sensor for practical and clinical applications, offering precise measurements even in complex and variable biological matrices. The successful integration of g-C3N4-CNT nanocomposites and the robust PLS method has driven the evolution of sophisticated electrochemical sensors, initiating a transformative era in drug analysis."
188,A3_sensors,39575469,PMC11744583,10.1002/advs.202408689,2025,"Advanced science (Weinheim, Baden-Wurttemberg, Germany)","Research Support, Non-U.S. Gov't; research-article; Journal Article",Triboelectric-Inertial Sensing Glove Enhanced by Charge-Retained Strategy for Human-Machine Interaction.,"As technology advances, human-machine interaction (HMI) demands more intuitive and natural methods. To meet this demand, smart gloves, capable of capturing intricate hand movements, are emerging as vital HMI tools. Moreover, triboelectric-based sensors, with their self-powered, cost-effective, and material various characteristics, can offer promising solutions for enhancing existing glove systems. However, a key limitation of these sensors is that charge leakage in the measurement circuit results in capturing only transient signals, rather than continuous changes. To address this issue, a charge-retained circuit that effectively prevents triboelectric signal attenuation is developed, enabling accurate measurement of continuous finger movements. This innovation forms the foundation of a highly integrated smart glove system, enhancing HMI functionality by combining continuous triboelectric signals with inertial sensor data. The system showcases a diverse range of applications, including complex robotic control, virtual reality interaction, smart home lighting adjustments, and intuitive interface operations. Furthermore, by leveraging artificial intelligence (AI) techniques, the system achieves accurate recognition of complex sign language with an impressive 99.38% accuracy. This work presents a charge-retained approach for continuous sensing with triboelectric-based sensors, offering valuable insights for developing future multifunctional HMI and sign language recognition systems. The proposed smart glove system, with its dual-mode sensing and AI integration, holds great potential for revolutionizing various domains and enhancing user experiences."
189,A3_sensors,37679093,PMC10625104,10.1002/advs.202304121,2023,"Advanced science (Weinheim, Baden-Wurttemberg, Germany)",research-article; Journal Article,Bioinspired Young's Modulus-Hierarchical E-Skin with Decoupling Multimodality and Neuromorphic Encoding Outputs to Biosystems.,"As key interfaces for the disabled, optimal prosthetics should elicit natural sensations of skin touch or proprioception, by unambiguously delivering the multimodal signals acquired by the prosthetics to the nervous system, which still remains challenging. Here, a bioinspired temperature-pressure electronic skin with decoupling capability (TPD e-skin), inspired by the high-low modulus hierarchical structure of human skin, is developed to restore such functionality. Due to the bionic dual-state amplifying microstructure and contact resistance modulation, the MXene TPD e-skin exhibits high sensitivity over a wide pressure range and excellent temperature insensitivity (91.2% reduction). Additionally, the high-low modulus structural configuration enables the pressure insensitivity of the thermistor. Furthermore, a neural model is proposed to neutrally code the temperature-pressure signals into three types of nerve-acceptable frequency signals, corresponding to thermoreceptors, slow-adapting receptors, and fast-adapting receptors. Four operational states in the time domain are also distinguished after the neural coding in the frequency domain. Besides, a brain-like machine learning-based fusion process for frequency signals is also constructed to analyze the frequency pattern and achieve object recognition with a high accuracy of 98.7%. The TPD neural system offers promising potential to enable advanced prosthetic devices with the capability of multimodality-decoupling sensing and deep neural integration."
190,A3_sensors,38965248,PMC11224314,10.1038/s41598-024-59263-5,2024,Scientific reports,research-article; Journal Article,Temporal-spatial cross attention network for recognizing imagined characters.,"Previous research has primarily employed deep learning models such as Convolutional Neural Networks (CNNs), and Recurrent Neural Networks (RNNs) for decoding imagined character signals. These approaches have treated the temporal and spatial features of the signals in a sequential, parallel, or single-feature manner. However, there has been limited research on the cross-relationships between temporal and spatial features, despite the inherent association between channels and sampling points in Brain-Computer Interface (BCI) signal acquisition, which holds significant information about brain activity. To address the limited research on the relationships between temporal and spatial features, we proposed a Temporal-Spatial Cross-Attention Network model, named TSCA-Net. The TSCA-Net is comprised of four modules: the Temporal Feature (TF), the Spatial Feature (SF), the Temporal-Spatial Cross (TSCross), and the Classifier. The TF combines LSTM and Transformer to extract temporal features from BCI signals, while the SF captures spatial features. The TSCross is introduced to learn the correlations between the temporal and spatial features. The Classifier predicts the label of BCI data based on its characteristics. We validated the TSCA-Net model using publicly available datasets of handwritten characters, which recorded the spiking activity from two micro-electrode arrays (MEAs). The results showed that our proposed TSCA-Net outperformed other comparison models (EEG-Net, EEG-TCNet, S3T, GRU, LSTM, R-Transformer, and ViT) in terms of accuracy, precision, recall, and F1 score, achieving 92.66 % , 92.77 % , 92.70 % , and 92.58 % , respectively. The TSCA-Net model demonstrated a 3.65 % to 7.49 % improvement in accuracy over the comparison models."
191,A3_sensors,38135939,PMC10740562,10.3390/bioengineering10121348,2023,"Bioengineering (Basel, Switzerland)",research-article; Journal Article,Utilizing Deep Learning Algorithms for Signal Processing in Electrochemical Biosensors: From Data Augmentation to Detection and Quantification of Chemicals of Interest.,"Nanomaterial-based aptasensors serve as useful instruments for detecting small biological entities. This work utilizes data gathered from three electrochemical aptamer-based sensors varying in receptors, analytes of interest, and lengths of signals. Our ultimate objective was the automatic detection and quantification of target analytes from a segment of the signal recorded by these sensors. Initially, we proposed a data augmentation method using conditional variational autoencoders to address data scarcity. Secondly, we employed recurrent-based networks for signal extrapolation, ensuring uniform signal lengths. In the third step, we developed seven deep learning classification models (GRU, unidirectional LSTM (ULSTM), bidirectional LSTM (BLSTM), ConvGRU, ConvULSTM, ConvBLSTM, and CNN) to identify and quantify specific analyte concentrations for six distinct classes, ranging from the absence of analyte to 10 μM. Finally, the second classification model was created to distinguish between abnormal and normal data segments, detect the presence or absence of analytes in the sample, and, if detected, identify the specific analyte and quantify its concentration. Evaluating the time series forecasting showed that the GRU-based network outperformed two other ULSTM and BLSTM networks. Regarding classification models, it turned out signal extrapolation was not effective in improving the classification performance. Comparing the role of the network architectures in classification performance, the result showed that hybrid networks, including both convolutional and recurrent layers and CNN networks, achieved 82% to 99% accuracy across all three datasets. Utilizing short-term Fourier transform (STFT) as the preprocessing technique improved the performance of all datasets with accuracies from 84% to 99%. These findings underscore the effectiveness of suitable data preprocessing methods in enhancing neural network performance, enabling automatic analyte identification and quantification from electrochemical aptasensor signals."
192,A3_sensors,34578657,PMC8472110,10.3390/nano11092341,2021,"Nanomaterials (Basel, Switzerland)",research-article; Journal Article,Scalable Graphene Defect Prediction Using Transferable Learning.,"Notably known for its extraordinary thermal and mechanical properties, graphene is a favorable building block in various cutting-edge technologies such as flexible electronics and supercapacitors. However, the almost inevitable existence of defects severely compromises the properties of graphene, and defect prediction is a difficult, yet important, task. Emerging machine learning approaches offer opportunities to predict target properties such as defect distribution by exploiting readily available data, without incurring much experimental cost. Most previous machine learning techniques require the size of training data and predicted material systems of interest to be identical. This limits their broader application, because in practice a newly encountered material system may have a different size compared with the previously observed ones. In this paper, we develop a transferable learning approach for graphene defect prediction, which can be used on graphene with various sizes or shapes not seen in the training data. The proposed approach employs logistic regression and utilizes data on local vibrational energy distributions of small graphene from molecular dynamics simulations, in the hopes that vibrational energy distributions can reflect local structural anomalies. The results show that our machine learning model, trained only with data on smaller graphene, can achieve up to 80% prediction accuracy of defects in larger graphene under different practical metrics. The present research sheds light on scalable graphene defect prediction and opens doors for data-driven defect detection for a broad range of two-dimensional materials."
193,A3_sensors,40666831,PMC12260224,10.34133/research.0769,2025,"Research (Washington, D.C.)",research-article; Journal Article,Acousto-Electric Conversion Fiber Networks via Regional Activation of Schwann Cell-Derived Exosomes for Neurogenic Bone Regeneration.,"Neurogenic bone regeneration is essential for the effective restoration of bone tissue functionality, with exosomes derived from Schwann cells regionalized in bone injury tissue playing a crucial role in this process. However, precisely regulating the secretion of Schwann cells localized in bone injury tissue to enhance neurogenic bone regeneration remains a considerable challenge. In this study, an injectable, ultrasound-responsive piezoelectric conductive short fiber network (US@SFG) was innovatively developed using uniform short fiber homogenization techniques and multifunctional chemical modifications, enabling precise acoustic-electrical conversion that regionally activated the secretion of miRNAs from Schwann cell-derived exosomes, thereby promoting neurogenic bone regeneration. The incorporation of the piezoelectric polymer glycine imparts superior piezoelectric characteristics to the fiber network, while the conjugated π-electron motion within the conductive graphene network enhances internal electron transfer efficiency, thereby facilitating electrical conductivity. Compared with traditional piezoelectric fiber networks, acousto-electric conversion fiber networks demonstrated a 1.7-fold increase in piezoelectric performance and a 30-fold increase in conductivity, facilitating precise electrochemical regulation under ultrasound stimulation. In vitro studies revealed that acousto-electric conversion fiber networks precisely modulate the secretion of localized Schwann cell exosomal miRNAs (miRNA-494-3p, miRNA-381-3p, and miRNA-369-3p), activating the phosphatidylinositol 3-kinase/protein kinase B and Wnt signaling pathways in bone marrow mesenchymal stem cells, and thereby promoting osteogenic differentiation. Furthermore, in vivo experiments confirmed that under ultrasound imaging guidance, acousto-electric conversion fiber networks could be directed precisely to bone defects, where precise control of ultrasound parameters facilitated acoustic-electrical conversion and electrical signal modulation, markedly promoting the formation of neural networks and bone tissue regeneration. In this study, for the first time, an injectable acousto-electric conversion fiber network was constructed to activate Schwann cell exosomes in bone injury tissue regionally, providing a novel therapeutic strategy and potential molecular targets for neurogenic bone regeneration."
194,A3_sensors,36318700,PMC9670026,10.1021/acs.analchem.2c03446,2022,Analytical chemistry,"Research Support, Non-U.S. Gov't; research-article; Journal Article",Nanoplasmonic Avidity-Based Detection and Quantification of IgG Aggregates.,"Production of therapeutic monoclonal antibodies (mAbs) is a complex process that requires extensive analytical and bioanalytical characterization to ensure high and consistent product quality. Aggregation of mAbs is common and very problematic and can result in products with altered pharmacodynamics and pharmacokinetics and potentially increased immunogenicity. Rapid detection of aggregates, however, remains very challenging using existing analytical techniques. Here, we show a real-time and label-free fiber optical nanoplasmonic biosensor system for specific detection and quantification of immunoglobulin G (IgG) aggregates exploiting Protein A-mediated avidity effects. Compared to monomers, IgG aggregates were found to have substantially higher apparent affinity when binding to Protein A-functionalized sensor chips in a specific pH range (pH 3.8-4.0). Under these conditions, aggregates and monomers showed significantly different binding and dissociation kinetics. Reliable and rapid aggregate quantification was demonstrated with a limit of detection (LOD) and limit of quantification (LOQ) of about 9 and 30 μg/mL, respectively. Using neural network-based curve fitting, it was further possible to simultaneously quantify monomers and aggregates for aggregate concentrations lower than 30 μg/mL. Our work demonstrates a unique avidity-based biosensor approach for fast aggregate analysis that can be used for rapid at-line quality control, including lot/batch release testing. This technology can also likely be further optimized for real-time in-line monitoring of product titers and quality, facilitating process intensification and automation."
195,A3_sensors,39597167,PMC11596923,10.3390/mi15111355,2024,Micromachines,research-article; Journal Article,Highly Flexible and Compressible 3D Interconnected Graphene Foam for Sensitive Pressure Detection.,"A flexible pressure sensor, capable of effectively detecting forces exerted on soft or deformable surfaces, has demonstrated broad application in diverse fields, including human motion tracking, health monitoring, electronic skin, and artificial intelligence systems. However, the design of convenient sensors with high sensitivity and excellent stability is still a great challenge. Herein, we present a multi-scale 3D graphene pressure sensor composed of two types of 3D graphene foam. The sensor exhibits a high sensitivity of 0.42 kPa-1 within the low-pressure range of 0-390 Pa and 0.012 kPa-1 within the higher-pressure range of 0.4 to 42 kPa, a rapid response time of 62 ms, and exceptional repeatability and stability exceeding 10,000 cycles. These characteristics empower the sensor to realize the sensation of a drop of water, the speed of airflow, and human movements."
196,A3_sensors,34300453,PMC8309563,10.3390/s21144713,2021,"Sensors (Basel, Switzerland)",research-article; Journal Article,Physical Activity Recognition Based on a Parallel Approach for an Ensemble of Machine Learning and Deep Learning Classifiers.,"Human activity recognition (HAR) by wearable sensor devices embedded in the Internet of things (IOT) can play a significant role in remote health monitoring and emergency notification to provide healthcare of higher standards. The purpose of this study is to investigate a human activity recognition method of accrued decision accuracy and speed of execution to be applicable in healthcare. This method classifies wearable sensor acceleration time series data of human movement using an efficient classifier combination of feature engineering-based and feature learning-based data representation. Leave-one-subject-out cross-validation of the method with data acquired from 44 subjects wearing a single waist-worn accelerometer on a smart textile, and engaged in a variety of 10 activities, yielded an average recognition rate of 90%, performing significantly better than individual classifiers. The method easily accommodates functional and computational parallelization to bring execution time significantly down."
197,A3_sensors,35003601,PMC8654041,10.1039/d1sc05249g,2021,Chemical science,research-article; Journal Article,A photoprogrammable electronic nose with switchable selectivity for VOCs using MOF films.,"Advanced analytical applications require smart materials and sensor systems that are able to adapt or be configured to specific tasks. Based on reversible photochemistry in nanoporous materials, we present a sensor array with a selectivity that is reversibly controlled by light irradiation. The active material of the sensor array, or electronic nose (e-nose), is based on metal-organic frameworks (MOFs) with photoresponsive fluorinated azobenzene groups that can be optically switched between their trans and cis state. By irradiation with light of different wavelengths, the trans-cis ratio can be modulated. Here we use four trans-cis values as defined states and employ a four-channel quartz-crystal microbalance for gravimetrically monitoring the molecular uptake by the MOF films. We apply the photoprogrammable e-nose to the sensing of different volatile organic compounds (VOCs) and analyze the sensor array data with simple machine-learning algorithms. When the sensor array is in a state with all sensors either in the same trans- or cis-rich state, cross-sensitivity between the analytes occurs and the classification accuracy is not ideal. Remarkably, the VOC molecules between which the sensor array shows cross-sensitivity vary by switching the entire sensor array from trans to cis. By selectively programming the e-nose with light of different colors, each sensor exhibits a different isomer ratio and thus a different VOC affinity, based on the polarity difference between the trans- and cis-azobenzenes. In such photoprogrammed state, the cross-sensitivity is reduced and the selectivity is enhanced, so that the e-nose can perfectly identify the tested VOCs. This work demonstrates for the first time the potential of photoswitchable and thus optically configurable materials as active sensing material in an e-nose for intelligent molecular sensing. The concept is not limited to QCM-based azobenzene-MOF sensors and can also be applied to diverse sensing materials and photoswitches."
198,A3_sensors,37569999,PMC10420204,10.3390/ma16155292,2023,"Materials (Basel, Switzerland)",research-article; Journal Article,The Use of a Radial Basis Function Neural Network and Fuzzy Modelling in the Assessment of Surface Roughness in the MDF Milling Process.,"Wood-based composites are increasingly used in the industry not only because of the shortage of solid wood, but above all because of the better properties, such as high strength and aesthetic appearance compared to wood. Medium-density fiberboard (MDF) is a wood-based composite that is widely used in the furniture industry. In this work, an attempt was made to predict the surface roughness of the machined MDF in the milling process based on acceleration signals from an industrial piezoelectric sensor installed in the cutting zone. The surface roughness parameter Sq was adopted for the evaluation and measurement of surface roughness. The surface roughness prediction was performed using a radial basis function (RBF) artificial neural network (ANN) and a Takagi-Sugeno--Kang (TSK) fuzzy model with subtractive clustering. In the research, as inputs to the ANNs and fuzzy model, the kinematic parameters of the cutting process and selected measures of the acceleration signal were adopted. At the output, the values of the surface roughness parameter Sq were obtained. The results of the experiments show that the surface roughness is influenced not only by the kinematic parameters of the cutting, but also by the vibrations generated during the milling process. Therefore, by combining information on the cutting kinematics parameters and vibration, the accuracy of the surface roughness prediction in the milling process of MDF can be improved. The use of TSK fuzzy modelling based on the subtractive clustering method for integrating the information from many acceleration signal measurements in the examined range of cutting conditions meant the surface roughness was predicted with high accuracy and high reliability. With the help of two tested artificial intelligence tools, it is possible to estimate the surface roughness of the workpiece with only a small error. When using a radial neural network, the root mean square error for estimating the value of the Sq parameter was 0.379 μm, while the estimation error based on fuzzy logic was 0.198 μm. The surface of the sample made with the cutting parameters vc = 76 m/min and vf = 1200 mm/min is characterized by a less concentrated distribution of ordinate densities, compared to the surface of the sample cut with lower feed rates but at the same cutting speed. The most concentrated distribution of ordinate density (for the cutting speed vc = 76 m/min) is characterized by the surface, where the feed rate value was vf = 200 mm/min, with 90% of the material concentrated in the profile height of 28.2 μm. When using an RBF neural network, the RMSE of estimating the value of the Sq parameter was 0.379 μm, while the estimation error based on fuzzy logic was 0.198 μm."
199,A3_sensors,35327241,PMC8947737,10.3390/foods11060817,2022,"Foods (Basel, Switzerland)",research-article; Journal Article,Preparation of Mesoporous Silica Nanosphere-Doped Color-Sensitive Materials and Application in Monitoring the TVB-N of Oysters.,"In this work, a new colorimetric sensor based on mesoporous silica nanosphere-modified color-sensitive materials was established for application in monitoring the total volatile basic nitrogen (TVB-N) of oysters. Firstly, mesoporous silica nanospheres (MSNs) were synthesized based on the improved Stober method, then the color-sensitive materials were doped with MSNs. The ""before image"" and the ""after image"" of the colorimetric senor array, which was composed of nanocolorimetric-sensitive materials by a charge-coupled device (CCD) camera were then collected. The different values of the before and after image were analyzed by principal component analysis (PCA). Moreover, the error back-propagation artificial neural network (BP-ANN) was used to quantitatively predict the TVB-N values of the oysters. The correlation coefficient of the colorimetric sensor array after being doped with MSNs was greatly improved; the Rc and Rp of BP-ANN were 0.9971 and 0.9628, respectively when the principal components (PCs) were 10. Finally, a paired sample t-test was used to verify the accuracy and applicability of the BP-ANN model. The result shows that the colorimetric-sensitive materials doped with MSNs could improve the sensitivity of the colorimetric sensor array, and this research provides a fast and accurate method to detect the TVB-N values in oysters."
200,A3_sensors,41296871,PMC12652324,10.1126/sciadv.ady2661,2025,Science advances,"Research Support, Non-U.S. Gov't; research-article; Journal Article","An intelligent, compact wearable pressure-strain combo sensor system for continuous fetal movement monitoring.","Continuous fetal movement monitoring in late pregnancy may improve fetal wellbeing and pregnancy outcomes. While fetal movements can be visualized with ultrasound, it is intermittent and limited to clinical settings. Inertial measurement units may enable at-home fetal monitoring but usually require a large-footprint, multisensor design. Here, we report smart, compact wearable pressure-strain combo sensors continuously monitoring fetal movements through maternal abdominal skin motions. In the 2D and 3D artificial abdomen systems, our octagonal-shaped gold nanowire-based strain sensor served as an isotropic sensor, enabling omnidirectional simulated ""kicking load"" detection within an area of ~77 (2D) and ~217 cm2 (3D), while an interdigitated electrode-based pressure sensor showed highly sensitive localized load detection. Building upon these findings, we designed compact pressure- and strain-sensing integrated Band-Aids and tested on 59 pregnant women. We developed machine learning models to distinguish fetal from nonfetal movements with >90% accuracy in ultrasound-based validation studies. This AI-powered, Band-Aid-like sensing system offers potential as a compact, comfortable, and accurate continuous out-of-hospital fetal movement monitoring technology."
201,A3_sensors,37591881,PMC10435523,10.1038/s41467-023-40763-3,2023,Nature communications,"Research Support, Non-U.S. Gov't; research-article; Journal Article","Thin, soft, wearable system for continuous wireless monitoring of artery blood pressure.","Continuous monitoring of arterial blood pressure (BP) outside of a clinical setting is crucial for preventing and diagnosing hypertension related diseases. However, current continuous BP monitoring instruments suffer from either bulky systems or poor user-device interfacial performance, hampering their applications in continuous BP monitoring. Here, we report a thin, soft, miniaturized system (TSMS) that combines a conformal piezoelectric sensor array, an active pressure adaptation unit, a signal processing module, and an advanced machine learning method, to allow real wearable, continuous wireless monitoring of ambulatory artery BP. By optimizing the materials selection, control/sampling strategy, and system integration, the TSMS exhibits improved interfacial performance while maintaining Grade A level measurement accuracy. Initial trials on 87 volunteers and clinical tracking of two hypertension individuals prove the capability of the TSMS as a reliable BP measurement product, and its feasibility and practical usability in precise BP control and personalized diagnosis schemes development."
202,A3_sensors,35458810,PMC9028188,10.3390/s22082825,2022,"Sensors (Basel, Switzerland)",research-article; Journal Article,Detection of Human Gait Phases Using Textile Pressure Sensors: A Low Cost and Pervasive Approach.,"Human gait analysis is a standard method used for detecting and diagnosing diseases associated with gait disorders. Wearable technologies, due to their low costs and high portability, are increasingly being used in gait and other medical analyses. This paper evaluates the use of low-cost homemade textile pressure sensors to recognize gait phases. Ten sensors were integrated into stretch pants, achieving an inexpensive and pervasive solution. Nevertheless, such a simple fabrication process leads to significant sensitivity variability among sensors, hindering their adoption in precision-demanding medical applications. To tackle this issue, we evaluated the textile sensors for the classification of gait phases over three machine learning algorithms for time-series signals, namely, random forest (RF), time series forest (TSF), and multi-representation sequence learner (Mr-SEQL). Training and testing signals were generated from participants wearing the sensing pants in a test run under laboratory conditions and from an inertial sensor attached to the same pants for comparison purposes. Moreover, a new annotation method to facilitate the creation of such datasets using an ordinary webcam and a pose detection model is presented, which uses predefined rules for label generation. The results show that textile sensors successfully detect the gait phases with an average precision of 91.2% and 90.5% for RF and TSF, respectively, only 0.8% and 2.3% lower than the same values obtained from the IMU. This situation changes for Mr-SEQL, which achieved a precision of 79% for the textile sensors and 36.8% for the IMU. The overall results show the feasibility of using textile pressure sensors for human gait recognition."
203,A3_sensors,40349187,PMC12224976,10.1002/advs.202500412,2025,"Advanced science (Weinheim, Baden-Wurttemberg, Germany)",research-article; Journal Article,Hybrid Series of Carbon-Vacancy Electrodes for Multi Chemical Vapors Diagnosis Using a Residual Multi-Task Model.,"Detecting individual gases with various sensors is a well-established field in gas sensing. However, substantial challenges and opportunities remain in the simultaneous detection and classification of multiple gases. Artificial intelligence (AI) integrated gas sensor systems effectively enable multi-gas detection using specialized algorithms. Nevertheless, these algorithms are prone to overfitting owing to their high model complexity; this study proposes a sensor array that engineers carbon vacancies in graphene oxide via metal ion doping and high-temperature reduction, enabling high-sensitivity, simultaneous detection of various gases at low temperatures (20 °C). By integrating an advanced artificial intelligence framework, the acquired electrical signals are transformed, and a multi-task learning (MTL) approach is applied to achieve instantaneous identification of four gas types and four-level concentrations. The proposed MTL framework demonstrates superior performance by effectively mitigating overfitting and improving generalization through feature sharing and mutual regularization between gas type classification and concentration estimation tasks. Experimental validation on vehicle exhaust gas fault diagnosis highlights the method's effectiveness and applicability in complex conditions, achieving 98.22% accuracy and 48% faster inference compared to traditional single-task models. This study provides a basis for developing more intelligent and adaptable sensor systems capable."
204,A3_sensors,38543384,PMC10974077,10.3390/polym16060778,2024,Polymers,research-article; Journal Article,Non-Woven Fabric Thermal-Conductive Triboelectric Nanogenerator via Compositing Zirconium Boride.,"With the vigorous development of the Internet of Things, 5G technology, and artificial intelligence, flexible wearable sensors have received great attention. As a simple and low-cost power supply in wearable sensors, the triboelectric nanogenerator (TENG) has a wide range of applications in the field of flexible electronics. However, most polymers are thermally poor conductors (less than 0.1 W/(m·K)), resulting in insufficient heat dissipation performance and limiting the development of TENG. In this study, a high-performance non-woven fabric TENG with strong thermal conductivity (0.26 W/m·K) was achieved by introducing ZrB2 into the polyurethane (PU) matrix. The excellent output performance with an open circuit voltage (Voc) of 347.6 V, a short circuit current (Isc) of 3.61 μA, and an accumulated charge of 142.4 nC endows it with good sensitivity. The electrospun PU/ZrB2 composites exhibit excellent sensing performance to detect body movements in situ, such as pressing, clapping, running, and walking. Moreover, the generated power can light up 224 LED bulbs as a demonstration of self-powering ability."
205,A3_sensors,40399381,PMC12095535,10.1038/s41598-025-02306-2,2025,Scientific reports,research-article; Journal Article,An LSTM-driven thermoelectric coupling response prediction method for shape memory alloy actuators.,"Shape memory alloys (SMAs) show exceptional potential in actuator design due to their shape memory effect and superelasticity, yet their thermoelectric hysteresis challenges accurate modeling. This study proposes a hybrid framework integrating long short-term memory (LSTM) networks with physical kinematics to predict SMA actuator responses. Unlike conventional approaches, our method decouples material behavior prediction from actuator geometry: A single-layer LSTM network processes voltage-time sequences to predict SMA wire's temperature and resistance dynamics, while a physics-based model computes angular displacement through phase transformation and constitutive equations. Trained on 10 experimental conditions (1-2 °C/s heating rates) and tested on 3 unseen cases (0.8 °C/s), the model achieves a mean absolute error of -5 for temperature/resistance outputs. The modular architecture eliminates neural network retraining during structural iterations-only ordinary differential equation parameters require adjustment. This approach advances rapid actuator optimization, demonstrating faster computational efficiency compared to full-physics models. Our findings establish a computationally sustainable paradigm for smart material-based actuation systems, extensible to piezoelectric and magnetostrictive materials through constitutive parameter substitution."
206,A3_sensors,32050503,PMC7158669,10.3390/vetsci7010020,2020,Veterinary sciences,research-article; Journal Article,Lab-Made Electronic Nose for Fast Detection of Listeria monocytogenes and Bacillus cereus.,"The aim of this study is to determine the performance of a lab-made electronic nose (e-nose) composed of an array of metal oxide semiconductor (MOS) gas sensors in the detection and differentiation of Listeria monocytogenes (L. monocytogenes) and Bacillus cereus (B. cereus) incubated in trypticsoy broth (TSB) media. Conventionally, the detection of L. monocytogenes and B. cereus is often performed by enzyme link immunosorbent assay (ELISA) and polymerase chain reaction (PCR). These techniques require trained operators and expert, expensive reagents and specific containment. In this study, three types of samples, namely, TSB media, L. monocytogenes (serotype 4b American Type Culture Collection (ATCC) 13792), and B. cereus (ATCC) 10876, were used for this experiment. Prior to measurement using the e-nose, each bacterium was inoculated in TSB at 1 × 103-104 CFU/mL, followed by incubation for 48 h. To evaluate the performance of the e-nose, the measured data were then analyzed with chemometric models, namely linear and quadratic discriminant analysis (LDA and QDA), and support vector machine (SVM). As a result, the e-nose coupled with SVM showeda high accuracy of 98% in discriminating between TSB media and L. monocytogenes, and between TSB media and B. cereus. It could be concluded that the lab-made e-nose is able to detect rapidly the presence of bacteria L. monocytogenes and B. cereus on TSB media. For the future, it could be used to identify the presence of L. monocytogenes or B. cereus contamination in the routine and fast assessment of food products in animal quarantine."
207,A3_sensors,39685429,PMC11643587,10.3390/ma17235993,2024,"Materials (Basel, Switzerland)",research-article; Journal Article,Multifunctional Sensor Array for User Interaction Based on Dielectric Elastomers with Sputtered Metal Electrodes.,"The integration of textile-based sensing and actuation elements has become increasingly important across various fields, driven by the growing demand for smart textiles in healthcare, sports, and wearable electronics. This paper presents the development of a small, smart dielectric elastomer (DE)-based sensing array designed for user control input in applications such as human-machine interaction, virtual object manipulation, and robotics. DE-based sensors are ideal for textile integration due to their flexibility, lightweight nature, and ability to seamlessly conform to surfaces without compromising comfort. By embedding these sensors into textiles, continuous user interaction can be achieved, providing a more intuitive and unobtrusive user experience. The design of this DE array draws inspiration from a flexible and wearable version of a touchpad, which can be incorporated into clothing or accessories. Integrated advanced machine learning algorithms enhance the sensing system by improving resolution and enabling pattern recognition, reaching a prediction performance of at least 80. Additionally, the array's electrodes are fabricated using a novel sputtering technique for low resistance as well as high geometric flexibility and size reducibility. A new crimping method is also introduced to ensure a reliable connection between the sensing array and the custom electronics. The advantages of the presented design, data evaluation, and manufacturing process comprise a reduced structure size, the flexible adaptability of the system to the respective application, reliable pattern recognition, reduced sensor and line resistance, the adaptability of mechanical force sensitivity, and the integration of electronics. This research highlights the potential for innovative, highly integrated textile-based sensors in various practical applications."
208,A3_sensors,37064914,PMC10097971,10.3389/fphys.2023.1153268,2023,Frontiers in physiology,research-article; Journal Article,Driving drowsiness detection using spectral signatures of EEG-based neurophysiology.,"Introduction: Drowsy driving is a significant factor causing dire road crashes and casualties around the world. Detecting it earlier and more effectively can significantly reduce the lethal aftereffects and increase road safety. As physiological conditions originate from the human brain, so neurophysiological signatures in drowsy and alert states may be investigated for this purpose. In this preface, A passive brain-computer interface (pBCI) scheme using multichannel electroencephalography (EEG) brain signals is developed for spatially localized and accurate detection of human drowsiness during driving tasks. Methods: This pBCI modality acquired electrophysiological patterns of 12 healthy subjects from the prefrontal (PFC), frontal (FC), and occipital cortices (OC) of the brain. Neurological states are recorded using six EEG channels spread over the right and left hemispheres in the PFC, FC, and OC of the sleep-deprived subjects during simulated driving tasks. In post-hoc analysis, spectral signatures of the δ, θ, α, and β rhythms are extracted in terms of spectral band powers and their ratios with a temporal correlation over the complete span of the experiment. Minimum redundancy maximum relevance, Chi-square, and ReliefF feature selection methods are used and aggregated with a Z-score based approach for global feature ranking. The extracted drowsiness attributes are classified using decision trees, discriminant analysis, logistic regression, naïve Bayes, support vector machines, k-nearest neighbors, and ensemble classifiers. The binary classification results are reported with confusion matrix-based performance assessment metrics. Results: In inter-classifier comparison, the optimized ensemble model achieved the best results of drowsiness classification with 85.6% accuracy and precision, 89.7% recall, 87.6% F1-score, 80% specificity, 70.3% Matthews correlation coefficient, 70.2% Cohen's kappa score, and 91% area under the receiver operating characteristic curve with 76-ms execution time. In inter-channel comparison, the best results were obtained at the F8 electrode position in the right FC of the brain. The significance of all the results was validated with a p-value of less than 0.05 using statistical hypothesis testing methods. Conclusions: The proposed scheme has achieved better results for driving drowsiness detection with the accomplishment of multiple objectives. The predictor importance approach has reduced the feature extraction cost and computational complexity is minimized with the use of conventional machine learning classifiers resulting in low-cost hardware and software requirements. The channel selection approach has spatially localized the most promising brain region for drowsiness detection with only a single EEG channel (F8) which reduces the physical intrusiveness in normal driving operation. This pBCI scheme has a good potential for practical applications requiring earlier, more accurate, and less disruptive drowsiness detection using the spectral information of EEG biosignals."
209,A3_sensors,40665932,PMC12510290,10.1002/adma.202509631,2025,"Advanced materials (Deerfield Beach, Fla.)",research-article; Journal Article,Fibrous Pressure Sensor with Unique Resistance Increase under Partial Compression: Coaxial Wet-Spun TiO2/Graphene/Thermoplastic Polyurethane Multi-Wall Multifunctional Fiber.,"Fiber-shaped resistive pressure-sensitive sensors are rare. Although fibers are widely used in strain sensors owing to their structural advantages, developing fiber-shaped resistive pressure sensors is challenging. This challenge arises because the fiber acts as a series circuit along its axis, requiring increased resistance in the compressed region for a significant signal. Coaxial wet-spinning is used to create a multi-walled fiber. The outer layer, made of thermoplastic polyurethane (TPU)/TiO2 slurry, ensured a smooth surface, while the inner core, containing 4% graphene nanoplatelets (GNPs), is extruded at 20 mL h-1. Unlike conventional resistance-increasing pressure sensors, TGTMW fiber shows rising resistance under compression due to microcracks in its multi-wall structure. Its pressure sensitivity is evaluated using various 3D-printed indenters and showcasing its excellent performance. This sensor has found promising applications in remote motion detection, press or slide differentiation through wavelet transforms applied to high-speed sensing data, and real-time signal acquisition from a multi-channel sensing array. Additionally, intuitive visualization software is developed for the sensing array application and implemented a CNN-based machine learning algorithm for data analysis. The system achieved a recognition accuracy of ≈99.6% for 12 different compression modes. This work is believed to propose a new mechanism and design for fiber-based pressure sensors."
210,A3_sensors,37049275,PMC10096685,10.3390/nano13071181,2023,"Nanomaterials (Basel, Switzerland)",research-article; Journal Article,Electrospun Nanofibers Hybrid Wrinkled Micropyramidal Architectures for Elastic Self-Powered Tactile and Motion Sensors.,"Conformable, sensitive, long-lasting, external power supplies-free multifunctional electronics are highly desired for personal healthcare monitoring and artificial intelligence. Herein, we report a series of stretchable, skin-like, self-powered tactile and motion sensors based on single-electrode mode triboelectric nanogenerators. The triboelectric sensors were composed of ultraelastic polyacrylamide (PAAm)/(polyvinyl pyrrolidone) PVP/(calcium chloride) CaCl2 conductive hydrogels and surface-modified silicon rubber thin films. The significant enhancement of electrospun polyvinylidene fluoride (PVDF) nanofiber-modified hierarchically wrinkled micropyramidal architectures for the friction layer was studied. The mechanism of the enhanced output performance of the electrospun PVDF nanofibers and the single-side/double-side wrinkled micropyramidal architectures-based sensors has been discussed in detail. The as-prepared devices exhibited excellent sensitivity of a maximum of 20.1 V/N (or 8.03 V/kPa) as tactile sensors to recognize a wide range of forces from 0.1 N to 30 N at low frequencies. In addition, multiple human motion monitoring was demonstrated, such as knee, finger, wrist, and neck movement and voice recognition. This work shows great potential for skin-like epidermal electronics in long-term medical monitoring and intelligent robot applications."
211,A3_sensors,33364143,PMC7736687,10.3762/bjnano.11.166,2020,Beilstein journal of nanotechnology,research-article; Journal Article,Piezotronic effect in AlGaN/AlN/GaN heterojunction nanowires used as a flexible strain sensor.,"1D semiconductor nanowires (NWs) have been extensively studied in recent years due to the predominant mechanical flexibility caused by a large surface-to-volume ratio and unique electrical and optical properties induced by the 1D quantum confinement effect. Herein, we use a top-down two-step preparation method to synthesize AlGaN/AlN/GaN heterojunction NWs with controllable size. A single NW is transferred to a flexible poly(ethylene terephthalate) substrate and fixed by indium tin oxide electrodes to form an ohmic contact for the strain sensor. An external mechanical stress is introduced to study the performance of the fabricated piezotronic strain sensor. The gauge factor is as high as 30 under compressive or tensile stress, which indicates a high sensitivity of the strain sensor. Periodic strain tests show the high stability and repeatability of the sensor. The working mechanism of the strain sensor is investigated and systematically analyzed under compressive and tensile strain. Here, we describe a strain sensor that shows a great application potential in wearable integrated circuits, in health-monitoring devices, and in artificial intelligence."
212,A3_sensors,35277947,PMC9069389,10.1002/advs.202105550,2022,"Advanced science (Weinheim, Baden-Wurttemberg, Germany)","Research Support, Non-U.S. Gov't; research-article; Journal Article",Optimizing Piezoelectric Nanocomposites by High-Throughput Phase-Field Simulation and Machine Learning.,"Piezoelectric nanocomposites with oxide fillers in a polymer matrix combine the merit of high piezoelectric response of the oxides and flexibility as well as biocompatibility of the polymers. Understanding the role of the choice of materials and the filler-matrix architecture is critical to achieving desired functionality of a composite towards applications in flexible electronics and energy harvest devices. Herein, a high-throughput phase-field simulation is conducted to systematically reveal the influence of morphology and spatial orientation of an oxide filler on the piezoelectric, mechanical, and dielectric properties of the piezoelectric nanocomposites. It is discovered that with a constant filler volume fraction, a composite composed of vertical pillars exhibits superior piezoelectric response and electromechanical coupling coefficient as compared to the other geometric configurations. An analytical regression is established from a linear regression-based machine learning model, which can be employed to predict the performance of nanocomposites filled with oxides with a given set of piezoelectric coefficient, dielectric permittivity, and stiffness. This work not only sheds light on the fundamental mechanism of piezoelectric nanocomposites, but also offers a promising material design strategy for developing high-performance polymer/inorganic oxide composite-based wearable electronics."
213,A3_sensors,39669520,PMC11632522,10.1039/d4na00463a,2025,Nanoscale advances,research-article; Journal Article,Laser writing of metal-oxide doped graphene films for tunable sensor applications.,"Flexible and wearable devices play a pivotal role in the realm of smart portable electronics due to their diverse applications in healthcare monitoring, soft robotics, human-machine interfaces, and artificial intelligence. Nonetheless, the extensive integration of intelligent wearable sensors into mass production faces challenges within a resource-limited environment, necessitating low-cost manufacturing, high reliability, stability, and multi-functionality. In this study, a cost-effective fiber laser direct writing method (fLDW) was illustrated to create highly responsive and robust flexible sensors. These sensors integrate laser-induced graphene (LiG) with mixed metal oxides on a flexible polyimide film. fLDW simplifies the synthesis of graphene, functionalization of carbon structures into graphene oxides and reduced graphene oxides, and deposition of metal-oxide nanoparticles within a single experimental laser writing setup. The preparation and surface modification of dense oxygenated graphene networks and semiconducting metal oxide nanoparticles (CuO x , ZnO x , FeO x ) enables rapid fabrication of LiG/MO x composite sensors with the ability to detect and differentiate various stimuli, including visible light, UV light, temperature, humidity, and magnetic fluxes. Further, this in situ customizability of fLDW-produced sensors allows for tunable sensitivity, response time, recovery time, and selectivity. The normalized current gain of resistive LiG/MO x sensors can be controlled between -2.7 to 3.5, with response times ranging from 0.02 to 15 s, and recovery times from 0.04 to 6 s. Furthermore, the programmable properties showed great endurance after 200 days in air and extended bend cycles. Collectively, these LiG/MO x sensors stand as a testament to the effectiveness of fLDW in economically mass-producing flexible and wearable electronic devices to meet the explicit demands of the Internet of Things."
214,A3_sensors,37744804,PMC10515366,10.1021/acsomega.3c05797,2023,ACS omega,research-article; Journal Article,Machine Learning for Improved Detection of Pathogenic E. coli in Hydroponic Irrigation Water Using Impedimetric Aptasensors: A Comparative Study.,"Reuse of alternative water sources for irrigation (e.g., untreated surface water) is a sustainable approach that has the potential to reduce water gaps, while increasing food production. However, when growing fresh produce, this practice increases the risk of bacterial contamination. Thus, rapid and accurate identification of pathogenic organisms such as Shiga-toxin producing Escherichia coli (STEC) is crucial for resource management when using alternative water(s). Although many biosensors exist for monitoring pathogens in food systems, there is an urgent need for data analysis methodologies that can be applied to accurately predict bacteria concentrations in complex matrices such as untreated surface water. In this work, we applied an impedimetric electrochemical aptasensor based on gold interdigitated electrodes for measuring E. coliO157:H7 in surface water for hydroponic lettuce irrigation. We developed a statistical machine-learning (SML) framework for assessing different existing SML methods to predict the E. coliO157:H7 concentration. In this study, three classes of statistical models were evaluated for optimizing prediction accuracy. The SML framework developed here facilitates selection of the most appropriate analytical approach for a given application. In the case of E. coliO157:H7 prediction in untreated surface water, selection of the optimum SML technique led to a reduction of test set RMSE by at least 20% when compared with the classic analytical technique. The statistical framework and code (open source) include a portfolio of SML models, an approach which can be used by other researchers using electrochemical biosensors to measure pathogens in hydroponic irrigation water for rapid decision support."
215,A3_sensors,40075176,PMC11903668,10.1038/s41598-025-92991-w,2025,Scientific reports,research-article; Journal Article,Graphene metasurfaces biosensor for COVID-19 detection in the infra-red regime.,"This study presents the design and analysis of a biosensor for COVID-19 detection, integrating graphene metasurfaces with gold, silver, and GST materials. The proposed sensor architecture combines a square ring resonator with a circular ring resonator, optimized through COMSOL Multiphysics simulations in the infrared regime. The sensor demonstrates exceptional performance characteristics, with absorption values exceeding 99.5% in the primary detection band (4.2-4.6 μm) and approximately 97.5% in the secondary band (5.0-5.5 μm). The device exhibits high sensitivity (4000 nm/RIU), a detection limit of 0.078, and a figure of merit of 16.000 RIU⁻¹ when utilizing crystalline GST as the substrate material. The sensor's performance was further enhanced through machine learning optimization using XGBoost regression, achieving perfect correlation (R² = 100%) between predicted and experimental values across various operational parameters. The dual-band detection mechanism, combined with the integration of advanced materials and machine learning optimization, offers a promising platform for rapid, label-free, and highly sensitive COVID-19 detection. This research contributes to the development of next-generation biosensing technologies for viral detection and disease diagnosis."
216,A3_sensors,36030295,PMC9420106,10.1038/s41467-022-32749-4,2022,Nature communications,"Research Support, Non-U.S. Gov't; research-article; Research Support, U.S. Gov't, Non-P.H.S.; Journal Article",Integrated biosensor platform based on graphene transistor arrays for real-time high-accuracy ion sensing.,"Two-dimensional materials such as graphene have shown great promise as biosensors, but suffer from large device-to-device variation due to non-uniform material synthesis and device fabrication technologies. Here, we develop a robust bioelectronic sensing platform  composed of  more than 200 integrated sensing units, custom-built high-speed readout electronics, and machine learning inference that overcomes these challenges to achieve rapid, portable, and reliable measurements. The platform demonstrates reconfigurable multi-ion electrolyte sensing capability and provides highly sensitive, reversible, and real-time response for potassium, sodium, and calcium ions in complex solutions despite variations in device performance. A calibration method leveraging the sensor redundancy and device-to-device variation is also proposed, while a machine learning model trained with multi-dimensional information collected through the multiplexed sensor array is used to enhance the sensing system's functionality and accuracy in ion classification."
217,A3_sensors,38654122,PMC11169520,10.1038/s44319-024-00134-5,2024,EMBO reports,research-article; Journal Article,Detecting material state changes in the nucleolus by label-free digital holographic microscopy.,"Ribosome biogenesis is initiated in the nucleolus, a multiphase biomolecular condensate formed by liquid-liquid phase separation. The nucleolus is a powerful disease biomarker and stress biosensor whose morphology reflects function. Here we have used digital holographic microscopy (DHM), a label-free quantitative phase contrast microscopy technique, to detect nucleoli in adherent and suspension human cells. We trained convolutional neural networks to detect and quantify nucleoli automatically on DHM images. Holograms containing cell optical thickness information allowed us to define a novel index which we used to distinguish nucleoli whose material state had been modulated optogenetically by blue-light-induced protein aggregation. Nucleoli whose function had been impacted by drug treatment or depletion of ribosomal proteins could also be distinguished. We explored the potential of the technology to detect other natural and pathological condensates, such as those formed upon overexpression of a mutant form of huntingtin, ataxin-3, or TDP-43, and also other cell assemblies (lipid droplets). We conclude that DHM is a powerful tool for quantitatively characterizing nucleoli and other cell assemblies, including their material state, without any staining."
218,A3_sensors,40115888,PMC11922886,10.3389/fnins.2025.1506104,2025,Frontiers in neuroscience,research-article; Journal Article,Improvement of BCI performance with bimodal SSMVEPs: enhancing response intensity and reducing fatigue.,"Steady-state visual evoked potential (SSVEP) is a widely used brain-computer interface (BCI) paradigm, valued for its multi-target capability and limited EEG electrode requirements. Conventional SSVEP methods frequently lead to visual fatigue and decreased recognition accuracy because of the flickering light stimulation. To address these issues, we developed an innovative steady-state motion visual evoked potential (SSMVEP) paradigm that integrated motion and color stimuli, designed specifically for augmented reality (AR) glasses. Our study aimed to enhance SSMVEP response intensity and reduce visual fatigue. Experiments were conducted under controlled laboratory conditions. EEG data were analyzed using the deep learning algorithm of EEGNet and fast Fourier transform (FFT) to calculate the classification accuracy and assess the response intensity. Experimental results showed that the bimodal motion-color integrated paradigm significantly outperformed single-motion SSMVEP and single-color SSVEP paradigms, respectively, achieving the highest accuracy of 83.81% ± 6.52% under the medium brightness (M) and area ratio of C of 0.6. Enhanced signal-to-noise ratio (SNR) and reduced visual fatigue were also observed, as confirmed by objective measures and subjective reports. The findings verified the bimodal paradigm as a novel application in SSVEP-based BCIs, enhancing both brain response intensity and user comfort."
219,A3_sensors,39512323,PMC11541681,10.1016/j.heliyon.2024.e38762,2024,Heliyon,research-article; Journal Article,Research trends and hot topics of wearable sensors in wound care over past 18 years: A bibliometric analysis.,"ObjectiveThis study determined the development trends, analyzed collaboration networks, and identified research hotspots in the field of wearable sensors for wound care from 2007 to 2024 using a rigorous bibliometric analysis approach.MethodsBibliometric and scientometric analyses were performed utilizing data sourced from the Web of Science Core Collection database. This study examined publication trends, contributions from various countries and institutions, author productivity, keyword prevalence, and citation patterns to discern research hotspots and potential future avenues in the application of wearable sensors for wound care.ResultsThis study included 1177 articles, which demonstrated a marked increase in publications since 2016 and underscores the burgeoning interest in wearable sensors for wound care. China and the United States have emerged as prominent contributors to the research field, exhibiting numerous international collaborations. An analysis of keywords and citation bursts highlighted wound healing, hydrogels, and sensors as the key research foci with recent trends shifting towards the integration of wearable technology with advanced materials and artificial intelligence for advanced wound management. The research landscape is characterized by a diverse network of international collaborations and an emphasis on interdisciplinary approaches that integrate materials science, sensor technology, and clinical applications.ConclusionThe utilization of wearable sensors in wound care constitutes a rapidly progressing area of research, garnering significant interest and promising avenues for future advances. The integration of wearable sensors with advanced materials and AI technologies presents a frontier of opportunity for innovating wound care methodologies, enhancing patient outcomes, and optimizing the allocation of healthcare resources."
220,A3_sensors,37837064,PMC10574864,10.3390/s23198234,2023,"Sensors (Basel, Switzerland)",research-article; Journal Article,A Hierarchical Multitask Learning Approach for the Recognition of Activities of Daily Living Using Data from Wearable Sensors.,"Machine learning with deep neural networks (DNNs) is widely used for human activity recognition (HAR) to automatically learn features, identify and analyze activities, and to produce a consequential outcome in numerous applications. However, learning robust features requires an enormous number of labeled data. Therefore, implementing a DNN either requires creating a large dataset or needs to use the pre-trained models on different datasets. Multitask learning (MTL) is a machine learning paradigm where a model is trained to perform multiple tasks simultaneously, with the idea that sharing information between tasks can lead to improved performance on each individual task. This paper presents a novel MTL approach that employs combined training for human activities with different temporal scales of atomic and composite activities. Atomic activities are basic, indivisible actions that are readily identifiable and classifiable. Composite activities are complex actions that comprise a sequence or combination of atomic activities. The proposed MTL approach can help in addressing challenges related to recognizing and predicting both atomic and composite activities. It can also help in providing a solution to the data scarcity problem by simultaneously learning multiple related tasks so that knowledge from each task can be reused by the others. The proposed approach offers advantages like improved data efficiency, reduced overfitting due to shared representations, and fast learning through the use of auxiliary information. The proposed approach exploits the similarities and differences between multiple tasks so that these tasks can share the parameter structure, which improves model performance. The paper also figures out which tasks should be learned together and which tasks should be learned separately. If the tasks are properly selected, the shared structure of each task can help it learn more from other tasks."
221,A3_sensors,39962053,PMC11832765,10.1038/s41467-025-56089-1,2025,Nature communications,research-article; Journal Article,A biodegradable and restorative peripheral neural interface for the interrogation of neuropathic injuries.,"Monitoring the early-stage healing of severe traumatic nerve injuries is essential to gather physiological and pathological information for timely interventions and optimal clinical outcomes. Traditional diagnostic methods relying on physical examinations, imaging tools, and intraoperative electrophysiological testing present great challenges in continuous and remote monitoring. While implantable peripheral nerve interfaces provide direct access to nerve fibers for precise interrogation and modulation, conventional non-degradable designs pose limited utilization in nerve injury rehabilitation. Here, we introduce a biodegradable and restorative neural interface for wireless real-time tracking and recovery of long-gap nerve injuries. Leveraging machine learning techniques, this electronic platform deciphers nerve recovery status and identifies traumatic neuroma formation at the early phase, enabling timely intervention and significantly improved therapeutic outcomes. The biodegradable nature of the device eliminates the need for retrieval procedures, reducing infection risks and secondary tissue damage. This research sheds light on bioresorbable multifunctional peripheral nerve interfaces for probing neuropathic injuries, offering vital information for early diagnosis and therapeutic intervention."
222,A3_sensors,36679490,PMC9867031,10.3390/s23020693,2023,"Sensors (Basel, Switzerland)",research-article; Journal Article,Acoustic Emission and Artificial Intelligence Procedure for Crack Source Localization.,"The acoustic emission (AE) technique is one of the most widely used in the field of structural monitoring. Its popularity mainly stems from the fact that it belongs to the category of non-destructive techniques (NDT) and allows the passive monitoring of structures. The technique employs piezoelectric sensors to measure the elastic ultrasonic wave that propagates in the material as a result of the crack formation's abrupt release of energy. The recorded signal can be investigated to obtain information about the source crack, its position, and its typology (Mode I, Mode II). Over the years, many techniques have been developed for the localization, characterization, and quantification of damage from the study of acoustic emission. The onset time of the signal is an essential information item to be derived from waveform analysis. This information combined with the use of the triangulation technique allows for the identification of the crack location. In the literature, it is possible to find many methods to identify, with increasing accuracy, the onset time of the P-wave. Indeed, the precision of the onset time detection affects the accuracy of identifying the location of the crack. In this paper, two techniques for the definition of the onset time of acoustic emission signals are presented. The first method is based on the Akaike Information Criterion (AIC) while the second one relies on the use of artificial intelligence (AI). A recurrent convolutional neural network (R-CNN) designed for sound event detection (SED) is trained on three different datasets composed of seismic signals and acoustic emission signals to be tested on a real-world acoustic emission dataset. The new method allows taking advantage of the similarities between acoustic emissions, seismic signals, and sound signals, enhancing the accuracy in determining the onset time."
223,A3_sensors,32340199,PMC7219595,10.3390/s20082397,2020,"Sensors (Basel, Switzerland)",research-article; Journal Article,Experimental Study Comparing the Effectiveness of Physical Isolation and ANN Digital Compensation Methodologies at Eliminating the Stress Wave Effect Error on Piezoelectric Pressure Sensor.,"Stress wave, accompanied by explosion shock wave overpressure measurement and dynamic pressure calibration on shock tube, could cause error signals in the piezoelectric pressure sensor (PPS) used for measuring and calibrating. We may call this error the stress wave effect (SWE). In this paper, the SWE and its isolation from PPS were studied by using a split Hopkinson pressure bar (SHPB). In the experimental study of SWE, when increasing the input stress, the corresponding output signal of the PPS was analyzed, and the existence of SWE was verified using the result of the spectrum analysis of the output signal. The stress wave isolation pedestal used in the stress wave isolation experiment was made of nylon and plexiglass polymer materials. The effects of the isolation pedestal's materials and length on the stress wave isolation were analyzed using the study results. Finally, an artificial neural network (ANN) was trained with the data of the SWE study and was further applied to compensate the SWE error of the PPS output signal. The compensating results were compared with the isolating results, and the advantages and disadvantages of the digital compensation and physical isolation methods were analyzed."
224,A3_sensors,39273725,PMC11395523,10.3390/healthcare12171701,2024,"Healthcare (Basel, Switzerland)",research-article; Journal Article,Machine Learning and Wearable Technology: Monitoring Changes in Biomedical Signal Patterns during Pre-Migraine Nights.,"Migraine is one of the most common neurological disorders, characterized by moderate-to-severe headache episodes. Autonomic nervous system (ANS) alterations can occur at phases of migraine attack. This study investigates patterns of ANS changes during the pre-ictal night of migraine, utilizing wearable biosensor technology in ten individuals. Various physiological, activity-based, and signal processing metrics were examined to train predictive models and understand the relationship between specific features and migraine occurrences. Data were filtered based on specified criteria for nocturnal sleep, and analysis frames ranging from 5 to 120 min were used to improve the diversity of the training sample and investigate the impact of analysis frame duration on feature significance and migraine prediction. Several models, including XGBoost (Extreme Gradient Boosting), HistGradientBoosting (Histogram-Based Gradient Boosting), Random Forest, SVM, and KNN, were trained on unbalanced data and using cost-sensitive learning with a 5:1 ratio. To evaluate the changes in features during pre-migraine nights and nights before migraine-free days, an analysis of variance (ANOVA) was performed. The results showed that the features of electrodermal activity, skin temperature, and accelerometer exhibited the highest F-statistic values and the most significant p-values in the 5 and 10 min frames, which makes them particularly useful for the early detection of migraines. The generalized prediction model using XGBoost and a 5 min analysis frame achieved 0.806 for accuracy, 0.638 for precision, 0.595 for recall, and 0.607 for F1-score. Despite identifying distinguishing features between pre-migraine and migraine-free nights, the performance of the current model suggests the need for further improvements for clinical application."
225,A3_sensors,36506406,PMC9732135,10.1016/j.heliyon.2022.e11889,2022,Heliyon,research-article; Journal Article,Reliability analysis of smart laminated composite plates under static loads using artificial neural networks.,"The applications of smart structures with integrated piezoelectric elements have been expanding in the last few decades due to the abilities of such structures to withstand mechanical loads and operate as sensors or actuators using their electromechanical coupling. The available manufacturing techniques can result in uncertainties in the structure's geometric parameters, which, coupled with uncertainties in material properties, can lead to unexpected failures or unreliable performance. This paper presents a reliability analysis of a smart laminated composite plate made of a graphite/epoxy cross-ply substrate with a piezoelectric fiber-reinforced composite (PFRC) actuator layer under static electrical and mechanical loads. A coupled finite element (FE) model was developed in COMSOL Multiphysics, from which nondimensional stresses and displacements were calculated. To investigate the effects of randomness in the material and geometric properties, an artificial neural network (ANN) model was developed and trained using generated FE data. Monte Carlo Simulation (MCS) and First- and Second-Order Reliability Methods (FORM/SORM) were then used to shed light on the significance of considering randomness in the various material and geometric parameters and the effect of such uncertainty on the resulting nondimensional stresses and displacements. A coefficient of variation (CV) study identified the piezoelectric stress coefficient as the most significant contributing factor to the variation of all nondimensional parameters. Variation in the nondimensional parameters also increases under the application of an electric load. ANN-based FORM, SORM, and MCS all indicate a pattern of low probability of failure until a threshold value of about 3% of input parameter variation is reached, beyond which there is a rapid nonlinear increase in failure probability with increasing input parameter variation."
226,A3_sensors,37939292,PMC10754119,10.1002/advs.202304132,2023,"Advanced science (Weinheim, Baden-Wurttemberg, Germany)","Research Support, Non-U.S. Gov't; research-article; Journal Article",3D Printed Conformal Strain and Humidity Sensors for Human Motion Prediction and Health Monitoring via Machine Learning.,"Wearable sensors have garnered considerable attention due to their flexibility and lightweight characteristics in the realm of healthcare applications. However, developing robust wearable sensors with facile fabrication and good conformity remains a challenge. In this study, a conductive graphene nanoplate-carbon nanotube (GC) ink is synthesized for multi jet fusion (MJF) printing. The layer-by-layer fabrication process of MJF not only improves the mechanical and flame-retardant properties of the printed GC sensor but also bolsters its robustness and sensitivity. The direction of sensor bending significantly impacts the relative resistance changes, allowing for precise investigations of joint motions in the human body, such as those of the fingers, wrists, elbows, necks, and knees. Furthermore, the data of resistance changes collected by the GC sensor are utilized to train a support vector machine with a 95.83% accuracy rate for predicting human motions. Due to its stable humidity sensitivity, the sensor also demonstrates excellent performance in monitoring human breath and predicting breath modes (normal, fast, and deep breath), thereby expanding its potential applications in healthcare. This work opens up new avenues for using MJF-printed wearable sensors for a variety of healthcare applications."
227,A3_sensors,38107253,PMC10722413,10.3389/fchem.2023.1265211,2023,Frontiers in chemistry,research-article; Journal Article,Exploration on flexible wearable sensor motion monitoring based on novel functional polymer conjugated materials.,"With the continuous development of flexible electronics, multi-functional device integration, artificial intelligence technology, etc., flexible wearable sensors are playing an increasingly important role in people's daily motion monitoring. However, current flexible wearable sensors have problems such as low accuracy, poor real-time performance, and poor stability in motion monitoring, which seriously hinder the better application of flexible wearable sensors and are not conducive to the collection and monitoring of motion signals. To this end, this paper designed a flexible wearable sensor motion monitoring system and tested its performance through the preparation and performance research of new functional polymer conjugated materials. The research results show that the motion monitoring system designed based on the new functional polymer conjugated material flexible wearable sensor has good monitoring accuracy and real-time performance. When the output data is 500 pieces, the running monitoring accuracy reaches 95.4%, and the monitoring feedback time is 0.321 s; the high jump movement monitoring accuracy rate reaches 97%, and the monitoring feedback time is 0.287 s; the long jump movement monitoring accuracy rate reaches 96%, and the monitoring feedback time is 0.296 s. This shows that the flexible wearable sensor motion monitoring system of this paper has better performance and can meet the current demand for accuracy and real-time motion monitoring. This study highlights the impact of new functional polymer conjugated materials on flexible wearable sensors, helping to further solve the deficiencies of flexible wearable sensors in sports monitoring and promote their better development."
228,A3_sensors,37631706,PMC10459491,10.3390/s23167166,2023,"Sensors (Basel, Switzerland)",research-article; Journal Article,Gait Stride Length Estimation Using Embedded Machine Learning.,"IntroductionSpatiotemporal gait parameters, e.g., gait stride length, are measurements that are classically derived from instrumented gait analysis. Today, different solutions are available for gait assessment outside the laboratory, specifically for spatiotemporal gait parameters. Such solutions are wearable devices that comprise an inertial measurement unit (IMU) sensor and a microcontroller (MCU). However, these existing wearable devices are resource-constrained. They contain a processing unit with limited processing and memory capabilities which limit the use of machine learning to estimate spatiotemporal gait parameters directly on the device. The solution for this limitation is embedded machine learning or tiny machine learning (tinyML). This study aims to create a machine-learning model for gait stride length estimation deployable on a microcontroller.Materials and methodStarting from a dataset consisting of 4467 gait strides from 15 healthy people, measured by IMU sensor, and using state-of-the-art machine learning frameworks and machine learning operations (MLOps) tools, a multilayer 1D convolutional float32 and int8 model for gait stride length estimation was developed.ResultsThe developed float32 model demonstrated a mean accuracy and precision of 0.23 ± 4.3 cm, and the int8 model demonstrated a mean accuracy and precision of 0.07 ± 4.3 cm. The memory usage for the float32 model was 284.5 kB flash and 31.9 kB RAM. The int8 model memory usage was 91.6 kB flash and 13.6 kB RAM. Both models were able to be deployed on a Cortex-M4F 64 MHz microcontroller with 1 MB flash memory and 256 kB RAM.ConclusionsThis study shows that estimating gait stride length directly on a microcontroller is feasible and demonstrates the potential of embedded machine learning, or tinyML, in designing wearable sensor devices for gait analysis."
229,A3_sensors,33473146,PMC7817683,10.1038/s41598-020-79717-w,2021,Scientific reports,"Research Support, Non-U.S. Gov't; research-article; Journal Article",Identification of the raw and processed Crataegi Fructus based on the electronic nose coupled with chemometric methods.,"Crataegi Fructus (CF) is widely used as a medicinal and edible material around the world. Currently, different types of processed CF products are commonly found in the market. Quality evaluation of them mainly relies on chemical content determination, which is time and money consuming. To rapidly and nondestructively discriminate different types of processed CF products, an electronic nose coupled with chemometrics was developed. The odour detection method of CF was first established by single-factor investigation. Then, the sensor array was optimised by a stepwise discriminant analysis (SDA) and analysis of variance (ANOVA). Based on the best-optimised sensor array, the digital and mode standard were established, realizing the odour quality control of samples. Meanwhile, mathematical prediction models including the discriminant formula and back-propagation neural network (BPNN) model exhibited good evaluation with a high accuracy rate. These results suggest that the developed electronic nose system could be an alternative way for evaluating the odour of different types of processed CF products."
230,A3_sensors,35873055,PMC9300917,10.3389/fchem.2022.930369,2022,Frontiers in chemistry,brief-report; Journal Article,Materials Discovery With Machine Learning and Knowledge Discovery.,"Machine learning and other artificial intelligence methods are gaining increasing prominence in chemistry and materials sciences, especially for materials design and discovery, and in data analysis of results generated by sensors and biosensors. In this paper, we present a perspective on this current use of machine learning, and discuss the prospects of the future impact of extending the use of machine learning to encompass knowledge discovery as an essential step towards a new paradigm of machine-generated knowledge. The reasons why results so far have been limited are given with a discussion of the limitations of machine learning in tasks requiring interpretation. Also discussed is the need to adapt the training of students and scientists in chemistry and materials sciences, to better explore the potential of artificial intelligence capabilities."
231,A3_sensors,40258620,PMC12080340,10.1021/acsnano.5c03601,2025,ACS nano,"Research Support, Non-U.S. Gov't; research-article; Journal Article",Intelligent Olfactory System Utilizing In Situ Ceria Nanoparticle-Integrated Laser-Induced Graphene.,"The digitization of human senses has driven innovation across various technologies and transformed our daily lives, yet the digitization of olfaction remains a challenging frontier. Artificial olfactory systems, or electronic noses (e-noses), offer great potential for environmental monitoring, food safety, healthcare, and the fragrance industry. However, integrating sensor arrays that mimic olfactory receptors remains difficult, typically requiring complex, repetitive, and costly fabrication processes. In this research, we report the development of a porous laser-induced graphene (LIG) sensor array with in situ-doped cerium oxide nanoparticles for the classification of odorant molecules. By adjusting the laser irradiation parameters, we achieve a high degree of physical and chemical diversity in both LIG and CeOx. Consequently, a sensor array exhibiting diverse response patterns to different odorant molecules can be fabricated through one-step laser irradiation of a polymer precursor. Using t-distributed stochastic neighbor embedding (t-SNE) and support vector machine (SVM)-based machine learning, we accurately predict the type and concentration of nine odorant molecules used in perfumes and cosmetics, achieving a high accuracy exceeding 95%. This study provides a rapid and straightforward solution for creating functional olfactory receptor-mimicking arrays, advancing the development of artificial olfaction systems."
232,A3_sensors,34617905,PMC8532020,10.2196/32656,2021,JMIR formative research,research-article; Journal Article,Detecting Subclinical Social Anxiety Using Physiological Data From a Wrist-Worn Wearable: Small-Scale Feasibility Study.,"BackgroundSubclinical (ie, threshold) social anxiety can greatly affect young people's lives, but existing solutions appear inadequate considering its rising prevalence. Wearable sensors may provide a novel way to detect social anxiety and result in new opportunities for monitoring and treatment, which would be greatly beneficial for persons with social anxiety, society, and health care services. Nevertheless, indicators such as skin temperature measured by wrist-worn sensors have not been used in prior work on physiological social anxiety detection.ObjectiveThis study aimed to investigate whether subclinical social anxiety in young adults can be detected using physiological data obtained from wearable sensors, including heart rate, skin temperature, and electrodermal activity (EDA).MethodsYoung adults (N=12) with self-reported subclinical social anxiety (measured using the widely used self-reported version of the Liebowitz Social Anxiety Scale) participated in an impromptu speech task. Physiological data were collected using an E4 Empatica wearable device. Using the preprocessed data and following a supervised machine learning approach, various classification algorithms such as Support Vector Machine, Decision Tree, Random Forest, and K-Nearest Neighbours (KNN) were used to develop models for 3 different contexts. Models were trained to differentiate (1) between baseline and socially anxious states, (2) among baseline, anticipation anxiety, and reactive anxiety states, and (3) social anxiety among individuals with social anxiety of differing severity. The predictive capability of the singular modalities was also explored in each of the 3 supervised learning experiments. The generalizability of the developed models was evaluated using 10-fold cross-validation as a performance index.ResultsWith modalities combined, the developed models yielded accuracies between 97.54% and 99.48% when differentiating between baseline and socially anxious states. Models trained to differentiate among baseline, anticipation anxiety, and reactive anxiety states yielded accuracies between 95.18% and 98.10%. Furthermore, the models developed to differentiate between social anxiety experienced by individuals with anxiety of differing severity scores successfully classified with accuracies between 98.86% and 99.52%. Surprisingly, EDA was identified as the most effective singular modality when differentiating between baseline and social anxiety states, whereas ST was the most effective modality when differentiating anxiety among individuals with social anxiety of differing severity.ConclusionsThe results indicate that it is possible to accurately detect social anxiety as well as distinguish between levels of severity in young adults by leveraging physiological data collected from wearable sensors."
233,A3_sensors,35711672,PMC9188022,10.34133/2022/9814767,2022,"Research (Washington, D.C.)",research-article; Journal Article,A Scalable Bacterial Cellulose Ionogel for Multisensory Electronic Skin.,"Electronic skin (e-skin), a new generation of flexible electronics, has drawn interest in soft robotics, artificial intelligence, and biomedical devices. However, most existing e-skins involve complex preparation procedures and are characterized by single-sensing capability and insufficient scalability. Here, we report on a one-step strategy in which a thermionic source is used for the in situ molecularization of bacterial cellulose polymeric fibers into molecular chains, controllably constructing an ionogel with a scalable mode for e-skin. The synergistic effect of a molecular-scale hydrogen bond interweaving network and a nanoscale fiber skeleton confers a robust tensile strength (up to 7.8 MPa) and high ionic conductivity (up to 62.58 mS/cm) on the as-developed ionogel. Inspired by the tongue to engineer the perceptual patterns in this ionogel, we present a smart e-skin with the perfect combination of excellent ion transport and discriminability, showing six stimulating responses to pressure, touch, temperature, humidity, magnetic force, and even astringency. This study proposes a simple, efficient, controllable, and sustainable approach toward a low-carbon, versatile, and scalable e-skin design and structure-performance development."
234,A3_sensors,34885892,PMC8659114,10.3390/molecules26237310,2021,"Molecules (Basel, Switzerland)",research-article; Journal Article,Mathematical Analysis of Reaction-Diffusion Equations Modeling the Michaelis-Menten Kinetics in a Micro-Disk Biosensor.,"In this study, we have investigated the mathematical model of an immobilized enzyme system that follows the Michaelis-Menten (MM) kinetics for a micro-disk biosensor. The film reaction model under steady state conditions is transformed into a couple differential equations which are based on dimensionless concentration of hydrogen peroxide with enzyme reaction (H) and substrate (S) within the biosensor. The model is based on a reaction-diffusion equation which contains highly non-linear terms related to MM kinetics of the enzymatic reaction. Further, to calculate the effect of variations in parameters on the dimensionless concentration of substrate and hydrogen peroxide, we have strengthened the computational ability of neural network (NN) architecture by using a backpropagated Levenberg-Marquardt training (LMT) algorithm. NNs-LMT algorithm is a supervised machine learning for which the initial data set is generated by using MATLAB built in function known as ""pdex4"". Furthermore, the data set is validated by the processing of the NNs-LMT algorithm to find the approximate solutions for different scenarios and cases of mathematical model of micro-disk biosensors. Absolute errors, curve fitting, error histograms, regression and complexity analysis further validate the accuracy and robustness of the technique."
235,A3_sensors,37046023,PMC10097816,10.1038/s41598-023-33132-z,2023,Scientific reports,"Research Support, Non-U.S. Gov't; research-article; Research Support, U.S. Gov't, Non-P.H.S.; Journal Article",Location-based collective distress using large-scale biosignals in real life for walkable built environments.,"Biosignals from wearable sensors have shown great potential for capturing environmental distress that pedestrians experience from negative stimuli (e.g., abandoned houses, poorly maintained sidewalks, graffiti, and so forth). This physiological monitoring approach in an ambulatory setting can mitigate the subjectivity and reliability concerns of traditional self-reported surveys and field audits. However, to date, most prior work has been conducted in a controlled setting and there has been little investigation into utilizing biosignals captured in real-life settings. This research examines the usability of biosignals (electrodermal activity, gait patterns, and heart rate) acquired from real-life settings to capture the environmental distress experienced by pedestrians. We collected and analyzed geocoded biosignals and self-reported stimuli information in real-life settings. Data was analyzed using spatial methods with statistical and machine learning models. Results show that the machine learning algorithm predicted location-based collective distress of pedestrians with 80% accuracy, showing statistical associations between biosignals and the self-reported stimuli. This method is expected to advance our ability to sense and react to not only built environmental issues but also urban dynamics and emergent events, which together will open valuable new opportunities to integrate human biological and physiological data streams into future built environments and/or walkability assessment applications."
236,A3_sensors,39459093,PMC11509479,10.3390/mi15101219,2024,Micromachines,research-article; Journal Article,3D Light-Direction Sensor Based on Segmented Concentric Nanorings Combined with Deep Learning.,"High-precision, ultra-thin angular detectable imaging upon a single pixel holds significant promise for light-field detection and reconstruction, thereby catalyzing advancements in machine vision and interaction technology. Traditional light-direction angle sensors relying on optical components like gratings and lenses face inherent constraints from diffraction limits in achieving device miniaturization. Recently, angle sensors via coupled double nanowires have demonstrated prowess in attaining high-precision angle perception of incident light at sub-wavelength device scales, which may herald a novel design paradigm for ultra-compact angle sensors. However, the current approach to measuring the three-dimensional (3D) incident light direction is unstable. In this paper, we propose a sensor concept capable of discerning the 3D light-direction based on a segmented concentric nanoring structure that is sensitive to both elevation angle (θ) and azimuth angle (ϕ) at a micrometer device scale and is validated through simulations. Through deep learning (DL) analysis and prediction, our simulations reveal that for angle scanning with a step size of 1°, the device can still achieve a detection range of 0∼360° for ϕ and 45°∼90° for θ, with an average accuracy of 0.19°, and DL can further solve some data aliasing problems to expand the sensing range. Our design broadens the angle sensing dimension based on mutual resonance coupling among nanoring segments, and through waveguide implementation or sensor array arrangements, the detection range can be flexibly adjusted to accommodate diverse application scenarios."
237,A3_sensors,35814562,PMC9259297,10.1155/2022/7571208,2022,Computational intelligence and neuroscience,research-article; Journal Article,EEG Feature Extraction Using Evolutionary Algorithms for Brain-Computer Interface Development.,"Brain-computer interfaces are systems capable of mapping brain activity to specific commands, which enables to remotely automate different types of processes in hardware devices or software applications. However, the development of brain-computer interfaces has been limited by several factors that affect their performance, such as the characterization of events in brain signals and the excessive processing load generated by the high volume of data. In this paper, we propose a method based on computational intelligence techniques to handle these problems, turning them into a single optimization problem. An artificial neural network is used as a classifier for event detection, along with an evolutionary algorithm to find the optimal subset of electrodes and data points that better represents the target event. The obtained results indicate our approach is a competitive and viable alternative for feature extraction in electroencephalograms, leading to high accuracy values and allowing the reduction of a significant amount of data."
238,A3_sensors,38802376,PMC11130282,10.1038/s41377-024-01482-6,2024,"Light, science & applications",research-article; Journal Article,All-optical complex field imaging using diffractive processors.,"Complex field imaging, which captures both the amplitude and phase information of input optical fields or objects, can offer rich structural insights into samples, such as their absorption and refractive index distributions. However, conventional image sensors are intensity-based and inherently lack the capability to directly measure the phase distribution of a field. This limitation can be overcome using interferometric or holographic methods, often supplemented by iterative phase retrieval algorithms, leading to a considerable increase in hardware complexity and computational demand. Here, we present a complex field imager design that enables snapshot imaging of both the amplitude and quantitative phase information of input fields using an intensity-based sensor array without any digital processing. Our design utilizes successive deep learning-optimized diffractive surfaces that are structured to collectively modulate the input complex field, forming two independent imaging channels that perform amplitude-to-amplitude and phase-to-intensity transformations between the input and output planes within a compact optical design, axially spanning ~100 wavelengths. The intensity distributions of the output fields at these two channels on the sensor plane directly correspond to the amplitude and quantitative phase profiles of the input complex field, eliminating the need for any digital image reconstruction algorithms. We experimentally validated the efficacy of our complex field diffractive imager designs through 3D-printed prototypes operating at the terahertz spectrum, with the output amplitude and phase channel images closely aligning with our numerical simulations. We envision that this complex field imager will have various applications in security, biomedical imaging, sensing and material science, among others."
239,A3_sensors,39604355,PMC11603177,10.1038/s41467-024-54743-8,2024,Nature communications,research-article; Journal Article,Deep learning-assisted single-atom detection of copper ions by combining click chemistry and fast scan voltammetry.,"Cell ion channels, cell proliferation and metastasis, and many other life activities are inseparable from the regulation of trace or even single copper ion (Cu+ and/or Cu2+). In this work, an electrochemical sensor for sensitive quantitative detection of 0.4-4 amol L-1 copper ions is developed by adopting: (1) copper ions catalyzing the click-chemistry reaction to capture numerous signal units; (2) special adsorption assembly method of signal units to ensure signal generation efficiency; and (3) fast scan voltammetry at 400 V s-1 to enhance signal intensity. And then, the single-atom detection of copper ions is realized by constructing a multi-layer deep convolutional neural network model FSVNet to extract hidden features and signal information of fast scan voltammograms for 0.2 amol L-1 of copper ions. Here, we show a multiple signal amplification strategy based on functionalized nanomaterials and fast scan voltammetry, together with a deep learning method, which realizes the sensitive detection and even single-atom detection of copper ions."
240,A3_sensors,40269935,PMC12020317,10.1186/s12984-025-01613-z,2025,Journal of neuroengineering and rehabilitation,research-article; Randomized Controlled Trial; Journal Article,First-in-human implementation of a bidirectional somatosensory neuroprosthetic system with wireless communication.,"BackgroundLimitations in upper limb prosthesis function and lack of sensory feedback are major contributors to high prosthesis abandonment rates. Peripheral nerve stimulation and intramuscular recording can restore touch and relay motor intentions for individuals with upper limb loss. Percutaneous systems have enabled significant progress in implanted neural interfaces but require chronic lead maintenance and unwieldy external equipment. Fully implanted sensorimotor systems without percutaneous leads are crucial for advancing implanted neuroprosthetic technologies to long-term community use and commercialization.MethodsWe present the first-in-human technical performance of the implanted Somatosensory Electrical Neurostimulation and Sensing (iSens®) system-an implanted, high-channel count myoelectric sensing and nerve stimulation system that uses wireless communication for advanced prosthetic systems. Two individuals with unilateral transradial amputations received iSens® with four 16-channel composite Flat Interface Nerve Electrodes (C-FINEs) and four Tetra Intramuscular (TIM) electrodes. This study achieved two key objectives to demonstrate system feasibility prior to long-term community use: (1) evaluating the chronic stability of extraneural cuff electrodes, intramuscular electrodes, and active implantable devices in a wirelessly connected system and (2) assessing the impacts of peripheral nerve stimulation on three degree-of-freedom controller performance in a wirelessly connected system to validate iSens® as a bidirectional interface.ResultsSimilar to prior percutaneous systems, we demonstrate chronically stable extraneural cuff electrodes and intramuscular electrodes in a wirelessly connected implanted system for more than two years in one participant and four months in the second participant, whose iSens® system was explanted due to an infection of unknown origin. Using an artificial neural network controller trained on implanted electromyographic data collected during known hand movements, one participant commanded a virtual hand and sensorized prosthesis in 3 degrees-of-freedom. The iSens® system simultaneously produced stimulation for sensation while recording high resolution muscle activity for real-time control. Although restored sensation did not significantly improve initial trials of prosthetic controller performance, the participant reported that sensation was helpful for functional tasks.ConclusionsThis case series describes a wirelessly connected, bidirectional neuroprosthetic system with somatosensory feedback and advanced myoelectric prosthetic control that is ready for implementation in long-term home use clinical trials.Trial registrationClinicalTrials.gov ID: NCT04430218, 2020-06-30."
241,A3_sensors,34242325,PMC8270203,10.1371/journal.pone.0254108,2021,PloS one,"research-article; Research Support, U.S. Gov't, Non-P.H.S.; Journal Article","Exploration of physiological sensors, features, and machine learning models for pain intensity estimation.","In current clinical settings, typically pain is measured by a patient's self-reported information. This subjective pain assessment results in suboptimal treatment plans, over-prescription of opioids, and drug-seeking behavior among patients. In the present study, we explored automatic objective pain intensity estimation machine learning models using inputs from physiological sensors. This study uses BioVid Heat Pain Dataset. We extracted features from Electrodermal Activity (EDA), Electrocardiogram (ECG), Electromyogram (EMG) signals collected from study participants subjected to heat pain. We built different machine learning models, including Linear Regression, Support Vector Regression (SVR), Neural Networks and Extreme Gradient Boosting for continuous value pain intensity estimation. Then we identified the physiological sensor, feature set and machine learning model that give the best predictive performance. We found that EDA is the most information-rich sensor for continuous pain intensity prediction. A set of only 3 features from EDA signals using SVR model gave an average performance of 0.93 mean absolute error (MAE) and 1.16 root means square error (RMSE) for the subject-independent model and of 0.92 MAE and 1.13 RMSE for subject-dependent. The MAE achieved with signal-feature-model combination is less than 1 unit on 0 to 4 continues pain scale, which is smaller than the MAE achieved by the methods reported in the literature. These results demonstrate that it is possible to estimate pain intensity of a patient using a computationally inexpensive machine learning model with 3 statistical features from EDA signal which can be collected from a wrist biosensor. This method paves a way to developing a wearable pain measurement device."
242,A3_sensors,36772139,PMC9920295,10.3390/s23031099,2023,"Sensors (Basel, Switzerland)",research-article; Journal Article,Automated Damage Detection Using Lamb Wave-Based Phase-Sensitive OTDR and Support Vector Machines.,"In this paper, we propose and demonstrate a damage detection technique based on the automatic classification of the Lamb wave signals acquired on a metallic plate. In the reported experiments, Lamb waves are excited in an aluminum plate through a piezoelectric transducer glued onto the monitored structure. The response of the monitored structure is detected through a high-resolution phase-sensitive optical time-domain reflectometer (ϕ-OTDR). The presence and location of a small perturbation, induced by placing a lumped mass of 5 g on the plate, are determined by processing the optical fiber sensor data through support vector machine (SVM) classifiers trained with experimental data. The results show that the proposed method takes full advantage of the multipoint sensing nature of the ϕ-OTDR technology, resulting in accurate damage detection and localization."
243,A3_sensors,35684706,PMC9185300,10.3390/s22114083,2022,"Sensors (Basel, Switzerland)",research-article; Journal Article,Large-Area and Low-Cost Force/Tactile Capacitive Sensor for Soft Robotic Applications.,"This paper presents a novel design and development of a low-cost and multi-touch sensor based on capacitive variations. This new sensor is very flexible and easy to fabricate, making it an appropriate choice for soft robot applications. Materials (conductive ink, silicone, and control boards) used in this sensor are inexpensive and easily found in the market. The proposed sensor is made of a wafer of different layers, silicone layers with electrically conductive ink, and a pressure-sensitive conductive paper sheet. Previous approaches like e-skin can measure the contact point or pressure of conductive objects like the human body or finger, while the proposed design enables the sensor to detect the object's contact point and the applied force without considering the material conductivity of the object. The sensor can detect five multi-touch points at the same time. A neural network architecture is used to calibrate the applied force with acceptable accuracy in the presence of noise, variation in gains, and non-linearity. The force measured in real time by a commercial precise force sensor (ATI) is mapped with the produced voltage obtained by changing the layers' capacitance between two electrode layers. Finally, the soft robot gripper embedding the suggested tactile sensor is utilized to grasp an object with position and force feedback signals."
244,A3_sensors,40363517,PMC12072391,10.3390/ma18092014,2025,"Materials (Basel, Switzerland)",research-article; Journal Article,Anti-Freezing Conductive Ionic Hydrogel-Enabled Triboelectric Nanogenerators for Wearable Speech Recognition.,"Flexible wearable electronics face critical challenges in achieving reliable physiological monitoring, particularly due to the trade-off between sensitivity and durability in flexible electrodes, compounded by mechanical modulus mismatch with biological tissues. To address these limitations, we develop an anti-freezing ionic hydrogel through a chitosan/acrylamide/LiCl system engineered via the solution post-treatment strategy. The optimized hydrogel exhibits exceptional ionic conductivity (24.1 mS/cm at 25 °C) and excellent cryogenic tolerance. Leveraging these attributes, we construct a gel-based triboelectric nanogenerator (G-TENG) that demonstrates ultrahigh sensitivity (1.56 V/kPa) under low pressure. The device enables the precise capture of subtle vibrations at a frequency of 1088 Hz with a signal-to-noise ratio of 16.27 dB and demonstrates operational stability (>16,000 cycles), successfully differentiating complex physiological activities including swallowing, coughing, and phonation. Through machine learning-assisted analysis, the system achieves 96.56% recognition accuracy for five words and demonstrates good signal recognition ability in different ambient sound scenarios. This work provides a paradigm for designing environmentally adaptive wearable sensors through interfacial modulus engineering and ion transport optimization."
245,A3_sensors,40295687,PMC12037853,10.1038/s41598-025-99476-w,2025,Scientific reports,research-article; Journal Article,Theoretical and simulation analysis of a rectangular crack in the piezoelectric material.,"Piezoelectric materials are significantly affected in their mechanical and electrical properties due to the presence of internal cracks (especially rectangular cracks), which in turn impacts the reliability and functionality of the devices.This paper investigates the problem of rectangular cracks in piezoelectric materials through theoretical analysis and numerical simulation. First, the electromechanical coupling governing equations and constitutive relationships of piezoelectric materials are established to analyze the stress field and electric displacement field at the crack tip, providing a theoretical basis for crack propagation behavior. Subsequently, the finite element method is employed to simulate the electromechanical coupling characteristics of rectangular cracks, revealing the variation patterns of stress, displacement, and potential contour plots under mechanical and electromechanical loading for different piezoelectric materials. Finally, The random forest machine learning and response surface method are used for the first time to study rectangular cracks in piezoelectric materials.A random forest regression model is applied to predict the data, and from the residual scatter plot provided, the accuracy of the prediction model is found to be high. Moreover, response surface methodology is used to analyze the influence of crack length, mechanical load, and electric field on crack propagation, offering an optimal model design scheme."
246,A3_sensors,40953879,PMC12434780,10.1136/bmjopen-2025-105597,2025,BMJ open,Clinical Trial Protocol; research-article; Journal Article,"Effectiveness of an AI-enhanced management system for coronary heart disease (AIM-CHD): rationale and design of a single-centre, open-label, randomised, parallel-controlled trial.","IntroductionEffective secondary prevention of coronary heart disease (CHD) is often hindered by limited healthcare resources and poor patient adherence. We therefore developed an artificial intelligence (AI)-enhanced CHD management platform (AIM-CHD) that (i) automatically captures follow-up data through AI-driven voice calls, optical character recognition of laboratory reports and wearable sensor streams; (ii) enables closed-loop, automated risk factor management; and (iii) dynamically personalises follow-up intensity via continuously updated risk stratification and achievement of treatment targets. This trial aims to evaluate whether AIM-CHD improves risk factor control and reduces cardiovascular events compared with usual care.Methods and analysisIn this prospective, single-centre, open-label, randomised controlled trial, 1100 CHD patients aged 18-85 years will be enrolled at Fuwai Hospital and randomised 1:1 to either the AIM-CHD group (n=550) or the usual care group (n=550) for a 3 month post-discharge intervention. The primary outcome is low-density lipoprotein cholesterol (LDL-C) level at 3 months. Secondary outcomes include target achievement for LDL-C and blood pressure, as well as glycosylated haemoglobin level, nonsmoking status, body mass index, composite cardiovascular endpoint and medication adherence.Ethics and disseminationEthical approval was approved by the Ethics Committee of Fuwai Hospital on 4 November 2024 (2024-2422). The findings will be disseminated in peer-reviewed publications. An anonymised template of the written informed-consent form (Chinese and English versions) is available as Supplementary Material 1.Trial registration numberClinicalTrial, NCT06686056."
247,A3_sensors,37486738,PMC10407771,10.2196/45123,2023,JMIR research protocols,research-article; Journal Article,A Wearable Artificial Intelligence Feedback Tool (Wrist Angel) for Treatment and Research of Obsessive Compulsive Disorder: Protocol for a Nonrandomized Pilot Study.,"BackgroundObsessive compulsive disorder (OCD) in youth is characterized by behaviors, emotions, physiological reactions, and family interaction patterns. An essential component of therapy involves increasing awareness of the links among thoughts, emotions, behaviors, bodily sensations, and family interactions. An automatic assessment tool using physiological signals from a wearable biosensor may enable continuous symptom monitoring inside and outside of the clinic and support cognitive behavioral therapy for OCD.ObjectiveThe primary aim of this study is to evaluate the feasibility and acceptability of using a wearable biosensor to monitor OCD symptoms. The secondary aim is to explore the feasibility of developing clinical and research tools that can detect and predict OCD-relevant internal states and interpersonal processes with the use of speech and behavioral signals.MethodsEligibility criteria for the study include children and adolescents between 8 and 17 years of age diagnosed with OCD, controls with no psychiatric diagnoses, and one parent of the participating youths. Youths and parents wear biosensors on their wrists that measure pulse, electrodermal activity, skin temperature, and acceleration. Patients and their parents mark OCD episodes, while control youths and their parents mark youth fear episodes. Continuous, in-the-wild data collection will last for 8 weeks. Controlled experiments designed to link physiological, speech, behavioral, and biochemical signals to mental states are performed at baseline and after 8 weeks. Interpersonal interactions in the experiments are filmed and coded for behavior. The films are also processed with computer vision and for speech signals. Participants complete clinical interviews and questionnaires at baseline, and at weeks 4, 7, and 8. Feasibility criteria were set for recruitment, retention, biosensor functionality and acceptability, adherence to wearing the biosensor, and safety related to the biosensor. As a first step in learning the associations between signals and OCD-related parameters, we will use paired t tests and mixed effects models with repeated measures to assess associations between oxytocin, individual biosignal features, and outcomes such as stress-rest and case-control comparisons.ResultsThe first participant was enrolled on December 3, 2021, and recruitment closed on December 31, 2022. Nine patient dyads and nine control dyads were recruited. Sixteen participating dyads completed follow-up assessments.ConclusionsThe results of this study will provide preliminary evidence for the extent to which a wearable biosensor that collects physiological signals can be used to monitor OCD severity and events in youths. If we find the study to be feasible, further studies will be conducted to integrate biosensor signals output into machine learning algorithms that can provide patients, parents, and therapists with actionable insights into OCD symptoms and treatment progress. Future definitive studies will be tasked with testing the accuracy of machine learning models to detect and predict OCD episodes and classify clinical severity.Trial registrationClinicalTrials.gov NCT05064527; https://clinicaltrials.gov/ct2/show/NCT05064527.International registered report identifier (irrid)DERR1-10.2196/45123."
248,A3_sensors,41301176,PMC12649537,10.3390/bioengineering12111220,2025,"Bioengineering (Basel, Switzerland)",research-article; Journal Article,"EEG-Based Local-Global Dimensional Emotion Recognition Using Electrode Clusters, EEG Deformer, and Temporal Convolutional Network.","Emotions are complex phenomena arising from cooperative interactions among multiple brain regions. Electroencephalography (EEG) provides a non-invasive means to observe such neural activity; however, as it captures only electrode-level signals from the scalp, accurately classifying dimensional emotions requires considering both local electrode activity and the global spatial distribution across the scalp. Motivated by this, we propose a brain-inspired EEG electrode-cluster-based framework for dimensional emotion classification. The model organizes EEG electrodes into nine clusters based on spatial and functional proximity, applying an EEG Deformer to each cluster to learn frequency characteristics, temporal dynamics, and local signal patterns. The features extracted from each cluster are then integrated using a bidirectional cross-attention (BCA) mechanism and a temporal convolutional network (TCN), effectively modeling long-term inter-cluster interactions and global signal dependencies. Finally, a multilayer perceptron (MLP) is used to classify valence and arousal levels. Experiments on three public EEG datasets demonstrate that the proposed model significantly outperforms existing EEG-based dimensional emotion recognition methods. Cluster-based learning, reflecting electrode proximity and signal distribution, effectively captures structural patterns at the electrode-cluster level, while inter-cluster information integration further captures global signal interactions, thereby enhancing the interpretability and physiological validity of EEG-based dimensional emotion analysis. This approach provides a scalable framework for future affective computing and brain-computer interface (BCI) applications."
249,A3_sensors,40291476,PMC12021964,10.1007/s10489-025-06425-1,2025,"Applied intelligence (Dordrecht, Netherlands)",research-article; Journal Article,AI-driven 5G IoT e-nose for whiskey classification.,"The main contribution is the design, implementation and validation of a complete AI-driven electronic nose architecture to perform the classification of whiskey and acetones. This classification is of paramount important in the distillery production line of whiskey in order to predict the quality of the final product. In this work, we investigate the application of an e-nose (based on arrays of single-walled carbon nanotubes) to the distinction of two different substances, such as whiskey and acetone (as a subproduct of the distillation process), and discrimination of three different types of the same substance, such as three types of whiskies. We investigated different strategies to classify the odor data and provided a suitable approach based on random forest with accuracy of 99% and with inference times under 1.8 seconds. In the case of clearly different substances, as subproducts of the whiskey distillation process, the procedure presented achieves a high accuracy in the classification process, with an accuracy around 96%."
250,A3_sensors,37993169,PMC10668325,10.1136/bmjopen-2023-073534,2023,BMJ open,"Clinical Trial Protocol; Research Support, Non-U.S. Gov't; research-article; Journal Article",Feasibility interventional study investigating PAIN in neurorehabilitation through wearabLE SensorS (PAINLESS): a study protocol.,"IntroductionMillions of people survive injuries to the central or peripheral nervous system for which neurorehabilitation is required. In addition to the physical and cognitive impairments, many neurorehabilitation patients experience pain, often not widely recognised and inadequately treated. This is particularly true for multiple sclerosis (MS) patients, for whom pain is one of the most common symptoms. In clinical practice, pain assessment is usually conducted based on a subjective estimate. This approach can lead to inaccurate evaluations due to the influence of numerous factors, including emotional or cognitive aspects. To date, no objective and simple to use clinical methods allow objective quantification of pain and the diagnostic differentiation between the two main types of pain (nociceptive vs neuropathic). Wearable technologies and artificial intelligence (AI) have the potential to bridge this gap by continuously monitoring patients' health parameters and extracting meaningful information from them. Therefore, we propose to develop a new automatic AI-powered tool to assess pain and its characteristics during neurorehabilitation treatments using physiological signals collected by wearable sensors.Methods and analysisWe aim to recruit 15 participants suffering from MS undergoing physiotherapy treatment. During the study, participants will wear a wristband for three consecutive days and be monitored before and after their physiotherapy sessions. Measurement of traditionally used pain assessment questionnaires and scales (ie, painDETECT, Doleur Neuropathique 4 Questions, EuroQoL-5-dimension-3-level) and physiological signals (photoplethysmography, electrodermal activity, skin temperature, accelerometer data) will be collected. Relevant parameters from physiological signals will be identified, and AI algorithms will be used to develop automatic classification methods.Ethics and disseminationThe study has been approved by the local Ethical Committee (285-2022-SPER-AUSLBO). Participants are required to provide written informed consent. The results will be disseminated through contributions to international conferences and scientific journals, and they will also be included in a doctoral dissertation.Trial registration numberNCT05747040."
251,A3_sensors,37554951,PMC10404589,10.1038/s41378-023-00572-6,2023,Microsystems & nanoengineering,research-article; Journal Article,Constructing origami power generator from one piece of electret thin film and application in AI-enabled transmission line vibration monitoring.,"One of the crucial issues for applying electret/triboelectric power generators in the Internet of Things (IoT) is to take full advantage of specific high voltage signals and enable self-powered sensing. Therefore, inspired by Miura-origami, we present an innovative origami power generator (OPG) constructed from only one piece of electret thin film. The Miura-origami architecture realizes a generator with excellent deformability and stretchability and makes it unnecessary for any auxiliary support structure during the compress-release cycle. Various parameters of the generator are intensively investigated, including the excitation accelerations, excitation displacements, numbers of power generation units and deformation degree of the device. When stimulated with 5.0 g acceleration at 15 Hz frequency, the generator with 8 generation units can obtain an instantaneous peak-to-peak voltage and a remarkable optimum peak power of 328 V and 2152 μW at 50 MΩ, respectively. In addition, the regulable shape and multiple generation modes of the device greatly improve its applicability in various vibration energy collection requirements. Based on the above results, a hexagonal electret generator integrated with six-phase OPGs is developed as a ""Buoy on Sky,"" after which the signal waveforms generated from internal power generators are recognized with 92% accuracy through a neural network algorithm that identifies the vibration conditions of transmission lines. This work demonstrates that a fusion of origami art and energy conversion techniques can achieve a multifunctional generator design satisfying the requirements for IoT applications."
252,A3_sensors,41169995,PMC12570034,10.1039/d5ra03838c,2025,RSC advances,research-article; Journal Article,A novel MOF-based electrochemical sensor for simultaneous quantification of nitrophenols in binary mixtures using artificial neural networks: challenges and opportunities.,"This study introduces an artificial neural network (ANN)-assisted electrochemical strategy for the simultaneous quantification of 2-nitrophenol (2-NP) and 4-nitrophenol (4-NP), two environmentally hazardous pollutants with highly overlapping voltammetric responses. A glassy carbon electrode (GCE) was modified with a multilayer nanocomposite (Ni-MOF-74/Fe3O4/SiO2/NH2/β-CD) to enhance mechanical stability and facilitate electron transfer during the oxidation of 2-NP and 4-NP. For the first time, it was demonstrated that the optimal electrocatalytic parameters are concentration-dependent. Therefore, central composite design (CCD) was employed to determine common optimal oxidation conditions across the entire calibration range of both analytes. Despite severe peak overlap and matrix-induced non-linearities, ANN modeling successfully resolved the electrochemical data and provided accurate predictions, yielding high calibration accuracy (R 2 = 0.9302 for 2-NP and 0.9604 for 4-NP) with good reproducibility and broad dynamic range. Considering that the maximum allowable concentration of nitrophenols in environmental samples is 20 ppm, the proposed method offers sufficient sensitivity and a suitable linear range to allow reliable detection and quantification in real environmental matrices. Thus, the integration of ANN with a MOF-based electrochemical sensor provides a novel and robust approach for overcoming signal overlap and non-linear behavior in complex electrochemical systems, offering a promising analytical tool for environmental monitoring of nitrophenols."
253,A3_sensors,41064369,PMC12501636,10.34133/research.0933,2025,"Research (Washington, D.C.)",research-article; Journal Article,Highly Stretchable and Reliable Graphene-Based Strain Sensor for Plant Health Monitoring and Deep Learning-Assisted Crop Recognition.,"Stretchable sensors hold great potential for monitoring plant physiological parameters and enabling crop identification in smart agriculture. However, achieving long-term, stable, reliable monitoring of plants in dynamic environments, as well as improving crop identification accuracy, remains a substantial challenge, primarily due to the limited biocompatibility of conventional stretchable sensors. Here, we present a highly stretchable and reliable strain sensor based on a graphene/Ecoflex composite. This sensor features a mesh structure that combines graphene's high electrical conductivity and strain sensitivity with Ecoflex's excellent stretchability, biocompatibility, and resistance to environmental degradation. By structural optimization, the sensor achieves high sensitivity (gauge factor = 138), a low detection limit (0.1% strain), and high reliability (over 1,500 cycles), along with waterproofing and resistance to both acidic and alkaline conditions. Furthermore, the sensor conforms tightly to various plant leaves and stems without hindering growth, enabling real-time monitoring of plant growth patterns and in situ detection of mechanical damage to predict plant stress. Moreover, assisted by deep learning, it precisely classifies 8 crop types with an accuracy of 95.2%. These demonstrate that stretchable sensors based on mesh graphene/Ecoflex can operate reliably in outdoor agricultural environments even in the face of variable climatic and chemical conditions, providing a practical platform for advancing plant phenomics and smart agricultural robotics."
254,A3_sensors,34194933,PMC8224437,10.1002/advs.202004727,2021,"Advanced science (Weinheim, Baden-Wurttemberg, Germany)","Research Support, Non-U.S. Gov't; research-article; Journal Article","All in One, Self-Powered Bionic Artificial Nerve Based on a Triboelectric Nanogenerator.","Sensory and nerve systems play important role in mediating the interactions with the world. The pursuit of neuromorphic computing has inspired innovations in artificial sensory and nervous systems. Here, an all-in-one, tailorable artificial perception, and transmission nerve (APTN) was developed for mimicking the biological sensory and nervous ability to detect and transmit the location information of mechanical stimulation. The APTN shows excellent reliability with a single triboelectric electrode for the detection of multiple pixels, by employing a gradient thickness dielectric layer and a grid surface structure. The sliding mode is used on the APTN to eliminate the amplitude influence of output signal, such as force, interlayer distance. By tailoring the geometry, an L-shaped APTN is demonstrated for the application of single-electrode bionic artificial nerve for 2D detection. In addition, an APTN based prosthetic arm is also fabricated to biomimetically identify and transmit the stimuli location signal to pattern the feedback. With features of low-cost, easy installation, and good flexibility, the APTN renders as a promising artificial sensory and nervous system for artificial intelligence, human-machine interface, and robotics applications."
255,A3_sensors,37292583,PMC10244770,10.3389/fnhum.2023.1111590,2023,Frontiers in human neuroscience,research-article; Journal Article,Hyper-parameter tuning and feature extraction for asynchronous action detection from sub-thalamic nucleus local field potentials.,"IntroductionDecoding brain states from subcortical local field potentials (LFPs) indicative of activities such as voluntary movement, tremor, or sleep stages, holds significant potential in treating neurodegenerative disorders and offers new paradigms in brain-computer interface (BCI). Identified states can serve as control signals in coupled human-machine systems, e.g., to regulate deep brain stimulation (DBS) therapy or control prosthetic limbs. However, the behavior, performance, and efficiency of LFP decoders depend on an array of design and calibration settings encapsulated into a single set of hyper-parameters. Although methods exist to tune hyper-parameters automatically, decoders are typically found through exhaustive trial-and-error, manual search, and intuitive experience.MethodsThis study introduces a Bayesian optimization (BO) approach to hyper-parameter tuning, applicable through feature extraction, channel selection, classification, and stage transition stages of the entire decoding pipeline. The optimization method is compared with five real-time feature extraction methods paired with four classifiers to decode voluntary movement asynchronously based on LFPs recorded with DBS electrodes implanted in the subthalamic nucleus of Parkinson's disease patients.ResultsDetection performance, measured as the geometric mean between classifier specificity and sensitivity, is automatically optimized. BO demonstrates improved decoding performance from initial parameter setting across all methods. The best decoders achieve a maximum performance of 0.74 ± 0.06 (mean ± SD across all participants) sensitivity-specificity geometric mean. In addition, parameter relevance is determined using the BO surrogate models.DiscussionHyper-parameters tend to be sub-optimally fixed across different users rather than individually adjusted or even specifically set for a decoding task. The relevance of each parameter to the optimization problem and comparisons between algorithms can also be difficult to track with the evolution of the decoding problem. We believe that the proposed decoding pipeline and BO approach is a promising solution to such challenges surrounding hyper-parameter tuning and that the study's findings can inform future design iterations of neural decoders for adaptive DBS and BCI."
256,A3_sensors,37766480,PMC10552885,10.1002/1878-0261.13531,2023,Molecular oncology,"article-commentary; Journal Article; Research Support, N.I.H., Extramural",From bedside to portable and wearable: development of a conformable ultrasound patch for deep breast tissue imaging.,"A breakthrough study from Du et al. has developed a wearable, ultrasound imaging patch for standardized and reproducible breast tissue imaging. The technology utilizes a honeycomb patch design to facilitate guided movement of the ultrasound array, enabling comprehensive, multiangle breast imaging. The system was validated in vitro and in vivo with a single human subject and has the potential for early-stage breast cancer detection. This study addressed the current limitations of wearable ultrasound technologies, including imaging over large, curvilinear organs and integration of superior piezoelectric materials for high-performance ultrasound arrays. The transition of ultrasound from the bedside to portable and wearable devices will pave the way for integration with big data collection, such as artificial intelligence (AI)-based diagnosis and personalized ultrasonographic profile generation, for rapid and objective measurements. This advancement is especially important in the context of breast cancer, where early diagnosis and assessment of medical therapy responses are paramount to patient care."
257,A3_sensors,36456595,PMC9715724,10.1038/s41598-022-24899-8,2022,Scientific reports,"Research Support, Non-U.S. Gov't; research-article; Journal Article",Brain computer interface to distinguish between self and other related errors in human agent collaboration.,"When a human and machine collaborate on a shared task, ambiguous events might occur that could be perceived as an error by the human partner. In such events, spontaneous error-related potentials (ErrPs) are evoked in the human brain. Knowing whom the human perceived as responsible for the error would help a machine in co-adaptation and shared control paradigms to better adapt to human preferences. Therefore, we ask whether self- and agent-related errors evoke different ErrPs. Eleven subjects participated in an electroencephalography human-agent collaboration experiment with a collaborative trajectory-following task on two collaboration levels, where movement errors occurred as trajectory deviations. Independently of the collaboration level, we observed a higher amplitude of the responses on the midline central Cz electrode for self-related errors compared to observed errors made by the agent. On average, Support Vector Machines classified self- and agent-related errors with 72.64% accuracy using subject-specific features. These results demonstrate that ErrPs can tell if a person relates an error to themselves or an external autonomous agent during collaboration. Thus, the collaborative machine will receive more informed feedback for the error attribution that allows appropriate error identification, a possibility for correction, and avoidance in future actions."
258,A3_sensors,35270849,PMC8914988,10.3390/s22051702,2022,"Sensors (Basel, Switzerland)",research-article; Journal Article,Smart-Sleeve: A Wearable Textile Pressure Sensor Array for Human Activity Recognition.,"Human activity recognition is becoming increasingly important. As contact with oneself and the environment accompanies almost all human activities, a Smart-Sleeve, made of soft and stretchable textile pressure sensor matrix, is proposed to sense human contact with the surroundings and identify performed activities in this work. Additionally, a dataset including 18 activities, performed by 14 subjects in 10 repetitions, is generated. The Smart-Sleeve is evaluated over six classical machine learning classifiers (support vector machine, k-nearest neighbor, logistic regression, random forest, decision tree and naive Bayes) and a convolutional neural network model. For classical machine learning, a new normalization approach is proposed to overcome signal differences caused by different body sizes and statistical, geometric, and symmetry features are used. All classification techniques are compared in terms of classification accuracy, precision, recall, and F-measure. Average accuracies of 82.02% (support vector machine) and 82.30% (convolutional neural network) can be achieved in 10-fold cross-validation, and 72.66% (support vector machine) and 74.84% (convolutional neural network) in leave-one-subject-out validation, which shows that the Smart-Sleeve and the proposed data processing method are suitable for human activity recognition."
259,A3_sensors,39738330,PMC11686128,10.1038/s41598-024-82274-1,2024,Scientific reports,"Research Support, Non-U.S. Gov't; research-article; Journal Article",The assessment of sports performance by grip pressure using flexible piezoresistive pressure sensors in seven sports events.,"Flexible micro-sensors have significant application potential in the field of sports performance evaluation. The aim of this study is to assess sports performance by grip pressure using a MMSS sensor (MXene as the sensitive material and melamine sponge as the substrate, a type of flexible piezoresistive pressure sensor). The grip pressures of expert and amateur players are evaluated in single skills events (golf, billiards, basketball, javelin and shot put) and in skills conversion (badminton and tennis). Indicators (time nodes, intervals, peaks, etc.) related to grip pressure on the handle are collected, analyzed, and identified by artificial intelligence. Finally, the K-Nearest Neighbor (KNN) of artificial intelligence algorithms is employed to identify differences for 400 strokes of tennis players in interval training session. Expert tennis athlete exhibits a higher level of precision, concentration and stability for exert and release of grip force (KNN accuracy of train 95.0%) than amateur (KNN: 84.6%) during single movement, technical conversion, and interval training condition. This research offers a new perspective for evaluating sports performance in hand-held equipment events and presents a feasible direction for facing challenges of flexible wearable technology in practice."
260,A3_sensors,39590076,PMC11593876,10.3390/gels10110720,2024,"Gels (Basel, Switzerland)",research-article; Journal Article,Alkali Ion-Accelerated Gelation of MXene-Based Conductive Hydrogel for Flexible Sensing and Machine Learning-Assisted Recognition.,"Conductive hydrogels are promising active materials for wearable flexible electronics, yet it is still challenging to fabricate conductive hydrogels with good environmental stability and electrical properties. In this work, a conductive MXene/LiCl/poly(sulfobetaine methacrylate) hydrogel system was successfully prepared with an impressive conductivity of 12.2 S/m. Interestingly, the synergistic effect of MXene and a lithium bond can significantly accelerate the polymerization process, forming the conductive hydrogel within 1 min. In addition, adding LiCl to the hydrogel not only significantly increases its water retention ability, but also enhances its conductivity, both of which are important for practical applications. The flexible strain sensors based on the as-prepared hydrogel have demonstrated excellent monitoring ability for human joint motion, pulse, and electromyographic signals. More importantly, based on machine learning image recognition technology, the handwritten letter recognition system displayed a high accuracy rate of 93.5%. This work demonstrates the excellent comprehensive performance of MXene-based hydrogels in health monitoring and image recognition and shows potential applications in human-machine interfaces and artificial intelligence."
261,A3_sensors,33273477,PMC7712892,10.1038/s41467-020-20045-y,2020,Nature communications,research-article; Journal Article,Rationally patterned electrode of direct-current triboelectric nanogenerators for ultrahigh effective surface charge density.,"As a new-era of energy harvesting technology, the enhancement of triboelectric charge density of triboelectric nanogenerator (TENG) is always crucial for its large-scale application on Internet of Things (IoTs) and artificial intelligence (AI). Here, a microstructure-designed direct-current TENG (MDC-TENG) with rationally patterned electrode structure is presented to enhance its effective surface charge density by increasing the efficiency of contact electrification. Thus, the MDC-TENG achieves a record high charge density of ~5.4 mC m-2, which is over 2-fold the state-of-art of AC-TENGs and over 10-fold compared to previous DC-TENGs. The MDC-TENG realizes both the miniaturized device and high output performance. Meanwhile, its effective charge density can be further improved as the device size increases. Our work not only provides a miniaturization strategy of TENG for the application in IoTs and AI as energy supply or self-powered sensor, but also presents a paradigm shift for large-scale energy harvesting by TENGs."
262,A3_sensors,32674497,PMC7412271,10.3390/s20143919,2020,"Sensors (Basel, Switzerland)",research-article; Journal Article,A Novel Method for Objective Selection of Information Sources Using Multi-Kernel SVM and Local Scaling.,"Advancement on computer and sensing technologies has generated exponential growth in the data available for the development of systems that support decision-making in fields such as health, entertainment, manufacturing, among others. This fact has made that the fusion of data from multiple and heterogeneous sources became one of the most promising research fields in machine learning. However, in real-world applications, to reduce the number of sources while maintaining optimal system performance is an important task due to the availability of data and implementation costs related to processing, implementation, and development times. In this work, a novel method for the objective selection of relevant information sources in a multimodality system is proposed. This approach takes advantage of the ability of multiple kernel learning (MKL) and the support vector machines (SVM) classifier to perform an optimal fusion of data by assigning weights according to their discriminative value in the classification task; when a kernel is designed for representing each data source, these weights can be used as a measure of their relevance. Moreover, three algorithms for tuning the Gaussian kernel bandwidth in the classifier prediction stage are introduced to reduce the computational cost of searching for an optimal solution; these algorithms are an adaptation of a common technique in unsupervised learning named local scaling. Two real application tasks were used to evaluate the proposed method: the selection of electrodes for a classification task in Brain-Computer Interface (BCI) systems and the selection of relevant Magnetic Resonance Imaging (MRI) sequences for detection of breast cancer. The obtained results show that the proposed method allows the selection of a small number of information sources."
263,A3_sensors,38894376,PMC11175304,10.3390/s24113586,2024,"Sensors (Basel, Switzerland)",research-article; Journal Article,Evaluation of a Voltametric E-Tongue Combined with Data Preprocessing for Fast and Effective Machine Learning-Based Classification of Tomato Purées by Cultivar.,"The potential of a voltametric E-tongue coupled with a custom data pre-processing stage to improve the performance of machine learning techniques for rapid discrimination of tomato purées between cultivars of different economic value has been investigated. To this aim, a sensor array with screen-printed carbon electrodes modified with gold nanoparticles (GNP), copper nanoparticles (CNP) and bulk gold subsequently modified with poly(3,4-ethylenedioxythiophene) (PEDOT), was developed to acquire data to be transformed by a custom pre-processing pipeline and then processed by a set of commonly used classifiers. The GNP and CNP-modified electrodes, selected based on their sensitivity to soluble monosaccharides, demonstrated good ability in discriminating samples of different cultivars. Among the different data analysis methods tested, Linear Discriminant Analysis (LDA) proved to be particularly suitable, obtaining an average F1 score of 99.26%. The pre-processing stage was beneficial in reducing the number of input features, decreasing the computational cost, i.e., the number of computing operations to be performed, of the entire method and aiding future cost-efficient hardware implementation. These findings proved that coupling the multi-sensing platform featuring properly modified sensors with the custom pre-processing method developed and LDA provided an optimal tradeoff between analytical problem solving and reliable chemical information, as well as accuracy and computational complexity. These results can be preliminary to the design of hardware solutions that could be embedded into low-cost portable devices."
264,A3_sensors,40847776,PMC12622424,10.1002/advs.202505712,2025,"Advanced science (Weinheim, Baden-Wurttemberg, Germany)",research-article; Journal Article,Electron Transfer-Tailored D-Band Center to Boost Nanozyme Catalysis for Interpretable Machine Learning-Empowered Intelligent Biosensing.,"The escalating global burden of infectious diseases demands biosensing technologies that transcend the complexity-sensitivity-accuracy trade-off in real-world applications. Herein, an interpretable machine learning-empowered multimodal biosensor synergizing electron transfer-enhanced nanozymes and aggregation-induced emission luminogens (AIEgens) for ultrasensitive pathogen detection is presented. By engineering aminophenol formaldehyde resin nanobowls anchored with monodisperse Pt nanoparticles, interfacial electron transfer (N→Pt→O) induces an upshift of Pt d-band center relative to the Fermi level, as validated by density functional theory. This electronic modulation optimizes H2O2 adsorption energy, lowers the energy barrier of the rate-determining step, and reduces activation energy, resulting in a 3.4-fold enhancement in peroxidase-like activity over conventional Pt nanozymes. Then, AIEgens are strategically integrated to generate cross-validated anti-interference signals, achieving a record-low detection limit for Salmonella typhimurium, surpassing classical immunoassays in sensitivity and accuracy. A SHapley Additive exPlanations (SHAP)-guided eXtreme Gradient Boosting (XGBoost) algorithm dynamically fuses multimodal signals, enhancing sensitivity by five fold over single-mode detection and delivering 100% diagnostic accuracy for positive samples. SHAP further deciphers the synergetic mechanism, revealing concentration-dependent signal contributions and validating decision logic. This work pioneers a nanozyme-AI co-design framework, bridging d-band-driven catalytic precision and machine learning-powered signal intelligence to redefine biosensing paradigms for combating public health emergencies."
265,A3_sensors,38974058,PMC11226427,10.1038/s41378-024-00727-z,2024,Microsystems & nanoengineering,research-article; Journal Article,Achieving consistency of flexible surface acoustic wave sensors with artificial intelligence.,"Flexible surface acoustic wave technology has garnered significant attention for wearable electronics and sensing applications. However, the mechanical strains induced by random deformation of these flexible SAWs during sensing often significantly alter the specific sensing signals, causing critical issues such as inconsistency of the sensing results on a curved/flexible surface. To address this challenge, we first developed high-performance AlScN piezoelectric film-based flexible SAW sensors, investigated their response characteristics both theoretically and experimentally under various bending strains and UV illumination conditions, and achieved a high UV sensitivity of 1.71 KHz/(mW/cm²). To ensure reliable and consistent UV detection and eliminate the interference of bending strain on SAW sensors, we proposed using key features within the response signals of a single flexible SAW device to establish a regression model based on machine learning algorithms for precise UV detection under dynamic strain disturbances, successfully decoupling the interference of bending strain from target UV detection. The results indicate that under strain interferences from 0 to 1160 με the model based on the extreme gradient boosting algorithm exhibits optimal UV prediction performance. As a demonstration for practical applications, flexible SAW sensors were adhered to four different locations on spacecraft model surfaces, including flat and three curved surfaces with radii of curvature of 14.5, 11.5, and 5.8 cm. These flexible SAW sensors demonstrated high reliability and consistency in terms of UV sensing performance under random bending conditions, with results consistent with those on a flat surface."
266,A3_sensors,39943465,PMC11819921,10.3390/s25030826,2025,"Sensors (Basel, Switzerland)",research-article; Journal Article,A Hybrid Deep Transfer Learning Framework for Delamination Identification in Composite Laminates.,"Structural health monitoring (SHM) has proven to be an effective technique to maintain the safety and reliability of laminated composites. Recently, both deep learning and machine learning methodologies have gained popularity in sensor-based SHM. However, machine learning approaches often require tedious manual feature extraction, while deep learning models require large training datasets, which may not be feasible. To overcome these limitations, this study presents a hybrid deep transfer learning (HTL) framework to identify delamination in composite laminates. The proposed framework enhances SHM performance by utilizing pre-trained EfficientNet and ResNet models to allow for deep feature extraction with limited data. EfficientNet contributes to this by efficiently scaling the model to capture multi-scale spatial features, while ResNet contributes by extracting hierarchical representations through its residual connections. Vibration signals from piezoelectric (PZT) sensors attached to the composite laminates, consisting of three health states, are used to validate the approach. Compared to the existing transfer learning approaches, the suggested method achieved better performance, hence improving both the accuracy and robustness of delamination detection in composite structures."
267,A3_sensors,41174104,PMC12578945,10.1038/s41598-025-22103-1,2025,Scientific reports,research-article; Journal Article,Deep learning for motion classification in ankle exoskeletons using surface EMG and IMU signals.,"Ankle exoskeletons have garnered considerable interest for their potential to enhance mobility, support rehabilitation, and reduce fall risks, particularly among the aging population. Their effectiveness depends on accurate, real-time prediction of user intentions from wearable sensor data, as even small delays or errors can compromise stability and safety. Here, we present a motion classification framework that integrates three Inertial Measurement Units (IMUs) with eight surface Electromyography (sEMG) sensors fabricated as towel-based textile electrodes, which improve comfort, durability, and usability for long-term deployment compared to traditional gel electrodes. The dataset comprises multichannel time-series recordings of five functional daily motions, enabling a realistic evaluation of exoskeleton use in everyday environments. Using this framework, Convolutional Neural Networks (CNNs) achieved an accuracy of 99.263±0.26% , substantially surpassing previously reported results in the field. Beyond overall accuracy, we address deployment-critical requirements: transfer learning enables reliable adaptation to new users with as few as ten calibration samples per motion, while robustness testing demonstrates that the system continues to provide stable classification even when individual sensors are disrupted. Together, these results highlight the feasibility of safe, high-accuracy, and real-world-ready exoskeleton control through deep learning combined with wearable textile electrodes and IMUs."
268,A3_sensors,35047827,PMC8739842,10.34133/2021/9821905,2021,"Research (Washington, D.C.)",research-article; Journal Article,Flexoelectricity Driven Fano Resonance in Slotted Carbon Nanotubes for Decoupled Multifunctional Sensing.,"Multifunctionality, interference-free signal readout, and quantum effect are important considerations for flexible sensors equipped within a single unit towards further miniaturization. To address these criteria, we present the slotted carbon nanotube (CNT) junction features tunable Fano resonance driven by flexoelectricity, which could serve as an ideal multimodal sensory receptor. Based on extensive ab initio calculations, we find that the effective Fano factor can be used as a temperature-insensitive extrinsic variable for sensing the bending strain, and the Seebeck coefficient can be used as a strain-insensitive intrinsic variable for detecting temperature. Thus, this dual-parameter permits simultaneous sensing of temperature and strain without signal interference. We further demonstrate the applicability of this slotted junction to ultrasensitive chemical sensing which enables precise determination of donor-type, acceptor-type, and inert molecules. This is due to the enhancement or counterbalance between flexoelectric and chemical gating. Flexoelectric gating would preserve the electron-hole symmetry of the slotted junction whereas chemical gating would break it. As a proof-of-concept demonstration, the slotted CNT junction provides an excellent quantum platform for the development of multistimuli sensation in artificial intelligence at the molecular scale."
269,A3_sensors,40874468,PMC12631820,10.1002/advs.202512111,2025,"Advanced science (Weinheim, Baden-Wurttemberg, Germany)",research-article; Journal Article,A Biomimetic Fiber-Entangled Permeable Electronic Skin for Strain-Insensitive and High-Resolution Tactile Sensing.,"Electronic skins (e-skins) incorporating island architectures represent a promising platform for strain-insensitive tactile sensing by mechanically decoupling sensing units from deformations. However, conventional island designs encounter stress concentration issues caused by inherent modulus mismatches, critically limiting achievable island densities. This limitation forces a stubborn trade-off between strain-insensitivity and sensing resolution. Here, inspired by the entangled elastin networks surrounding human tactile receptors, a biomimetic fiber-entangled island architecture is proposed that addresses the stress concentration issue, providing a viable solution for strain-insensitive and high-resolution tactile sensing. The mechanism by which the fiber-entangled architecture mitigates stress concentration is based on the strain-dependent reorientation of its constituent fibers. As a demonstration of this solution, a pressure sensing e-skin exhibiting simultaneous high resolution (100 unit cm-2) and low strain interference (gauge factor < 0.03) is developed. Implemented with artificial neural networks, the e-skin demonstrates proof-of-concept functionality as a wearable Braille point-to-read system. The fiber-entangled architecture proposed here will emerge as a versatile platform for next-generation humanoid sensing."
270,A3_sensors,PMC10955909,PMC10955909,,2024,Communications engineering,research-article; Journal Article,Machine learning unveils surface refractive index dynamics in comb-like plasmonic optical fiber biosensors,
271,A3_sensors,41470508,PMC12734881,10.3390/mi16121342,2025,Micromachines,research-article; Journal Article,Experimental and Machine Learning Study of a Modified Cymbal Piezoelectric Energy Harvester.,"Cymbal piezoelectric energy harvesters offer an effective platform for converting mechanical vibrations into electrical energy due to their ability to exploit both longitudinal (d33) and transverse (d31) piezoelectric coefficients. However, the design of flexible cymbal structures that ensure efficient stress transfer to polymer-based piezoelectric materials remains insufficiently explored. In this study, a bridge-like cymbal harvester incorporating polyvinylidene fluoride (PVDF) films as the active layer was designed, fabricated, and experimentally investigated. To support the design process and reduce the computational burden associated with evaluating multiple geometric configurations, we developed a novel machine learning methodology that integrates singular value decomposition (SVD) with metamodeling. This framework provides rapid predictions of resonance behavior and electrical response from key design parameters. The findings demonstrate the feasibility of PVDF-based cymbal harvesters for flexible energy harvesting applications and establish an efficient data-driven approach for guiding future design optimization."
272,A3_sensors,36363901,PMC9694689,10.3390/mi13111880,2022,Micromachines,research-article; Journal Article,Airline Point-of-Care System on Seat Belt for Hybrid Physiological Signal Monitoring.,"With a focus on disease prevention and health promotion, a reactive and disease-centric healthcare system is revolutionized to a point-of-care model by the application of wearable devices. The convenience and low cost made it possible for long-term monitoring of health problems in long-distance traveling such as flights. While most of the existing health monitoring systems on aircrafts are limited for pilots, point-of-care systems provide choices for passengers to enjoy healthcare at the same level. Here in this paper, an airline point-of-care system containing hybrid electrocardiogram (ECG), breathing, and motion signals detection is proposed. At the same time, we propose the diagnosis of sleep apnea-hypopnea syndrome (SAHS) on flights as an application of this system to satisfy the inevitable demands for sleeping on long-haul flights. The hardware design includes ECG electrodes, flexible piezoelectric belts, and a control box, which enables the system to detect the original data of ECG, breathing, and motion signals. By processing these data with interval extraction-based feature selection method, the signals would be characterized and then provided for the long short-term memory recurrent neural network (LSTM-RNN) to classify the SAHS. Compared with other machine learning methods, our model shows high accuracy up to 84-85% with the lowest overfit problem, which proves its potential application in other related fields."
273,A3_sensors,39812129,PMC11884592,10.1002/advs.202410751,2025,"Advanced science (Weinheim, Baden-Wurttemberg, Germany)",research-article; Journal Article,"""Three-in-one"" Analysis of Proteinuria for Disease Diagnosis through Multifunctional Nanoparticles and Machine Learning.","Urinalysis is one of the predominant tools for clinical testing owing to the abundant composition, sufficient volume, and non-invasive acquisition of urine. As a critical component of routine urinalysis, urine protein testing measures the levels and types of proteins, enabling the early diagnosis of diseases. Traditional methods require three separate steps including strip testing, protein/creatinine ratio measurement, and electrophoresis respectively to achieve qualitative, quantitative, and classification analyses of proteins in urine with long time and cumbersome operations. Herein, this work demonstrates a ""three-in-one"" protocol to analyze the urine composition by combining multifunctional nanoparticles with machine learning. This work constructs a sensor array to analyze proteinuria by employing nanoparticles with unique optical properties, outstanding catalytic activity, diverse composition, and tunable structure as probes. Different proteins interacted with nanoprobes differently and are classified by this sensor array based on their physicochemical heterogeneities. With the aid of machine learning, the urine composition is precisely detected for the diagnosis of bladder cancer. This protocol enables quantification and classification of 5 proteinuria in 10 min without any tedious pretreatment, showing proimise for the comprehensive analysis of body fluid for early disease diagnosis."
274,A3_sensors,35009845,PMC8749657,10.3390/s22010299,2021,"Sensors (Basel, Switzerland)",research-article; Journal Article,Machine Learning Methods for Automatic Silent Speech Recognition Using a Wearable Graphene Strain Gauge Sensor.,"Silent speech recognition is the ability to recognise intended speech without audio information. Useful applications can be found in situations where sound waves are not produced or cannot be heard. Examples include speakers with physical voice impairments or environments in which audio transference is not reliable or secure. Developing a device which can detect non-auditory signals and map them to intended phonation could be used to develop a device to assist in such situations. In this work, we propose a graphene-based strain gauge sensor which can be worn on the throat and detect small muscle movements and vibrations. Machine learning algorithms then decode the non-audio signals and create a prediction on intended speech. The proposed strain gauge sensor is highly wearable, utilising graphene's unique and beneficial properties including strength, flexibility and high conductivity. A highly flexible and wearable sensor able to pick up small throat movements is fabricated by screen printing graphene onto lycra fabric. A framework for interpreting this information is proposed which explores the use of several machine learning techniques to predict intended words from the signals. A dataset of 15 unique words and four movements, each with 20 repetitions, was developed and used for the training of the machine learning algorithms. The results demonstrate the ability for such sensors to be able to predict spoken words. We produced a word accuracy rate of 55% on the word dataset and 85% on the movements dataset. This work demonstrates a proof-of-concept for the viability of combining a highly wearable graphene strain gauge and machine leaning methods to automate silent speech recognition."
275,A3_sensors,34883850,PMC8659852,10.3390/s21237851,2021,"Sensors (Basel, Switzerland)",research-article; Journal Article,Development of Electrochemical Aptasensor for Lung Cancer Diagnostics in Human Blood.,"We describe the preparation and characterization of an aptamer-based electrochemical sensor to lung cancer tumor markers in human blood. The highly reproducible aptamer sensing layer with a high density (up to 70% coverage) on the gold electrode was made. Electrochemical methods and confocal laser scanning microscopy were used to study the stability of the aptamer layer structure and binding ability. A new blocking agent, a thiolated oligonucleotide with an unrelated sequence, was applied to fill the aptamer layer's defects. Electrochemical aptasensor signal processing was enhanced using deep learning and computer simulation of the experimental data array. It was found that the combinations (coupled and tripled) of cyclic voltammogram features allowed for distinguishing between the samples from lung cancer patients and healthy candidates with a mean accuracy of 0.73. The capacitive component from the non-Faradic electrochemical impedance spectroscopy data indicated the tumor marker's presence in a sample. These findings allowed for the creation of highly informative aptasensors for early lung cancer diagnostics."
276,A3_sensors,38275310,PMC10813308,10.3390/bios14010057,2024,Biosensors,research-article; Journal Article,A Multimode Microfiber Specklegram Biosensor for Measurement of CEACAM5 through AI Diagnosis.,"Carcinoembryonic antigen (CEACAM5), as a broad-spectrum tumor biomarker, plays a crucial role in analyzing the therapeutic efficacy and progression of cancer. Herein, we propose a novel biosensor based on specklegrams of tapered multimode fiber (MMF) and two-dimensional convolutional neural networks (2D-CNNs) for the detection of CEACAM5. The microfiber is modified with CEA antibodies to specifically recognize antigens. The biosensor utilizes the interference effect of tapered MMF to generate highly sensitive specklegrams in response to different CEACAM5 concentrations. A zero mean normalized cross-correlation (ZNCC) function is explored to calculate the image matching degree of the specklegrams. Profiting from the extremely high detection limit of the speckle sensor, variations in the specklegrams of antibody concentrations from 1 to 1000 ng/mL are measured in the experiment. The surface sensitivity of the biosensor is 0.0012 (ng/mL)-1 within a range of 1 to 50 ng/mL. Moreover, a 2D-CNN was introduced to solve the problem of nonlinear detection surface sensitivity variation in a large dynamic range, and in the search for image features to improve evaluation accuracy, achieving more accurate CEACAM5 monitoring, with a maximum detection error of 0.358%. The proposed fiber specklegram biosensing scheme is easy to implement and has great potential in analyzing the postoperative condition of patients."
277,A3_sensors,38225616,PMC10790556,10.1186/s12931-024-02668-7,2024,Respiratory research,research-article; Journal Article,Advancing accuracy in breath testing for lung cancer: strategies for improving diagnostic precision in imbalanced data.,"BackgroundBreath testing using an electronic nose has been recognized as a promising new technique for the early detection of lung cancer. Imbalanced data are commonly observed in electronic nose studies, but methods to address them are rarely reported.ObjectiveThe objectives of this study were to assess the accuracy of electronic nose screening for lung cancer with imbalanced learning and to select the best mechanical learning algorithm.MethodsWe conducted a case‒control study that included patients with lung cancer and healthy controls and analyzed metabolites in exhaled breath using a carbon nanotube sensor array. The study used five machine learning algorithms to build predictive models and a synthetic minority oversampling technique to address imbalanced data. The diagnostic accuracy of lung cancer was assessed using pathology reports as the gold standard.ResultsWe enrolled 190 subjects between 2020 and 2023. A total of 155 subjects were used in the final analysis, which included 111 lung cancer patients and 44 healthy controls. We randomly divided samples into one training set, one internal validation set, and one external validation set. In the external validation set, the summary sensitivity was 0.88 (95% CI 0.84-0.91), the summary specificity was 1.00 (95% CI 0.85-1.00), the AUC was 0.96 (95% CI 0.94-0.98), the pAUC was 0.92 (95% CI 0.89-0.96), and the DOR was 207.62 (95% CI 24.62-924.64).ConclusionElectronic nose screening for lung cancer is highly accurate. The support vector machine algorithm is more suitable for analyzing chemical sensor data from electronic noses."
278,A3_sensors,40710711,PMC12294283,10.3390/gels11070550,2025,"Gels (Basel, Switzerland)",research-article; Journal Article,Interpretable Prediction and Analysis of PVA Hydrogel Mechanical Behavior Using Machine Learning.,"Polyvinyl alcohol (PVA) hydrogels have emerged as versatile materials due to their exceptional biocompatibility and tunable mechanical properties, showing great promise for flexible sensors, smart wound dressings, and tissue engineering applications. However, rational design remains challenging due to complex structure-property relationships involving multiple formulation parameters. This study presents an interpretable machine learning framework for predicting PVA hydrogel tensile strain properties with emphasis on mechanistic understanding, based on a comprehensive dataset of 350 data points collected from a systematic literature review. XGBoost demonstrated superior performance after Optuna-based optimization, achieving R2 values of 0.964 for training and 0.801 for testing. SHAP analysis provided unprecedented mechanistic insights, revealing that PVA molecular weight dominates mechanical performance (SHAP importance: 84.94) through chain entanglement and crystallization mechanisms, followed by degree of hydrolysis (72.46) and cross-linking parameters. The interpretability analysis identified optimal parameter ranges and critical feature interactions, elucidating complex non-linear relationships and reinforcement mechanisms. By addressing the ""black box"" limitation of machine learning, this approach enables rational design strategies and mechanistic understanding for next-generation multifunctional hydrogels."
279,A3_sensors,38550982,PMC10973206,10.1016/j.isci.2024.109479,2024,iScience,research-article; Journal Article,Underwater smart glasses: A visual-tactile fusion hazard detection system.,"Marine activities typically face various risk factors such as marine animal attacks or unexpected collisions. In this paper, we develop underwater smart glasses (USGs) based on visual-tactile fusion for underwater hazard detection in real-time, ensuring operational safety. The proposed USG is composed of the vision module by artificial intelligence (AI)-enabled optical sensing and the tactile module by triboelectric metamaterials-enabled mechanical sensing. The vision module is obtained based on the underwater target detection algorithm you only look once-underwater hazard (YOLO-UH) developed by the dataset to detect toxic marine organisms in the visual field. The tactile module is designed with the kirigami tribo-materials (KTMs) to sensitively detect and warn of collisions outside the visual field. Through numerical simulations, laboratory tests, and real-world experiments, we validated the performance of both modules. The reported USG with its visual-tactile fusion concept enables near-far all-around hazard detection and reduces the danger for divers working underwater."
280,A3_sensors,33156561,PMC7898876,10.1002/anie.202013227,2021,Angewandte Chemie (International ed. in English),"brief-report; Research Support, Non-U.S. Gov't; Journal Article",An Enantioselective e-Nose: An Array of Nanoporous Homochiral MOF Films for Stereospecific Sensing of Chiral Odors.,"Chirality is essential in nature and often pivotal for biological information transfer, for example, via odor messenger molecules. While the human nose can distinguish the enantiomers of many chiral odors, the technical realization by an artificial sensor or an electronic nose, e-nose, remains a challenge. Herein, we present an array of six sensors coated with nanoporous metal-organic framework (MOF) films of different homochiral and achiral structures, working as an enantioselective e-nose. While the achiral-MOF-film sensors show identical responses for both isomers of one chiral odor molecule, the responses of the homochiral MOF films differ for different enantiomers. By machine learning algorithms, the combined array data allow the stereoselective identification of all compounds, here tested for five pairs of chiral odor molecules. We foresee the chiral-MOF-e-nose, able to enantioselectively detect and discriminate chiral odors, to be a powerful approach towards advanced odor sensing."
281,A3_sensors,39274057,PMC11397329,10.3390/polym16172423,2024,Polymers,research-article; Journal Article,CNN-Optimized Electrospun TPE/PVDF Nanofiber Membranes for Enhanced Temperature and Pressure Sensing.,"Temperature and pressure sensors currently encounter challenges such as slow response times, large sizes, and insufficient sensitivity. To address these issues, we developed tetraphenylethylene (TPE)-doped polyvinylidene fluoride (PVDF) nanofiber membranes using electrospinning, with process parameters optimized through a convolutional neural network (CNN). We systematically analyzed the effects of PVDF concentration, spinning voltage, tip-to-collector distance, and flow rate on fiber morphology and diameter. The CNN model achieved high predictive accuracy, resulting in uniform and smooth nanofibers under optimal conditions. Incorporating TPE enhanced the hydrophobicity and mechanical properties of the nanofibers. Additionally, the fluorescent properties of the TPE-doped nanofibers remained stable under UV exposure and exhibited significant linear responses to temperature and pressure variations. The nanofibers demonstrated a temperature sensitivity of -0.976 gray value/°C and pressure sensitivity with an increase in fluorescence intensity from 537 a.u. to 649 a.u. under 600 g pressure. These findings highlight the potential of TPE-doped PVDF nanofiber membranes for advanced temperature and pressure sensing applications."
282,A3_sensors,41301231,PMC12650714,10.3390/bioengineering12111275,2025,"Bioengineering (Basel, Switzerland)",brief-report; Journal Article,Smart e-Textile Singlet Prototype and Concept: Multi Sensor Sensing for Geriatric Monitoring.,"This paper explores the development of a Smart e-Textile Singlet designed to enhance geriatric care through continuous monitoring of vital health parameters. The proposed garment integrates various sensors to measure core body temperature, blood oxygen saturation, respiration rate, blood pressure, pulse, electrocardiogram (ECG), activity level, and risk of falls. Leveraging advanced technologies such as inertial measurement unit (IMU) sensors, thermoelectric materials, and piezoelectric fibers, the e-textile ensures both functionality and sustainability. Additionally, artificial intelligence algorithms are employed to provide near-real-time feedback and early warnings, significantly improving health management for elderly individuals. This innovative approach not only promotes autonomy and well-being among the elderly but also alleviates the workload of healthcare providers. The Smart e-Textile Singlet represents a multi-sensor solution by offering a holistic monitoring system."
283,A3_sensors,33954255,PMC8051168,10.1515/biol-2021-0035,2021,Open life sciences,research-article; Journal Article,Comparison between voltammetric detection methods for abalone-flavoring liquid.,"This article attempts to determine the most accurate classification method for different abalone-flavoring liquids. Three common voltammetric detection methods, namely, linear sweep voltammetry (LSV), cyclic voltammetry (CV), and square-wave voltammetry (SWV), were considered. To compare their classification accuracies of abalone-flavoring liquids, three methods were separately adopted to classify five different abalone-flavoring liquids, using a four-electrode (Au, Pt, Pd, and W) sensor array. Then the data acquired by each method were subject to the principal component analysis (PCA): the first three principal components whose eigenvalues were greater than 1 were extracted from each set of data; the cumulative variance contribution rate and the principal component scores of each method were obtained. The PCA results show that the first three principal components obtained by the CV had the highest cumulative variance contribution rate (91.307%), indicating that the CV can more comprehensively characterize the information of abalone-flavoring liquid samples than the other two methods. According to the principal component scores, compared with those of LSV and SWV, the same kind of samples detected by the CV were highly clustered and the different kinds of samples detected by the CV were greatly dispersed. This indicates that the CV can effectively distinguish between the five abalone-flavoring liquids. Finally, the detection data were further verified through probabilistic neural network and a support vector machine algorithm optimized by genetic algorithm. The results further confirm that the CV is more accurate than the other two methods in the classification of abalone-flavoring liquids. Therefore, the CV was recommended for the classification of abalone-flavoring liquids."
284,A3_sensors,38544156,PMC10975031,10.3390/s24061893,2024,"Sensors (Basel, Switzerland)",research-article; Journal Article,Dopamine Measurement Using Engineered CNT-CQD-Polymer Coatings on Pt Microelectrodes.,"This study aims to develop a microelectrode array-based neural probe that can record dopamine activity with high stability and sensitivity. To mimic the high stability of the gold standard method (carbon fiber electrodes), the microfabricated platinum microelectrode is coated with carbon-based nanomaterials. Carboxyl-functionalized multi-walled carbon nanotubes (COOH-MWCNTs) and carbon quantum dots (CQDs) were selected for this purpose, while a conductive polymer like poly (3-4-ethylene dioxythiophene) (PEDOT) or polypyrrole (PPy) serves as a stable interface between the platinum of the electrode and the carbon-based nanomaterials through a co-electrodeposition process. Based on our comparison between different conducting polymers and the addition of CQD, the CNT-CQD-PPy modified microelectrode outperforms its counterparts: CNT-CQD-PEDOT, CNT-PPy, CNT-PEDOT, and bare Pt microelectrode. The CNT-CQD-PPy modified microelectrode has a higher conductivity, stability, and sensitivity while achieving a remarkable limit of detection (LOD) of 35.20 ± 0.77 nM. Using fast-scan cyclic voltammetry (FSCV), these modified electrodes successfully measured dopamine's redox peaks while exhibiting consistent and reliable responses over extensive use. This electrode modification not only paves the way for real-time, precise dopamine sensing using microfabricated electrodes but also offers a novel electrochemical sensor for in vivo studies of neural network dynamics and neurological disorders."
285,A3_sensors,36559955,PMC9784724,10.3390/s22249586,2022,"Sensors (Basel, Switzerland)",research-article; Journal Article,Diversion Detection in Small-Diameter HDPE Pipes Using Guided Waves and Deep Learning.,"In this paper, we propose a novel technique for the inspection of high-density polyethylene (HDPE) pipes using ultrasonic sensors, signal processing, and deep neural networks (DNNs). Specifically, we propose a technique that detects whether there is a diversion on a pipe or not. The proposed model transmits ultrasound signals through a pipe using a custom-designed array of piezoelectric transmitters and receivers. We propose to use the Zadoff-Chu sequence to modulate the input signals, then utilize its correlation properties to estimate the pipe channel response. The processed signal is then fed to a DNN that extracts the features and decides whether there is a diversion or not. The proposed technique demonstrates an average classification accuracy of 90.3% (when one sensor is used) and 99.6% (when two sensors are used) on 34 inch pipes. The technique can be readily generalized for pipes of different diameters and materials."
286,A3_sensors,39242674,PMC11379869,10.1038/s41598-024-70661-7,2024,Scientific reports,research-article; Journal Article,Magnetostrictive bi-perceptive flexible sensor for tracking bend and position of human and robot hand.,"The sensor that simultaneously perceives bending strain and magnetic field has the potential to detect the finger bending state and hand position of the human and robot. Based on unique magneto-mechanical coupling effect of magnetostrictive materials, the proposed a bi-perceptive flexible sensor, consisting of the Co-Fe film and magnetic sensing plane coils, can realize dual information perception of strain/magnetic field through the change of magnetization state. The sensor structure and interface circuit of the sensing system are designed to provide high sensitivity and fast response, based on the input-output characteristics of the simulation model. An asynchronous multi-task deep learning method is proposed, which takes the output of the position task as the partial input of the bending state task to analyze the output information of the sensor quickly and accurately. The sensing system, integrating with the proposed model, can better predict the bending state and approach distance of human or robot hand."
287,A3_sensors,36506197,PMC9730765,10.1021/acsomega.2c06548,2022,ACS omega,research-article; Journal Article,"Carbon Black/Multi-Walled Carbon Nanotube-Based, Highly Sensitive, Flexible Pressure Sensor.","Flexible piezoresistive pressure sensors have promising applications in wearable devices, artificial intelligence, and other fields. However, developing low-cost and high-performance pressure sensors still poses a great challenge. Herein, we utilize low-cost carbon black (CB) and multi-walled carbon nanotubes (MWCNTs) mixed in porous polydimethylsiloxane to assemble a flexible piezoresistive pressure sensor combined with interdigitated electrodes. Simultaneously, the COMSOL Multiphysics simulation analysis was performed to predict the sensing behavior of the pressure sensor, which was verified by experiments; the preparation of the pressure sensor was guided according to the prediction. Additionally, we studied the effects of the mixed conductive filler's weight ratio, the shape of the interdigital electrode, and the line width and spacing of the interdigital electrode on the performance of the sensor. Based on the interaction of the 3D porous structure and the synergistic conductive network of CB/MWCNTs, the prepared pressure sensor exhibits a high sensitivity of 3.57 kPa-1 (∼21 kPa), a wide detection range of 0-275 kPa, fast response time (96 ms), fast recovery time (198 ms), good durability (about 3000 cycles), and good flexibility. Moreover, the fabricated sensor can monitor and recognize human activities (such as finger bending and mouse clicking), indicating that it has great potential in flexible wearable devices and other fields. It is worth noting that the preparation process of the entire pressure sensor was simple, low cost, and environmentally friendly, which provides a certain basis for industrial and commercial applications."
288,A3_sensors,41120391,PMC12540824,10.1038/s41598-025-20570-0,2025,Scientific reports,research-article; Journal Article,Enhancement and optimization of a graphene-based biosensing platform using machine learning for precise breast cancer detection.,"In this study, we introduce a machine learning optimized graphene-based biosensor tailored for the early and accurate detection of breast cancer, aiming to elevate diagnostic reliability and clinical efficacy. The device employs a multilayer Ag-SiO₂-Ag architecture to amplify optical response, achieving a peak sensitivity of 1785 nm/RIU. Machine learning models are used to optimize structural parameters, enabling systematic refinement of detection accuracy and reproducibility. The optimized design demonstrates superior sensitivity compared with conventional biosensor configurations, underscoring its effectiveness in bioanalytical applications. The proposed platform offers a precise and robust solution for breast cancer screening and monitoring, with strong potential for clinical translation. To further refine sensor efficacy, a comprehensive parametric optimization approach is employed, strategically enhancing its sensitivity metrics. The sensor's heightened precision and responsiveness position it as a promising tool in biomedical diagnostics, particularly for early-stage breast cancer screening and monitoring."
289,A3_sensors,40520251,PMC12165852,10.1038/s43246-025-00839-7,2025,Communications materials,research-article; Journal Article,3D printing of self-healing longevous multi-sensory e-skin.,"Electrically conductive hydrogels can simulate the sensory capabilities of natural skin, such that they are well-suited for electronic skin. Unfortunately, currently available electronic skin cannot detect multiple stimuli in a selective manner. Inspired by the deep eutectic solvent chemistry of the frog Lithobates Sylvaticus, we introduce a double network granular organogel capable of simultaneously detecting mechanical deformation, structural damage, changes in ambient temperature, and humidity. The deep eutectic solvent chemistry adds an additional benefit: Thanks to strong hydrogen bonding, our sensor can recover 97% of the Young's modulus after being damaged. The sensing performance and self-healing capacity are maintained within a temperature range of -20 °C to 50 °C for at least 2 weeks. We exploit the granular nature of this system to direct ink to write a cm-sized frog and e-skin wearables. We realize selective tactile perception by training recurrent neural networks to achieve sensory stimulus classification between the temperature and strain with 98% accuracy."
290,A3_sensors,40952539,PMC12436258,10.1007/s40820-025-01924-9,2025,Nano-micro letters,research-article; Journal Article,Flexible Monolithic 3D-Integrated Self-Powered Tactile Sensing Array Based on Holey MXene Paste.,"Flexible electronics face critical challenges in achieving monolithic three-dimensional (3D) integration, including material compatibility, structural stability, and scalable fabrication methods. Inspired by the tactile sensing mechanism of the human skin, we have developed a flexible monolithic 3D-integrated tactile sensing system based on a holey MXene paste, where each vertical one-body unit simultaneously functions as a microsupercapacitor and pressure sensor. The in-plane mesopores of MXene significantly improve ion accessibility, mitigate the self-stacking of nanosheets, and allow the holey MXene to multifunctionally act as a sensing material, an active electrode, and a conductive interconnect, thus drastically reducing the interface mismatch and enhancing the mechanical robustness. Furthermore, we fabricate a large-scale device using a blade-coating and stamping method, which demonstrates excellent mechanical flexibility, low-power consumption, rapid response, and stable long-term operation. As a proof-of-concept application, we integrate our sensing array into a smart access control system, leveraging deep learning to accurately identify users based on their unique pressing behaviors. This study provides a promising approach for designing highly integrated, intelligent, and flexible electronic systems for advanced human-computer interactions and personalized electronics."
291,A3_sensors,41094901,PMC12526629,10.3390/s25196080,2025,"Sensors (Basel, Switzerland)",research-article; Journal Article,Passive Brain-Computer Interface Using Textile-Based Electroencephalography.,"Background: Passive brain-computer interface (pBCI) systems use a combination of electroencephalography (EEG) and machine learning (ML) to evaluate a user's cognitive and physiological state, with increasing applications in both clinical and non-clinical scenarios. pBCI systems have been limited by their traditional reliance on sensor technologies that cannot easily be integrated into non-laboratory settings where pBCIs are most needed. Advances in textile-electrode-based EEG show promise in overcoming the operational limitations; however, no study has demonstrated their use in pBCIs. This study presents the first application of fully textile-based EEG for pBCIs in differentiating cognitive states. Methods: Cognitive state comparisons between eyes-open (EO) and eyes-closed (EC) conditions were conducted using publicly available data for both novel textile and traditional dry-electrode EEG. EO vs. EC differences across both EEG sensor technologies were assessed in delta, theta, alpha, and beta EEG power bands, followed by the application of a Support Vector Machine (SVM) classifier. The SVM was applied to each EEG system separately and in a combined setting, where the classifier was trained on dry EEG data and tested on textile EEG data. Results: The textile EEG system accurately captured the characteristic increase in alpha power from EO to EC (p Conclusions: This study presents the first use of textile-based EEG for pBCI applications. Our results indicate that textile-based EEG can reliably capture changes in EEG power bands between EO and EC, and that a pBCI system utilizing non-traditional textile electrodes is both accurate and generalizable."
292,A3_sensors,38520708,PMC11165469,10.1002/advs.202310141,2024,"Advanced science (Weinheim, Baden-Wurttemberg, Germany)",research-article; Journal Article,Mechanical Field Guiding Structure Design Strategy for Meta-Fiber Reinforced Hydrogel Composites by Deep Learning.,"Fiber-reinforced hydrogel composites are widely employed in many engineering applications, such as drug release, and flexible electronics, with more flexible mechanical properties than pure hydrogel materials. Comparing to the hydrogel strengthened by continuous fiber, the meta-fiber reinforced hydrogel provides stronger individualized design ability of deformation patterns and tunable stiffness, especially for the elaborate applications in joint, cartilage, and organ. In this paper, a novel structure design strategy based on deep learning algorithm is proposed for hydrogel reinforced by meta-fiber to achieve targeted mechanical properties, such as stress and displacement fields. A solid mechanic model for meta-fiber reinforced hydrogel is first developed to construct the dataset of fiber distribution and the corresponding mechanical properties of the composite. Generative adversarial network (GAN) is then trained to characterize the relationship between stress or displacement field, and meta-fiber distribution. The well-trained GAN is implemented to design meta-fiber reinforced hydrogel composite structure under specific operation conditions. The results show that the deep learning method may efficiently predict the structure of the hydrogel composite with satisfied confidence, and has great potential for applications in drug delivery and flexible electronics."
293,A3_sensors,41272266,PMC12749509,10.1038/s41598-025-28279-w,2025,Scientific reports,research-article; Journal Article,Design and optimization of localized plasmon resonance sensing via square-slotted Ag-graphene-dielectric metasurfaces for dermatological cancer identification using machine learning.,"Skin cancer is a dangerous, life-threatening illness impacting countless individuals globally, requiring urgent awareness, prevention, and early detection. It is one of the most common forms of cancer, often caused by excessive sun exposure or tanning, and requires early detection for effective treatment. Early detection of skin cancer is achievable through advanced sensor designs that utilize graphene material. Graphene's exceptional properties make it extremely appropriate for creating sensitive, accurate, and non-invasive diagnostic tools to identify cancer at early stages. The integration of silver (Ag), graphene, and silicon dioxide (SiO₂) materials forms a highly sensitive multilayer structure, significantly enhancing the surface plasmon resonance response, which enables precise detection of skin cancer biomarkers at extremely low concentrations. An exceptional sensitivity of 1050 nm/RIU is attained, enabling efficient skin cancer detection through advanced plasmonic biosensing technology. Optimizing the biosensor design by systematically varying key physical parameters-such as layer thicknesses, slot dimensions, and material configurations-significantly enhanced its sensitivity. The optimization is also achieved by using a Machine learning algorithm. The highest R2 value of 0.99 is achieved for this research. This strategic tuning of the structural and optical characteristics enabled more accurate detection capabilities, making the sensor highly effective for early skin cancer diagnosis through plasmonic resonance."
294,A3_sensors,41026329,PMC12713018,10.1002/advs.202513680,2025,"Advanced science (Weinheim, Baden-Wurttemberg, Germany)",research-article; Journal Article,Deep Learning-Assisted Fingerprint-Inspired Flexible Pressure Sensor for Tension Monitoring in Carbon Fiber Production.,"Carbon fiber has become a key emerging material in fields such as aerospace, wind power generation, and new energy vehicles. However, the current mass production of carbon fiber is limited by the challenges in controlling tension stability across wide-width carbon fiber tow arrays, which restricts the performance and quality stability of the final product. Inspired by ancient textile workers who used their fingers to feel the tension of fiber bundles, a flexible pressure sensor is fabricated via laser etching to mimic the structure of fingerprints for monitoring the tension of wide-width carbon fiber bundle arrays. This sensor demonstrates high sensitivity (18.08 kPa-1) and a broad pressure range of 320 kPa, with a maximum measurable pressure of 550 kPa. By installing the sensor array on the surface of a tension roller, multi-fiber tension detection is achieved with a sensitivity of 5.55 N-1. Furthermore, an end-to-end tension anomaly classification convolutional neural network is developed and achieved a high classification accuracy of 96%. This sensor offers a practical solution for real-time, intelligent tension monitoring in carbon fiber production, which helps address key technical challenges in large-scale, high-consistency manufacturing and provides a new application for advancing sensing technology in flexible electronics and smart manufacturing."
295,A3_sensors,35365642,PMC8975822,10.1038/s41467-022-29456-5,2022,Nature communications,"Research Support, Non-U.S. Gov't; research-article; Journal Article",Photo-induced non-volatile VO2 phase transition for neuromorphic ultraviolet sensors.,"In the quest for emerging in-sensor computing, materials that respond to optical stimuli in conjunction with non-volatile phase transition are highly desired for realizing bioinspired neuromorphic vision components. Here, we report a non-volatile multi-level control of VO2 films by oxygen stoichiometry engineering under ultraviolet irradiation. Based on the reversible regulation of VO2 films using ultraviolet irradiation and electrolyte gating, we demonstrate a proof-of-principle neuromorphic ultraviolet sensor with integrated sensing, memory, and processing functions at room temperature, and also prove its silicon compatible potential through the wafer-scale integration of a neuromorphic sensor array. The device displays linear weight update with optical writing because its metallic phase proportion increases almost linearly with the light dosage. Moreover, the artificial neural network consisting of this neuromorphic sensor can extract ultraviolet information from the surrounding environment, and significantly improve the recognition accuracy from 24% to 93%. This work provides a path to design neuromorphic sensors and will facilitate the potential applications in artificial vision systems."
296,A3_sensors,40924231,PMC12420570,10.1007/s40820-025-01912-z,2025,Nano-micro letters,research-article; Journal Article,Deep Learning-Assisted Organogel Pressure Sensor for Alphabet Recognition and Bio-Mechanical Motion Monitoring.,"Wearable sensors integrated with deep learning techniques have the potential to revolutionize seamless human-machine interfaces for real-time health monitoring, clinical diagnosis, and robotic applications. Nevertheless, it remains a critical challenge to simultaneously achieve desirable mechanical and electrical performance along with biocompatibility, adhesion, self-healing, and environmental robustness with excellent sensing metrics. Herein, we report a multifunctional, anti-freezing, self-adhesive, and self-healable organogel pressure sensor composed of cobalt nanoparticle encapsulated nitrogen-doped carbon nanotubes (CoN CNT) embedded in a polyvinyl alcohol-gelatin (PVA/GLE) matrix. Fabricated using a binary solvent system of water and ethylene glycol (EG), the CoN CNT/PVA/GLE organogel exhibits excellent flexibility, biocompatibility, and temperature tolerance with remarkable environmental stability. Electrochemical impedance spectroscopy confirms near-stable performance across a broad humidity range (40%-95% RH). Freeze-tolerant conductivity under sub-zero conditions (-20 °C) is attributed to the synergistic role of CoN CNT and EG, preserving mobility and network integrity. The CoN CNT/PVA/GLE organogel sensor exhibits high sensitivity of 5.75 kPa-1 in the detection range from 0 to 20 kPa, ideal for subtle biomechanical motion detection. A smart human-machine interface for English letter recognition using deep learning achieved 98% accuracy. The organogel sensor utility was extended to detect human gestures like finger bending, wrist motion, and throat vibration during speech."
297,A3_sensors,37292515,PMC10246885,10.34133/research.0157,2023,"Research (Washington, D.C.)",research-article; Journal Article,A Deep Learning-Enabled Skin-Inspired Pressure Sensor for Complicated Recognition Tasks with Ultralong Life.,"Flexible full-textile pressure sensor is able to integrate with clothing directly, which has drawn extensive attention from scholars recently. But the realization of flexible full-textile pressure sensor with high sensitivity, wide detection range, and long working life remains challenge. Complex recognition tasks necessitate intricate sensor arrays that require extensive data processing and are susceptible to damage. The human skin is capable of interpreting tactile signals, such as sliding, by encoding pressure changes and performing complex perceptual tasks. Inspired by the skin, we have developed a simple dip-and-dry approach to fabricate a full-textile pressure sensor with signal transmission layers, protective layers, and sensing layers. The sensor achieves high sensitivity (2.16 kPa-1), ultrawide detection range (0 to 155.485 kPa), impressive mechanical stability of 1 million loading/unloading cycles without fatigue, and low material cost. The signal transmission layers that collect local signals enable real-world complicated task recognition through one single sensor. We developed an artificial Internet of Things system utilizing a single sensor, which successfully achieved high accuracy in 4 tasks, including handwriting digit recognition and human activity recognition. The results demonstrate that skin-inspired full-textile sensor paves a promising route toward the development of electronic textiles with important potential in real-world applications, including human-machine interaction and human activity detection."
298,A3_sensors,33396203,PMC7795588,10.3390/s21010206,2020,"Sensors (Basel, Switzerland)",research-article; Journal Article,A Smart IoT System for Detecting the Position of a Lying Person Using a Novel Textile Pressure Sensor.,"Bedsores are one of the severe problems which could affect a long-term lying subject in the hospitals or the hospice. To prevent lying bedsores, we present a smart Internet of Things (IoT) system for detecting the position of a lying person using novel textile pressure sensors. To build such a system, it is necessary to use different technologies and techniques. We used sixty-four of our novel textile pressure sensors based on electrically conductive yarn and the Velostat to collect the information about the pressure distribution of the lying person. Using Message Queuing Telemetry Transport (MQTT) protocol and Arduino-based hardware, we send measured data to the server. On the server side, there is a Node-RED application responsible for data collection, evaluation, and provisioning. We are using a neural network to classify the subject lying posture on the separate device because of the computation complexity. We created the challenging dataset from the observation of twenty-one people in four lying positions. We achieved a best classification precision of 92% for fourth class (right side posture type). On the other hand, the best recall (91%) for first class (supine posture type) was obtained. The best F1 score (84%) was achieved for first class (supine posture type). After the classification, we send the information to the staff desktop application. The application reminds employees when it is necessary to change the lying position of individual subjects and thus prevent bedsores."
299,A3_sensors,37861802,PMC10589179,10.1007/s40820-023-01201-7,2023,Nano-micro letters,research-article; Journal Article,A Broad Range Triboelectric Stiffness Sensor for Variable Inclusions Recognition.,"With the development of artificial intelligence, stiffness sensors are extensively utilized in various fields, and their integration with robots for automated palpation has gained significant attention. This study presents a broad range self-powered stiffness sensor based on the triboelectric nanogenerator (Stiff-TENG) for variable inclusions in soft objects detection. The Stiff-TENG employs a stacked structure comprising an indium tin oxide film, an elastic sponge, a fluorinated ethylene propylene film with a conductive ink electrode, and two acrylic pieces with a shielding layer. Through the decoupling method, the Stiff-TENG achieves stiffness detection of objects within 1.0 s. The output performance and characteristics of the TENG for different stiffness objects under 4 mm displacement are analyzed. The Stiff-TENG is successfully used to detect the heterogeneous stiffness structures, enabling effective recognition of variable inclusions in soft object, reaching a recognition accuracy of 99.7%. Furthermore, its adaptability makes it well-suited for the detection of pathological conditions within the human body, as pathological tissues often exhibit changes in the stiffness of internal organs. This research highlights the innovative applications of TENG and thereby showcases its immense potential in healthcare applications such as palpation which assesses pathological conditions based on organ stiffness."
300,A3_sensors,40710111,PMC12293215,10.3390/bios15070461,2025,Biosensors,research-article; Journal Article,3D-Printed PLA Hollow Microneedles Loaded with Chitosan Nanoparticles for Colorimetric Glucose Detection in Sweat Using Machine Learning.,"Biosensors play a central role in the early detection of abnormal glucose levels in individuals with diabetes; therefore, the development of less invasive systems is essential. Herein, a 3D-printed colorimetric biosensor combining microneedles and chitosan nanoparticles was developed for glucose detection in sweat using machine learning. Briefly, hollow 3D-printed polylactic acid microneedles were constructed and loaded with chitosan nanoparticles encapsulating glucose oxidase, horseradish peroxidase, and the chromogenic substrate 2,2'-azino-bis(3-ethylbenzothiazoline-6-sulfonic acid), resulting in the formation of the chitosan nanoparticle-microneedle patches. Glucose detection was performed colorimetrically by first incubating the chitosan nanoparticle-microneedle patches with glucose samples of varying concentrations and then by using photographs of the top side of each microneedle and a color recognition application on a smartphone. The Random Sample Consensus algorithm was used to train a simple linear regression model to predict glucose concentrations in unknown samples. The developed biosensor system exhibited a good linear response range toward glucose (0.025-0.375 mM), a low limit of detection (0.023 mM), a limit of quantification (0.078 mM), high specificity, and recovery rates ranging between 86-112%. Lastly, the biosensor was applied to glucose detection in spiked artificial sweat samples, confirming the potential of the proposed methodology for glucose detection in real samples."
301,A3_sensors,39353184,PMC11480693,10.2196/52323,2024,Journal of medical Internet research,"Research Support, Non-U.S. Gov't; research-article; Journal Article","Game-Based Assessment of Peripheral Neuropathy Combining Sensor-Equipped Insoles, Video Games, and AI: Proof-of-Concept Study.","BackgroundDetecting peripheral neuropathy (PNP) is crucial in preventing complications such as foot ulceration. Clinical examinations for PNP are infrequently provided to patients at high risk due to restrictions on facilities, care providers, or time. A gamified health assessment approach combining wearable sensors holds the potential to address these challenges and provide individuals with instantaneous feedback on their health status.ObjectiveWe aimed to develop and evaluate an application that assesses PNP through video games controlled by pressure sensor-equipped insoles.MethodsIn the proof-of-concept exploratory cohort study, a complete game-based framework that allowed the study participant to play 4 video games solely by modulating plantar pressure values was established in an outpatient clinic setting. Foot plantar pressures were measured by the sensor-equipped insole and transferred via Bluetooth to an Android tablet for game control in real time. Game results and sensor data were delivered to the study server for visualization and analysis. Each session lasted about 15 minutes. In total, 299 patients with diabetes mellitus and 30 with metabolic syndrome were tested using the game application. Patients' game performance was initially assessed by hypothesis-driven key capabilities that consisted of reaction time, sensation, skillfulness, balance, endurance, and muscle strength. Subsequently, specific game features were extracted from gaming data sets and compared with nerve conduction study findings, neuropathy symptoms, or disability scores. Multiple machine learning algorithms were applied to 70% (n=122) of acquired data to train predictive models for PNP, while the remaining data were held out for final model evaluation.ResultsOverall, clinically evident PNP was present in 247 of 329 (75.1%) participants, with 88 (26.7%) individuals showing asymmetric nerve deficits. In a subcohort (n=37) undergoing nerve conduction study as the gold standard, sensory and motor nerve conduction velocities and nerve amplitudes in lower extremities significantly correlated with 79 game features (|R|>0.4, highest R value +0.65; P2=0.36). Within another subcohort (n=173) with normal cognition and matched covariates (age, sex, BMI, etc), hypothesis-driven key capabilities and specific game features were significantly correlated with the presence of PNP. Predictive models using selected game features achieved 76.1% (left) and 81.7% (right foot) accuracy for PNP detection. Multiclass models yielded an area under the receiver operating characteristic curve of 0.76 (left foot) and 0.72 (right foot) for assessing nerve damage patterns (small, large, or mixed nerve fiber damage).ConclusionsThe game-based application presents a promising avenue for PNP screening and classification. Evaluation in expanded cohorts may iteratively optimize artificial intelligence model efficacy. The integration of engaging motivational elements and automated data interpretation will support acceptance as a telemedical application."
302,A3_sensors,40953064,PMC12435684,10.1371/journal.pone.0330944,2025,PloS one,research-article; Journal Article,Design optimization of high-sensitivity PCF-SPR biosensor using machine learning and explainable AI.,"Photonic crystal fiber based surface plasmon resonance (PCF-SPR) biosensors are sophisticated optical sensing platforms that enable precise detection of minute refractive index (RI) variations for various applications. This study introduces a highly sensitive, low-loss, and simply designed PCF-SPR biosensor for label-free analyte detection, operating across a broad RI range of 1.31 to 1.42. In addition to conventional methods, machine learning (ML) regression techniques were integrated to predict key optical properties, while explainable AI (XAI) methods, particularly Shapley Additive exPlanations (SHAP), were used to analyze model outputs and identify the most influential design parameters. This hybrid approach significantly accelerates sensor optimization, reduces computational costs, and improves design efficiency compared to conventional methods. The proposed biosensor achieves impressive performance metrics, including a maximum wavelength sensitivity of 125,000 nm/RIU, amplitude sensitivity of -1422.34 RIU ⁻ ¹, resolution of 8 × 10 ⁻ ⁷ RIU, and a figure of merit (FOM) of 2112.15. ML models demonstrated high predictive accuracy for effective index, confinement loss, and amplitude sensitivity. SHAP analysis revealed that wavelength, analyte refractive index, gold thickness, and pitch are the most critical factors influencing sensor performance. The combination of a simple yet efficient design and advanced ML-driven optimization makes this biosensor a promising candidate for high-precision medical diagnostics, particularly cancer cell detection, and chemical sensing applications."
303,A3_sensors,33269428,PMC7709806,10.1007/s00464-020-08169-0,2021,Surgical endoscopy,"Research Support, Non-U.S. Gov't; research-article; Journal Article",Applying the electronic nose for pre-operative SARS-CoV-2 screening.,"BackgroundInfection with SARS-CoV-2 causes corona virus disease (COVID-19). The most standard diagnostic method is reverse transcription-polymerase chain reaction (RT-PCR) on a nasopharyngeal and/or an oropharyngeal swab. The high occurrence of false-negative results due to the non-presence of SARS-CoV-2 in the oropharyngeal environment renders this sampling method not ideal. Therefore, a new sampling device is desirable. This proof-of-principle study investigated the possibility to train machine-learning classifiers with an electronic nose (Aeonose) to differentiate between COVID-19-positive and negative persons based on volatile organic compounds (VOCs) analysis.MethodsBetween April and June 2020, participants were invited for breath analysis when a swab for RT-PCR was collected. If the RT-PCR resulted negative, the presence of SARS-CoV-2-specific antibodies was checked to confirm the negative result. All participants breathed through the Aeonose for five minutes. This device contains metal-oxide sensors that change in conductivity upon reaction with VOCs in exhaled breath. These conductivity changes are input data for machine learning and used for pattern recognition. The result is a value between - 1 and + 1, indicating the infection probability.Results219 participants were included, 57 of which COVID-19 positive. A sensitivity of 0.86 and a negative predictive value (NPV) of 0.92 were found. Adding clinical variables to machine-learning classifier via multivariate logistic regression analysis, the NPV improved to 0.96.ConclusionsThe Aeonose can distinguish COVID-19 positive from negative participants based on VOC patterns in exhaled breath with a high NPV. The Aeonose might be a promising, non-invasive, and low-cost triage tool for excluding SARS-CoV-2 infection in patients elected for surgery."
304,A3_sensors,39932995,PMC11848432,10.1073/pnas.2420498122,2025,Proceedings of the National Academy of Sciences of the United States of America,research-article; Journal Article,A deep learning-enabled smart garment for accurate and versatile monitoring of sleep conditions in daily life.,"In wearable smart systems, continuous monitoring and accurate classification of different sleep-related conditions are critical for enhancing sleep quality and preventing sleep-related chronic conditions. However, the requirements for device-skin coupling quality in electrophysiological sleep monitoring systems hinder the comfort and reliability of night wearing. Here, we report a washable, skin-compatible smart garment sleep monitoring system that captures local skin strain signals under weak device-skin coupling conditions without positioning or skin preparation requirements. A printed textile-based strain sensor array responds to strain from 0.1 to 10% with a gauge factor as high as 100 and shows independence to extrinsic motion artifacts via strain-isolating printed pattern design. Through reversible starching treatment, ink penetration depth during direct printing on garments is controlled to achieve batch-to-batch performance variation <10%. Coupled with deep learning, explainable AI, and transfer learning data processing, the smart garment is capable of classifying six sleep states with an accuracy of 98.6%, maintaining excellent explainability (classification with low bias) and generalization (95% accuracy on new users with few-shot learning less than 15 samples per class) in practical applications, paving the way for next-generation daily sleep healthcare management."
305,A3_sensors,39031228,PMC11377509,10.1007/s00216-024-05444-0,2024,Analytical and bioanalytical chemistry,research-article; Journal Article,Enhancing electrochemical detection through machine learning-driven prediction for canine mammary tumor biomarker with green silver nanoparticles.,"This study developed an innovative biosensor strategy for the sensitive and selective detection of canine mammary tumor biomarkers, cancer antigen 15-3 (CA 15-3) and mucin 1 (MUC-1), integrating green silver nanoparticles (GAgNPs) with machine learning (ML) algorithms to achieve high diagnostic accuracy and potential for noninvasive early detection. The GAgNPs-enhanced electrochemical biosensor demonstrated selective detection of CA 15-3 in serum and MUC-1 in tissue homogenates, with limits of detection (LODs) of 0.07 and 0.11 U mL-1, respectively. The nanoscale dimensions of the GAgNPs endowed them with electrochemically active surface areas, facilitating sensitive biomarker detection. Experimental studies targeted CA 15-3 and MUC-1 biomarkers in clinical samples, and the biosensor exhibited ease of use and good selectivity. Furthermore, ML algorithms were employed to analyze the electrochemical data and predict biomarker concentrations, enhancing the diagnostic accuracy. The Random Forest algorithm achieved 98% accuracy in tumor presence prediction, while an Artificial Neural Network attained 76% accuracy in CA 15-3-based tumor grade classification. The integration of ML techniques with the GAgNPs-based biosensor offers a promising approach for noninvasive, accurate, and early detection of canine mammary tumors, potentially revolutionizing veterinary diagnostics. This multilayered strategy, combining eco-friendly nanomaterials, electrochemical sensing, and ML algorithms, holds significant potential for advancing both biomedical research and clinical practice in the field of canine mammary tumor diagnostics."
306,A3_sensors,40862968,PMC12384475,10.3390/bios15080507,2025,Biosensors,research-article; Journal Article,Smartphone-Compatible Colorimetric Detection of CA19-9 Using Melanin Nanoparticles and Deep Learning.,"Paper-based colorimetric biosensors represent a promising class of low-cost diagnostic tools that do not require external instrumentation. However, their broader applicability is limited by the environmental concerns associated with conventional metal-based nanomaterials and the subjectivity of visual interpretation. To address these challenges, this study introduces a proof-of-concept platform-using CA19-9 as a model biomarker-that integrates naturally derived melanin nanoparticles (MNPs) with machine learning-based image analysis to enable environmentally sustainable and analytically robust colorimetric quantification. Upon target binding, MNPs induce a concentration-dependent color transition from yellow to brown. This visual signal was quantified using a machine learning pipeline incorporating automated region segmentation and regression modeling. Sensor areas were segmented using three different algorithms, with the U-Net model achieving the highest accuracy (average IoU: 0.9025 ± 0.0392). Features extracted from segmented regions were used to train seven regression models, among which XGBoost performed best, yielding a Mean Absolute Percentage Error (MAPE) of 17%. Although reduced sensitivity was observed at higher analyte concentrations due to sensor saturation, the model showed strong predictive accuracy at lower concentrations, which are especially challenging for visual interpretation. This approach enables accurate, reproducible, and objective quantification of colorimetric signals, thereby offering a sustainable and scalable alternative for point-of-care diagnostic applications."
307,A3_sensors,39045231,PMC11263581,10.1038/s41378-024-00739-9,2024,Microsystems & nanoengineering,research-article; Journal Article,Shape-position perceptive fusion electronic skin with autonomous learning for gesture interaction.,"Wearable devices, such as data gloves and electronic skins, can perceive human instructions, behaviors and even emotions by tracking a hand's motion, with the help of knowledge learning. The shape or position single-mode sensor in such devices often lacks comprehensive information to perceive interactive gestures. Meanwhile, the limited computing power of wearable applications restricts the multimode fusion of different sensing data and the deployment of deep learning networks. We propose a perceptive fusion electronic skin (PFES) with a bioinspired hierarchical structure that utilizes the magnetization state of a magnetostrictive alloy film to be sensitive to external strain or magnetic field. Installed at the joints of a hand, the PFES realizes perception of curvature (joint shape) and magnetism (joint position) information by mapping corresponding signals to the two-directional continuous distribution such that the two edges represent the contributions of curvature radius and magnetic field, respectively. By autonomously selecting knowledge closer to the user's hand movement characteristics, the reinforced knowledge distillation method is developed to learn and compress a teacher model for rapid deployment on wearable devices. The PFES integrating the autonomous learning algorithm can fuse curvature-magnetism dual information, ultimately achieving human machine interaction with gesture recognition and haptic feedback for cross-space perception and manipulation."
308,A3_sensors,32028700,PMC7074581,10.3390/mi11020162,2020,Micromachines,research-article; Journal Article,Inconsistency Calibrating Algorithms for Large Scale Piezoresistive Electronic Skin.,"In the field of safety and communication of human-robot interaction (HRI), using large-scale electronic skin will be the tendency in the future. The force-sensitive piezoresistive material is the key for piezoresistive electronic skin. In this paper, a non-array large scale piezoresistive tactile sensor and its corresponding calibration methods were presented. Because of the creep inconsistency of large scale piezoresistive material, a creep tracking compensation method based on K-means clustering and fuzzy pattern recognition was proposed to improve the detection accuracy. With the compensated data, the inconsistency and nonlinearity of the sensor was calibrated. The calibration process was divided into two parts. The hierarchical clustering algorithm was utilized firstly to classify and fuse piezoresistive property of different regions over the whole sensor. Then, combining the position information, the force detection model was constructed by Back-Propagation (BP) neural network. At last, a novel flexible tactile sensor for detecting contact position and force was designed as an example and tested after being calibrated. The experimental results showed that the calibration methods proposed were effective in detecting force, and the detection accuracy was improved."
309,A3_sensors,35684307,PMC9182132,10.3390/molecules27113369,2022,"Molecules (Basel, Switzerland)",research-article; Journal Article,A Novel Method for Quality Evaluation of Gardeniae fructus Praeparatus during Heat Processing Based on Sensory Characteristics and Chemical Compositions.,"The intrinsic chemical components and sensory characteristics of Gardeniae fructus Praeparatus (GFP) directly reflect its quality and subsequently, affect its clinical curative effect. However, there is little research on the correlation between the appearance traits and chemical compositions of GFP during heat processing. In this study, the major components of five typical processed decoction pieces of GFP were determined. With the deepening of processing, the contents of geniposidic acid and 5-HMF gradually increased, while the contents of deacetyl-asperulosidic acid methyl ester, gardenoside, and two pigments declined. Moreover, the electronic eye, electronic tongue, and electronic nose were applied to quantify GFP's sensory properties. It was found that the chroma values showed a downward trend during the processing of GFP. The results of odor showed that ammonia, alkenes, hydrogen, and aromatic compounds were the material base for aroma characteristics. Complex bitterness in GF was more obvious than that in other GFP processed products. Furthermore, one mathematical model was established to evaluate the correlation between the sensory characteristics and chemical composition of GFP during five different stages. A cluster analysis and neural network analysis contributed to recognizing the processing stage of GFP. This study provided an alternative method for the exterior and interior correlation-based quality evaluation of herbs."
310,A3_sensors,35615273,PMC9124859,10.3389/fnins.2022.865594,2022,Frontiers in neuroscience,research-article; Journal Article,A Motor Imagery Signals Classification Method via the Difference of EEG Signals Between Left and Right Hemispheric Electrodes.,"Brain-computer interface (BCI) based on motor imagery (MI) can help patients with limb movement disorders in their normal life. In order to develop an efficient BCI system, it is necessary to decode high-accuracy motion intention by electroencephalogram (EEG) with low signal-to-noise ratio. In this article, a MI classification approach is proposed, combining the difference in EEG signals between the left and right hemispheric electrodes with a dual convolutional neural network (dual-CNN), which effectively improved the decoding performance of BCI. The positive and inverse problems of EEG were solved by the boundary element method (BEM) and weighted minimum norm estimation (WMNE), and then the scalp signals were mapped to the cortex layer. We created nine pairs of new electrodes on the cortex as the region of interest. The time series of the nine electrodes on the left and right hemispheric are respectively used as the input of the dual-CNN model to classify four MI tasks. The results show that this method has good results in both group-level subjects and individual subjects. On the Physionet database, the averaged accuracy on group-level can reach 96.36%, while the accuracies of four MI tasks reach 98.54, 95.02, 93.66, and 96.19%, respectively. As for the individual subject, the highest accuracy is 98.88%, and its four MI accuracies are 99.62, 99.68, 98.47, and 97.73%, respectively."
311,A3_sensors,35782086,PMC9243506,10.3389/fncom.2022.909553,2022,Frontiers in computational neuroscience,research-article; Journal Article,A P300-Detection Method Based on Logistic Regression and a Convolutional Neural Network.,"BackgroundElectroencephalogram (EEG)-based brain-computer interface (BCI) systems are widely utilized in various fields, including health care, intelligent assistance, identity recognition, emotion recognition, and fatigue detection. P300, the main event-related potential, is the primary component detected by EEG-based BCI systems. Existing algorithms for P300 classification in EEG data usually perform well when tested in a single participant, although they exhibit significant decreases in accuracy when tested in new participants. We attempted to address this lack of generalizability associated with existing classification methods using a novel convolutional neural network (CNN) model developed using logistic regression (LR).Materials and methodsWe proposed an LR-CNN model comprising two parts: a combined LR-based memory model and a CNN-based generalization model. The LR-based memory model can learn the individual features of participants and addresses the decrease in accuracy caused by individual differences when applied to new participants. The CNN-based generalization model can learn the common features among participants, thereby reducing overall classification bias and improving overall classification accuracy.ResultsWe compared our method with existing, commonly used classification methods through three different sets of experiments. The experimental results indicated that our method could learn individual differences among participants. Compared with other commonly used classification methods, our method yielded a marked improvement (>90%) in classification among new participants.ConclusionThe accuracy of the proposed model in the face of new participants is better than that of existing, commonly used classification methods. Such improvements in cross-subject test accuracy will aid in the development of BCI systems."
312,A3_sensors,37002513,PMC10066049,10.1007/s40820-023-01045-1,2023,Nano-micro letters,research-article; Journal Article,Screen-Printable Functional Nanomaterials for Flexible and Wearable Single-Enzyme-Based Energy-Harvesting and Self-Powered Biosensing Devices.,"Developing flexible bioelectronics is essential to the realization of artificial intelligence devices and biomedical applications, such as wearables, but their potential is limited by sustainable energy supply. An enzymatic biofuel cell (BFC) is promising for power supply, but its use is limited by the challenges of incorporating multiple enzymes and rigid platforms. This paper shows the first example of screen-printable nanocomposite inks engineered for a single-enzyme-based energy-harvesting device and a self-powered biosensor driven by glucose on bioanode and biocathode. The anode ink is modified with naphthoquinone and multiwalled carbon nanotubes (MWCNTs), whereas the cathode ink is modified with Prussian blue/MWCNT hybrid before immobilizing with glucose oxidase. The flexible bioanode and the biocathode consume glucose. This BFC yields an open circuit voltage of 0.45 V and a maximum power density of 266 μW cm-2. The wearable device coupled with a wireless portable system can convert chemical energy into electric energy and detect glucose in artificial sweat. The self-powered sensor can detect glucose concentrations up to 10 mM. Common interfering substances, including lactate, uric acid, ascorbic acid, and creatinine, have no effect on this self-powered biosensor. Additionally, the device can endure multiple mechanical deformations. New advances in ink development and flexible platforms enable a wide range of applications, including on-body electronics, self-sustainable applications, and smart fabrics."
313,A3_sensors,35974062,PMC9379872,10.1038/s41746-022-00661-2,2022,NPJ digital medicine,research-article; Journal Article,Fast and noninvasive electronic nose for sniffing out COVID-19 based on exhaled breath-print recognition.,"The reverse transcription-quantitative polymerase chain reaction (RT-qPCR) approach has been widely used to detect the severe acute respiratory syndrome coronavirus 2 (SARS-CoV-2). However, instead of using it alone, clinicians often prefer to diagnose the coronavirus disease 2019 (COVID-19) by utilizing a combination of clinical signs and symptoms, laboratory test, imaging measurement (e.g., chest computed tomography scan), and multivariable clinical prediction models, including the electronic nose. Here, we report on the development and use of a low cost, noninvasive method to rapidly sniff out COVID-19 based on a portable electronic nose (GeNose C19) integrating an array of metal oxide semiconductor gas sensors, optimized feature extraction, and machine learning models. This approach was evaluated in profiling tests involving a total of 615 breath samples composed of 333 positive and 282 negative samples. The samples were obtained from 43 positive and 40 negative COVID-19 patients, respectively, and confirmed with RT-qPCR at two hospitals located in the Special Region of Yogyakarta, Indonesia. Four different machine learning algorithms (i.e., linear discriminant analysis, support vector machine, stacked multilayer perceptron, and deep neural network) were utilized to identify the top-performing pattern recognition methods and to obtain a high system detection accuracy (88-95%), sensitivity (86-94%), and specificity (88-95%) levels from the testing datasets. Our results suggest that GeNose C19 can be considered a highly potential breathalyzer for fast COVID-19 screening."
314,A3_sensors,39323746,PMC11422183,10.1093/rb/rbae109,2024,Regenerative biomaterials,research-article; Journal Article,Integrating machine learning for the optimization of polyacrylamide/alginate hydrogel.,"Hydrogels are highly promising due to their soft texture and excellent biocompatibility. However, the designation and optimization of hydrogels involve numerous experimental parameters, posing challenges in achieving rapid optimization through conventional experimental methods. In this study, we leverage machine learning algorithms to optimize a dual-network hydrogel based on a blend of acrylamide (AM) and alginate, targeting applications in flexible electronics. By treating the concentrations of components as experimental parameters and utilizing five material properties as evaluation criteria, we conduct a comprehensive property assessment of the material using a linear weighting method. Subsequently, we design a series of experimental plans using the Bayesian optimization algorithm and validate them experimentally. Through iterative refinement, we optimize the experimental parameters, resulting in a hydrogel with superior overall properties, including heightened strain sensitivity and flexibility. Leveraging the available experimental data, we employ a classification algorithm to separate the cutoff data. The feature importance identified by the classification model highlights the pronounced impact of AM, ammonium persulfate, and N,N-methylene on the classification outcomes. Additionally, we develop a regression model and demonstrate its utility in predicting and analyzing the relationship between experimental parameters and hydrogel properties through experimental validation."
315,A3_sensors,33863725,PMC8051876,10.1126/sciadv.abe7432,2021,Science advances,"Research Support, Non-U.S. Gov't; research-article; Journal Article",Leaf-inspired homeostatic cellulose biosensors.,"An incompatibility between skin homeostasis and existing biosensor interfaces inhibits long-term electrophysiological signal measurement. Inspired by the leaf homeostasis system, we developed the first homeostatic cellulose biosensor with functions of protection, sensation, self-regulation, and biosafety. Moreover, we find that a mesoporous cellulose membrane transforms into homeostatic material with properties that include high ion conductivity, excellent flexibility and stability, appropriate adhesion force, and self-healing effects when swollen in a saline solution. The proposed biosensor is found to maintain a stable skin-sensor interface through homeostasis even when challenged by various stresses, such as a dynamic environment, severe detachment, dense hair, sweat, and long-term measurement. Last, we demonstrate the high usability of our homeostatic biosensor for continuous and stable measurement of electrophysiological signals and give a showcase application in the field of brain-computer interfacing where the biosensors and machine learning together help to control real-time applications beyond the laboratory at unprecedented versatility."
316,A3_sensors,35792975,PMC9259531,10.1007/s00604-022-05368-5,2022,Mikrochimica acta,"Research Support, Non-U.S. Gov't; research-article; Journal Article",2D nanomaterial sensing array using machine learning for differential profiling of pathogenic microbial taxonomic identification.,"An integrated custom cross-response sensing array has been developed combining the algorithm module's visible machine learning approach for rapid and accurate pathogenic microbial taxonomic identification. The diversified cross-response sensing array consists of two-dimensional nanomaterial (2D-n) with fluorescently labeled single-stranded DNA (ssDNA) as sensing elements to extract a set of differential response profiles for each pathogenic microorganism. By altering the 2D-n and different ssDNA with different sequences, we can form multiple sensing elements. While interacting with microorganisms, the competition between ssDNA and 2D-n leads to the release of ssDNA from 2D-n. The signals are generated from binding force driven by the exfoliation of either ssDNA or 2D-n from the microorganisms. Thus, the signal is distinguished from different ssDNA and 2D-n combinations, differentiating the extracted information and visualizing the recognition process. Fluorescent signals collected from each sensing element at the wavelength around 520 nm are applied to generate a fingerprint. As a proof of concept, we demonstrate that a six-sensing array enables rapid and accurate pathogenic microbial taxonomic identification, including the drug-resistant microorganisms, under a data size of n = 288. We precisely identify microbial with an overall accuracy of 97.9%, which overcomes the big data dependence for identifying recurrent patterns in conventional methods. For each microorganism, the detection concentration is 105 ~ 108 CFU/mL for Escherichia coli, 102 ~ 107 CFU/mL for E. coli-β, 103 ~ 108 CFU/mL for Staphylococcus aureus, 103 ~ 107 CFU/mL for MRSA, 102 ~ 108 CFU/mL for Pseudomonas aeruginosa, 103 ~ 108 CFU/mL for Enterococcus faecalis, 102 ~ 108 CFU/mL for Klebsiella pneumoniae, and 103 ~ 108 CFU/mL for Candida albicans. Combining the visible machine learning approach, this sensing array provides strategies for precision pathogenic microbial taxonomic identification. • A molecular response differential profiling (MRDP) was established based on custom cross-response sensor array for rapid and accurate recognition and phenotyping common pathogenic microorganism. • Differential response profiling of pathogenic microorganism is derived from the competitive response capacity of 6 sensing elements of the sensor array. Each of these sensing elements' performance has competitive reaction with the microorganism. • MRDP was applied to LDA algorithm and resulted in the classification of 8 microorganisms."
317,A3_sensors,41374725,PMC12693990,10.3390/s25237350,2025,"Sensors (Basel, Switzerland)",research-article; Journal Article,Molecular-Level Identification of Liquor Vintage via an Intelligent Electronic Tongue Integrated with a One-Dimensional Convolutional Neural Network.,"Accurate identification of liquor vintage is crucial for ensuring product authenticity and optimizing market value, as the price and sensory quality of liquor increase with age. Traditional sensory evaluation by sommeliers is inherently limited by subjectivity, physiological fatigue, and inconsistency, posing challenges for reliable large-scale quality assessment. To address these limitations, this study introduces an innovative homemade electronic tongue (ET) system integrated with machine learning and deep learning algorithms for rapid and precise vintage identification. The ET system, consisting of six metallic electrodes and a MEMS-based temperature sensor, successfully discriminated five consecutive liquor vintages produced at one-year intervals. Using Support Vector Machine (SVM) and Random Forest (RF) algorithms, classification accuracies of 91.0% and 78.0% were achieved, respectively. Remarkably, the proposed one-dimensional convolutional neural network (1D-CNN) model further improved the recognition accuracy to 94.0%, representing the highest reported performance for ET-based vintage prediction to date. The findings demonstrate that the integration of multi-electrode electrochemical sensing with artificial intelligence enables objective, reproducible, and high-throughput evaluation of liquor aging characteristics. This approach provides a scientifically robust alternative to human sensory analysis, offering significant potential for counterfeit detection, liquor authentication, and the broader assessment of food and beverage quality within molecular sensing frameworks."
318,A3_sensors,38475024,PMC10934952,10.3390/s24051488,2024,"Sensors (Basel, Switzerland)",research-article; Journal Article,Experimental Analyses and Predictive Modelling of Ultrasonic Welding Parameters for Enhancing Smart Textile Fabrication.,"This study aims to illustrate the design, fabrication, and optimisation of an ultrasonic welding (UW) machine to join copper wires with non-woven PVC textiles as smart textiles. The study explicitly evaluates UW parameters' impact on heat generation, joint strength, and electrical properties, with a comprehensive understanding of the process dynamics and developing a predictive model applicable to smart textiles. The methodological approach involved designing and manufacturing an ultrasonic piezoelectric transducer using ABAQUS finite element analyses (FEA) software and constructing a UW machine for the current purpose. The full factorial design (FFD) approach was employed in experiments to systematically assess the influence of welding time, welding pressure, and copper wire diameter on the produced joints. Experimental data were meticulously collected, and a backpropagation neural network (BPNN) model was constructed based on the analysis of these results. The results of the experimental investigation provided valuable insights into the UW process, elucidating the intricate relationship between welding parameters and heat generation, joint strength, and post-welding electrical properties of the copper wires. This dataset served as the basis for developing a neural network model, showcasing a high level of accuracy in predicting welding outcomes compared to the FFD model. The neural network model provides a valuable tool for controlling and optimising the UW process in the realm of smart textile production."
319,A3_sensors,40533473,PMC12177076,10.1038/s41378-025-00961-z,2025,Microsystems & nanoengineering,research-article; Journal Article,Intelligent planetary gear fault diagnosis system based on MEMS acoustic emission sensor.,"Early equipment fault diagnosis can identify potential risks, significantly reduce maintenance costs, and minimize property damage. However, vibration, strain, and force sensors operating at low frequencies with narrow bandwidths are insufficiently sensitive to fault information, making early fault prediction challenging. Here, we introduce a high-performance, cost-effective, and tiny-sized micro-electromechanical system (MEMS) acoustic emission sensor. This sensor utilizes a 10 × 11 hexagonal array of piezoelectric micromachined ultrasonic transducers with a chip size of 4 mm × 4 mm × 0.4 mm. The sensor is encapsulated using an epoxy/Al2O3 composite for acoustic impedance matching, and its overall size is Φ 16 mm × H 5.5 mm, with a weight of approximately 3 g. This acoustic emission sensor achieves a peak sensitivity of 88.4 dB (ref. V/(m/s)) at 335 kHz, and its sensitivity remains above 60 dB across the frequency range from 15 kHz to 620 kHz. In addition, combined with the residual neural networks, an intelligent fault diagnosis of the planetary gear is realized. This MEMS acoustic emission sensor can provide a promising approach for in-situ fault monitoring of highly integrated and miniaturized industrial equipment."
320,A3_sensors,40607079,PMC12214300,10.34133/cbsystems.0320,2025,"Cyborg and bionic systems (Washington, D.C.)",research-article; Journal Article,Self-Powered Multimodal Tactile Sensing Enabled by Hybrid Triboelectric and Magnetoelastic Mechanisms.,"Object property perception, as a core component of tactile sensing technology, faces severe challenges due to its inherent complexity and diversity, particularly under the constraints of decoupling difficulty and limited precision. Herein, this paper introduces an innovative approach to object property perception utilizing triboelectric-magnetoelastic sensing. This technology integrates triboelectricity and magnetoelasticity, achieving a self-powered sensing mechanism that requires no external power source for sensing signal generation. Moreover, by deploying a triboelectric array, it comprehensively captures multi-dimensional information of objects. Concurrently, in conjunction with magnetoelastic sensing technology, it provides stable and reliable mechanical information, ensuring that the system can accurately decouple key characteristics of objects, such as material properties, softness, and roughness, even in open environments where temperature, humidity, and mechanical conditions change in real time. Furthermore, by combining deep learning algorithms, it achieves exceptionally high recognition accuracy for object properties (material recognition accuracy: 99%, softness recognition accuracy: 100%, roughness recognition accuracy: 95%). Even in complex scenarios with intertwined multiple properties, the overall recognition accuracy remains consistently above 95%. The multimodal tactile sensing technology proposed in this paper provides robust technical support and theoretical foundation for the intelligent development of robots and the enhancement of real-time tactile perception capabilities."
321,A3_sensors,35735574,PMC9221208,10.3390/bios12060427,2022,Biosensors,research-article; Journal Article,Wearable Flexible Electronics Based Cardiac Electrode for Researcher Mental Stress Detection System Using Machine Learning Models on Single Lead Electrocardiogram Signal.,"In the modern world, wearable smart devices are continuously used to monitor people's health. This study aims to develop an automatic mental stress detection system for researchers based on Electrocardiogram (ECG) signals from smart T-shirts using machine learning classifiers. We used 20 subjects, including 10 from mental stress (after twelve hours of continuous work in the laboratory) and 10 from normal (after completing the sleep or without any work). We also applied three scoring techniques: Chalder Fatigue Scale (CFS), Specific Fatigue Scale (SFS), Depression, Anxiety, and Stress Scale (DASS), to confirm the mental stress. The total duration of ECG recording was 1800 min, including 1200 min during mental stress and 600 min during normal. We calculated two types of features, such as demographic and extracted by ECG signal. In addition, we used Decision Tree (DT), Naive Bayes (NB), Random Forest (RF), and Logistic Regression (LR) to classify the intra-subject (mental stress and normal) and inter-subject classification. The DT leave-one-out model has better performance in terms of recall (93.30%), specificity (96.70%), precision (94.40%), accuracy (93.30%), and F1 (93.50%) in the intra-subject classification. Additionally, The classification accuracy of the system in classifying inter-subjects is 94.10% when using a DT classifier. However, our findings suggest that the wearable smart T-shirt based on the DT classifier may be used in big data applications and health monitoring. Mental stress can lead to mitochondrial dysfunction, oxidative stress, blood pressure, cardiovascular disease, and various health problems. Therefore, real-time ECG signals help assess cardiovascular and related risk factors in the initial stage based on machine learning techniques."
322,A3_sensors,37960556,PMC10650812,10.3390/s23218857,2023,"Sensors (Basel, Switzerland)",research-article; Journal Article,Conductive Polymer-Based Interactive Shelving System for Real-Time Inventory Management.,"Stockouts constitute a major challenge in the retail industry. Stockouts are caused by errors related to manual stockkeeping and by the misplacement of items on shelves. Such errors account for up to 4% of lost sales. Real-time inventory management systems for misplaced items or missing stock detection in retail stores are limited. Accordingly, a conductive polymer-based interactive shelving system for real-time inventory management is developed. The system comprises an 80 × 48 sensor array fabricated by screen-printing a piezoresistive carbon-based conductive polymer layer onto gold interdigitated electrodes deposited on a flexible substrate. Each sensing pixel has dimensions of 5 mm × 5 mm and a sensing area of 4 mm × 4 mm. The sensor mat can detect the shape and weight features of stockkeeping units (SKUs), which can then be analyzed by a TensorFlow model for SKU identification. The developed system is characterized for functional resistance range, uniformity, repeatability, and durability. The accuracy of SKU identification achieved using shape features only and the accuracy of SKU identification achieved using both shape and weight features is 95% and 99.2%, respectively. The key novelty of the work is the development of a deep learning-embedded interactive smart shelving system for retail inventory management by using the shape and weight features of SKU. Also, the developed system helps to detect the SKU if they are stacked one over the other. Furthermore, multiple sensor mats implemented on various shelves in a retail store can be modularized and integrated for monitoring under the control of a single PC. Accordingly, the proposed retail inventory tracking system can facilitate the development of automated ""humanless"" shops."
323,A3_sensors,38562183,PMC10982547,10.1016/j.fochx.2024.101322,2024,Food chemistry: X,research-article; Journal Article,Near-infrared spectroscopy based on colorimetric sensor array coupled with convolutional neural network detecting zearalenone in wheat.,"Wheat is a vital global cereal crop, but its susceptibility to contamination by mycotoxins can render it unusable. This study explored the integration of two novel non-destructive detection methodologies with convolutional neural network (CNN) for the identification of zearalenone (ZEN) contamination in wheat. Firstly, the colorimetric sensor array composed of six selected porphyrin-based materials was used to capture the olfactory signatures of wheat samples. Subsequently, the colorimetric sensor array, after undergoing a reaction, was characterized by its near-infrared spectral features. Then, the CNN quantitative analysis model was proposed based on the data, alongside the establishment of traditional machine learning models, partial least squares regression (PLSR) and support vector machine regression (SVR), for comparative purposes. The outcomes demonstrated that the CNN model had superior predictive performance, with a root mean square error of prediction (RMSEP) of 40.92 μ g ∙ kg-1 and a coefficient of determination on the prediction (RP2) of 0.91. These results affirmed the potential of integrating colorimetric sensor array with near-infrared spectroscopy in evaluating the safety of wheat and potentially other grains. Moreover, CNN can have the capacity to autonomously learn and distill features from spectral data, enabling further spectral analysis and making it a forward-looking spectroscopic tool."
324,A3_sensors,35661123,PMC9166706,10.1038/s41598-022-13220-2,2022,Scientific reports,"Research Support, Non-U.S. Gov't; research-article; Journal Article",Automated soccer head impact exposure tracking using video and deep learning.,"Head impacts are highly prevalent in sports and there is a pressing need to investigate the potential link between head impact exposure and brain injury risk. Wearable impact sensors and manual video analysis have been utilized to collect impact exposure data. However, wearable sensors suffer from high deployment cost and limited accuracy, while manual video analysis is a long and resource-intensive task. Here we develop and apply DeepImpact, a computer vision algorithm to automatically detect soccer headers using soccer game videos. Our data-driven pipeline uses two deep learning networks including an object detection algorithm and temporal shift module to extract visual and temporal features of video segments and classify the segments as header or nonheader events. The networks were trained and validated using a large-scale professional-level soccer video dataset, with labeled ground truth header events. The algorithm achieved 95.3% sensitivity and 96.0% precision in cross-validation, and 92.9% sensitivity and 21.1% precision in an independent test that included videos of five professional soccer games. Video segments identified as headers in the test data set correspond to 3.5 min of total film time, which can be reviewed through additional manual video verification to eliminate false positives. DeepImpact streamlines the process of manual video analysis and can help to collect large-scale soccer head impact exposure datasets for brain injury research. The fully video-based solution is a low-cost alternative for head impact exposure monitoring and may also be expanded to other sports in future work."
325,A3_sensors,39738742,PMC11683042,10.1007/s40820-024-01605-z,2024,Nano-micro letters,research-article; Journal Article,Ti3C2Tx Composite Aerogels Enable Pressure Sensors for Dialect Speech Recognition Assisted by Deep Learning.,"Wearable pressure sensors capable of adhering comfortably to the skin hold great promise in sound detection. However, current intelligent speech assistants based on pressure sensors can only recognize standard languages, which hampers effective communication for non-standard language people. Here, we prepare an ultralight Ti3C2Tx MXene/chitosan/polyvinylidene difluoride composite aerogel with a detection range of 6.25 Pa-1200 kPa, rapid response/recovery time, and low hysteresis (13.69%). The wearable aerogel pressure sensor can detect speech information through the throat muscle vibrations without any interference, allowing for accurate recognition of six dialects (96.2% accuracy) and seven different words (96.6% accuracy) with the assistance of convolutional neural networks. This work represents a significant step forward in silent speech recognition for human-machine interaction and physiological signal monitoring."
326,A3_sensors,35140219,PMC8828782,10.1038/s41467-022-28443-0,2022,Nature communications,"Research Support, Non-U.S. Gov't; research-article; Journal Article",Highly sensitive strain sensors based on piezotronic tunneling junction.,"Piezotronics with capacity of constructing adaptive and seamless interactions between electronics/machines and human/ambient are of value in Internet of Things, artificial intelligence and biomedical engineering. Here, we report a kind of highly sensitive strain sensor based on piezotronic tunneling junction (Ag/HfO2/n-ZnO), which utilizes the strain-induced piezoelectric potential to control the tunneling barrier height and width in parallel, and hence to synergistically modulate the electrical transport process. The piezotronic tunneling strain sensor has a high on/off ratio of 478.4 and high gauge factor of 4.8 × 105 at the strain of 0.10%, which is more than 17.8 times larger than that of a conventional Schottky-barrier based strain sensor in control group as well as some existing ZnO nanowire or nanobelt based sensors. This work provides in-depth understanding for the basic mechanism of piezotronic modulation on tunneling junction, and realizes the highly sensitive strain sensor of piezotronic tunneling junction on device scale, which has great potential in advanced micro/nano-electromechanical devices and systems."
327,A3_sensors,36235878,PMC9570729,10.3390/polym14193930,2022,Polymers,research-article; Journal Article,Soft Conductive Hydrogel-Based Electronic Skin for Robot Finger Grasping Manipulation.,"Electronic skin with human-like sensory capabilities has been widely applied to artificial intelligence, biomedical engineering, and the prosthetic hand for expanding the sensing ability of robots. Robotic electronic skin (RES) based on conductive hydrogel is developed to collect strain and pressure data for improving the grasping capability of the robot finger. RES is fabricated and assembled by the soft functional materials through a sol-gel process for guaranteeing the overall softness. The strain sensor based on piezoresistive hydrogel (gauge factor ~9.98) is integrated onto the back surface of the robot finger to collect the bending angle of the robot finger. The capacitive pressure sensor based on a hydrogel electrode (sensitivity: 0.105 kPa-1 below 3.61 kPa, and 0.0327 kPa-1 in the range from 4.12 to 15 kPa.) is adhered onto the fingertip to collect the pressure data when touching the objects. A robot-finger-compatible RES with strain and pressure sensing function is designed for finger gesture detection and grasping manipulation. The negative force feedback control framework is built to improve grasping manipulation of the robot finger with RES, which would provide a self-adaptive control method to determine whether the objects are grasped successfully or not. Robot fingers integrated with soft sensors would promote the development of sensing and grasping abilities of the robot finger and interaction with human beings."
328,A3_sensors,34502646,PMC8434432,10.3390/s21175755,2021,"Sensors (Basel, Switzerland)",research-article; Journal Article,Analysis of the Impact of Sustained Load and Temperature on the Performance of the Electromechanical Impedance Technique through Multilevel Machine Learning and FBG Sensors.,"The electro-mechanical impedance (EMI) technique has been applied successfully to detect minor damage in engineering structures including reinforced concrete (RC). However, in the presence of temperature variations, it can cause false alarms in structural health monitoring (SHM) applications. This paper has developed an innovative approach that integrates the EMI methodology with multilevel hierarchical machine learning techniques and the use of fiber Bragg grating (FBG) temperature and strain sensors to evaluate the mechanical performance of RC beams strengthened with near surface mounted (NSM)-fiber reinforced polymer (FRP) under sustained load and varied temperatures. This problem is a real challenge since the bond behavior at the concrete-FRP interface plays a key role in the performance of this type of structure, and additionally, its failure occurs in a brittle and sudden way. The method was validated in a specimen tested over a period of 1.5 years under different conditions of sustained load and temperature. The analysis of the experimental results in an especially complex problem with the proposed approach demonstrated its effectiveness as an SHM method in a combined EMI-FBG framework."
329,A3_sensors,40130359,PMC11934013,10.1039/d4nr04857a,2025,Nanoscale,research-article; Journal Article,"Ultrasensitive detection of 2,4-dichlorophenoxyacetic acid by inhibiting alkaline phosphatase immobilized onto a highly porous gold nanocoral electrode.","Herein, we describe the design and implementation of an ultrasensitive enzyme inhibition-based biosensor for 2,4-dichlorophenoxyacetic acid (2,4-D) detection. The biosensor utilizes alkaline phosphatase (AlP), immobilized on a photo-crosslinked polymer matrix of poly(vinyl alcohol) functionalized with N-methyl-4(4'-formylstyryl)pyridinium (PVA-SbQ), supported by electrodes coated with highly porous gold nanocorals (hPGNCs). After preliminary electrochemical and morphological characterization, the PVA-SbQ/AlP/hPGNC electrode was tested for inhibition studies employing ascorbate 2-phosphate (A2P) as the initial substrate. The biosensor preparation/sensing time from electrode preparation to final results is approximately 45 minutes, which enables the possibility to easily scale up the electrode production process on a daily basis with a reliable analytical result in only 5 minutes of amperometric measurement. Following the initial kinetic studies and evaluation of analytical performance, the PVA-SbQ/AlP/hPGNC platform demonstrated a linear detection range from 0.002 to 22 ppt, with a sensitivity of 0.121 ± 0.006 ppt-1 (RSD = 4.9%, R2 = 0.996, and N = 6) and a limit of detection (LoD) of 0.7 ppq. This sensitivity is 7-8 orders of magnitude below the regulatory thresholds in Europe and the USA. Furthermore, the biosensor was validated using 19 homogenized wheat leaf sample extracts, prepared in line with European Food Safety Authority (EFSA) guidelines, achieving average recoveries exceeding 96% and RSD values under 9.8%. The biosensor also exhibited robust operational and storage stability, maintaining 84% (30 hours of continuous operation) and 94% (120 days) of its initial response, respectively. These results highlight the potential of the PVA-SbQ/AlP/hPGNC biosensor for on-site 2,4-D monitoring in agricultural crops and its feasibility for integration with artificial intelligence for advanced diagnostics."
330,A3_sensors,38904995,PMC11223466,10.1021/acsnano.4c03554,2024,ACS nano,research-article; Journal Article,Neuromorphic Computing-Assisted Triboelectric Capacitive-Coupled Tactile Sensor Array for Wireless Mixed Reality Interaction.,"Flexible tactile sensors show promise for artificial intelligence applications due to their biological adaptability and rapid signal perception. Triboelectric sensors enable active dynamic tactile sensing, while integrating static pressure sensing and real-time multichannel signal transmission is key for further development. Here, we propose an integrated structure combining a capacitive sensor for static spatiotemporal mapping and a triboelectric sensor for dynamic tactile recognition. A liquid metal-based flexible dual-mode triboelectric-capacitive-coupled tactile sensor (TCTS) array of 4 × 4 pixels achieves a spatial resolution of 7 mm, exhibiting a pressure detection limit of 0.8 Pa and a fast response of 6 ms. Furthermore, neuromorphic computing using the MXene-based synaptic transistor achieves 100% recognition accuracy of handwritten numbers/letters within 90 epochs based on dynamic triboelectric signals collected by the TCTS array, and cross-spatial information communication from the perceived multichannel tactile data is realized in the mixed reality space. The results illuminate considerable application possibilities of dual-mode tactile sensing technology in human-machine interfaces and advanced robotics."
331,A3_sensors,39244663,PMC11411726,10.1021/acsnano.4c06827,2024,ACS nano,research-article; Journal Article,High-Yield Large-Scale Suspended Graphene Membranes over Closed Cavities for Sensor Applications.,"Suspended membranes of monatomic graphene exhibit great potential for applications in electronic and nanoelectromechanical devices. In this work, a ""hot and dry"" transfer process is demonstrated to address the fabrication and patterning challenges of large-area graphene membranes on top of closed, sealed cavities. Here, ""hot"" refers to the use of high temperature during transfer, promoting the adhesion. Additionally, ""dry"" refers to the absence of liquids when graphene and target substrate are brought into contact. The method leads to higher yields of intact suspended monolayer chemical vapor deposition (CVD) graphene and artificially stacked double-layer CVD graphene membranes than previously reported. The yield evaluation is performed using neural-network-based object detection in scanning electron microscopy (SEM) images, ascertaining high yields of intact membranes with large statistical accuracy. The suspended membranes are examined by Raman tomography and atomic force microscopy (AFM). The method is verified by applying the suspended graphene devices as piezoresistive pressure sensors. Our technology advances the application of suspended graphene membranes and can be extended to other two-dimensional materials."
332,A3_sensors,40940317,PMC12677675,10.1002/advs.202512439,2025,"Advanced science (Weinheim, Baden-Wurttemberg, Germany)",research-article; Journal Article,A Super-Capacitive Pressure Sensor with Ultrahigh Sensitivity and Wide Linear Pressure Sensing Range for Human Bio-Signal Detection and Electronic Skin.,"Soft super-capacitive sensors offer several advantages, including mechanical flexibility, high sensitivity, and rapid response, primarily due to the use of soft ionic elastomers and the electrical double layer (EDL) sensing mechanism. As for those sensors, achieving a broad linear pressure sensing range remains crucial, particularly when paired with a well-defined microstructure in the electrolyte layer, which enhances sensor repeatability and facilitates quality control. In this study, a novel design strategy is proposed to simultaneously enhance sensitivity and extend the linear sensing range by integrating a hierarchical dome microstructure within the electrolyte layer and incorporating a curvilinear design in the top electrode. Specifically, the optimized sensor shows an ultrahigh sensitivity (34.79 nF kPa-1), a wide linear sensing range (0-800 kPa), high pressure resolution (0.1%), and stable capacitance responses for dynamic pressure even at high pressure conditions (200 kPa). Moreover, the sensor is successfully examined to perform the detection of human bio-signals, including body movement, respiration pattern recognition, and wrist pulse detection. Additionally, the sensor demonstrates strong potential for serving as an electronic skin (e-skin), as it enables accurate object weight estimation and object identification through machine learning techniques, achieving 100% classification accuracy."
333,A3_sensors,35746337,PMC9229394,10.3390/s22124555,2022,"Sensors (Basel, Switzerland)",research-article; Journal Article,A Low-Power Analog Processor-in-Memory-Based Convolutional Neural Network for Biosensor Applications.,"This paper presents an on-chip implementation of an analog processor-in-memory (PIM)-based convolutional neural network (CNN) in a biosensor. The operator was designed with low power to implement CNN as an on-chip device on the biosensor, which consists of plates of 32 × 32 material. In this paper, 10T SRAM-based analog PIM, which performs multiple and average (MAV) operations with multiplication and accumulation (MAC), is used as a filter to implement CNN at low power. PIM proceeds with MAV operations, with feature extraction as a filter, using an analog method. To prepare the input feature, an input matrix is formed by scanning a 32 × 32 biosensor based on a digital controller operating at 32 MHz frequency. Memory reuse techniques were applied to the analog SRAM filter, which is the core of low power implementation, and in order to accurately grasp the MAC operational efficiency and classification, we modeled and trained numerous input features based on biosignal data, confirming the classification. When the learned weight data was input, 19 mW of power was consumed during analog-based MAC operation. The implementation showed an energy efficiency of 5.38 TOPS/W and was differentiated through the implementation of 8 bits of high resolution in the 180 nm CMOS process."
334,A3_sensors,35957068,PMC9370412,10.3390/nano12152637,2022,"Nanomaterials (Basel, Switzerland)",research-article; Journal Article,Multiwalled Carbon Nanotube/Graphite Powder Film for Wearable Pressure Sensors with High Sensing Performance.,"With the continuous progress of artificial intelligence and other manufacturing technologies, there is promising potential for wearable piezoresistive sensors in human physiological signal detection and bionic robots. Here, we present a facile solution-mixing process to fabricate a multiwalled carbon nanotube/graphite powder (MWCNT@Gp) film, which has high sensitivity and great linearity and is more oriented to flexible piezoresistive sensors. The sensor consists of two parts: a spinosum microstructure shaped by a sandpaper template and polydimethylsiloxane (PDMS) as the top substrate and interdigital electrodes as the bottom substrate. The experiments we have conducted show that these two parts provide good protection to the MWCNTs@Gp film and improve sensor sensitivity. Additionally, the sensitivity of the optimal ratio of multiwalled carbon nanotubes and graphite powder is analyzed. The 5%MWCNT@5%Gp composites were found to have relatively good conductivity, which is convenient for the fabrication of conductive films of piezoresistive sensors. Finally, we conducted application experiments and found that the flexible piezoresistive sensor can detect minute signals of human motion and different pressure points. This indicates the feasibility of portable sensors in electronic skin and smart devices."
335,A3_sensors,39660175,PMC11628484,10.3389/fvets.2024.1493403,2024,Frontiers in veterinary science,research-article; Journal Article,Innovations in animal health: artificial intelligence-enhanced hematocrit analysis for rapid anemia detection in small ruminants.,"Due to their value as a food source, fiber, and other products globally, there has been a growing focus on the wellbeing and health of small ruminants, particularly in relation to anemia induced by blood-feeding gastrointestinal parasites like Haemonchus contortus. The objective of this study was to assess the packed cell volume (PCV) levels in blood samples from small ruminants, specifically goats, and create an efficient biosensor for more convenient, yet accurate detection of anemia for on-farm use in agricultural environments for animal production optimization. The study encompassed 75 adult male Spanish goats, which underwent PCV testing to ascertain their PCV ranges and their association with anemic conditions. Using artificial intelligence-powered machine learning algorithms, an advanced, easy-to-use sensor was developed for rapidly alerting farmers as to low red blood cell count of their animals in this way to enable timely medical intervention. The developed sensor utilizes a semi-invasive technique that requires only a small blood sample. More precisely, a volume of 30 μL of blood was placed onto Whatman filter paper No. 1, previously soaked with anhydrous glycerol. The blood dispersion pattern on the glycerol-infused paper was then recorded using a smartphone after 180 s. Subsequently, these images were examined in correlation with established PCV values obtained from conventional PCV analysis. Four separate machine learning models (ML) supported models, namely support vector machine (SVM), K-nearest neighbors (KNN), backpropagation neural network (BPNN), and image classification-based Keras model, were created and assessed using the image dataset. The dataset consisted of 1,054 images that were divided into training, testing, and validation sets in a 70:20:10 ratio. The initial findings indicated a detection accuracy of 76.06% after only 10 epochs for recognizing different levels of PCV in relation to anemia, ranging from healthy to severely anemic. This testing accuracy increased markedly, to 95.8% after 100 epochs and other model parameter optimization. Results for SVM had an overall F1 score of 74-100% in identifying the PCV range for blood pattern images representing healthy to severely anemic animals, and BPNN showed 91-100% accuracy in identifying the PCV range for anemia detection. This work demonstrates that AI-driven biosensors can be used for on-site rapid anemia detection. Optimized machine learning models maximize detection accuracy, proving the sensor's validity and rapidity in assessing anemia levels. This breakthrough will allow farmers, with rapid results, to increase animal wellbeing and agricultural productivity."
336,A3_sensors,41290818,PMC12647168,10.1038/s41598-025-25893-6,2025,Scientific reports,research-article; Journal Article,Design and analysis of a GaN-based 2D photonic crystal biosensor integrated with machine learning techniques for detection of skin diseases.,"Photonic crystals are prevalent in the detection of assorted diseases and malignancies such as vitiligo and cutis laxa. A 2D photonic crystal utilizing GaN is demonstrated to detect skin diseases, highlighting its substantial relevance to the photonic sensing community. Various parameters analysed are quality factor, wavelength sensitivity, FWHM, figure of merit and detection limit. The analysis of sensor characteristics demonstrated that GaN is a highly suitable material for detecting vitiligo and cutis laxa. Topology of design is crucial to focus the light on to the sensing region. Opti FDTD tool was used for the design and simulation of the sensor. The photonic band gap was simulated and it was observed that it contained one band gap region. The design provided high transmission efficiency and sensitivity. The various skin abnormalities related to vitiligo and cutis laxa could be easily detected from the results. Machine learning models such as K-nearest neighbor, Random Forest, Support Vector Machine and Multi-Layer Perceptron were adopted to enhance the sensor system to classify the data with higher accuracy."
337,A3_sensors,41002346,PMC12467483,10.3390/bios15090606,2025,Biosensors,research-article; Journal Article,Terahertz High-Sensitivity SPR Phase Biosensor Based on the Weyl Semimetals.,"Optical biosensors play a crucial role in the field of biological detection by converting biological signals into optical signals for detection. Among them, Surface Plasmon Resonance (SPR) optical biosensors have become a research hotspot in this field due to their significant advantage of high sensitivity. Weyl Semimetals (WSMs), as a type of three-dimensional topological material with unique electronic structures and other properties, exhibit potential applications in the field of SPR sensing. Against this background, we designed a terahertz (THz) high-sensitivity SPR phase biosensor with a KR structure based on WSMs. When applied in gas sensing scenarios, the phase detection sensitivity of this sensor can reach 22,402°/RIU, showing a significant improvement compared to traditional SPR biosensors. Moreover, we found that the Weyl node separation distance and twist angle of WSMs have obvious effects on sensitivity regulation. Additionally, we optimized the sensitivity and structural parameters of this structure using a neural network-based deep learning algorithm. We expect that this proposed scheme can provide a feasible reference for the field of biological sensing."
338,A3_sensors,34291037,PMC8287097,10.3389/fchem.2021.706460,2021,Frontiers in chemistry,research-article; Journal Article,Analysis of Milk Using a Portable Potentiometric Electronic Tongue Based on Five Polymeric Membrane Sensors.,"A portable potentiometric electronic tongue (PE-tongue) was developed and applied to evaluate the quality of milk with different fat content (skimmed, semi-skimmed, and whole) and with different nutritional content (classic, calcium-enriched, lactose-free, folic acid-enriched, and enriched in sterols of vegetal origin). The system consisted of a simplified array of five sensors based on PVC membranes, coupled to a data logger. The five sensors were selected from a larger set of 20 sensors by applying the genetic algorithm (GA) to the responses to compounds usually found in milk including salts (KCl, CaCl2, and NaCl), sugars (lactose, glucose, and galactose), and organic acids (citric acid and lactic acid). Principal component analysis (PCA) and support vector machine (SVM) results indicated that the PE-tongue consisting of a five-electrode array could successfully discriminate and classify milk samples according to their nutritional content. The PE-tongue provided similar discrimination capability to that of a more complex system formed by a 20-sensor array. SVM regression models were used to predict the physicochemical parameters classically used in milk quality control (acidity, density, %proteins, %lactose, and %fat). The prediction results were excellent and similar to those obtained with a much more complex array consisting of 20 sensors. Moreover, the SVM method confirmed that spoilage of unsealed milk could be correctly identified with the simplified system and the increase in acidity could be accurately predicted. The results obtained demonstrate the possibility of using the simplified PE-tongue to predict milk quality and provide information on the chemical composition of milk using a simple and portable system."
339,A3_sensors,37091421,PMC10116536,10.1021/acsomega.2c07944,2023,ACS omega,research-article; Journal Article,Nanoarchitectonic E-Tongue of Electrospun Zein/Curcumin Carbon Dots for Detecting Staphylococcus aureusin Milk.,"We report a nanoarchitectonic electronic tongue made with flexible electrodes coated with curcumin carbon dots and zein electrospun nanofibers, which could detect Staphylococcus aureus(S. aureus) in milk using electrical impedance spectroscopy. Electronic tongues are based on the global selectivity concept in which the electrical responses of distinct sensing units are combined to provide a unique pattern, which in this case allowed the detection of S. aureus through non-specific interactions. The electronic tongue used here comprised 3 sensors with electrodes coated with zein nanofibers, carbon dots, and carbon dots with zein nanofibers. The capacitance data obtained with the three sensors were processed with a multidimensional projection technique referred to as interactive document mapping (IDMAP) and analyzed using the machine learning-based concept of multidimensional calibration space (MCS). The concentration of S. aureus could be determined with the sensing units, especially with the one containing zein as the limit of detection was 0.83 CFU/mL (CFU stands for colony-forming unit). This high sensitivity is attributed to molecular-level interactions between the protein zein and C-H groups in S. aureus according to polarization-modulated infrared reflection-absorption spectroscopy (PM-IRRAS) data. Using machine learning and IDMAP, we demonstrated the selectivity of the electronic tongue in distinguishing milk samples from mastitis-infected cows from milk collected from healthy cows, and from milk spiked with possible interferents. Calibration of the electronic tongue can also be reached with the MCS concept employing decision tree algorithms, with an 80.1% accuracy in the diagnosis of mastitis. The low-cost electronic tongue presented here may be exploited in diagnosing mastitis at early stages, with tests performed in the farms without requiring specialized laboratories or personnel."
340,A3_sensors,33671364,PMC7922880,10.3390/s21041404,2021,"Sensors (Basel, Switzerland)",research-article; Journal Article,Hand Gesture Recognition Using Single Patchable Six-Axis Inertial Measurement Unit via Recurrent Neural Networks.,"Recording human gestures from a wearable sensor produces valuable information to implement control gestures or in healthcare services. The wearable sensor is required to be small and easily worn. Advances in miniaturized sensor and materials research produces patchable inertial measurement units (IMUs). In this paper, a hand gesture recognition system using a single patchable six-axis IMU attached at the wrist via recurrent neural networks (RNN) is presented. The IMU comprises IC-based electronic components on a stretchable, adhesive substrate with serpentine-structured interconnections. The proposed patchable IMU with soft form-factors can be worn in close contact with the human body, comfortably adapting to skin deformations. Thus, signal distortion (i.e., motion artifacts) produced for vibration during the motion is minimized. Also, our patchable IMU has a wireless communication (i.e., Bluetooth) module to continuously send the sensed signals to any processing device. Our hand gesture recognition system was evaluated, attaching the proposed patchable six-axis IMU on the right wrist of five people to recognize three hand gestures using two models based on recurrent neural nets. The RNN-based models are trained and validated using a public database. The preliminary results show that our proposed patchable IMU have potential to continuously monitor people's motions in remote settings for applications in mobile health, human-computer interaction, and control gestures recognition."
341,A3_sensors,36679690,PMC9860581,10.3390/s23020896,2023,"Sensors (Basel, Switzerland)",research-article; Journal Article,An Impact Localization Solution Using Embedded Intelligence-Methodology and Experimental Verification via a Resource-Constrained IoT Device.,"Recent advances both in hardware and software have facilitated the embedded intelligence (EI) research field, and enabled machine learning and decision-making integration in resource-scarce IoT devices and systems, realizing ""conscious"" and self-explanatory objects (smart objects). In the context of the broad use of WSNs in advanced IoT applications, this is the first work to provide an extreme-edge system, to address structural health monitoring (SHM) on polymethyl methacrylate (PPMA) thin-plate. To the best of our knowledge, state-of-the-art solutions primarily utilize impact positioning methods based on the time of arrival of the stress wave, while in the last decade machine learning data analysis has been performed, by more expensive and resource-abundant equipment than general/development purpose IoT devices, both for the collection and the inference stages of the monitoring system. In contrast to the existing systems, we propose a methodology and a system, implemented by a low-cost device, with the benefit of performing an online and on-device impact localization service from an agnostic perspective, regarding the material and the sensors' location (as none of those attributes are used). Thus, a design of experiments and the corresponding methodology to build an experimental time-series dataset for impact detection and localization is proposed, using ceramic piezoelectric transducers (PZTs). The system is excited with a steel ball, varying the height from which it is released. Based on TinyML technology for embedding intelligence in low-power devices, we implement and validate random forest and shallow neural network models to localize in real-time (less than 400 ms latency) any occurring impacts on the structure, achieving higher than 90% accuracy."
342,A3_sensors,38932669,PMC11348070,10.1002/advs.202308915,2024,"Advanced science (Weinheim, Baden-Wurttemberg, Germany)","Research Support, Non-U.S. Gov't; research-article; Journal Article",Systematic Selection of High-Affinity ssDNA Sequences to Carbon Nanotubes.,"Single-walled carbon nanotubes (SWCNTs) have gained significant interest for their potential in biomedicine and nanoelectronics. The functionalization of SWCNTs with single-stranded DNA (ssDNA) enables the precise control of SWCNT alignment and the development of optical and electronic biosensors. This study addresses the current gaps in the field by employing high-throughput systematic selection, enriching high-affinity ssDNA sequences from a vast random library. Specific base compositions and patterns are identified that govern the binding affinity between ssDNA and SWCNTs. Molecular dynamics simulations validate the stability of ssDNA conformations on SWCNTs and reveal the pivotal role of hydrogen bonds in this interaction. Additionally, it is demonstrated that machine learning could accurately distinguish high-affinity ssDNA sequences, providing an accessible model on a dedicated webpage (http://service.k-medai.com/ssdna4cnt). These findings open new avenues for high-affinity ssDNA-SWCNT constructs for stable and sensitive molecular detection across diverse scientific disciplines."
343,A3_sensors,35995825,PMC9395337,10.1038/s41746-022-00664-z,2022,NPJ digital medicine,research-article; Journal Article,Impact of individual and treatment characteristics on wearable sensor-based digital biomarkers of opioid use.,"Opioid use disorder is one of the most pressing public health problems of our time. Mobile health tools, including wearable sensors, have great potential in this space, but have been underutilized. Of specific interest are digital biomarkers, or end-user generated physiologic or behavioral measurements that correlate with health or pathology. The current manuscript describes a longitudinal, observational study of adult patients receiving opioid analgesics for acute painful conditions. Participants in the study are monitored with a wrist-worn E4 sensor, during which time physiologic parameters (heart rate/variability, electrodermal activity, skin temperature, and accelerometry) are collected continuously. Opioid use events are recorded via electronic medical record and self-report. Three-hundred thirty-nine discreet dose opioid events from 36 participant are analyzed among 2070 h of sensor data. Fifty-one features are extracted from the data and initially compared pre- and post-opioid administration, and subsequently are used to generate machine learning models. Model performance is compared based on individual and treatment characteristics. The best performing machine learning model to detect opioid administration is a Channel-Temporal Attention-Temporal Convolutional Network (CTA-TCN) model using raw data from the wearable sensor. History of intravenous drug use is associated with better model performance, while middle age, and co-administration of non-narcotic analgesia or sedative drugs are associated with worse model performance. These characteristics may be candidate input features for future opioid detection model iterations. Once mature, this technology could provide clinicians with actionable data on opioid use patterns in real-world settings, and predictive analytics for early identification of opioid use disorder risk."
344,A3_sensors,35891059,PMC9319473,10.3390/s22145379,2022,"Sensors (Basel, Switzerland)",research-article; Journal Article,Optimization of Printed Polyaniline Composites for Gas Sensing Applications.,"Polyaniline (PANI) films are promising candidates for electronic nose-based IoT applications, but device performances are influenced by fabrication parameters and ambient conditions. Affinities of different PANI composites to analytes for gas sensing applications remain elusive. In this study, we investigate the material properties in detail for two different dopant systems: F4TCNQ and carbon black. Using a reproducibility-driven approach, we investigate different dopant concentrations in regard to their sensitivity and specificity towards five relevant markers for breath cancer diagnosis. We benchmark the system using ammonia measurements and evaluate limits of detection. Furthermore, we provide statistical analysis on reproducibility and pave the way towards machine learning discrimination via principal component analysis. The influence of relative humidity on sensor hysteresis is also investigated. We find that F4TCNQ-doped PANI films show improved reproducibility compared to carbon black-doped films. We establish and quantify a tradeoff between sensitivity, reproducibility, and environmental stability by the choice of dopant and concentrations ratios."
345,A3_sensors,39333067,PMC11437102,10.1038/s41467-024-52563-4,2024,Nature communications,research-article; Journal Article,Birdlike broadband neuromorphic visual sensor arrays for fusion imaging.,"Wearable visual bionic devices, fueled by advancements in artificial intelligence, are making remarkable progress. However, traditional silicon vision chips often grapple with high energy losses and challenges in emulating complex biological behaviors. In this study, we constructed a van der Waals P3HT/GaAs nanowires P-N junction by carefully directing the arrangement of organic molecules. Combined with a Schottky junction, this facilitated multi-faceted birdlike visual enhancement, including broadband non-volatile storage, low-light perception, and a near-zero power consumption operating mode in both individual devices and 5 × 5 arrays on arbitrary substrates. Specifically, we realized over 5 bits of in-memory sensing and computing with both negative and positive photoconductivity. When paired with two imaging modes (visible and UV), our reservoir computing system demonstrated up to 94% accuracy for color recognition. It achieved motion and UV grayscale information extraction (displayed with sunscreen), leading to fusion visual imaging. This work provides a promising co-design of material and device for a broadband and highly biomimetic optoelectronic neuromorphic system."
346,A3_sensors,35098136,PMC8793024,10.1021/acsaelm.1c01010,2022,ACS applied electronic materials,research-article; Journal Article,Skin-Inspired Flexible and Stretchable Electrospun Carbon Nanofiber Sensors for Neuromorphic Sensing.,"During the past few decades, a significant amount of research effort has been dedicated toward developing skin-inspired sensors for real-time human motion monitoring and next-generation robotic devices. Although several flexible and wearable sensors have been developed in the past, the need of the hour is developing accurate, reliable, sophisticated, facile yet inexpensive flexible sensors coupled with neuromorphic systems or spiking neural networks to encode tactile information without the need for complex digital architectures, thus achieving true skin-like sensing with limited resources. In this work, we propose an approach entailing carbon nanofiber-polydimethylsiloxane composite-based piezoresistive sensors, coupled with spiking neural networks, to mimic skin-like sensing. The strain and pressure sensors have been combined with appropriately designed neural networks to encode analog voltages to spikes to recreate bioinspired tactile sensing and proprioception. To further validate the proprioceptive capability of the system, a gesture tracking smart glove, combined with a spiking neural network, was demonstrated. Wearable and flexible sensors with accompanying neural networks such as the ones proposed in this work will pave the way for a future generation of skin-mimetic sensors for advanced prosthetic devices, apparel integrable smart sensors for human motion monitoring, and human-machine interfaces."
347,A3_sensors,40896120,PMC12396297,10.1016/j.dib.2025.111973,2025,Data in brief,data-paper; Journal Article,Stress-strain and fracture acoustic emission dataset of high-strength concrete for metro tunnel lining under different stress states.,"The maintenance of metro tunnel support structures is crucial for ensuring the safe and efficient operation of urban rail transit. Under complex stress conditions (including tension, compression, shear, torsion), metro tunnel linings are susceptible to various forms of damage, such as cracking, spalling, segment misalignment, and water leakage. These issues pose substantial challenges to tunnel safety and service life. To address these engineering problems and facilitate related scientific research, this paper presents a novel dataset capturing the stress-strain behavior and fracture acoustic emission (AE) characteristics of high-strength concrete used in metro tunnel linings under different stress states. The dataset was acquired using advanced equipment, including the MTS815.04 (Mechanics Testing System), AE sensors, stress-strain sensors, and high-resolution cameras. It provides valuable resources for scientific research on metro tunnel construction and concrete materials. The dataset includes images of lining cracking, stress-strain data of lining concrete, images of concrete damage, and acoustic emission data during the damage process. It serves as a valuable asset for multiple research domains, including safety assessment of metro tunnel linings, concrete material properties and constitutive models, and deep learning study. Detailed annotations for each image and each set of experimental data are also provided to ensure accurate basic data support for relevant scientific research. Additionally, the data collection process is discussed, the importance of metro tunnel construction is emphasized, and the dataset's potential applications in analyzing tunnel lining safety and researching concrete material performance are highlighted. The research community is encouraged to utilize this dataset to advance the cutting-edge studies related to metro tunnel construction and new material development."
348,A3_sensors,40619587,PMC12442603,10.1002/advs.202505333,2025,"Advanced science (Weinheim, Baden-Wurttemberg, Germany)",research-article; Journal Article,Biomimetic Analysis of Neurotransmitters for Disease Diagnosis through Light-Driven Nanozyme Sensor Array and Machine Learning.,"Neurological diseases, including Alzheimer's disease, Parkinson's disease, and multiple sclerosis, pose a significant global health challenge due to their complex pathogenesis and widespread prevalence. These disorders are often associated with disruptions in neurotransmitter regulation, leading to progressive cognitive and motor impairments. Conventional diagnostic methods are time-consuming and lack the sensitivity required for early-stage detection. Herein, for the first time a novel photoresponsive nanozyme sensor array is presented that integrates metal-organic frameworks (MOFs) and machine learning algorithms for the rapid, sensitive, and multiplexed detection of neurotransmitters. Wherein, Zn(II) meso-Tetra(4-carboxyphenyl)porphine (ZnTCPP) -based MOFs, with their large specific surface area, enhance the interaction between reactant substrates and catalytic active sites within the material, significantly improving response sensitivity. Additionally, light-driven catalysis greatly accelerates the response speed of the nanozyme. Mimicking the mammalian olfactory system, the array responds to various neurotransmitters in a patterned manner, enabling accurate differentiation and quantification within minutes. It maintains high precision even in complex biological samples such as serum and cerebrospinal fluid. The biomimetic sensor can detect neurotransmitter signatures linked to neurological disorders, such as Alzheimer's disease. This platform offers significant potential for early diagnosis and continuous monitoring of neurological conditions."
349,A3_sensors,40327042,PMC12105082,10.1021/acssensors.4c03592,2025,ACS sensors,"Research Support, Non-U.S. Gov't; research-article; Journal Article",Machine Learning-Guided Cobalt@Copper Dual-Metal Electrochemical Sensor for Urinary Creatinine Detection.,"By utilizing the synergistic effects of a dual-metal cobalt@copper electrode and advanced machine learning algorithms, we have developed a reliable and cost-effective electrochemical sensor for creatinine monitoring. The sensor's active surface was fabricated through the sequential electrodeposition of copper and cobalt nanoparticles, with their complexation with creatinine confirmed via cyclic voltammetry and spectroelectrochemical analyses. The combined contributions of both transition metals significantly enhanced the sensor's sensitivity and selectivity, yielding a linear detection range of 0.00-4.00 mM, a sensitivity of 6.06 ± 0.65 μA mM-1, and a limit of detection of 0.13 mM. The sensor demonstrated excellent selectivity against common interferences, including urea, lactate, ascorbic acid, uric acid, dopamine, and glucose. Its practical application was demonstrated in urine samples, with results showing strong agreement with the standard creatinine assay. Machine learning models, such as Random Forest, Extra Trees, and XGBoost, were employed to optimize data analysis, delivering high predictive accuracy and uncovering key electrochemical features critical to the sensor's performance."
350,A3_sensors,40034325,PMC11875824,10.1016/j.heliyon.2025.e42609,2025,Heliyon,research-article; Journal Article,Use of the electronic nose to monitor the influences of modified atmosphere packaging on the storage of contaminated garlic.,"Garlic is a valuable product that has an excessive application due to its impressive nutritional value. The issue of garlic storage as a seasonal product is critical. Therefore, the effective conditions in the storage should be identified and monitored. In this research, three important treatments in garlic storage including packaging materials, packaging atmosphere, and fungal infection were studied. The effect of these treatments on some important qualitative indices in garlic such as weight reduction, browning index, acidity, total soluble solids, toughness, etc was investigated. Also, the non-destructive technology of the electronic nose (E-Nose) was used as a complementary solution in garlic quality monitoring. The data were evaluated by the Analysis of Variance (ANOVA), Principal Component Analysis (PCA), Backpropagation Neural Network (BPNN), Linear Discriminant Analysis (LDA), and Partial Least-Squares Regression (PLSR) methods. The results disclosed well that applying the studied treatments can affect the changes in qualitative traits. Also, changes in qualitative traits were associated with aromatic changes. The E-Nose responses toward the aroma of different treatment combinations (TCs) had a unique pattern but did not represent an exclusive trend. The PLSR results proved among the qualitative properties, the physical and mechanical traits had the highest (97 %) and lowest (24 %) correlation with aroma changes, respectively. Therefore, the E-Nose can be employed as a complementary and non-destructive solution in the quality monitoring of the storage of products such as garlic."
351,A3_sensors,33868761,PMC8042470,10.1007/s40820-021-00620-8,2021,Nano-micro letters,research-article; Journal Article,"Human ACE2-Functionalized Gold ""Virus-Trap"" Nanostructures for Accurate Capture of SARS-CoV-2 and Single-Virus SERS Detection.","The current COVID-19 pandemic urges the extremely sensitive and prompt detection of SARS-CoV-2 virus. Here, we present a Human Angiotensin-converting-enzyme 2 (ACE2)-functionalized gold ""virus traps"" nanostructure as an extremely sensitive SERS biosensor, to selectively capture and rapidly detect S-protein expressed coronavirus, such as the current SARS-CoV-2 in the contaminated water, down to the single-virus level. Such a SERS sensor features extraordinary 106-fold virus enrichment originating from high-affinity of ACE2 with S protein as well as ""virus-traps"" composed of oblique gold nanoneedles, and 109-fold enhancement of Raman signals originating from multi-component SERS effects. Furthermore, the identification standard of virus signals is established by machine-learning and identification techniques, resulting in an especially low detection limit of 80 copies mL-1 for the simulated contaminated water by SARS-CoV-2 virus with complex circumstance as short as 5 min, which is of great significance for achieving real-time monitoring and early warning of coronavirus. Moreover, here-developed method can be used to establish the identification standard for future unknown coronavirus, and immediately enable extremely sensitive and rapid detection of novel virus.Supplementary informationThe online version contains supplementary material available at 10.1007/s40820-021-00620-8."
352,A3_sensors,41305043,PMC12656424,10.3390/s25226834,2025,"Sensors (Basel, Switzerland)",research-article; Journal Article,Early Detection of Dysphagia Signs in Parkinson's Disease: An Artificial Intelligence-Based Approach Using Non-Invasive Sensors.,"The present study evaluates the effectiveness of a non-invasive wearable sensor system, combining accelerometers, surface electromyography, and artificial intelligence, to objectively characterize swallowing in elderly individuals affected by Parkinson's Disease, without clinically manifested dysphagia. A cohort of patients and healthy control subjects performed the same swallowing test protocol, including tasks with different viscosity boluses, positioning a commercial adhesive grid of High-Density surface Electromyography (HD-sEMG) electrodes on the submental muscle and a triaxial accelerometer over the thyroid cartilage. Relevant temporal and spectral features were extracted from electromyography data. Proper filtering and processing by machine learning and Principal Component Analysis allowed identification of two distinct clusters of subjects, one predominantly composed of controls with just a few patients, the other mostly crowded by patients. Excellent classification performances were achieved (accuracy = 83.3%, precision = 79.0%, recall = 90.7%, F1-score = 84.5%, Cohen's kappa = 0.67), revealing consistent differences in muscle activation patterns among subjects, even in the absence of clinically diagnosed dysphagia. These results support the feasibility of wearable sensor-based assessment as a reliable and non-invasive tool for the early detection of subclinical swallowing dysfunction in Parkinson's Disease."
353,A3_sensors,40790014,PMC12339963,10.1038/s41378-025-00975-7,2025,Microsystems & nanoengineering,research-article; Journal Article,Micro-spring force sensors using conductive photosensitive resin fabricated via two-photon polymerization.,"The rapid miniaturization of electronic devices has fueled unprecedented demand for flexible, high-performance sensors across fields ranging from medical devices to robotics. Despite advances in fabrication techniques, the development of micro- and nano-scale flexible force sensors with superior sensitivity, stability, and biocompatibility remains a formidable challenge. In this study, we developed a novel conductive photosensitive resin specifically designed for two-photon polymerization, systematically optimized its printing parameters, and improved its structural design, thereby enabling the fabrication of high-precision micro-spring force sensors (MSFS). The proposed photosensitive resin, doped with MXene nanomaterials, combines exceptional mechanical strength and conductivity, overcoming limitations of traditional materials. Using a support vector machine model in machine learning techniques, we optimized the polymerizability of the resin under varied laser parameters, achieving a predictive accuracy of 92.66%. This model significantly reduced trial-and-error in the TPP process, accelerating the discovery of ideal fabrication conditions. Finite element analysis was employed to design and simulate the performance of the MSFS, guiding structural optimization to achieve high sensitivity and mechanical stability. The fabricated MSFS demonstrated outstanding electromechanical performance, with a sensitivity coefficient of 5.65 and a fabrication accuracy within ±50 nm, setting a new standard for MSFS precision. This work not only pushes the boundaries of sensor miniaturization but also introduces a scalable, efficient pathway for the rapid design and fabrication of high-performance flexible sensors. The development of flexible, high-performance microscale force sensors remains a critical challenge for next-generation biomedical and wearable electronics. Here, we report a novel micro-spring force sensor fabricated via two-photon polymerization using a custom-designed conductive photosensitive resin doped with MXene nanosheets. The resin formulation was optimized to balance mechanical strength and electrical conductivity while ensuring high-resolution printability. To accelerate parameter optimization, a support vector machine model was trained to predict polymerization outcomes based on laser conditions and material compositions, achieving a prediction accuracy of 92.66%. Finite element analysis guided the design of the MSFS structure, enabling tunable electromechanical performance. The fabricated MSFS exhibited excellent sensitivity high fabrication precision and long-term stability. These results demonstrate the potential of integrating machine learning, functional nanomaterials, and TPP microfabrication to enable scalable, high-precision production of intelligent microsensors for biomedical and soft robotic applications."
354,A3_sensors,39521941,PMC11550850,10.1038/s44172-024-00315-z,2024,Communications engineering,research-article; Journal Article,Stress-induced artificial neuron spiking in diffusive memristors.,"Diffusive memristors owing to their ability to produce current spiking when a constant or slowly changing voltage is applied are competitive candidates for development of artificial electronic neurons. These artificial neurons can be integrated into various prospective autonomous and robotic systems as sensors, e.g. ones implementing object grasping and classification. We report here Ag nanoparticle-based diffusive memristor prepared on a flexible polyethylene terephthalate substrate in which the electric spiking behaviour was induced by the electric voltage under an additional stimulus of external mechanical impact. By changing the magnitude and frequency of the mechanical impact, we are able to manipulate the spiking response of our artificial neuron. This functionality to control the spiking characteristics paves a pathway for the development of touch-perception sensors that can convert local pressure into electrical spikes for further processing in neural networks. We have proposed a mathematical model which captures the operation principle of the fabricated memristive sensors and qualitatively describes the measured spiking behaviour. Employing such flexible diffusive memristors that can directly translate tactile information into spikes, similar to force and pressure sensors, could offer substantial benefits for various applications in robotics."
355,A3_sensors,40432782,PMC12105526,10.1016/j.xinn.2025.100877,2025,Innovation (Cambridge (Mass.)),brief-report; Journal Article,Multi-bioinspired electronic skins with on-demand adhesion and opto-electronic synergistic display capabilities.,"Flexible electronic skins hold great promise for biomedical applications, although challenges remain in achieving controllable interactions with the biological interface and accurate signal collection. Inspired by octopuses and chameleons, we propose a novel electronic skin paradigm with on-demand adhesion and opto-electronic synergistic display capabilities. Our electronic skins are composed of a stretchable polyurethane (PU) inverse opal film integrated with a carbon nanotube (CNT)-hybridized polyacrylamide (PAAm)-gelatin double-network-hydrogel conductive flexible substrate and a temperature-responsive poly(N-isopropylacrylamide) (PNIPAm) octopus-inspired hemispherical adhesive array. The device's CNT hybrid double-network provides robust and sensitive monitoring of temperature and motion. Meanwhile, its flexible PU layer with an inverse opal structure allows for visual motion color sensing. Integrated neural network processing ensures accurate, wide-range, and independent multimodal display. Additionally, the integration of the photothermal effect of CNTs and the temperature-sensitive octopus-inspired PNIPAm adhesive array enables on-demand adhesion. The sensing and adhesion demonstrations ex vivo and in vivo showcase the proposed flexible electronic skin's inspirational design and functional utilities. The potential applications of such a versatile device are vast, ranging from healthcare to human-machine interactions."
356,A3_sensors,38764614,PMC11097169,10.1021/acsomega.4c01315,2024,ACS omega,research-article; Journal Article,Empowering an Acute Kidney Injury 3D Graphene-Based Sensor Using Extreme Learning Machine.,"This study reports on the application of an extreme learning machine (ELM) in near-real-time kidney monitoring via urine neutrophil gelatinase-associated lipocalin (NGAL) detection with a 3D graphene electrode. This integration marks the first instance of combining a graphene-based electrode with machine learning to enhance the NGAL detection accuracy, building on our group's 2020 research. The methodology involves two key components: a graphene electrode functionalized with a lipocalin-2 antibody for NGAL detection and the ELM application for improved prediction accuracy by using urine analysis data. The results show a significant 15% increase in the area under the curve (AUC) for NGAL determination, with error reduction from ±6 to 0.54 ng/mL within a linear range of 2.7-140 ng/mL. The ELM also lowered the detection limit from 14.8 to 0.89 ng/mL and increased accuracy, precision, sensitivity, specificity, and F1 score for AKI prediction by 8.89, 30.69, 6.78, 9.94, and 19.07%, respectively. These findings underscore the efficacy of simple neural networks in enhancing graphene-based electrochemical sensors for AKI biomarkers. ELM was chosen for its optimal performance-resource balance, with a comparative analysis of ELM, support vector machines, multilayer perceptron, and random forest algorithms also included. This research suggests the potential for miniaturizing AI-enhanced sensors for practical applications."
357,A3_sensors,39981403,PMC11841462,10.3389/fnins.2025.1543508,2025,Frontiers in neuroscience,research-article; Journal Article,A composite improved attention convolutional network for motor imagery EEG classification.,"IntroductionA brain-computer interface (BCI) is an emerging technology that aims to establish a direct communication pathway between the human brain and external devices. Motor imagery electroencephalography (MI-EEG) signals are analyzed to infer users' intentions during motor imagery. These signals hold potential for applications in rehabilitation training and device control. However, the classification accuracy of MI-EEG signals remains a key challenge for the development of BCI technology.MethodsThis paper proposes a composite improved attention convolutional network (CIACNet) for MI-EEG signals classification. CIACNet utilizes a dual-branch convolutional neural network (CNN) to extract rich temporal features, an improved convolutional block attention module (CBAM) to enhance feature extraction, temporal convolutional network (TCN) to capture advanced temporal features, and multi-level feature concatenation for more comprehensive feature representation.ResultsThe CIACNet model performs well on both the BCI IV-2a and BCI IV-2b datasets, achieving accuracies of 85.15 and 90.05%, respectively, with a kappa score of 0.80 on both datasets. These results indicate that the CIACNet model's classification performance exceeds that of four other comparative models.ConclusionExperimental results demonstrate that the proposed CIACNet model has strong classification capabilities and low time cost. Removing one or more blocks results in a decline in the overall performance of the model, indicating that each block within the model makes a significant contribution to its overall effectiveness. These results demonstrate the ability of the CIACNet model to reduce time costs and improve performance in motor imagery brain-computer interface (MI-BCI) systems, while also highlighting its practical applicability."
358,A3_sensors,34804586,PMC8599697,10.1038/s41378-021-00318-2,2021,Microsystems & nanoengineering,research-article; Journal Article,Stretchable and anti-impact iontronic pressure sensor with an ultrabroad linear range for biophysical monitoring and deep learning-aided knee rehabilitation.,"Monitoring biophysical signals such as body or organ movements and other physical phenomena is necessary for patient rehabilitation. However, stretchable flexible pressure sensors with high sensitivity and a broad range that can meet these requirements are still lacking. Herein, we successfully monitored various vital biophysical features and implemented in-sensor dynamic deep learning for knee rehabilitation using an ultrabroad linear range and high-sensitivity stretchable iontronic pressure sensor (SIPS). We optimized the topological structure and material composition of the electrode to build a fully stretching on-skin sensor. The high sensitivity (12.43 kPa-1), ultrabroad linear sensing range (1 MPa), high pressure resolution (6.4 Pa), long-term durability (no decay after 12000 cycles), and excellent stretchability (up to 20%) allow the sensor to maintain operating stability, even in emergency cases with a high sudden impact force (near 1 MPa) applied to the sensor. As a practical demonstration, the SIPS can positively track biophysical signals such as pulse waves, muscle movements, and plantar pressure. Importantly, with the help of a neuro-inspired fully convolutional network algorithm, the SIPS can accurately predict knee joint postures for better rehabilitation after orthopedic surgery. Our SIPS has potential as a promising candidate for wearable electronics and artificial intelligent medical engineering owing to its unique high signal-to-noise ratio and ultrabroad linear range. An ultrabroad-linear range (1 MPa) iontronic pressure sensor with superior sensitivity (12.43 kPa-1) and stretchability (up to 20%) was proposed for biophysical monitoring and deep learning-based knee-rehabilitation training."
359,A3_sensors,38894186,PMC11174641,10.3390/s24113395,2024,"Sensors (Basel, Switzerland)",research-article; Journal Article,Fabrication of a Capacitive 3D Spacer Fabric Pressure Sensor with a Dielectric Constant Change for High Sensitivity.,"Smart wearable sensors are increasingly integrated into everyday life, interfacing with the human body to enable real-time monitoring of biological signals. This study focuses on creating high-sensitivity capacitive-type sensors by impregnating polyester-based 3D spacer fabric with a Carbon Nanotube (CNT) dispersion. The unique properties of conductive particles lead to nonlinear variations in the dielectric constant when pressure is applied, consequently affecting the gauge factor. The results reveal that while the fabric without CNT particles had a gauge factor of 1.967, the inclusion of 0.04 wt% CNT increased it significantly to 5.210. As sensor sensitivity requirements vary according to the application, identifying the necessary CNT wt% is crucial. Artificial intelligence, particularly the Multilayer Perception (MLP) model, enables nonlinear regression analysis for this purpose. The MLP model created and validated in this research showed a high correlation coefficient of 0.99564 between the model predictions and actual target values, indicating its effectiveness and reliability."
360,A3_sensors,34208524,PMC8234407,10.3390/bios11060198,2021,Biosensors,research-article; Journal Article,Eye-Movement-Controlled Wheelchair Based on Flexible Hydrogel Biosensor and WT-SVM.,"To assist patients with restricted mobility to control wheelchair freely, this paper presents an eye-movement-controlled wheelchair prototype based on a flexible hydrogel biosensor and Wavelet Transform-Support Vector Machine (WT-SVM) algorithm. Considering the poor deformability and biocompatibility of rigid metal electrodes, we propose a flexible hydrogel biosensor made of conductive HPC/PVA (Hydroxypropyl cellulose/Polyvinyl alcohol) hydrogel and flexible PDMS (Polydimethylsiloxane) substrate. The proposed biosensor is affixed to the wheelchair user's forehead to collect electrooculogram (EOG) and strain signals, which are the basis to recognize eye movements. The low Young's modulus (286 KPa) and exceptional breathability (18 g m-2 h-1 of water vapor transmission rate) of the biosensor ensures a conformal and unobtrusive adhesion between it and the epidermis. To improve the recognition accuracy of eye movements (straight, upward, downward, left, and right), the WT-SVM algorithm is introduced to classify EOG and strain signals according to different features (amplitude, duration, interval). The average recognition accuracy reaches 96.3%, thus the wheelchair can be manipulated precisely."
361,A3_sensors,32093206,PMC7070947,10.3390/s20041158,2020,"Sensors (Basel, Switzerland)",research-article; Journal Article,Standing-Posture Recognition in Human-Robot Collaboration Based on Deep Learning and the Dempster-Shafer Evidence Theory.,"During human-robot collaborations (HRC), robot systems must accurately perceive the actions and intentions of humans. The present study proposes the classification of standing postures from standing-pressure images, by which a robot system can predict the intended actions of human workers in an HRC environment. To this end, it explores deep learning based on standing-posture recognition and a multi-recognition algorithm fusion method for HRC. To acquire the pressure-distribution data, ten experimental participants stood on a pressure-sensing floor embedded with thin-film pressure sensors. The pressure data of nine standing postures were obtained from each participant. The human standing postures were discriminated by seven classification algorithms. The results of the best three algorithms were fused using the Dempster-Shafer evidence theory to improve the accuracy and robustness. In a cross-validation test, the best method achieved an average accuracy of 99.96%. The convolutional neural network classifier and data-fusion algorithm can feasibly classify the standing postures of human workers."
362,A3_sensors,38410359,PMC10895412,10.1039/d3ra08471j,2024,RSC advances,research-article; Journal Article,Flexible thermoelectric CMTs/KCl/gelatin composite for a wearable pressure and temperature sensor.,"Flexible sensors have promising applications in the fields of health monitoring and artificial intelligence, which have attracted much attention from researchers. However, the design and manufacture of sensors with multiple sensing functions (like simultaneously having both temperature and pressure sensing capabilities) still present a significant challenge. Here, an ionic thermoelectric sensor for synchronous temperature and pressure sensing was developed on the basis of a carbon microtubes (CMTs)/potassium chloride (KCl)/gelatin composite consisting of gelatin as the polymer matrix, CMTs as the conductive material and KCl as the ion source. The designed CMTs/KCl/gelatin composite with the good ductility (830%) and flexibility can achieve a Seebeck coefficient of 4 mV K-1 and a dual stimulus responsiveness to pressure and temperature. In addition, not only the movement of the human body (e.g., fingers, arms), but also the temperature difference between the human body and the environment, were able to be monitored by the designed CMTs/KCl/gelatin sensors. This study provides a novel strategy for the design and preparation of high-performance flexible sensors by utilizing ion-gel thermoelectric materials and promotes the research of temperature and pressure sensing technologies."
363,A3_sensors,40021616,PMC11871289,10.1038/s41378-025-00882-x,2025,Microsystems & nanoengineering,research-article; Journal Article,Brain inspired iontronic fluidic memristive and memcapacitive device for self-powered electronics.,"Ionic fluidic devices are gaining interest due to their role in enabling self-powered neuromorphic computing systems. In this study, we present an approach that integrates an iontronic fluidic memristive (IFM) device with low input impedance and a triboelectric nanogenerator (TENG) based on ferrofluid (FF), which has high input impedance. By incorporating contact separation electromagnetic (EMG) signals with low input impedance into our FF TENG device, we enhance the FF TENG's performance by increasing energy harvesting, thereby enabling the autonomous powering of IFM devices for self-powered computing. Further, replicating neuronal activities using artificial iontronic fluidic systems is key to advancing neuromorphic computing. These fluidic devices, composed of soft-matter materials, dynamically adjust their conductance by altering the solution interface. We developed voltage-controlled memristor and memcapacitor memory in polydimethylsiloxane (PDMS) structures, utilising a fluidic interface of FF and polyacrylic acid partial sodium salt (PAA Na+). The confined ion interactions in this system induce hysteresis in ion transport across various frequencies, resulting in significant ion memory effects. Our IFM successfully replicates diverse electric pulse patterns, making it highly suitable for neuromorphic computing. Furthermore, our system demonstrates synapse-like learning functions, storing and retrieving short-term (STM) and long-term memory (LTM). The fluidic memristor exhibits dynamic synapse-like features, making it a promising candidate for the hardware implementation of neural networks. FF TENG/EMG device adaptability and seamless integration with biological systems enable the development of advanced neuromorphic devices using iontronic fluidic materials, further enhanced by intricate chemical designs for self-powered electronics."
364,A3_sensors,41427166,PMC12713484,10.1021/acsomega.5c08776,2025,ACS omega,research-article; Journal Article,Wearable Flexible Triboelectric Sensor Array for a Self-Powered Infant Care System.,"Infant falls during critical developmental stages present severe injury risks due to immature motor control and undetectable trauma hazards. Existing monitoring solutions face limitations in detection accuracy, real-time response, and wearability, necessitating reliable monitoring solutions. This study introduces a wearable triboelectric sensor array (WTSA) for infant collision detection. The device integrates a flexible 3 × 3 array of polydimethylsiloxane (PDMS) hemispherical protrusions mounted on an Ecoflex substrate with copper electrodes. Structural deformation during impact generates triboelectric signals through contact electrification and electrostatic induction. The WTSA demonstrated high sensitivity, with voltage output scaling from -2 V at 0.5 g to -17 V at 3 g and exceptional stability during extended operation exceeding 48 h. It serves dual functions as an accelerometer and self-powered sensor, achieving approximately 42.5 nW peak power output and successfully charging capacitors to 2.8 V. Crucially, impact location identification exceeded 93.6% accuracy using a convolutional neural network (CNN) trained on voltage waveforms from all nine sensor units. Its flexible design ensures comfortable, nondisruptive wear during infant activities. By enabling real-time, precise assessment of collision dynamics and injury risk through machine learning, the WTSA provides a robust, self-powered solution for enhancing infant safety during critical developmental stages."
365,A3_sensors,33100985,PMC7522466,10.3389/fnhum.2020.00338,2020,Frontiers in human neuroscience,methods-article; Journal Article,A Simplified CNN Classification Method for MI-EEG via the Electrode Pairs Signals.,"A brain-computer interface (BCI) based on electroencephalography (EEG) can provide independent information exchange and control channels for the brain and the outside world. However, EEG signals come from multiple electrodes, the data of which can generate multiple features. How to select electrodes and features to improve classification performance has become an urgent problem to be solved. This paper proposes a deep convolutional neural network (CNN) structure with separated temporal and spatial filters, which selects the raw EEG signals of the electrode pairs over the motor cortex region as hybrid samples without any preprocessing or artificial feature extraction operations. In the proposed structure, a 5-layer CNN has been applied to learn EEG features, a 4-layer max pooling has been used to reduce dimensionality, and a fully-connected (FC) layer has been utilized for classification. Dropout and batch normalization are also employed to reduce the risk of overfitting. In the experiment, the 4 s EEG data of 10, 20, 60, and 100 subjects from the Physionet database are used as the data source, and the motor imaginations (MI) tasks are divided into four types: left fist, right fist, both fists, and both feet. The results indicate that the global averaged accuracy on group-level classification can reach 97.28%, the area under the receiver operating characteristic (ROC) curve stands out at 0.997, and the electrode pair with the highest accuracy on 10 subjects dataset is FC3-FC4, with 98.61%. The research results also show that this CNN classification method with minimal (2) electrode can obtain high accuracy, which is an advantage over other methods on the same database. This proposed approach provides a new idea for simplifying the design of BCI systems, and accelerates the process of clinical application."
366,A3_sensors,PMC9069355,PMC9069355,,2022,Advanced Science,Other,Optimizing Piezoelectric Nanocomposites by High‐Throughput Phase‐Field Simulation and Machine Learning (Adv. Sci. 13/2022),"Optimizing Piezoelectric Nanocomposites In article number 2105550, Tiannan Yang, Zhao Kang, Long‐Qing Chen, Yuanjie Su, Zijian Hong, and co‐workers conduct an integrated study with high‐throughput phase‐field simulations and machine learning to systematically reveal the influence of morphology and spatial orientation of an oxide filler on the effective piezoelectric properties of the polymer/ferroelectric oxide nanocomposites."
367,A3_sensors,38864344,PMC11321626,10.1002/advs.202401123,2024,"Advanced science (Weinheim, Baden-Wurttemberg, Germany)","Research Support, Non-U.S. Gov't; research-article; Journal Article",Machine Learning Assisted Electronic/Ionic Skin Recognition of Thermal Stimuli and Mechanical Deformation for Soft Robots.,"Soft robots have the advantage of adaptability and flexibility in various scenarios and tasks due to their inherent flexibility and mouldability, which makes them highly promising for real-world applications. The development of electronic skin (E-skin) perception systems is crucial for the advancement of soft robots. However, achieving both exteroceptive and proprioceptive capabilities in E-skins, particularly in terms of decoupling and classifying sensing signals, remains a challenge. This study presents an E-skin with mixed electronic and ionic conductivity that can simultaneously achieve exteroceptive and proprioceptive, based on the resistance response of conductive hydrogels. It is integrated with soft robots to enable state perception, with the sensed signals further decoded using the machine learning model of decision trees and random forest algorithms. The results demonstrate that the newly developed hydrogel sensing system can accurately predict attitude changes in soft robots when subjected to varying degrees of pressing, hot pressing, bending, twisting, and stretching. These findings that multifunctional hydrogels combine with machine learning to decode signals may serve as a basis for improving the sensing capabilities of intelligent soft robots in future advancements."
368,A3_sensors,34567662,PMC8433337,10.1038/s41378-020-0161-3,2020,Microsystems & nanoengineering,research-article; Journal Article,"An electronic nose using a single graphene FET and machine learning for water, methanol, and ethanol.","The poor gas selectivity problem has been a long-standing issue for miniaturized chemical-resistor gas sensors. The electronic nose (e-nose) was proposed in the 1980s to tackle the selectivity issue, but it required top-down chemical functionalization processes to deposit multiple functional materials. Here, we report a novel gas-sensing scheme using a single graphene field-effect transistor (GFET) and machine learning to realize gas selectivity under particular conditions by combining the unique properties of the GFET and e-nose concept. Instead of using multiple functional materials, the gas-sensing conductivity profiles of a GFET are recorded and decoupled into four distinctive physical properties and projected onto a feature space as 4D output vectors and classified to differentiated target gases by using machine-learning analyses. Our single-GFET approach coupled with trained pattern recognition algorithms was able to classify water, methanol, and ethanol vapors with high accuracy quantitatively when they were tested individually. Furthermore, the gas-sensing patterns of methanol were qualitatively distinguished from those of water vapor in a binary mixture condition, suggesting that the proposed scheme is capable of differentiating a gas from the realistic scenario of an ambient environment with background humidity. As such, this work offers a new class of gas-sensing schemes using a single GFET without multiple functional materials toward miniaturized e-noses."
369,A3_sensors,37410522,PMC10360009,10.2196/47098,2023,JMIR research protocols,research-article; Journal Article,Using Wearable Passive Sensing to Predict Binge Eating in Response to Negative Affect Among Individuals With Transdiagnostic Binge Eating: Protocol for an Observational Study.,"BackgroundBinge eating (BE), characterized by eating a large amount of food accompanied by a sense of loss of control over eating, is a public health crisis. Negative affect is a well-established antecedent for BE. The affect regulation model of BE posits that elevated negative affect increases momentary risk for BE, as engaging in BE alleviates negative affect and reinforces the behavior. The eating disorder field's capacity to identify moments of elevated negative affect, and thus BE risk, has exclusively relied on ecological momentary assessment (EMA). EMA involves the completion of surveys in real time on one's smartphone to report behavioral, cognitive, and emotional symptoms throughout the day. Although EMA provides ecologically valid information, EMA surveys are often delivered only 5-6 times per day, involve self-report of affect intensity only, and are unable to assess affect-related physiological arousal. Wearable, psychophysiological sensors that measure markers of affect arousal including heart rate, heart rate variability, and electrodermal activity may augment EMA surveys to improve accurate real-time prediction of BE. These sensors can objectively and continuously measure biomarkers of nervous system arousal that coincide with affect, thus allowing them to measure affective trajectories on a continuous timescale, detect changes in negative affect before the individual is consciously aware of them, and reduce user burden to improve data completeness. However, it is unknown whether sensor features can distinguish between positive and negative affect states, given that physiological arousal may occur during both negative and positive affect states.ObjectiveThe aims of this study are (1) to test the hypothesis that sensor features will distinguish positive and negative affect states in individuals with BE with >60% accuracy and (2) test the hypothesis that a machine learning algorithm using sensor data and EMA-reported negative affect to predict the occurrence of BE will predict BE with greater accuracy than an algorithm using EMA-reported negative affect alone.MethodsThis study will recruit 30 individuals with BE who will wear Fitbit Sense 2 wristbands to passively measure heart rate and electrodermal activity and report affect and BE on EMA surveys for 4 weeks. Machine learning algorithms will be developed using sensor data to distinguish instances of high positive and high negative affect (aim 1) and to predict engagement in BE (aim 2).ResultsThis project will be funded from November 2022 to October 2024. Recruitment efforts will be conducted from January 2023 through March 2024. Data collection is anticipated to be completed in May 2024.ConclusionsThis study is anticipated to provide new insight into the relationship between negative affect and BE by integrating wearable sensor data to measure affective arousal. The findings from this study may set the stage for future development of more effective digital ecological momentary interventions for BE.International registered report identifier (irrid)DERR1-10.2196/47098."
370,A3_sensors,36604739,PMC9817351,10.1186/s13041-022-00991-y,2023,Molecular brain,"research-article; Journal Article; Research Support, N.I.H., Extramural",Temporal pain processing in the primary somatosensory cortex and anterior cingulate cortex.,"Pain is known to have sensory and affective components. The sensory pain component is encoded by neurons in the primary somatosensory cortex (S1), whereas the emotional or affective pain experience is in large part processed by neural activities in the anterior cingulate cortex (ACC). The timing of how a mechanical or thermal noxious stimulus triggers activation of peripheral pain fibers is well-known. However, the temporal processing of nociceptive inputs in the cortex remains little studied. Here, we took two approaches to examine how nociceptive inputs are processed by the S1 and ACC. We simultaneously recorded local field potentials in both regions, during the application of a brain-computer interface (BCI). First, we compared event related potentials in the S1 and ACC. Next, we used an algorithmic pain decoder enabled by machine-learning to detect the onset of pain which was used during the implementation of the BCI to automatically treat pain. We found that whereas mechanical pain triggered neural activity changes first in the S1, the S1 and ACC processed thermal pain with a reasonably similar time course. These results indicate that the temporal processing of nociceptive information in different regions of the cortex is likely important for the overall pain experience."
371,A3_sensors,40805415,PMC12347900,10.3390/ma18153537,2025,"Materials (Basel, Switzerland)",research-article; Journal Article,Deep Neural-Assisted Flexible MXene-Ag Composite Strain Sensor with Crack Dual Conductive Network for Human Motion Sensing.,"Developing stretchable strain sensors that combine both high sensitivity and a wide linear range is a critical requirement for health electronics, yet it remains challenging to meet the practical demands of daily health monitoring. This study proposes a novel heterogeneous surface strategy by in situ silver deposition on modified PDMS followed by MXene spray coating, constructing a multilevel microcrack strain sensor (MAP) using silver nanoparticles and MXene. This innovative multilevel heterogeneous microcrack structure forms a dual conductive network, which demonstrates excellent detection performance within GFmax = 487.3 and response time ≈65 ms across various deformation variables. And the seamless integration of the sensor arrays was designed and employed for the detection of human activities without sacrificing biocompatibility and comfort. Furthermore, by adopting advanced deep learning technology, these sensor arrays could identify different joint movements with an accuracy of up to 95%. These results provide a promising example for designing high-performance stretchable strain sensors and intelligent recognition systems."
372,A3_sensors,41035169,PMC12560122,10.1021/acssensors.5c01507,2025,ACS sensors,research-article; Journal Article,γ-Graphyne as a Functional 2D Nanoarchitectonics for Room-Temperature Chemiresistive-Potentiometric Sensing Interfaces.,"The development of highly selective gas sensors operating at room temperature with detection capabilities in the parts-per-billion (ppb) range is one of fundamental and technological interest across diverse fields. Conventional sensor arrays often suffer from signal instability, large device footprints, and high fabrication costs. The emergence of two-dimensional (2D) materials has enabled new paradigms in chemiresistive sensing, leveraging their quantum confinement, high surface-to-volume ratio, and tunable electronic structure. In this study, we present, for the first time, a high-performance chemiresistive sensor based on chemically exfoliated γ-graphyne, a carbon allotrope with sp-sp2-hybridized bonding and an extended π-conjugated system. The material's cross-linked layered structure introduces spatially varying local potential gradients, which enhance charge carrier modulation upon gas molecule adsorption. First-principles density functional theory (DFT) calculations were employed to optimize the graphyne synthesis pathway and to model adsorption energies and charge transfer dynamics. Real-time detection of NO2 gas at room temperature demonstrates exceptional sensor performance, with a measured response of 1.05 at 25 ppb and an estimated detection limit as low as 0.45 ppb. The device exhibits rapid response (53 s) and recovery (185 s) times, governed by gas-adsorbate interactions and carrier scattering mechanisms. Theoretical models reveal that adsorption of NO2 induces significant modulation of the local density of states and carrier concentration in graphyne, enhancing its chemiresistive response. Furthermore, we integrated machine learning algorithms with the experimental sensor output to establish a robust gas classification framework. Classifiers trained on sensor data exhibit 100% accuracy across varying concentrations (15-100 ppb) of NO2 and high selectivity for other interfering gases, validating the discriminatory power of the sensor. This synergistic approach combining quantum mechanical modeling, charge transport physics, and data-driven learning algorithms opens new avenues for designing next-generation miniaturized gas sensors with ultrahigh sensitivity and selectivity."
373,A3_sensors,35746185,PMC9227535,10.3390/s22124404,2022,"Sensors (Basel, Switzerland)",research-article; Journal Article,Fiber-Optic Hydrophone Based on Michelson's Interferometer with Active Stabilization for Liquid Volume Measurement.,"Sensing technologies using optical fibers have been studied and applied since the 1970s in oil and gas, industrial, medical, aerospace, and civil areas. Detecting ultrasound acoustic waves through fiber-optic hydrophone (FOH) sensors can be one solution for continuous measurement of volumes inside production tanks used by these industries. This work presents an FOH system composed of two optical fiber coils made with commercial single mode fiber (SMF) working in the sensor head of a Michelson's interferometer (MI) supported by an active stabilization mechanism that drives another optical coil wound around a piezoelectric actuator (PZT) in the reference arm to mitigate external mechanical and thermal noise from the environment. A 1000 mL glass graduated cylinder filled with water is used as a test tank, inside which the sensor head and an ultrasound source are placed. For detection, amplitudes and phases are measured, and machine learning algorithms predict their respective liquid volumes. The acoustic waves create patterns electronically detected with resolution of 1 mL and sensitivity of 340 mrad/mL and 70 mvolts/mL. The nonlinear behavior of both measurands requires classification, distance metrics, and regression algorithms to define an adequate model. The results show the system can determine liquid volumes with an accuracy of 99.4% using a k-nearest neighbors (k-NN) classification with one neighbor and Manhattan's distance. Moreover, Gaussian process regression using rational quadratic metrics presented a root mean squared error (RMSE) of 0.211 mL."
374,A3_sensors,35591098,PMC9101190,10.3390/s22093408,2022,"Sensors (Basel, Switzerland)",research-article; Journal Article,Effect of DNA Aptamer Concentration on the Conductivity of a Water-Gated Al:ZnO Thin-Film Transistor-Based Biosensor.,"Field-effect transistor-based biosensors (bio-FETs) are promising candidates for the rapid high-sensitivity and high-selectivity sensing of various analytes in healthcare, clinical diagnostics, and the food industry. However, bio-FETs still have several unresolved problems that hinder their technological transfer, such as electrical stability. Therefore, it is important to develop reliable, efficient devices and establish facile electrochemical characterization methods. In this work, we have fabricated a flexible biosensor based on an Al:ZnO thin-film transistor (TFT) gated through an aqueous electrolyte on a polyimide substrate. In addition, we demonstrated techniques for establishing the operating range of such devices. The Al:ZnO-based devices with a channel length/width ratio of 12.35 and a channel thickness of 50 nm were produced at room temperature via magnetron sputtering. These Al:ZnO-based devices exhibited high field-effect mobility (μ = 6.85 cm2/Vs) and threshold voltage (Vth = 654 mV), thus showing promise for application on temperature-sensitive substrates. X-ray photoelectron spectroscopy was used to verify the chemical composition of the deposited films, while the morphological aspects of the films were assessed using scanning electron and atomic force microscopies. The gate-channel electric capacitance of 40 nF/cm2 was determined using electrochemical impedance spectroscopy, while the electrochemical window of the gate-channel system was determined as 1.8 V (from -0.6 V to +1.2 V) using cyclic voltammetry. A deionized water solution of 10 mer (CCC AAG GTC C) DNA aptamer (molar weight -2972.9 g/mol) in a concentration ranging from 1-1000 pM/μL was used as an analyte. An increase in aptamer concentration caused a proportional decrease in the TFT channel conductivity. The techniques demonstrated in this work can be applied to optimize the operating parameters of various semiconductor materials in order to create a universal detection platform for biosensing applications, such as multi-element FET sensor arrays based on various composition nanostructured films, which use advanced neural network signal processing."
375,A3_sensors,38793860,PMC11124924,10.3390/s24103007,2024,"Sensors (Basel, Switzerland)",research-article; Journal Article,Flexible Self-Powered Low-Decibel Voice Recognition Mask.,"In environments where silent communication is essential, such as libraries and conference rooms, the need for a discreet means of interaction is paramount. Here, we present a single-electrode, contact-separated triboelectric nanogenerator (CS-TENG) characterized by robust high-frequency sensing capabilities and long-term stability. Integrating this TENG onto the inner surface of a mask allows for the capture of conversational speech signals through airflow vibrations, generating a comprehensive dataset. Employing advanced signal processing techniques, including short-time Fourier transform (STFT), Mel-frequency cepstral coefficients (MFCC), and deep learning neural networks, facilitates the accurate identification of speaker content and verification of their identity. The accuracy rates for each category of vocabulary and identity recognition exceed 92% and 90%, respectively. This system represents a pivotal advancement in facilitating secure and efficient unobtrusive communication in quiet settings, with promising implications for smart home applications, virtual assistant technology, and potential deployment in security and confidentiality-sensitive contexts."
376,A3_sensors,38257479,PMC10818412,10.3390/s24020386,2024,"Sensors (Basel, Switzerland)",research-article; Journal Article,A Deep Learning Approach for Autonomous Compression Damage Identification in Fiber-Reinforced Concrete Using Piezoelectric Lead Zirconate Titanate Transducers.,"Effective damage identification is paramount to evaluating safety conditions and preventing catastrophic failures of concrete structures. Although various methods have been introduced in the literature, developing robust and reliable structural health monitoring (SHM) procedures remains an open research challenge. This study proposes a new approach utilizing a 1-D convolution neural network to identify the formation of cracks from the raw electromechanical impedance (EMI) signature of externally bonded piezoelectric lead zirconate titanate (PZT) transducers. Externally bonded PZT transducers were used to determine the EMI signature of fiber-reinforced concrete specimens subjected to monotonous and repeatable compression loading. A leave-one-specimen-out cross-validation scenario was adopted for the proposed SHM approach for a stricter and more realistic validation procedure. The experimental study and the obtained results clearly demonstrate the capacity of the introduced approach to provide autonomous and reliable damage identification in a PZT-enabled SHM system, with a mean accuracy of 95.24% and a standard deviation of 5.64%."
377,A3_sensors,35362790,PMC8975924,10.1007/s40820-022-00831-7,2022,Nano-micro letters,research-article; Journal Article,A Liquid-Solid Interface-Based Triboelectric Tactile Sensor with Ultrahigh Sensitivity of 21.48 kPa-1.,"Traditional triboelectric tactile sensors based on solid-solid interface have illustrated promising application prospects through optimization approach. However, the poor sensitivity and reliability caused by hard contact-electrification still poses challenges for the practical applications. In this work, a liquid-solid interface ferrofluid-based triboelectric tactile sensor (FTTS) with ultrahigh sensitivity is proposed. Relying on the fluidity and magnetism of ferrofluid, the topography of microstructure can be flexibly adjusted by directly employing ferrofluid as triboelectric material and controlling the position of outward magnet. To date, an ultrahigh sensitivity of 21.48 kPa-1 for the triboelectric sensors can be achieved due to the high spike microstructure, low Young's modulus of ferrofluid and efficient solid-liquid interface contact-electrification. The detection limit of FTTS of 1.25 Pa with a wide detection range to 390 kPa was also obtained. In addition, the oleophobic property between ferrofluid and poly-tetra-fluoro-ethylene triboelectric layer can greatly reduce the wear and tear, resulting in the great improvement of stability. Finally, a strategy for personalized password lock with high security level has been demonstrated, illustrating a great perspective for practical application in smart home, artificial intelligence, Internet of things, etc."
378,A3_sensors,36677278,PMC9860881,10.3390/mi14010217,2023,Micromachines,research-article; Journal Article,Hardness-and-Type Recognition of Different Objects Based on a Novel Porous Graphene Flexible Tactile Sensor Array.,"Accurately recognizing the hardness and type of different objects by tactile sensors is of great significance in human-machine interaction. In this paper, a novel porous graphene flexible tactile sensor array with great performance is designed and fabricated, and it is mounted on a two-finger mechanical actuator. This is used to detect various tactile sequence features from different objects by slightly squeezing them by 2 mm. A Residual Network (ResNet) model, with excellent adaptivity and feature extraction ability, is constructed to realize the recognition of 4 hardness categories and 12 object types, based on the tactile time sequence signals collected by the novel sensor array; the average accuracies of hardness and type recognition are 100% and 99.7%, respectively. To further verify the classification ability of the ResNet model for the tactile feature information detected by the sensor array, the Multilayer Perceptron (MLP), LeNet, Multi-Channel Deep Convolutional Neural Network (MCDCNN), and ENCODER models are built based on the same dataset used for the ResNet model. The average recognition accuracies of the 4hardness categories, based on those four models, are 93.6%, 98.3%, 93.3%, and 98.1%. Meanwhile, the average recognition accuracies of the 12 object types, based on the four models, are 94.7%, 98.9%, 85.0%, and 96.4%. All of the results demonstrate that the novel porous graphene tactile sensor array has excellent perceptual performance and the ResNet model can very effectively and precisely complete the hardness and type recognition of objects for the flexible tactile sensor array."
379,A3_sensors,41120372,PMC12541055,10.1038/s41597-025-05957-y,2025,Scientific data,"Research Support, Non-U.S. Gov't; Dataset; data-paper; Journal Article",CIRE: A Chinese EEG Dataset for decoding speech intention modulated by prosodic emotion.,"Neural decoding of speech intention could advance the development and application of brain-computer interface (BCI) technology. Currently, lack of dataset limited the research on decoding the true speech intention, especially the diverse intentions expressed by the same text when no context is given. This study provides an EEG dataset, CIRE, on spoken language interaction intention featuring aligned textual expressions with divergent intentional meanings due to the differences in prosodic emotion. The dataset comprises preprocessed high-density (128-channel) EEG recordings from 38 participants engaged in comprehension of attitude-conveying speech stimuli, accompanied by Wav2vec2-derived acoustic embeddings of the listening materials. To validate our dataset through cognitive neuroscience studies and binary intent classification, we applied signal processing pipelines, cognitive analysis frameworks, and machine learning (ML) approaches. Our baseline model achieved a cross-subject classification accuracy of 68.2%, with differences exhibiting interpretable neurophysiological correlates. The high-density and high temporal resolution EEG data offer broader application areas, both in cognitive neuroscience and speech BCI, and can also contribute to the brain-inspired algorithms."
380,A3_sensors,36235895,PMC9572318,10.3390/polym14193947,2022,Polymers,research-article; Journal Article,Structural Health Monitoring Impact Classification Method Based on Bayesian Neural Network.,"This paper proposes a novel method for multi-class classification and uncertainty quantification of impact events on a flat composite plate with a structural health monitoring (SHM) system by using a Bayesian neural network (BNN). Most of the existing research in passive sensing has focused on deterministic approaches for impact detection and characterization. However, there are variability in impact location, angle and energy in real operational conditions which results in uncertainty in the diagnosis. Therefore, this paper proposes a reliability-based impact characterization method based on BNN for the first time. Impact data are acquired by a passive sensing system of piezoelectric (PZT) sensors. Features extracted from the sensor signals, such as their transferred energy, frequency at maximum amplitude and time interval of the largest peak, are used to develop a BNN for impact classification (i.e., energy level). To test the robustness and reliability of the proposed model to impact variability, it is trained with perpendicular impacts and tested by variable angle impacts. The same dataset is further applied in a method called multi-artificial neural network (multi-ANN) to compare its ability in uncertainty quantification and its computational efficiency against the BNN for validation of the developed meta-model. It is demonstrated that both the BNN and multi-ANN can measure the uncertainty and confidence of the diagnosis from the prediction results. Both have very high performance in classifying impact energies when the networks are trained and tested with perpendicular impacts of different energy and location, with 94% and 98% reliable predictions for BNN and multi-ANN, respectively. However, both metamodels struggled to detect new impact scenarios (angled impacts) when the data set was not used in the development stage and only used for testing. Including additional features improved the performance of the networks in regularization; however, not to the acceptable accuracy. The BNN significantly outperforms the multi-ANN in computational time and resources. For perpendicular impacts, both methods can reach a reliable accuracy, while for angled impacts, the accuracy decreases but the uncertainty provides additional information that can be further used to improve the classification."
381,A3_sensors,35890981,PMC9320582,10.3390/s22145299,2022,"Sensors (Basel, Switzerland)",research-article; Journal Article,Machine-Learning-Based Fine Tuning of Input Signals for Mechano-Tactile Display.,"Deducing the input signal for a tactile display to present the target surface (i.e., solving the inverse problem for tactile displays) is challenging. We proposed the encoding and presentation (EP) method in our prior work, where we encoded the target surface by scanning it using an array of piezoelectric devices (encoding) and then drove the piezoelectric devices using the obtained signals to display the surface (presentation). The EP method reproduced the target texture with an accuracy of over 80% for the five samples tested, which we refer to as replicability. Machine learning is a promising method for solving inverse problems. In this study, we designed a neural network to connect the subjective evaluation of tactile sensation and the input signals to a display; these signals are described as time-domain waveforms. First, participants were asked to touch the surface presented by the mechano-tactile display based on the encoded data from the EP method. Then, the participants recorded the similarity of the surface compared to five material samples, which were used as the input. The encoded data for the material samples were used as the output to create a dataset of 500 vectors. By training a multilayer perceptron with the dataset, we deduced new inputs for the display. The results indicate that using machine learning for fine tuning leads to significantly better accuracy in deducing the input compared to that achieved using the EP method alone. The proposed method is therefore considered a good solution for the inverse problem for tactile displays."
382,A3_sensors,41293703,PMC12642998,10.1364/boe.580226,2025,Biomedical optics express,research-article; Journal Article,Deep learning optimized dual-analyte detection-based biosensor for monitoring pregnancy stage using a urine sample.,"This study presents a hybrid deep learning (DL) approach for designing and optimizing a photonic crystal fiber (PCF)-based surface plasmon resonance (SPR) multi-analyte biosensor. Using a simulation based on the finite element method (FEM), we generated a comprehensive data set that captures various sensor parameters and refractive index (RI) values. A hybrid recurrent neural network long-short-term memory (RNN-LSTM) model was developed to predict confinement loss (CL), which showed superior performance with an MSE of 0.0014, an MAE of 0.0188, and an R2 of 0.9510 compared to other DL and machine learning (ML) models. The proposed model shows a maximum amplitude sensitivity (AS) of 3102.41 RIU-1, a wavelength sensitivity (WS) of 10,000 nm/RIU, and a sensor resolution (SR) of 1 × 10-5. The effectiveness of the model was validated through extensive analysis, including ablation studies and SHAP-based explainability analysis. Our findings highlight the potential of DL to improve multi-analyte biosensor design and performance prediction."
383,A3_sensors,38924313,PMC11348057,10.1002/advs.202401800,2024,"Advanced science (Weinheim, Baden-Wurttemberg, Germany)","Research Support, Non-U.S. Gov't; research-article; Journal Article",A Flexible Skin Bionic Thermally Comfortable Wearable for Machine Learning-Facilitated Ultrasensitive Sensing.,"Tremendous popularity is observed for multifunctional flexible electronics with appealing applications in intelligent electronic skins, human-machine interfaces, and healthcare sensing. However, the reported sensing electronics, mostly can hardly provide ultrasensitive sensing sensitivity, wider sensing range, and robust cycling stability simultaneously, and are limited of efficient heat conduction out from the contacted skin interface after wearing flexible electronics on human skin to satisfy thermal comfort of human skin. Inspired from the ultrasensitive tactile perception microstructure (epidermis/spinosum/signal transmission) of human skin, a flexible comfortably wearable ultrasensitive electronics is hereby prepared from thermal conductive boron nitride nanosheets-incorporated polyurethane elastomer matrix with MXene nanosheets-coated surface microdomes as epidermis/spinosum layers assembled with interdigitated electrode as sensing signal transmission layer. It demonstrates appealing sensing performance with ultrasensitive sensitivity (≈288.95 kPa-1), up to 300 kPa sensing range, and up to 20 000 sensing cycles from obvious contact area variation between microdome microstructures and the contact electrode under external compression. Furthermore, the bioinspired electronics present advanced thermal management by timely efficient thermal dissipation out from the contacted skin surface to meet human skin thermal comfort with the incorporated thermal conductive boron nitride nanosheets. Thus, it is vitally promising in wearable artificial electronic skins, intelligent human-interactive sensing, and personal health management."
384,A3_sensors,34372298,PMC8348672,10.3390/s21155059,2021,"Sensors (Basel, Switzerland)",research-article; Journal Article,Voltammetric E-Tongue for Honey Adulteration Detection.,"The aim of this study is to establish the usefulness of an electronic tongue based on cyclic voltammetry e-tongue using five working electrodes (gold, silver, copper, platinum and glass) in honey adulteration detection. Authentic honey samples of different botanical origin (acacia, tilia, sunflower, polyfloral and raspberry) were adulterated with agave, maple, inverted sugar, corn and rice syrups in percentages of 5%, 10%, 20% and 50%. The silver and copper electrodes provided the clearest voltammograms, the differences between authentic and adulterated honey samples being highlighted by the maximum current intensity. The electronic tongue results have been correlated with physicochemical parameters (pH, free acidity, hydroxymethylfurfural content-5 HMF and electrical conductivity-EC). Using statistical methods such as Linear discriminant analysis (LDA) and Support vector machines (SVM), an accuracy of 94.87% and 100% respectively was obtained in the calibration step and 89.65% and 100% respectively in the validation step. The PLS-R (Partial Least Squares Regression) model (constructed from the minimum and maximum current intensity obtained for all electrodes) was used in physicochemical parameters prediction; EC reached the highest regression coefficients (0.840 in the calibration step and 0.842 in the validation step, respectively), being followed by pH (0.704 in the calibration step and 0.516 in the validation step, respectively)."
385,A3_sensors,38606308,PMC11008472,10.3389/fnins.2024.1309594,2024,Frontiers in neuroscience,research-article; Journal Article,Graph neural network based on brain inspired forward-forward mechanism for motor imagery classification in brain-computer interfaces.,"IntroductionWithin the development of brain-computer interface (BCI) systems, it is crucial to consider the impact of brain network dynamics and neural signal transmission mechanisms on electroencephalogram-based motor imagery (MI-EEG) tasks. However, conventional deep learning (DL) methods cannot reflect the topological relationship among electrodes, thereby hindering the effective decoding of brain activity.MethodsInspired by the concept of brain neuronal forward-forward (F-F) mechanism, a novel DL framework based on Graph Neural Network combined forward-forward mechanism (F-FGCN) is presented. F-FGCN framework aims to enhance EEG signal decoding performance by applying functional topological relationships and signal propagation mechanism. The fusion process involves converting the multi-channel EEG into a sequence of signals and constructing a network grounded on the Pearson correlation coeffcient, effectively representing the associations between channels. Our model initially pre-trains the Graph Convolutional Network (GCN), and fine-tunes the output layer to obtain the feature vector. Moreover, the F-F model is used for advanced feature extraction and classification.Results and discussionAchievement of F-FGCN is assessed on the PhysioNet dataset for a four-class categorization, compared with various classical and state-of-the-art models. The learned features of the F-FGCN substantially amplify the performance of downstream classifiers, achieving the highest accuracy of 96.11% and 82.37% at the subject and group levels, respectively. Experimental results affirm the potency of FFGCN in enhancing EEG decoding performance, thus paving the way for BCI applications."
386,A3_sensors,41011884,PMC12471454,10.3390/mi16090994,2025,Micromachines,research-article; Journal Article,Laser-Induced Graphene-Based Strain Sensor Array Integrated into Smart Tires for a Load Perception.,"Tire deformation monitoring is a critical requirement for improving vehicle safety, performance, and intelligent transportation systems. However, most existing flexible strain sensors either lack directional sensitivity or have not been validated in real-world driving environments, limiting their practical application in smart tires. In this work, we report the fabrication of a flexible piezoresistive strain sensor based on a porous laser-induced graphene (LIG) network embedded in an Ecoflex elastomer matrix, with integrated directional force recognition. The LIG-Ecoflex sensor exhibits a high gauge factor of 9.7, fast response and recovery times, and stable performance over 10,000 cycles. More importantly, the anisotropic structure of the LIG enables accurate multi-directional stress recognition when combined with a convolutional neural network (CNN), achieving an overall classification accuracy exceeding 98%. To further validate real-world applicability, the sensor was mounted inside passenger car tires and tested under different loads and speeds. The results demonstrate reliable monitoring of tire deformation with clear correlations to load and velocity, confirming robustness under dynamic driving conditions. This study provides a new pathway for the integration of direction-aware, high-performance strain sensors into intelligent tire systems, with broader potential for wearable electronics, vehicle health monitoring, and next-generation Internet of Vehicles applications."
387,A3_sensors,32785099,PMC7472213,10.3390/s20164472,2020,"Sensors (Basel, Switzerland)",research-article; Journal Article,Vehicle Classification Based on FBG Sensor Arrays Using Neural Networks.,"This article is focused on the automatic classification of passing vehicles through an experimental platform using optical sensor arrays. The amount of data generated from various sensor systems is growing proportionally every year. Therefore, it is necessary to look for more progressive solutions to these problems. Methods of implementing artificial intelligence are becoming a new trend in this area. At first, an experimental platform with two separate groups of fiber Bragg grating sensor arrays (horizontally and vertically oriented) installed into the top pavement layers was created. Interrogators were connected to sensor arrays to measure pavement deformation caused by vehicles passing over the pavement. Next, neural networks for visual classification with a closed-circuit television camera to separate vehicles into different classes were used. This classification was used for the verification of measured and analyzed data from sensor arrays. The newly proposed neural network for vehicle classification from the sensor array dataset was created. From the obtained experimental results, it is evident that our proposed neural network was capable of separating trucks from other vehicles, with an accuracy of 94.9%, and classifying vehicles into three different classes, with an accuracy of 70.8%. Based on the experimental results, extending sensor arrays as described in the last part of the paper is recommended."
388,A3_sensors,34900346,PMC8633586,10.1515/tnsci-2020-0199,2021,Translational neuroscience,research-article; Journal Article,A novel strategy for driving car brain-computer interfaces: Discrimination of EEG-based visual-motor imagery.,"A brain-computer interface (BCI) based on kinesthetic motor imagery has a potential of becoming a groundbreaking technology in a clinical setting. However, few studies focus on a visual-motor imagery (VMI) paradigm driving BCI. The VMI-BCI feature extraction methods are yet to be explored in depth. In this study, a novel VMI-BCI paradigm is proposed to execute four VMI tasks: imagining a car moving forward, reversing, turning left, and turning right. These mental strategies can naturally control a car or robot to move forward, backward, left, and right. Electroencephalogram (EEG) data from 25 subjects were collected. After the raw EEG signal baseline was corrected, the alpha band was extracted using bandpass filtering. The artifacts were removed by independent component analysis. Then, the EEG average instantaneous energy induced by VMI (VMI-EEG) was calculated using the Hilbert-Huang transform (HHT). The autoregressive model was extracted to construct a 12-dimensional feature vector to a support vector machine suitable for small sample classification. This was classified into two-class tasks: visual imagination of driving the car forward versus reversing, driving forward versus turning left, driving forward versus turning right, reversing versus turning left, reversing versus turning right, and turning left versus turning right. The results showed that the average classification accuracy of these two-class tasks was 62.68 ± 5.08%, and the highest classification accuracy was 73.66 ± 6.80%. The study showed that EEG features of O1 and O2 electrodes in the occipital region extracted by HHT were separable for these VMI tasks."
389,A3_sensors,39407949,PMC11478213,10.3390/jcm13195889,2024,Journal of clinical medicine,research-article; Journal Article,Is an Electronic Nose Able to Predict Clinical Response following Neoadjuvant Treatment of Rectal Cancer? A Prospective Pilot Study.,"Introduction: A watch-and-wait strategy for patients with rectal cancer who achieve a clinical complete response after neoadjuvant (chemo) radiotherapy is a valuable alternative to rectal resection. In this pilot study, we explored the use of an electronic nose to predict response to neoadjuvant therapy by analyzing breath-derived volatile organic compounds. Materials and Methods: A pilot study was performed between 2020 and 2022 on patients diagnosed with intermediate- or high-risk rectal cancer who were scheduled for neoadjuvant therapy. Breath samples were collected before and after (chemo) radiotherapy. A machine-learning model was developed to predict clinical response using curatively treated rectal cancer patients as controls. Results: For developing the machine-learning model, a total of 99 patients were included: 45 patients with rectal cancer and 54 controls. In the training set, the model successfully discriminated between patients with and without rectal cancer, with a sensitivity and specificity of 0.80 and 0.65, respectively, and an accuracy of 0.72. In the test set, the model predicted partial or (near) complete response with a sensitivity and specificity of 0.64 and 0.47, respectively, and an accuracy of 0.58. The AUC of the ROC curve was 0.63. Conclusions: The prediction model developed in this pilot study lacks the ability to accurately differentiate between partial and (near) complete responders with an electronic nose. Machine-learning studies demand a substantial number of patients and operate in a rapidly evolving field. Therefore, the prevalence of disease and duration of a study are crucial considerations for future research."
390,A3_sensors,34268728,PMC8457135,10.1111/epi.16967,2021,Epilepsia,"Research Support, Non-U.S. Gov't; research-article; Journal Article",Seizure detection using wearable sensors and machine learning: Setting a benchmark.,"ObjectiveTracking seizures is crucial for epilepsy monitoring and treatment evaluation. Current epilepsy care relies on caretaker seizure diaries, but clinical seizure monitoring may miss seizures. Wearable devices may be better tolerated and more suitable for long-term ambulatory monitoring. This study evaluates the seizure detection performance of custom-developed machine learning (ML) algorithms across a broad spectrum of epileptic seizures utilizing wrist- and ankle-worn multisignal biosensors.MethodsWe enrolled patients admitted to the epilepsy monitoring unit and asked them to wear a wearable sensor on either their wrists or ankles. The sensor recorded body temperature, electrodermal activity, accelerometry (ACC), and photoplethysmography, which provides blood volume pulse (BVP). We used electroencephalographic seizure onset and offset as determined by a board-certified epileptologist as a standard comparison. We trained and validated ML for two different algorithms: Algorithm 1, ML methods for developing seizure type-specific detection models for nine individual seizure types; and Algorithm 2, ML methods for building general seizure type-agnostic detection, lumping together all seizure types.ResultsWe included 94 patients (57.4% female, median age = 9.9 years) and 548 epileptic seizures (11 066 h of sensor data) for a total of 930 seizures and nine seizure types. Algorithm 1 detected eight of nine seizure types better than chance (area under the receiver operating characteristic curve [AUC-ROC] = .648-.976). Algorithm 2 detected all nine seizure types better than chance (AUC-ROC = .642-.995); a fusion of ACC and BVP modalities achieved the best AUC-ROC (.752) when combining all seizure types together.SignificanceAutomatic seizure detection using ML from multimodal wearable sensor data is feasible across a broad spectrum of epileptic seizures. Preliminary results show better than chance seizure detection. The next steps include validation of our results in larger datasets, evaluation of the detection utility tool for additional clinical seizure types, and integration of additional clinical information."
391,A3_sensors,36281963,PMC9706806,10.1021/acssensors.2c01260,2022,ACS sensors,"Research Support, Non-U.S. Gov't; research-article; Journal Article",A Sensor Array Based on Molecularly Imprinted Polymers and Machine Learning for the Analysis of Fluoroquinolone Antibiotics.,"Fluoroquinolones (FQs) are one of the most important types of antibiotics in the clinical, poultry, and aquaculture industries, and their monitoring is required as the abuse has led to severe issues, such as antibiotic residues and antimicrobial resistance. In this study, we report a voltammetric electronic tongue (ET) for the simultaneous determination of ciprofloxacin, levofloxacin, and moxifloxacin in both pharmaceutical and biological samples. The ET comprises four sensors modified with three different customized molecularly imprinted polymers (MIPs) and a nonimprinted polymer integrated with Au nanoparticle-decorated multiwall carbon nanotubes (Au-fMWCNTs). MWCNTs were first functionalized to serve as a supporting substrate, while the anchored Au nanoparticles acted as a catalyst. Subsequently, MIP films were obtained by electropolymerization of pyrrole in the presence of the different target FQs. The sensors' morphology was characterized by scanning electron microscopy and transmission electron microscopy, while the modification process was followed electrochemically step by step employing [Fe(CN)6]3-/4- as the redox probe. Under the optimal conditions, the MIP(FQs)@Au-fMWCNT sensors exhibited different responses, limits of detection of ca. 1 μM, and a wide detection range up to 300 μM for the three FQs. Lastly, the developed ET presents satisfactory agreement between the expected and obtained values when used for the simultaneous determination of mixtures of the three FQs (R2 ≥0.960, testing subset), which was also applied to the analysis of FQs in commercial pharmaceuticals and spiked human urine samples."
392,A3_sensors,36264857,PMC9584501,10.1371/journal.pone.0276526,2022,PloS one,research-article; Journal Article,Considerate motion imagination classification method using deep learning.,"In order to improve the classification accuracy of motion imagination, a considerate motion imagination classification method using deep learning is proposed. Specifically, based on a graph structure suitable for electroencephalography as input, the proposed model can accurately represent the distribution of electroencephalography electrodes in non-Euclidean space and fully consider the spatial correlation between electrodes. In addition, the spatial-spectral-temporal multi-dimensional feature information was extracted from the spatial-temporal graph representation and spatial-spectral graph representation transformed from the original electroencephalography signal using the dual branch architecture. Finally, the attention mechanism and global feature aggregation module were designed and combined with graph convolution to adaptively capture the dynamic correlation intensity and effective feature of electroencephalography signals in various dimensions. A series of contrast experiments and ablation experiments on several different public brain-computer interface datasets demonstrated that the excellence of proposed method. It is worth mentioning that, the proposed model is a general framework for the classification of electroencephalography signals, which is suitable for emotion recognition, sleep staging and other fields based on electroencephalography research. Moreover, the model has the potential to be applied in the medical field of motion imagination rehabilitation in real life."
393,A3_sensors,37402874,PMC10319844,10.1038/s41598-023-37795-6,2023,Scientific reports,research-article; Journal Article,Demonstration of cross reaction in hybrid graphene oxide/tantalum dioxide guided mode resonance sensor for selective volatile organic compound.,"This paper experimentally demonstrates a crossed reaction of pure and hybrid graphene oxide (GO)/tantalum dioxide (TaO2) as a volatile organic compound (VOC) absorber in a guided mode resonance (GMR) sensing platform. The proposed GMR platform has a porous TaO2 film as the main guiding layer, allowing for more molecular adsorption and enhanced sensitivity. GO is applied on top as an additional VOC absorber to increase the selectivity. The hybrid sensing mechanism is introduced by varying the concentration of the GO aqueous solution. The experimental results show that the pure TaO2-GMR has a high tendency to adsorb most of the tested VOC molecules, with the resonance wavelength shifting accordingly to the physical properties of the VOCs (molecular weight, vapor pressure, etc). The largest signal appears in the large molecule such as toluene, and its sensitivity is gradually reduced in the hybrid sensors. At the optimum GO concentration of 3 mg/mL, the hybrid GO/TaO2 -GMR is more sensitive to methanol, while the pure GO sensor coated with GO at 5 mg/mL is highly selective to ammonia. The sensing mechanisms are verified using the distribution function theory (DFT) to simulate the molecular absorption, along with the measured functional groups measured on the sensor surface by the Fourier transform infrared spectroscopy (FTIR). The crossed reaction of these sensors is further analyzed by means of machine learning, specifically the principal component analysis (PCA) method and decision tree algorithm. The results show that this sensor is a promising candidate for quantitative and qualitative VOCs detection in sensor array platform."
394,A3_sensors,40619581,PMC12499495,10.1002/advs.202507605,2025,"Advanced science (Weinheim, Baden-Wurttemberg, Germany)",research-article; Journal Article,Strain-Sensitive Thermochromic Smart Electronic Skin for Joint and Spine Healthcare Applications.,"Electronic skins (E-skins) that enable interactive and quantitative joint and spine healthcare hold transformative potential for personalized musculoskeletal rehabilitation. However, existing systems face three critical limitations: conventional strain sensors degrade with cyclic large strain due to uncontrolled crack propagation; thermal therapy lacks real-time adaptive control without feedback; and systems lack user-interactive monitoring-therapy integration. Here, iStretch, a mechano-visual-thermo adaptive e-skin is introduced that integrates durable strain sensing, dynamic heat therapy, and intuitive visual feedback via a multiphasic and bilayer architecture. The strain-sensing bottom layer utilises constrained microcrack propagation in graphene-liquid metal nanocomposites, achieving high sensitivity (GF = 281), broad sensing range (300%), and exceptional durability (10,000 cycles). Simultaneously, the thermoresponsive top layer provides dynamic visual feedback and heat modulation in response to strain. Its multifunctions are demonstrated for convolutional neural network-powered omnidirectional motion and gesture recognition, strain magnitude-adjusted thermotherapy, intuitive thermochromic overheating alerts, and quantitative cervical spine monitoring via wireless sensor arrays."
395,A3_sensors,39996977,PMC11853606,10.3390/bios15020075,2025,Biosensors,research-article; Journal Article,Artificial-Intelligence Bio-Inspired Peptide for Salivary Detection of SARS-CoV-2 in Electrochemical Biosensor Integrated with Machine Learning Algorithms.,"Developing affordable, rapid, and accurate biosensors is essential for SARS-CoV-2 surveillance and early detection. We created a bio-inspired peptide, using the SAGAPEP AI platform, for COVID-19 salivary diagnostics via a portable electrochemical device coupled to Machine Learning algorithms. SAGAPEP enabled molecular docking simulations against the SARS-CoV-2 Spike protein's RBD, leading to the synthesis of Bio-Inspired Artificial Intelligence Peptide 1 (BIAI1). Molecular docking was used to confirm interactions between BIAI1 and SARS-CoV-2, and BIAI1 was functionalized on rhodamine-modified electrodes. Cyclic voltammetry (CV) using a [Fe(CN)6]3-/4 solution detected virus levels in saliva samples with and without SARS-CoV-2. Support vector machine (SVM)-based machine learning analyzed electrochemical data, enhancing sensitivity and specificity. Molecular docking revealed stable hydrogen bonds and electrostatic interactions with RBD, showing an average affinity of -250 kcal/mol. Our biosensor achieved 100% sensitivity, 80% specificity, and 90% accuracy for 1.8 × 10⁴ focus-forming units in infected saliva. Validation with COVID-19-positive and -negative samples using a neural network showed 90% sensitivity, specificity, and accuracy. This BIAI1-based electrochemical biosensor, integrated with machine learning, demonstrates a promising non-invasive, portable solution for COVID-19 screening and detection in saliva."
396,A3_sensors,39194625,PMC11352680,10.3390/bios14080396,2024,Biosensors,research-article; Journal Article,Surface Electromyography-Based Recognition of Electronic Taste Sensations.,"Taste sensation recognition is a core for taste-related queries. Most prior research has been devoted to recognizing the basic taste sensations using the Brain-Computer Interface (BCI), which includes EEG, MEG, EMG, and fMRI. This research aims to recognize electronic taste (E-Taste) sensations based on surface electromyography (sEMG). Silver electrodes with platinum plating of the E-Taste device were placed on the tongue's tip to stimulate various tastes and flavors. In contrast, the electrodes of the sEMG were placed on facial muscles to collect the data. The dataset was organized and preprocessed, and a random forest classifier was applied, giving a five-fold accuracy of 70.43%. The random forest classifier was used on each participant dataset individually and in groups, providing the highest accuracy of 84.79% for a single participant. Moreover, various feature combinations were extracted and acquired 72.56% accuracy after extracting eight features. For a future perspective, this research offers guidance for electronic taste recognition based on sEMG."
397,A3_sensors,41095034,PMC12526641,10.3390/s25196212,2025,"Sensors (Basel, Switzerland)",research-article; Journal Article,Reconfigurable Multi-Channel Gas-Sensor Array for Complex Gas Mixture Identification and Fish Freshness Classification.,"Oxide semiconductor gas sensors are widely used due to their low cost, rapid response, small footprint, and ease of integration. However, in complex gas mixtures their selectivity is often limited by inherent cross-sensitivity. To address this, we developed a reconfigurable sensor-array system that supports up to 12 chemiresistive sensors with four- or six-electrode configurations, independent thermal control, and programmable gas paths. As a representative case study, we designed a customized array for fish-spoilage biomarkers, intentionally leveraging the cross-sensitivity and broad-spectrum responses of metal-oxide sensors. Following principal component analysis (PCA) preprocessing, we evaluated convolutional neural network (CNN), random forest (RF), and particle swarm optimization-tuned support vector machine (PSO-SVM) classifiers. The RF model achieved 94% classification accuracy. Subsequent channel optimization (correlation analysis and feature-importance assessment) reduced the array from 12 to 8 sensors and improved accuracy to 96%, while simplifying the system. These results demonstrate that deliberately leveraging cross-sensitivity within a carefully selected array yields an information-rich odor fingerprint, providing a practical platform for complex gas-mixture identification and food-freshness assessment."
398,A3_sensors,35254424,PMC8900497,10.1093/gigascience/giac015,2022,GigaScience,"Research Support, Non-U.S. Gov't; research-article; Journal Article",The Nencki-Symfonia electroencephalography/event-related potential dataset: Multiple cognitive tasks and resting-state data collected in a sample of healthy adults.,"BackgroundOne of the goals of neuropsychology is to understand the brain mechanisms underlying aspects of attention and cognitive control. Several tasks have been developed as a part of this body of research, however their results are not always consistent. A reliable comparison of the data and a synthesis of study conclusions has been precluded by multiple methodological differences. Here, we describe a publicly available, high-density electroencephalography (EEG) dataset obtained from 42 healthy young adults while they performed 3 cognitive tasks: (i) an extended multi-source interference task; (ii) a 3-stimuli oddball task; (iii) a control, simple reaction task; and (iv) a resting-state protocol. Demographic and psychometric information are included within the dataset.Dataset validationFirst, data validation confirmed acceptable quality of the obtained EEG signals. Typical event-related potential (ERP) waveforms were obtained, as expected for attention and cognitive control tasks (i.e., N200, P300, N450). Behavioral results showed the expected progression of reaction times and error rates, which confirmed the effectiveness of the applied paradigms.ConclusionsThis dataset is well suited for neuropsychological research regarding common and distinct mechanisms involved in different cognitive tasks. Using this dataset, researchers can compare a wide range of classical EEG/ERP features across tasks for any selected subset of electrodes. At the same time, 128-channel EEG recording allows for source localization and detailed connectivity studies. Neurophysiological measures can be correlated with additional psychometric data obtained from the same participants. This dataset can also be used to develop and verify novel analytical and classification approaches that can advance the field of deep/machine learning algorithms, recognition of single-trial ERP responses to different task conditions, and detection of EEG/ERP features for use in brain-computer interface applications."
399,A3_sensors,39926013,PMC11803754,10.1063/5.0220516,2025,APL bioengineering,other; Journal Article,Biosensors integrated within wearable devices for monitoring chronic wound status.,"Slowly healing wounds significantly affect the life quality of patients in different ways, due to constant pain, unpleasant odor, reduced mobility up to social isolation, and personal frustration. While remote wound management has become more widely accepted since the COVID-19 pandemic, delayed treatment remains frequent and results in several wound healing related complications. As inappropriate management of notably diabetic foot ulcers is linked to a high risk of amputation, effective management of wounds in a patient-centered manner remains important to be implemented. The integration of diagnostic devices into wound bandages is under way, owing to advancements in materials science and nanofabrication strategies as well as innovation in communication technologies together with machine learning and data-driven assessment tools. Leveraging advanced analytical approaches around local pH, temperature, pressure, and wound biomarker sensing is expected to facilitate adequate wound treatment. The state-of-the-art of time-resolved monitoring of the wound status by quantifying key physiological parameters as well as wound biomarkers' concentration is presented herewith. A special focus will be given to smart bandages with on-demand delivery capabilities for improved wound management."
400,A3_sensors,41212299,PMC12602662,10.1007/s00345-025-06057-7,2025,World journal of urology,research-article; Journal Article,Establishing an AI-based artifact correction system for intrarenal pressure monitoring using the LithoVue™ Elite ureteroscope: an EAU endourology and AUSET collaboration : Author list.,"PURPOSE: Intrarenal pressure (IRP) management during endoscopic surgery for urolithiasis is critical to minimize postoperative pain and infectious complications. However, pressure sensors at the ureteroscope tip often register various artifacts when contacting the pelvicalyceal or ureteral wall, leading to significant deviations from true IRP values. This study aimed to develop and validate a machine learning model to detect and remove artifacts from IRP data accurately. MATERIALS AND METHODS: We analyzed 27 retrograde intrarenal surgeries performed using the Boston Scientific® LithoVue™ Elite system across academic institutions in Japan and Hong Kong. 32 waveform features were identified and three tree-based machine learning models—Random Forest, XGBoost, and LightGBM—were trained for automated artifact detection. Endpoints included agreement with ground-truth labels and comparison of time efficiency between artificial intelligence (AI)-based and manual annotations. RESULTS: The best-performing model achieved an overall agreement of 93.6% and an area under the receiver operating characteristic curve of 0.95. Each case included 94 artifacts, contributing 258 s per surgery. Artifacts accounted for 31% of the time > 30 mmHg and 72% of the time > 100 mmHg. Without correction, peak IRP was overestimated by 184 mmHg (median, 257 vs. 73 mmHg). False negatives > 60 mmHg had a median 0.0 s per case. AI-based IRP annotation saved 99.95% of the time compared to manual review (1.8 s vs. 56.6 min per case). CONCLUSIONS: The model successfully achieved high-precision artifact removal from IRP data. This system may serve as a standardized process for accurate IRP analysis during endoscopic surgery."
401,A3_sensors,34764446,PMC8586225,10.1038/s41746-021-00531-3,2021,NPJ digital medicine,research-article; Journal Article,Temporal convolutional networks predict dynamic oxygen uptake response from wearable sensors across exercise intensities.,"Oxygen consumption ([Formula: see text]) provides established clinical and physiological indicators of cardiorespiratory function and exercise capacity. However, [Formula: see text] monitoring is largely limited to specialized laboratory settings, making its widespread monitoring elusive. Here we investigate temporal prediction of [Formula: see text] from wearable sensors during cycle ergometer exercise using a temporal convolutional network (TCN). Cardiorespiratory signals were acquired from a smart shirt with integrated textile sensors alongside ground-truth [Formula: see text] from a metabolic system on 22 young healthy adults. Participants performed one ramp-incremental and three pseudorandom binary sequence exercise protocols to assess a range of [Formula: see text] dynamics. A TCN model was developed using causal convolutions across an effective history length to model the time-dependent nature of [Formula: see text]. Optimal history length was determined through minimum validation loss across hyperparameter values. The best performing model encoded 218 s history length (TCN-VO2 A), with 187, 97, and 76 s yielding -1, [-262, 218]), spanning transitions from low-moderate (-23 ml min-1, [-250, 204]), low-high (14 ml min-1, [-252, 280]), ventilatory threshold-high (-49 ml min-1, [-274, 176]), and maximal (-32 ml min-1, [-261, 197]) exercise. Second-by-second classification of physical activity across 16,090 s of predicted [Formula: see text] was able to discern between vigorous, moderate, and light activity with high accuracy (94.1%). This system enables quantitative aerobic activity monitoring in non-laboratory settings, when combined with tidal volume and heart rate reserve calibration, across a range of exercise intensities using wearable sensors for monitoring exercise prescription adherence and personal fitness."
402,A3_sensors,40572653,PMC12194861,10.3390/medicina61060965,2025,"Medicina (Kaunas, Lithuania)",research-article; Journal Article,A Bioelectrically Enabled Smart Bandage for Accelerated Wound Healing and Predictive Monitoring.,"Background and Objectives: Chronic wounds pose a significant healthcare burden due to their prolonged healing times and susceptibility to infection. Electric field (EF)-enabled smart bandages offer a promising solution by combining therapeutic stimulation with real-time physiological monitoring. Materials and Methods: This study assessed a smart bandage integrating spiral stainless steel electrodes delivering a 200 millivolts per millimeter (mV/mm) EF for 5 h daily over 14 days to full-thickness excisional wounds in 100 Sprague-Dawley rats. Vital signs including heart rate (BPM), oxygen saturation (SpO2), and temperature were monitored continuously. Machine learning models were trained on these data to predict wound healing status. Results: By Day 7, EF-treated wounds demonstrated significantly faster healing, achieving an average wound closure rate of 82.0% ± 2.1% compared to 70.75% ± 2.3% in the control group (p 2, while the control group retained a wound size of 0.24 ± 0.03 cm2 (p 98% accuracy, with SHAP (SHapley Additive exPlanations) analysis identifying EF exposure and treatment duration as key predictors. Conclusions: The findings demonstrate that EF-based smart bandages significantly enhance wound healing and enable highly accurate prediction of outcomes through machine learning models. This bioelectronic approach holds strong potential for clinical translation."
403,A3_sensors,39997024,PMC11852995,10.3390/bios15020122,2025,Biosensors,research-article; Journal Article,"A Wide-Range, Highly Stable Intelligent Flexible Pressure Sensor Based on Micro-Wrinkled SWCNT/rGO-PDMS with Efficient Thermal Shrinkage.","Flexible pressure sensors have drawn growing attention in areas like human physiological signal monitoring and human-computer interaction. Nevertheless, it still remains a significant challenge to guarantee their long-term stability while attaining a wide detection range, a minute pressure testing limit, and high sensitivity. Inspired by the wrinkles on animal skins, this paper introduces a flexible pressure sensor with wrinkled microstructures. This sensor is composed of a composite of reduced graphene oxide (rGO), single-walled carbon nanotubes (SWCNTs), and polydimethylsiloxane (PDMS). After optimizing the proportion of the composite materials, the flexible pressure sensor was manufactured using highly efficient heat-shrinkable films. It has a sensitivity as high as 15.364 kPa-1. Owing to the wrinkled microstructures, the sensor can achieve an ultra-wide pressure detection range, with the maximum reaching 1150 kPa, and is capable of detecting water wave vibrations at the minimum level. Moreover, the wrinkled microstructures were locked by PDMS. The sensor acquired waterproof performance and its mechanical stability was enhanced. Even after 18,000 cycles of repeated loading and unloading, its performance remained unchanged. By combining with an artificial neural network, high-precision recognition of different sounds and postures when grasping different objects was realized, with the accuracies reaching 98.3333% and 99.1111%, respectively. Through the integration of flexible WIFI, real-time wireless transmission of sensing data was made possible. In general, the studied sensor can facilitate the application of flexible pressure sensors in fields such as drowning monitoring, remote traditional Chinese medicine, and intelligent voice."
404,A3_sensors,38116450,PMC10728160,10.1038/s41378-023-00605-0,2023,Microsystems & nanoengineering,research-article; Journal Article,MXene/PPy@PDMS sponge-based flexible pressure sensor for human posture recognition with the assistance of a convolutional neural network in deep learning.,"The combination of flexible sensors and deep learning has attracted much attention as an efficient method for the recognition of human postures. In this paper, an in situ polymerized MXene/polypyrrole (PPy) composite is dip-coated on a polydimethylsiloxane (PDMS) sponge to fabricate an MXene/PPy@PDMS (MPP) piezoresistive sensor. The sponge sensor achieves ultrahigh sensitivity (6.8925 kPa-1) at 0-15 kPa, a short response/recovery time (100/110 ms), excellent stability (5000 cycles) and wash resistance. The synergistic effect of PPy and MXene improves the performance of the composite materials and facilitates the transfer of electrons, making the MPP sponge at least five times more sensitive than sponges based on each of the individual single materials. The large-area conductive network allows the MPP sensor to maintain excellent electrical performance over a large-scale pressure range. The MPP sensor can detect a variety of human body activity signals, such as radial artery pulse and different joint movements. The detection and analysis of human motion data, which is assisted by convolutional neural network (CNN) deep learning algorithms, enable the recognition and judgment of 16 types of human postures. The MXene/PPy flexible pressure sensor based on a PDMS sponge has broad application prospects in human motion detection, intelligent sensing and wearable devices."
405,A3_sensors,41030892,PMC12477153,10.3389/fnsys.2025.1611293,2025,Frontiers in systems neuroscience,research-article; Journal Article,Caffeine on the mind: EEG and cardiovascular signatures of cortical arousal revealed by wearable sensors and machine learning-a pilot study on a male group.,"IntroductionCaffeine is the most widely consumed psychoactive substance, and its stimulant properties are well documented, but few investigations have examined its acute effects on brain and cardiovascular responses during cognitively demanding tasks under ecologically valid conditions.MethodThis study used wearable biosensors and machine learning analysis to evaluate the effects of moderate caffeine (162 mg) on heart rate variability (HRV), entropy, pulse transit time (PTT), blood pressure, and EEG activity. Twelve healthy male participants (20-30 years) completed a within-subjects protocol with pre-caffeine and post-caffeine sessions. EEG was recorded from seven central electrodes (C3, Cz, C4, CP1, CP2, CP5, CP6) using the EMOTIV EPOC Flex system, and heart rate (HR) and blood pressure (BP) were continuously monitored via the Huawei Watch D. Data analysis included power spectral density (PSD) estimation, FOOOF decomposition, and unsupervised k-means clustering.ResultsPaired-sample t-tests assessed physiological and EEG changes. Although systolic and diastolic BP showed a non-significant upward trend, HR decreased significantly after caffeine intake (77 ± 5.3 bpm to 72 ± 2.5 bpm, p = 0.027). There was a significant increase in absolute alpha power suppression (from -5.1 ± 0.8 dB to -6.9 ± 0.9 dB, p = 0.04) and beta power enhancement (-4.7 ± 1.2 dB to -2.3 ± 1/1, p = 0.04). The surface data from FOOOF shows these are real oscillatory changes. Based on the changes in clustering prior and post-caffeine, a machine-learning change in the brain activity differentiated pre/post-caffeine states with unsupervised clustering. The study results show that moderate caffeine resulted in synchronized EEG and cardiovascular changes, indicating increased arousal and cortical activation that are detectable with wearable biosensors and classifiable with machine learning.ConclusionA fully integrated, non-invasive methodology based on a wearable device for real-time monitoring of cognitive states holds promise in the context of digital health, fatigue detection, and public health awareness efforts."
406,A3_sensors,33203953,PMC7672091,10.1038/s41598-020-76993-4,2020,Scientific reports,research-article; Journal Article,In-situ spatial and temporal electrical characterization of ZnO thin films deposited by atmospheric pressure chemical vapour deposition on flexible polymer substrates.,"A technique is presented for collecting data on both the spatial and temporal variations in the electrical properties of a film as it is deposited on a flexible substrate. A flexible printed circuit board substrate with parallel electrodes distributed across its surface was designed. Zinc oxide films were then deposited on the flexible substrate at different temperatures via atmospheric pressure chemical vapour deposition (AP-CVD) using a spatial atomic layer deposition system. AP-CVD is a promising high-throughput thin film deposition technique with applications in flexible electronics. Collecting data on the film properties in-situ allows us to directly observe how deposition conditions affect the evolution of those properties in real-time. The spatial uniformity of the growing film was monitored, and the various stages of film nucleation and growth on the polymer substrate were observed. The measured resistance of the films was observed to be very high until a critical amount of material has been deposited, consistent with Volmer-Weber growth. Furthermore, monitoring the film resistance during post-deposition cooling enabled immediate identification of metallic or semiconducting behaviour within the conductive ZnO films. This technique allows for a more complete understanding of metal chalcogen film growth and properties, and the high volume of data generated will be useful for future implementations of machine-learning directed materials science."
407,A3_sensors,39686354,PMC11645102,10.3390/s24237817,2024,"Sensors (Basel, Switzerland)",research-article; Journal Article,SHM System for Composite Material Based on Lamb Waves and Using Machine Learning on Hardware.,"There is extensive use of nondestructive test (NDT) inspections on aircraft, and many techniques nowadays exist to inspect failures and cracks in their structures. Moreover, NDT inspections are part of a more general structural health monitoring (SHM) system, where cutting-edge technologies are needed as powerful resources to achieve high performance. The high-performance aspects of SHM systems are response time, power consumption, and usability, which are difficult to achieve because of the system's complexity. Then, it is even more challenging to develop a real-time low-power SHM system. Today, the ideal process is for structural health information extraction to be completed on the flight; however, the defects and damage are quantitatively made offline and on the ground, and sometimes, the respective procedure test is applied later on the ground, after the flight. For this reason, the present paper introduces an FPGA-based intelligent SHM system that processes Lamb wave signals using piezoelectric sensors to detect, classify, and locate damage in composite structures. The system employs machine learning (ML), specifically support vector machines (SVM), to classify damage while addressing outlier challenges with the Mahalanobis distance during the classification phase. To process the complex Lamb wave signals, the system incorporates well-known signal processing (DSP) techniques, including power spectrum density (PSD), wavelet transform, and Principal Component Analysis (PCA), for noise reduction, feature extraction, and data compression. These techniques enable the system to handle material anisotropy and mitigate the effects of edge reflections and mode conversions. Damage is quantitatively evaluated with classification accuracies of 96.25% for internal defects and 97.5% for external defects, with localization achieved by associating receiver positions with damage occurrence. This robust system is validated through experiments and demonstrates its potential for real-time applications in aerospace composite structures, addressing challenges related to material complexity, outliers, and scalable hardware implementation for larger sensor networks."
408,A3_sensors,39556733,PMC11621509,10.1073/pnas.2412684121,2024,Proceedings of the National Academy of Sciences of the United States of America,research-article; Journal Article,Symmetry engineering in 2D bioelectronics facilitating augmented biosensing interfaces.,"Symmetry lies at the heart of two-dimensional (2D) bioelectronics, determining material properties at the fundamental level. Breaking the symmetry allows emergent functionalities and effects. However, symmetry modulation in 2D bioelectronics and the resultant applications have been largely overlooked. Here, we devise an oxidized architectural MXene, referred to as oxidized MXene (OXene), that couples orbit symmetric breaking with inverse symmetric breaking to entitle the optimized interfacial impedance and Schottky-induced piezoelectric effects. The resulting OXene validates applications ranging from microelectrode arrays, gait analysis, active transistor matrix, and wireless signaling transmission, which enables high-fidelity signal transmission and reconfigurable logic gates. Furthermore, OXene interfaces were investigated in both rodent and porcine myocardium, featuring high-quality and spatiotemporally resolved physiological recordings, while accurate differentiated predictions, enabled via various machine learning pipelines."
409,A3_sensors,32928219,PMC7490913,10.1186/s12967-020-02516-4,2020,Journal of translational medicine,"Research Support, Non-U.S. Gov't; research-article; Journal Article",Toward a hemorrhagic trauma severity score: fusing five physiological biomarkers.,"BackgroundTo introduce the Hemorrhage Intensive Severity and Survivability (HISS) score, based on the fusion of multi-biomarker data; glucose, lactate, pH, potassium, and oxygen tension, to serve as a patient-specific attribute in hemorrhagic trauma.Materials and methodsOne hundred instances of Sensible Fictitious Rationalized Patient (SFRP) data were synthetically generated and the HISS score assigned by five clinically active physician experts (100 [5]). The HISS score stratifies the criticality of the trauma patient as; low(0), guarded(1), elevated(2), high(3) and severe(4). Standard classifier algorithms; linear support vector machine (SVM-L), multi-class ensemble bagged decision tree (EBDT), artificial neural network with bayesian regularization (ANN:BR) and possibility rule-based using function approximation (PRBF) were evaluated for their potential to similarly classify and predict a HISS score.ResultsSVM-L, EBDT, ANN:BR and PRBF generated score predictions with testing accuracies (majority vote) corresponding to 0.91 ± 0.06, 0.93 ± 0.04, 0.92 ± 0.07, and 0.92 ± 0.03, respectively, with no statistically significant difference (p > 0.05). Targeted accuracies of 0.99 and 0.999 could be achieved with SFRP data size and clinical expert scores of 147[7](0.99) and 154[9](0.999), respectively.ConclusionsThe predictions of the data-driven model in conjunction with an adjunct multi-analyte biosensor intended for point-of-care continual monitoring of trauma patients, can aid in patient stratification and triage decision-making."
410,A3_sensors,35527849,PMC9057683,10.1589/jpts.34.379,2022,Journal of physical therapy science,research-article; Journal Article,Optimization of machine learning method combined with brain-computer interface rehabilitation system.,"[Purpose] Stroke patients are unable to move on their own and must be rehabilitated to allow the nervous system to trigger and restore its function. Traditional practice is to use electrode caps to extract brain wave features and combine them with assistive devices. However, there are problems that the electrode cap is not easy to wear, and the potential recognition is not good, and different extraction methods will affect the accuracy of the Brain-Computer Interfaces (BCI), which still has room for improvement. [Participants and Methods] The brainwave headphones used in this experiment do not must a conductive gel to get a good EEG for neural induction and drive the upper limb rehabilitation robot. Next, 8 stroke patients and 200 normal participants were invited for a 4-week rehabilitation training. The effectiveness of the training was determined using Fast Fourier Transform (FFT), Magnitude squared coherence (MSC) feature extraction methods, and five machine learning techniques that induced flicker frequencies. [Results] The results show that the optimal steady-state visual evoked flicker frequency is 6 Hz, and the identification rate of FFT is about 5.2% higher than that of the MSC method. Using an optimized model for different feature extraction methods can improve the recognition rate by 1.3%-9.1%. [Conclusion] The images based on Fugl-Meyer Assessment (FMA), Modified Ashworth Scale (MAS) index improvement, and functional Magnetic Resonance Imaging (fMRI) show that the sensory region of brain movement has become a concentrated activation phenomenon. Besides strengthening the feature extraction method also lets the elbow has an obvious recovery effect."
411,A3_sensors,41257892,PMC12630851,10.1038/s41598-025-24466-x,2025,Scientific reports,research-article; Journal Article,Adaptive EEG preprocessing to mitigate electrode shift variability for robust motor imagery classification.,"Electrode placement variability poses a critical challenge in EEG-based motor imagery tasks, often resulting in reduced classification robustness. We present the Adaptive Channel Mixing Layer (ACML), a plug-and-play preprocessing module that dynamically adjusts input signal weights through a learnable transformation matrix based on inter-channel correlations. By leveraging the inherent spatial structure of EEG caps, ACML effectively compensates for electrode misalignments and noise, enhancing resilience to signal distortion. Experimental validation on two motor imagery datasets with varying channel counts demonstrated consistent improvements in accuracy (up to 1.4%), kappa scores (up to 0.018), and robust performance across subjects, using five neural network architectures including a state-of-the-art model (ATCNet). Notably, ACML requires minimal computational overhead and no task-specific hyperparameter tuning, ensuring compatibility with diverse applications. This method offers a robust and efficient solution for advancing EEG-based motor imagery classification, with potential applications in real-time brain-computer interface systems and neurorehabilitation."
412,A3_sensors,37872169,PMC10593955,10.1038/s41467-023-42488-9,2023,Nature communications,research-article; Journal Article,Neuro-inspired optical sensor array for high-accuracy static image recognition and dynamic trace extraction.,"Neuro-inspired vision systems hold great promise to address the growing demands of mass data processing for edge computing, a distributed framework that brings computation and data storage closer to the sources of data. In addition to the capability of static image sensing and processing, the hardware implementation of a neuro-inspired vision system also requires the fulfilment of detecting and recognizing moving targets. Here, we demonstrated a neuro-inspired optical sensor based on two-dimensional NbS2/MoS2 hybrid films, which featured remarkable photo-induced conductance plasticity and low electrical energy consumption. A neuro-inspired optical sensor array with 10 × 10 NbS2/MoS2 phototransistors enabled highly integrated functions of sensing, memory, and contrast enhancement capabilities for static images, which benefits convolutional neural network (CNN) with a high image recognition accuracy. More importantly, in-sensor trajectory registration of moving light spots was experimentally implemented such that the post-processing could yield a high restoration accuracy. Our neuro-inspired optical sensor array could provide a fascinating platform for the implementation of high-performance artificial vision systems."
413,A3_sensors,33904712,PMC8278388,10.1021/acs.jctc.1c00159,2021,Journal of chemical theory and computation,research-article; Journal Article,Beyond Tripeptides Two-Step Active Machine Learning for Very Large Data sets.,"Self-assembling peptide nanostructures have been shown to be of great importance in nature and have presented many promising applications, for example, in medicine as drug-delivery vehicles, biosensors, and antivirals. Being very promising candidates for the growing field of bottom-up manufacture of functional nanomaterials, previous work (Frederix, et al. 2011 and 2015) has screened all possible amino acid combinations for di- and tripeptides in search of such materials. However, the enormous complexity and variety of linear combinations of the 20 amino acids make exhaustive simulation of all combinations of tetrapeptides and above infeasible. Therefore, we have developed an active machine-learning method (also known as ""iterative learning"" and ""evolutionary search method"") which leverages a lower-resolution data set encompassing the whole search space and a just-in-time high-resolution data set which further analyzes those target peptides selected by the lower-resolution model. This model uses newly generated data upon each iteration to improve both lower- and higher-resolution models in the search for ideal candidates. Curation of the lower-resolution data set is explored as a method to control the selected candidates, based on criteria such as log P. A major aim of this method is to produce the best results in the least computationally demanding way. This model has been developed to be broadly applicable to other search spaces with minor changes to the algorithm, allowing its use in other areas of research."
414,A3_sensors,37792517,PMC10589697,10.1073/pnas.2308301120,2023,Proceedings of the National Academy of Sciences of the United States of America,"Research Support, Non-U.S. Gov't; research-article; Journal Article",Actuation-enhanced multifunctional sensing and information recognition by magnetic artificial cilia arrays.,"Artificial cilia integrating both actuation and sensing functions allow simultaneously sensing environmental properties and manipulating fluids in situ, which are promising for environment monitoring and fluidic applications. However, existing artificial cilia have limited ability to sense environmental cues in fluid flows that have versatile information encoded. This limits their potential to work in complex and dynamic fluid-filled environments. Here, we propose a generic actuation-enhanced sensing mechanism to sense complex environmental cues through the active interaction between artificial cilia and the surrounding fluidic environments. The proposed mechanism is based on fluid-cilia interaction by integrating soft robotic artificial cilia with flexible sensors. With a machine learning-based approach, complex environmental cues such as liquid viscosity, environment boundaries, and distributed fluid flows of a wide range of velocities can be sensed, which is beyond the capability of existing artificial cilia. As a proof of concept, we implement this mechanism on magnetically actuated cilia with integrated laser-induced graphene-based sensors and demonstrate sensing fluid apparent viscosity, environment boundaries, and fluid flow speed with a reconfigurable sensitivity and range. The same principle could be potentially applied to other soft robotic systems integrating other actuation and sensing modalities for diverse environmental and fluidic applications."
415,A3_sensors,38671062,PMC11053081,10.1038/s41598-024-60277-2,2024,Scientific reports,"Research Support, Non-U.S. Gov't; research-article; Journal Article; Research Support, N.I.H., Extramural",Online speech synthesis using a chronically implanted brain-computer interface in an individual with ALS.,"Brain-computer interfaces (BCIs) that reconstruct and synthesize speech using brain activity recorded with intracranial electrodes may pave the way toward novel communication interfaces for people who have lost their ability to speak, or who are at high risk of losing this ability, due to neurological disorders. Here, we report online synthesis of intelligible words using a chronically implanted brain-computer interface (BCI) in a man with impaired articulation due to ALS, participating in a clinical trial (ClinicalTrials.gov, NCT03567213) exploring different strategies for BCI communication. The 3-stage approach reported here relies on recurrent neural networks to identify, decode and synthesize speech from electrocorticographic (ECoG) signals acquired across motor, premotor and somatosensory cortices. We demonstrate a reliable BCI that synthesizes commands freely chosen and spoken by the participant from a vocabulary of 6 keywords previously used for decoding commands to control a communication board. Evaluation of the intelligibility of the synthesized speech indicates that 80% of the words can be correctly recognized by human listeners. Our results show that a speech-impaired individual with ALS can use a chronically implanted BCI to reliably produce synthesized words while preserving the participant's voice profile, and provide further evidence for the stability of ECoG for speech-based BCIs."
416,A3_sensors,41028951,PMC12713064,10.1002/advs.202513337,2025,"Advanced science (Weinheim, Baden-Wurttemberg, Germany)",research-article; Journal Article,From Industrial Waste to Multistage Applications: Ultralight Lignin-Based Aerogel with Situ Vertically Oriented Structure for Photothermal-Assisted Pb2+ Adsorption in Wastewater and Reuse as Efficient Output and Stability Triboelectric Materials.,"In this work, the ultralight lignin-based aerogel (GSPCAA) with situ vertically oriented structure is developed through a simple and green synthesis strategy for efficient photothermally assisted adsorption of Pb2+, and then reused as a lignin-based triboelectric nanogenerator (TENG). Sulfonation is first performed on lignin's structure to enhance its water solubility and introduce the number of active adsorption sites. Then, GSPCAA is prepared using directed freezing and ionic crosslinking methods. The synergistic interactions between sulfonated lignin (SL) and graphene (GO) components endow GSPCAA with excellent photothermal properties, thereby generating the localized thermal environment on GSPCAA's surface to further improve the adsorption capacity of Pb2+. Finally, the spent adsorbent (GSPCAA-Pb2+) is applied as lignin-based TENG for the first time to achieve multi-stage application of lignin-based adsorbent. It displays excellent electric signal output performances. Meanwhile, a 3 × 3 self-powered array is designed to accurately identify and visualize the pressure distributions of different load objects. Besides, combined with deep learning model algorithms, an overall recognition accuracy of 98.5% is achieved in the classification and identification of 11 different objects, fully indicating its application potential in the field of smart homes."
417,A3_sensors,41339301,PMC12675786,10.1038/s41467-025-65918-2,2025,Nature communications,research-article; Journal Article,Ion sensing based on frequency-dependent physico-chemical processes at electrode/electrolyte interfaces.,"Ions play a fundamental role in solid-liquid interface processes, whether as essential or undesirable components, highlighting the need for precise and quantitative real-time monitoring. Electrochemical sensors are identified as promising tools, particularly for field-deployable applications. However, conventional electrochemical sensing is inherently restricted to redox-active species and is often single use, constraining its scope. This study presents electrochemical impedance spectroscopy as an alternative for ion detection, utilizing physico-chemical interactions at the electrode-electrolyte interface. We introduce a first-principles model that describes the interfacial impedance behavior and shows how ion specific processes shape the impedance response. Based on this framework, an extensive dataset is compiled, and a machine learning model is trained to predict electrolyte composition with consistent accuracy, demonstrating detection limits at the parts-per-billion level. The findings indicate that this method has considerable potential as a real-time method for ion sensing, providing a perspective on selectivity and sensitivity beyond traditional electrochemical approaches. This work could serve as a foundation for advanced models of impedance behavior, and development of impedance-based sensors with applicability in complex environments, including biological fluids and industrial liquids."
418,A3_sensors,40306624,PMC12080330,10.1021/acs.langmuir.4c03971,2025,Langmuir : the ACS journal of surfaces and colloids,research-article; Journal Article,Deep Learning Based Surface Classification of Functionalized Polymer Coatings.,"Low-technology characterization of material surfaces poses a challenge of significant importance for many scientific fields such as medical implants, biosensors, and regenerative medicine. Simple, fast, and scalable surface analysis methods that can be applied to a wide range of functionalized polymer coatings would thus constitute a major scientific and technological advance. In this work, we studied stain patterns formed by depositing a defined protein solution onto various polymer surfaces. The images of the resulting drying droplet patterns were captured by polarized light microscopy and analyzed by a deep-learning neural network. In this proof-of-concept study, we used chemical vapor deposition polymerization to deposit ten structurally distinct polymer coatings that share an identical polymer backbone, but differ in their functional groups. Despite the relatively minute differences in their chemical structure, the CNN classification of the stain patterns was highly reproducible. Across all different polymers, the overall classification accuracy of the CNN was 96%. When challenging the CNN with images from an unknown polymer coating, i.e., poly[(4-bromo-p-xylylene)-co-(p-xylylene)], these surfaces were classified as halogenated or pseudohalogenated coatings with 95% accuracy. These findings confirm that the scope of surfaces that can be analyzed with this approach goes beyond polymer coatings already known to the CNN through the training procedure and validates the method as a simple, yet versatile surface analysis tool."
419,A3_sensors,36061666,PMC9434788,10.1021/acsomega.2c03099,2022,ACS omega,research-article; Journal Article,Machine Learning-Based Quantification of (-)-trans-Δ-Tetrahydrocannabinol from Human Saliva Samples on a Smartphone-Based Paper Microfluidic Platform.,"(-)-trans-Δ-Tetrahydrocannabinol (THC) is a major psychoactive component in cannabis. Despite the recent trends of THC legalization for medical or recreational use in some areas, many THC-driven impairments have been verified. Therefore, convenient, sensitive, quantitative detection of THC is highly needed to improve its regulation and legalization. We demonstrated a biosensor platform to detect and quantify THC with a paper microfluidic chip and a handheld smartphone-based fluorescence microscope. Microfluidic competitive immunoassay was applied with anti-THC-conjugated fluorescent nanoparticles. The smartphone-based fluorescence microscope counted the fluorescent nanoparticles in the test zone, achieving a 1 pg/mL limit of detection from human saliva samples. Specificity experiments were conducted with cannabidiol (CBD) and various mixtures of THC and CBD. No cross-reactivity to CBD was found. Machine learning techniques were also used to quantify the THC concentrations from multiple saliva samples. Multidimensional data were collected by diluting the saliva samples with saline at four different dilutions. A training database was established to estimate the THC concentration from multiple saliva samples, eliminating the sample-to-sample variations. The classification algorithms included k-nearest neighbor (k-NN), decision tree, and support vector machine (SVM), and the SVM showed the best accuracy of 88% in estimating six different THC concentrations. Additional validation experiments were conducted using independent validation sample sets, successfully identifying positive samples at 100% accuracy and quantifying the THC concentration at 80% accuracy. The platform provided a quick, low-cost, sensitive, and quantitative point-of-care saliva test for cannabis."
420,A3_sensors,32694751,PMC7870807,10.1038/s41393-020-0522-7,2021,Spinal cord,research-article; Journal Article,Feedback improves compliance of pressure relief activities in wheelchair users with spinal cord injury.,"Study designProspective cross-sectional pre-post pilot study.ObjectivesThis pilot study aimed to evaluate the potential for improving pressure relief behaviour in wheelchair users with spinal cord injury (SCI) using a novel feedback system based on textile pressure sensor technology.SettingIn- and out-patient clinic of the Spinal Cord Injury Center, Balgrist University Hospital, Zurich, Switzerland.MethodsNine wheelchair users with SCI (3 females, 50 ± 12 years of age, 2 tetra- and 7 paraplegics) were equipped with a feedback system (sensomativewheelchair) for three continuous weeks. The system consists of a textile pressure mat and a mobile smartphone application that reminds participants to perform missing pressure reliefs during regular and unobserved wheelchair usage in a customized manner. Pressure reliefs were detected using a subject-specific random forest classifier. Improvements of relief quality, duration and frequency were analysed by comparing week 1 (baseline) with no feedback, i.e., only pressure data recorded, against week 2 (with feedback). Carry-over effects of improved relief behaviour were studied in week 3 (no feedback, pressure data only recorded).ResultsAll participants increased their relief frequency and performed in median 82% (IQRs: 55%-99%) of the required reliefs while using the feedback system, whereas the median relief frequency was only 11% (IQRs: 10%-31%) during the baseline condition. Every participant who did not perform reliefs of sufficient duration (based on the recommendations of the therapist) during week 1 showed a significant improvement while using the feedback system.ConclusionSubject-specific feedback using the novel feedback system may have the potential for improving the regularity of an individual's relief activities, and may ultimately be an instrument for reducing the risk of developing pressure ulcers."
421,A3_sensors,37760205,PMC10525808,10.3390/bioengineering10091103,2023,"Bioengineering (Basel, Switzerland)",research-article; Journal Article,sEMG Spectral Analysis and Machine Learning Algorithms Are Able to Discriminate Biomechanical Risk Classes Associated with Manual Material Liftings.,"Manual material handling and load lifting are activities that can cause work-related musculoskeletal disorders. For this reason, the National Institute for Occupational Safety and Health proposed an equation depending on the following parameters: intensity, duration, frequency, and geometric characteristics associated with the load lifting. In this paper, we explore the feasibility of several Machine Learning (ML) algorithms, fed with frequency-domain features extracted from electromyographic (EMG) signals of back muscles, to discriminate biomechanical risk classes defined by the Revised NIOSH Lifting Equation. The EMG signals of the multifidus and erector spinae muscles were acquired by means of a wearable device for surface EMG and then segmented to extract several frequency-domain features relating to the Total Power Spectrum of the EMG signal. These features were fed to several ML algorithms to assess their prediction power. The ML algorithms produced interesting results in the classification task, with the Support Vector Machine algorithm outperforming the others with accuracy and Area under the Receiver Operating Characteristic Curve values of up to 0.985. Moreover, a correlation between muscular fatigue and risky lifting activities was found. These results showed the feasibility of the proposed methodology-based on wearable sensors and artificial intelligence-to predict the biomechanical risk associated with load lifting. A future investigation on an enriched study population and additional lifting scenarios could confirm the potential of the proposed methodology and its applicability in the field of occupational ergonomics."
422,A3_sensors,38551006,PMC10973982,10.1016/j.isci.2024.109481,2024,iScience,research-article; Journal Article,"High-sensitivity, ultrawide linear range, antibacterial textile pressure sensor based on chitosan/MXene hierarchical architecture.","It is still a great challenge for the flexible piezoresistive pressure sensors to simultaneously achieve wide linearity and high sensitivity. Herein, we propose a high-performance textile pressure sensor based on chitosan (CTS)/MXene fiber. The hierarchical ""point to line"" architecture enables the pressure sensor with high sensitivity of 1.16 kPa-1 over an ultrawide linear range of 1.5 MPa. Furthermore, the CTS/MXene pressure sensor possesses a low fatigue over 1000 loading/unloading cycles under 1.5 MPa pressure load, attributed to the strong chemical bonding between CTS fiber and MXene and excellent mechanical stability. Besides, the proposed sensor shows good antibacterial effect benefiting from the strong interaction between polycationic structure of CTS/MXene and the predominantly anionic components of bacteria surface. The sensor is also applied to detect real-time human action, an overall classification accuracy of 98.61% based on deep neural network-convolutional neural network (CNN) for six human actions is realized."
423,A3_sensors,40126398,PMC12097082,10.1002/advs.202500981,2025,"Advanced science (Weinheim, Baden-Wurttemberg, Germany)",research-article; Journal Article,Symmetrical Triboelectric In Situ Self-Powered Sensing and Fault Diagnosis for Double-Row Tapered Roller Bearings in Wind Turbines: An Integrated and Real-Time Approach.,"Double-row tapered roller bearings (DTRBs) are widely used in wind turbines because of their high load-bearing capacity and durability. However, wind turbines typically operate in harsh environments, subjecting bearings to complex working conditions, which significantly increases the difficulty of operational status monitoring. Traditional monitoring methods rely on external power sources and complex sensor networks, which make them susceptible to environmental interference, and complicated to maintain. This paper presents an innovative, integrated symmetrical single-electrode triboelectric double-row tapered roller bearing (SST-DTRB) by incorporating a triboelectric nanogenerator (TENG) with DTRB. This scheme converts the frictional energy generated during bearing operation into electrical output, producing signals that enable simultaneous sensing of both ends of DTRB. Experimental results demonstrate that this monitoring scheme exhibits high sensitivity, stability, and reliability, with excellent robustness in material selection and design gap, and is capable of long-term operation without external power sources. The effectiveness and self-sensing capability of SST-DTRB under variable speeds are validated using a wind turbine test bench. High-accuracy bearing fault diagnosis under multiple conditions is achieved based on time-frequency transformation and deep residual neural networks. The proposed SST-DTRB provides in situ self-powered sensing capability for wind turbines and offers new insights in the development of intelligent sensing systems."
424,A3_sensors,40649415,PMC12250765,10.3390/ma18132927,2025,"Materials (Basel, Switzerland)",research-article; Journal Article,Prediction of ABX3 Perovskite Formation Energy Using Machine Learning.,"Materials with perovskite phases are widely used in solar cells and ferroelectric, piezoelectric, dielectric and superconducting devices due to their various notable functions. However, structural instability limits some compositions in forming robust perovskite phases for device applications. The analytical approach using the tolerance factor (t) can only guarantee prediction accuracy within a limited range, ascribed to its nature of overlooking the atomic interaction. Hence, here we establish a prediction model using formation energy as the target parameter for its reflection of the reaction of atoms and apply machine learning as the analysis method since it has been successfully employed in plenty of material property prediction studies. Machine learning employs statistical methodologies to identify correlative patterns within large-scale datasets, enabling accurate predictions with robust generalization. In this work, we built a model to predict the formation energy of ABX3 perovskite using machine learning and achieved a model with an R-squared value of 0.928 and a root mean square error of 0.301 eV/atom, validated by first-principles computations. In total, 75% of the values were correctly predicted within an error lower than 0.06. This work could contribute to accelerating the study of solving perovskites' instability."
425,A3_sensors,35251147,PMC8896945,10.1155/2022/4487254,2022,Computational intelligence and neuroscience,research-article; Journal Article,Classification of Electroencephalogram Signal for Developing Brain-Computer Interface Using Bioinspired Machine Learning Approach.,"Transforming human intentions into patterns to direct the devices connected externally without any body movements is called Brain-Computer Interface (BCI). It is specially designed for rehabilitation patients to overcome their disabilities. Electroencephalogram (EEG) signal is one of the famous tools to operate such devices. In this study, we planned to conduct our research with twenty subjects from different age groups from 20 to 28 and 29 to 40 using three-electrode systems to analyze the performance for developing a mobile robot for navigation using band power features and neural network architecture trained with a bioinspired algorithm. From the experiment, we recognized that the maximum classification performance was 94.66% for the young group and the minimum classification performance was 94.18% for the adult group. We conducted a recognizing accuracy test for the two contrasting age groups to interpret the individual performances. The study proved that the recognition accuracy was maximum for the young group and minimum for the adult group. Through the graphical user interface, we conducted an online test for the young and adult groups. From the online test, the same young-aged people performed highly and actively with an average accuracy of 94.00% compared with the adult people whose performance was 92.00%. From this experiment, we concluded that, due to the age factor, the signal generated by the subjects decreased slightly."
426,A3_sensors,41455728,PMC12824337,10.1038/s41598-025-32596-5,2025,Scientific reports,research-article; Journal Article,A triboelectric-piezoelectric-electromagnetic self-powerd wearable sensor for long-term human rehabilitation training monitoring.,"Portable wearable sensors are pivotal in advancing long-term human rehabilitation exercise training, yet challenges remain in achieving multi-functionality, intelligence, and sustainable energy supply. To address these limitations, we introduce a novel machine learning-enhanced triboelectric-electromagnetic-piezoelectric wearable sensor (TEP-WS) for comprehensive and prolonged monitoring of human motion. This device integrates three energy harvesting mechanisms-a triboelectric nanogenerator (TENG), a piezoelectric generator (PEG), and an electromagnetic generator (EMG)-into a compact, space-efficient design. The TENG generates triboelectric charge via copper ball reciprocation, while the PEG uses magnetic interactions to drive piezoelectric materials. The EMG achieves contactless power generation through relative motion between magnets and coils. These components share a rotating shaft, enhancing energy harvesting efficiency. Multi-physical sensing signals from these components are processed through machine learning algorithms, improving motion recognition accuracy. Experimental results demonstrate exceptional performance: at 4 Hz, the TENG, PEG, and EMG modules achieve peak power outputs of 13.28 nW, 0.63 µW, and 1.31 µW, respectively. A 10 µF capacitor can be charged within 14 s, showcasing the system's ability to provide continuous power for wearable devices. For gesture recognition and gait impairment detection, the TEP-WS achieves accuracy rates exceeding 93.3% and 95.0%, validated by the Random Forest (RF) algorithm. These findings highlight the TEP-WS's potential as a valuable tool in health monitoring and rehabilitation applications."
427,A3_sensors,35122157,PMC8816976,10.1007/s40820-022-00796-7,2022,Nano-micro letters,research-article; Journal Article,Self-Assembly 3D Porous Crumpled MXene Spheres as Efficient Gas and Pressure Sensing Material for Transient All-MXene Sensors.,"Environmentally friendly degradable sensors with both hazardous gases and pressure efficient sensing capabilities are highly desired for various promising applications, including environmental pollution monitoring/prevention, wisdom medical, wearable smart devices, and artificial intelligence. However, the transient gas and pressure sensors based on only identical sensing material that concurrently meets the above detection needs have not been reported. Here, we present transient all-MXene NO2 and pressure sensors employing three-dimensional porous crumpled MXene spheres prepared by ultrasonic spray pyrolysis technology as the sensing layer, accompanied with water-soluble polyvinyl alcohol substrates embedded with patterned MXene electrodes. The gas sensor achieves a ppb-level of highly selective NO2 sensing, with a response of up to 12.11% at 5 ppm NO2 and a detection range of 50 ppb-5 ppm, while the pressure sensor has an extremely wide linear pressure detection range of 0.14-22.22 kPa and fast response time of 34 ms. In parallel, all-MXene NO2 and pressure sensors can be rapidly degraded in medical H2O2 within 6 h. This work provides a new avenue toward environmental monitoring, human physiological signal monitoring, and recyclable transient electronics."
428,A3_sensors,38127348,PMC10739066,10.1001/jamanetworkopen.2023.48898,2023,JAMA network open,"Research Support, Non-U.S. Gov't; research-article; Journal Article; Research Support, N.I.H., Extramural",Wearable Biosensing to Predict Imminent Aggressive Behavior in Psychiatric Inpatient Youths With Autism.,"ImportanceAggressive behavior is a prevalent and challenging issue in individuals with autism.ObjectiveTo investigate whether changes in peripheral physiology recorded by a wearable biosensor and machine learning can be used to predict imminent aggressive behavior before it occurs in inpatient youths with autism.Design, setting, and participantsThis noninterventional prognostic study used data collected from March 2019 to March 2020 from 4 primary care psychiatric inpatient hospitals. Enrolled participants were 86 psychiatric inpatients with confirmed diagnoses of autism exhibiting operationally defined self-injurious behavior, emotion dysregulation, or aggression toward others; 16 individuals were not included (18.6%) because they would not wear the biosensor (8 individuals) or were discharged before an observation could be made (8 individuals). Data were analyzed from March 2020 through October 2023.Main outcomes and measuresResearch staff performed live behavioral coding of aggressive behavior while inpatient study participants wore a commercially available biosensor that recorded peripheral physiological signals (cardiovascular activity, electrodermal activity, and motion). Logistic regression, support vector machines, neural networks, and domain adaptation were used to analyze time-series features extracted from biosensor data. Area under the receiver operating characteristic curve (AUROC) values were used to evaluate the performance of population- and person-dependent models.ResultsThere were 70 study participants (mean [range; SD] age, 11.9 [5-19; 3.5] years; 62 males [88.6%]; 1 Asian [1.4%], 5 Black [7.1%], 1 Native Hawaiian or Other Pacific Islander [1.4%], and 63 White [90.0%]; 5 Hispanic [7.5%] and 62 non-Hispanic [92.5%] among 67 individuals with ethnicity data). Nearly half of the population (32 individuals [45.7%]) was minimally verbal, and 30 individuals (42.8%) had an intellectual disability. Participant length of inpatient hospital stay ranged from 8 to 201 days, and the mean (SD) length was 37.28 (33.95) days. A total of 429 naturalistic observational coding sessions were recorded, totaling 497 hours, wherein 6665 aggressive behaviors were documented, including self-injury (3983 behaviors [59.8%]), emotion dysregulation (2063 behaviors [31.0%]), and aggression toward others (619 behaviors [9.3%]). Logistic regression was the best-performing overall classifier across all experiments; for example, it predicted aggressive behavior 3 minutes before onset with a mean AUROC of 0.80 (95% CI, 0.79-0.81).Conclusions and relevanceThis study replicated and extended previous findings suggesting that machine learning analyses of preceding changes in peripheral physiology may be used to predict imminent aggressive behaviors before they occur in inpatient youths with autism. Further research will explore clinical implications and the potential for personalized interventions."
429,A3_sensors,38933552,PMC11197505,10.1016/j.fmre.2022.03.025,2023,Fundamental research,research-article; Journal Article,Artificial intelligence reinforced upconversion nanoparticle-based lateral flow assay via transfer learning.,"The combination of upconverting nanoparticles (UCNPs) and immunochromatography has become a widely used and promising new detection technique for point-of-care testing (POCT). However, their low luminescence efficiency, non-specific adsorption, and image noise have always limited their progress toward practical applications. Recently, artificial intelligence (AI) has demonstrated powerful representational learning and generalization capabilities in computer vision. We report for the first time a combination of AI and upconversion nanoparticle-based lateral flow assays (UCNP-LFAs) for the quantitative detection of commercial internet of things (IoT) devices. This universal UCNPs quantitative detection strategy combines high accuracy, sensitivity, and applicability in the field detection environment. By using transfer learning to train AI models in a small self-built database, we not only significantly improved the accuracy and robustness of quantitative detection, but also efficiently solved the actual problems of data scarcity and low computing power of POCT equipment. Then, the trained AI model was deployed in IoT devices, whereby the detection process does not require detailed data preprocessing to achieve real-time inference of quantitative results. We validated the quantitative detection of two detectors using eight transfer learning models on a small dataset. The AI quickly provided ultra-high accuracy prediction results (some models could reach 100% accuracy) even when strong noise was added. Simultaneously, the high flexibility of this strategy promises to be a general quantitative detection method for optical biosensors. We believe that this strategy and device have a scientific significance in revolutionizing the existing POCT technology landscape and providing excellent commercial value in the in vitro diagnostics (IVD) industry."
430,A3_sensors,39542976,PMC11564496,10.1007/s40820-024-01572-5,2024,Nano-micro letters,research-article; Journal Article,An Artificial Intelligence-Assisted Flexible and Wearable Mechanoluminescent Strain Sensor System.,"The complex wiring, bulky data collection devices, and difficulty in fast and on-site data interpretation significantly limit the practical application of flexible strain sensors as wearable devices. To tackle these challenges, this work develops an artificial intelligence-assisted, wireless, flexible, and wearable mechanoluminescent strain sensor system (AIFWMLS) by integration of deep learning neural network-based color data processing system (CDPS) with a sandwich-structured flexible mechanoluminescent sensor (SFLC) film. The SFLC film shows remarkable and robust mechanoluminescent performance with a simple structure for easy fabrication. The CDPS system can rapidly and accurately extract and interpret the color of the SFLC film to strain values with auto-correction of errors caused by the varying color temperature, which significantly improves the accuracy of the predicted strain. A smart glove mechanoluminescent sensor system demonstrates the great potential of the AIFWMLS system in human gesture recognition. Moreover, the versatile SFLC film can also serve as a encryption device. The integration of deep learning neural network-based artificial intelligence and SFLC film provides a promising strategy to break the ""color to strain value"" bottleneck that hinders the practical application of flexible colorimetric strain sensors, which could promote the development of wearable and flexible strain sensors from laboratory research to consumer markets."
431,A3_sensors,32987871,PMC7582823,10.3390/s20195474,2020,"Sensors (Basel, Switzerland)",research-article; Journal Article,A Bipolar-Channel Hybrid Brain-Computer Interface System for Home Automation Control Utilizing Steady-State Visually Evoked Potential and Eye-Blink Signals.,"The goal of this study was to develop and validate a hybrid brain-computer interface (BCI) system for home automation control. Over the past decade, BCIs represent a promising possibility in the field of medical (e.g., neuronal rehabilitation), educational, mind reading, and remote communication. However, BCI is still difficult to use in daily life because of the challenges of the unfriendly head device, lower classification accuracy, high cost, and complex operation. In this study, we propose a hybrid BCI system for home automation control with two brain signals acquiring electrodes and simple tasks, which only requires the subject to focus on the stimulus and eye blink. The stimulus is utilized to select commands by generating steady-state visually evoked potential (SSVEP). The single eye blinks (i.e., confirm the selection) and double eye blinks (i.e., deny and re-selection) are employed to calibrate the SSVEP command. Besides that, the short-time Fourier transform and convolution neural network algorithms are utilized for feature extraction and classification, respectively. The results show that the proposed system could provide 38 control commands with a 2 s time window and a good accuracy (i.e., 96.92%) using one bipolar electroencephalogram (EEG) channel. This work presents a novel BCI approach for the home automation application based on SSVEP and eye blink signals, which could be useful for the disabled. In addition, the provided strategy of this study-a friendly channel configuration (i.e., one bipolar EEG channel), high accuracy, multiple commands, and short response time-might also offer a reference for the other BCI controlled applications."
432,A3_sensors,37960592,PMC10649179,10.3390/s23218893,2023,"Sensors (Basel, Switzerland)",research-article; Journal Article,A Combined Virtual Electrode-Based ESA and CNN Method for MI-EEG Signal Feature Extraction and Classification.,"A Brain-Computer Interface (BCI) is a medium for communication between the human brain and computers, which does not rely on other human neural tissues, but only decodes Electroencephalography (EEG) signals and converts them into commands to control external devices. Motor Imagery (MI) is an important BCI paradigm that generates a spontaneous EEG signal without external stimulation by imagining limb movements to strengthen the brain's compensatory function, and it has a promising future in the field of computer-aided diagnosis and rehabilitation technology for brain diseases. However, there are a series of technical difficulties in the research of motor imagery-based brain-computer interface (MI-BCI) systems, such as: large individual differences in subjects and poor performance of the cross-subject classification model; a low signal-to-noise ratio of EEG signals and poor classification accuracy; and the poor online performance of the MI-BCI system. To address the above problems, this paper proposed a combined virtual electrode-based EEG Source Analysis (ESA) and Convolutional Neural Network (CNN) method for MI-EEG signal feature extraction and classification. The outcomes reveal that the online MI-BCI system developed based on this method can improve the decoding ability of multi-task MI-EEG after training, it can learn generalized features from multiple subjects in cross-subject experiments and has some adaptability to the individual differences of new subjects, and it can decode the EEG intent online and realize the brain control function of the intelligent cart, which provides a new idea for the research of an online MI-BCI system."
433,A3_sensors,33420275,PMC7794369,10.1038/s41598-020-80570-0,2021,Scientific reports,"Clinical Trial; Research Support, Non-U.S. Gov't; research-article; Journal Article",Breath biopsy of breast cancer using sensor array signals and machine learning analysis.,"Breast cancer causes metabolic alteration, and volatile metabolites in the breath of patients may be used to diagnose breast cancer. The objective of this study was to develop a new breath test for breast cancer by analyzing volatile metabolites in the exhaled breath. We collected alveolar air from breast cancer patients and non-cancer controls and analyzed the volatile metabolites with an electronic nose composed of 32 carbon nanotubes sensors. We used machine learning techniques to build prediction models for breast cancer and its molecular phenotyping. Between July 2016 and June 2018, we enrolled a total of 899 subjects. Using the random forest model, the prediction accuracy of breast cancer in the test set was 91% (95% CI: 0.85-0.95), sensitivity was 86%, specificity was 97%, positive predictive value was 97%, negative predictive value was 97%, the area under the receiver operating curve was 0.99 (95% CI: 0.99-1.00), and the kappa value was 0.83. The leave-one-out cross-validated discrimination accuracy and reliability of molecular phenotyping of breast cancer were 88.5 ± 12.1% and 0.77 ± 0.23, respectively. Breath tests with electronic noses can be applied intraoperatively to discriminate breast cancer and molecular subtype and support the medical staff to choose the best therapeutic decision."
434,A3_sensors,37514547,PMC10386381,10.3390/s23146252,2023,"Sensors (Basel, Switzerland)",research-article; Journal Article,A Time-Division Multiplexing Multi-Channel Micro-Electrochemical Workstation with Carbon-Based Material Electrodes for Online L-Trosine Detection.,"In the background of the rapid development of artificial intelligence, big data, IoT, 5G/6G, and other technologies, electrochemical sensors pose higher requirements for high-throughput detection. In this study, we developed a workstation with up to 10 channels, which supports both parallel signal stimulation and online electrochemical analysis functions. The platform was wired to a highly integrated Bluetooth chip used for wireless data transmission and can be visualized on a smartphone. We used this electrochemical test platform with carbon-graphene oxide/screen-printed carbon electrodes (CB-GO/SPCE) for the online analysis of L-tyrosine (Tyr), and the electrochemical performance and stability of the electrodes were examined by differential pulse voltammetry (DPV). The CB-GO-based screen-printed array electrodes with a multichannel electrochemical platform for Tyr detection showed a low detection limit (20 μM), good interference immunity, and 10-day stability in the range of 20-200 μM. This convenient electrochemical analytical device enables high-throughput detection and has good economic benefits that can contribute to the improvement of the accuracy of electrochemical analysis and the popularization of electrochemical detection methods in a wide range of fields."
435,A3_sensors,38320750,PMC10898453,10.1021/acssensors.3c01575,2024,ACS sensors,"Research Support, Non-U.S. Gov't; research-article; Journal Article",Optimized Detection of Volatile Organic Compounds Utilizing Durable and Selective Arrays of Tailored UiO-66-X SURMOF Sensors.,"Metal-organic frameworks (MOFs), with their well-defined and highly flexible nanoporous architectures, provide a material platform ideal for fabricating sensors. We demonstrate that the efficacy and specificity of detecting and differentiating volatile organic compounds (VOCs) can be significantly enhanced using a range of slightly varied MOFs. These variations are obtained via postsynthetic modification (PSM) of a primary framework. We alter the original MOF's guest adsorption affinities by incorporating functional groups into the MOF linkers, which yields subtle changes in responses. These responses are subsequently evaluated by using machine learning (ML) techniques. Under severe conditions, such as high humidity and acidic environments, sensor stability and lifespan are of utmost importance. The UiO-66-X MOFs demonstrate the necessary durability in acidic, neutral, and basic environments with pH values ranging from 2 to 11, thus surpassing most other similar materials. The UiO-66-NH2 thin films were deposited on quartz-crystal microbalance (QCM) sensors in a high-temperature QCM liquid cell using a layer-by-layer pump method. Three different, highly stable surface-anchored MOFs (SURMOFs) of UiO-66-X obtained via the PSM approach (X: NH2, Cl, and N3) were employed to fabricate arrays suitable for electronic nose applications. These fabricated sensors were tested for their capability to distinguish between eight VOCs. Data from the sensor array were processed using three distinct ML techniques: linear discriminant (LDA), nearest neighbor (k-NN), and neural network analysis methods. The discrimination accuracies achieved were nearly 100% at high concentrations and over 95% at lower concentrations (50-100 ppm)."
436,A3_sensors,37542154,PMC10403537,10.1038/s41598-023-39177-4,2023,Scientific reports,"Research Support, Non-U.S. Gov't; research-article; Journal Article","Artificial neural network approach for prediction of AuNPs biosynthesis by Streptomyces flavolimosus, characterization, antitumor potency in-vitro and in-vivo against Ehrlich ascites carcinoma.","Gold nanoparticles (AuNPs) have emerged as promising and versatile nanoparticles for cancer therapy and are widely used in drug and gene delivery, biomedical imaging, diagnosis, and biosensors. The current study describes a biological-based strategy for AuNPs biosynthesis using the cell-free supernatant of Streptomyces flavolimosus. The biosynthesized AuNPs have an absorption peak at 530-535 nm. The TEM images indicate that AuNPs were spherical and ranged in size from 4 to 20 nm. The surface capping molecules of AuNPs are negatively charged, having a Zeta potential of - 10.9 mV. FTIR analysis revealed that the AuNPs surface composition contains a variety of functional groups as -OH, C-H, N-, C=O, NH3+, amine hydrochloride, amide group of proteins, C-C and C-N. The bioprocess variables affecting AuNPs biosynthesis were optimized by using the central composite design (CCD) in order to maximize the AuNPs biosynthesis. The maximum yield of AuNPs (866.29 µg AuNPs/mL) was obtained using temperature (35 °C), incubation period (4 days), HAuCl4 concentration (1000 µg/mL) and initial pH level 6. Comparison was made between the fitness of CCD versus Artificial neural network (ANN) approach based on their prediction and the corresponding experimental results. AuNPs biosynthesis values predicted by ANN exhibit a more reasonable agreement with the experimental result. The anticancer activities of AuNPs were assessed under both in vitro and in vivo conditions. The results revealed a significant inhibitory effect on the proliferation of the MCF-7 and Hela carcinoma cell lines treated with AuNPs with IC50 value of 13.4 ± 0.44 μg/mL and 13.8 ± 0.45 μg/mL for MCF-7 and Hela cells; respectively. Further, AuNPs showed potential inhibitory effect against tumor growth in tumor-bearing mice models. AuNPs significantly reduced the tumor volume, tumor weight, and decreased number of viable tumor cells in EAC bearing mice."
437,A3_sensors,35987761,PMC9392780,10.1038/s41598-022-18321-6,2022,Scientific reports,research-article; Journal Article,Printed temperature sensor array for high-resolution thermal mapping.,"Fully-printed temperature sensor arrays-based on a flexible substrate and featuring a high spatial-temperature resolution-are immensely advantageous across a host of disciplines. These range from healthcare, quality and environmental monitoring to emerging technologies, such as artificial skins in soft robotics. Other noteworthy applications extend to the fields of power electronics and microelectronics, particularly thermal management for multi-core processor chips. However, the scope of temperature sensors is currently hindered by costly and complex manufacturing processes. Meanwhile, printed versions are rife with challenges pertaining to array size and sensor density. In this paper, we present a passive matrix sensor design consisting of two separate silver electrodes that sandwich one layer of sensing material, composed of poly(3,4-ethylenedioxythiophene):polystyrene sulfonate (PEDOT:PSS). This results in appreciably high sensor densities of 100 sensor pixels per cm[Formula: see text] for spatial-temperature readings, while a small array size is maintained. Thus, a major impediment to the expansive application of these sensors is efficiently resolved. To realize fast and accurate interpretation of the sensor data, a neural network (NN) is trained and employed for temperature predictions. This successfully accounts for potential crosstalk between adjacent sensors. The spatial-temperature resolution is investigated with a specially-printed silver micro-heater structure. Ultimately, a fairly high spatial temperature prediction accuracy of 1.22  °C is attained."
438,A3_sensors,32168844,PMC7146543,10.3390/s20061557,2020,"Sensors (Basel, Switzerland)",research-article; Journal Article,Measuring Biomechanical Risk in Lifting Load Tasks Through Wearable System and Machine-Learning Approach.,"Ergonomics evaluation through measurements of biomechanical parameters in real time has a great potential in reducing non-fatal occupational injuries, such as work-related musculoskeletal disorders. Assuming a correct posture guarantees the avoidance of high stress on the back and on the lower extremities, while an incorrect posture increases spinal stress. Here, we propose a solution for the recognition of postural patterns through wearable sensors and machine-learning algorithms fed with kinematic data. Twenty-six healthy subjects equipped with eight wireless inertial measurement units (IMUs) performed manual material handling tasks, such as lifting and releasing small loads, with two postural patterns: correctly and incorrectly. Measurements of kinematic parameters, such as the range of motion of lower limb and lumbosacral joints, along with the displacement of the trunk with respect to the pelvis, were estimated from IMU measurements through a biomechanical model. Statistical differences were found for all kinematic parameters between the correct and the incorrect postures (p p < 0.01). To automatically identify the two postures, a supervised machine-learning algorithm, a support vector machine, was trained, and an accuracy of 99.4% (specificity of 100%) was reached by using the measurements of all kinematic parameters as features. Meanwhile, an accuracy of 76.9% (specificity of 76.9%) was reached by using the measurements of kinematic parameters related to the trunk body segment."
439,A3_sensors,34063047,PMC8124346,10.3390/ma14092405,2021,"Materials (Basel, Switzerland)",research-article; Journal Article,Machine Learning Identification of Piezoelectric Properties.,"The behavior of a piezoelectric element can be reproduced with high accuracy using numerical simulations. However, simulations are limited by knowledge of the parameters in the piezoelectric model. The identification of the piezoelectric model can be addressed using different techniques but is still a problem for manufacturers and end users. In this paper, we present the use of a machine learning approach to determine the parameters in the model. In this first work, the main sensitive parameters, c11, c13, c33, c44 and e33 were predicted using a neural network numerically trained by using finite element simulations. Close to one million simulations were performed by changing the value of the selected parameters by ±10% around the starting point. To train the network, the values of a PZT 27 piezoelectric ceramic with a diameter of 20 mm and thickness of 2 mm were used as the initial seed. The first results were very encouraging, and provided the original parameters with a difference of less than 0.6% in the worst case. The proposed approach is extremely fast after the training of the neural network. It is suitable for manufacturers or end users that work with the same material and a fixed number of geometries."
440,A3_sensors,41374583,PMC12693856,10.3390/s25237208,2025,"Sensors (Basel, Switzerland)",research-article; Journal Article,Intelligent Debonding Detection in GFRP Rock Bolts via Piezoelectric Time Reversal and CNN-SVM Model.,"To address the challenge of detecting debonding damage in glass-fiber-reinforced polymer (GFRP) rock bolt anchorage structures, this study proposes a time reversal detection method based on piezoelectric sensing and a Convolutional Neural Network-Support Vector Machine (CNN-SVM) model. Through COMSOL 6.1 numerical simulations and laboratory experiments, the influence of debonding length, location, and quantity on the characteristics of detection signals was investigated. The results indicate that an increase in debonding length leads to a rise in the amplitude of the focused signal, a reduction in the main peak frequency, and greater energy concentration around the main peak. Specifically, the amplitude increased by 10.96% (simulations) and 54.9% (experiments) for lengths from 0 to 1200 mm, while the peak frequency decreased by 3.43% (simulations) or increased slightly (experiments). When the debonding location changes, the amplitude remains stable, while the main peak frequency increases by 4.94% in simulations and shifts to higher frequencies experimentally, and the energy exhibits an increasing trend. An increase in the number of debonding points results in decreased amplitude, elevated main peak frequency, and more severe wave packet overlap. Multi-defect configurations reduced the amplitude by 16.68% (simulations) and 3% (experiments), with peak frequency increases of up to 3.35%. Based on these characteristics, a CNN-SVM evaluation model was constructed, using the wavelet time-frequency maps of experimental signals as input and the debonding state as output. The model achieved evaluation accuracy rates of 99%, 100%, and 100% under varying debonding lengths from 10 to 100 mm, different debonding positions, and increasing numbers of debonding defects, all exceeding 95%, thereby validating the reliability and high precision of the proposed method."
441,A3_sensors,38334518,PMC10856788,10.3390/nano14030247,2024,"Nanomaterials (Basel, Switzerland)",research-article; Journal Article,Directed Evolution of Near-Infrared Serotonin Nanosensors with Machine Learning-Based Screening.,"In this study, we employed a novel approach to improve the serotonin-responsive ssDNA-wrapped single-walled carbon nanotube (ssDNA-SWCNT) nanosensors, combining directed evolution and machine learning-based prediction. Our iterative optimization process is aimed at the sensitivity and selectivity of ssDNA-SWCNT nanosensors. In the three rounds for higher serotonin sensitivity, we substantially improved sensitivity, achieving a remarkable 2.5-fold enhancement in fluorescence response compared to the original sequence. Following this, we directed our efforts towards selectivity for serotonin over dopamine in the two rounds. Despite the structural similarity between these neurotransmitters, we achieved a 1.6-fold increase in selectivity. This innovative methodology, offering high-throughput screening of mutated sequences, marks a significant advancement in biosensor development. The top-performing nanosensors, N2-1 (sensitivity) and L1-14 (selectivity) present promising reference sequences for future studies involving serotonin detection."
442,A3_sensors,39771793,PMC11679092,10.3390/s24248057,2024,"Sensors (Basel, Switzerland)",research-article; Journal Article,Damage Localization and Severity Assessment in Composite Structures Using Deep Learning Based on Lamb Waves.,"In composite structures, the precise identification and localization of damage is necessary to preserve structural integrity in applications across such fields as aeronautical, civil, and mechanical engineering. This study presents a deep learning (DL)-assisted framework for simultaneous damage localization and severity assessment in composite structures using Lamb waves (LWs). Previous studies have often focused on either damage detection or localization in composite structures. In contrast, this study aims to perform damage detection, severity assessment, and localization using independent DL models. Three DL models, namely the artificial neural network (ANN), convolutional neural network (CNN), and gated recurrent unit (GRU), are compared. To assess their damage detection and localization capabilities. Moreover, zero-mean Gaussian noise is introduced as a data augmentation technique to address the variability and noise inherent in LW signals, improving the generalization capability of the DL models. The proposed framework is validated on a composite plate with four piezoelectric transducers, one at each corner, and achieves high accuracy in both damage localization and severity assessment, offering an effective solution for real-time structural health monitoring. This dual-function approach provides a scalable data-driven method to evaluate composite structures, with applications in predictive maintenance and reliability assurance in critical engineering systems."
443,A3_sensors,35424599,PMC8982005,10.1039/d2ra00160h,2022,RSC advances,research-article; Journal Article,Freshness monitoring of raw fish by detecting biogenic amines using a gold nanoparticle-based colorimetric sensor array.,"We herein report the quantitative detection of biogenic amines using a gold nanoparticle-based colorimetric chemosensor array for food analysis. The gold nanoparticles are functionalized with carboxylate derivatives, which capture target amines through hydrogen bonds and electrostatic interactions. The simultaneous discrimination of 10 amine derivatives was achieved by a linear discriminant analysis with a 100% correct classification based on the multi-colorimetric response pattern of structural differences. Furthermore, a real sample analysis for raw fish (i.e., tuna) demonstrated highly accurate determination of histamine concentrations by a support vector machine, the result of which was matched with high-performance liquid chromatography. Most importantly, the chemosensor array succeeded in detecting the time-dependent concentration change of histamine in the raw fish, meaning that the decomposition of the fish could be monitored by the colorimetric changes. Hence, the proposed chemosensor array combined with pattern recognition techniques can be a user-friendly analytical method for food freshness monitoring."
444,A3_sensors,40218783,PMC11991234,10.3390/s25072272,2025,"Sensors (Basel, Switzerland)",research-article; Journal Article,Prediction of Cover-Subsidence Sinkhole Volume Using Fibre Bragg Grating Strain Sensor Data.,"Sinkholes are geohazards that commonly form in karstifiable terrain and are an ever-present danger to infrastructure and human life. This paper aims to answer the question: Can a cover-subsidence sinkhole's volume be determined using fibre Bragg grating sensor strain data and machine-learning techniques? Exploratory data analysis was conducted on fibre Bragg grating sensor strain data collected from an experimental test rig whereby a cover-subsidence sinkhole was formed. It was found that statistical techniques and machine-learning algorithms that assume normality are inappropriate when performing phase classification and volume regression tasks on the cover-subsidence sinkhole when given fibre Bragg grating sensor's strain data. Weighted Least Squares regression, Support Vector Regression, and eXtreme Gradient Boosting were implemented on the data during phase two of the cover-subsidence sinkhole formation to determine the volume of the sinkhole. Weighted Least Squares regression obtained the lowest R2 values for training and testing. Support Vector Regression had significantly improved results over Weighted Least Squares regression, while eXtreme Gradient Boosting obtained the highest R2 values for training and testing. The highest R2 values for eXtreme Gradient Boosting obtained were 1.00 for training and 0.97 for testing. In addition, eXtreme Gradient Boosting had the lowest root mean squared errors compared to Weighted Least Squares regression and Support Vector Regression. It was found that eXtreme Gradient Boosting is a strong candidate for determining the volume of the C-S sinkhole when using fibre Bragg grating strain data."
445,A3_sensors,39797026,PMC11723262,10.3390/s25010236,2025,"Sensors (Basel, Switzerland)",research-article; Journal Article,An FPGA-Based SiNW-FET Biosensing System for Real-Time Viral Detection: Hardware Amplification and 1D CNN for Adaptive Noise Reduction.,"Impedance-based biosensing has emerged as a critical technology for high-sensitivity biomolecular detection, yet traditional approaches often rely on bulky, costly impedance analyzers, limiting their portability and usability in point-of-care applications. Addressing these limitations, this paper proposes an advanced biosensing system integrating a Silicon Nanowire Field-Effect Transistor (SiNW-FET) biosensor with a high-gain amplification circuit and a 1D Convolutional Neural Network (CNN) implemented on FPGA hardware. This attempt combines SiNW-FET biosensing technology with FPGA-implemented deep learning noise reduction, creating a compact system capable of real-time viral detection with minimal computational latency. The integration of a 1D CNN model on FPGA hardware for adaptive, non-linear noise filtering sets this design apart from conventional filtering approaches by achieving high accuracy and low power consumption in a portable format. This integration of SiNW-FET with FPGA-based CNN noise reduction offers a unique approach, as prior noise reduction techniques for biosensors typically rely on linear filtering or digital smoothing, which lack adaptive capabilities for complex, non-linear noise patterns. By introducing the 1D CNN on FPGA, this architecture enables real-time, high-fidelity noise reduction, preserving critical signal characteristics without compromising processing speed. Notably, the findings presented in this work are based exclusively on comprehensive simulations using COMSOL and MATLAB, as no physical prototypes or biomarker detection experiments were conducted. The SiNW-FET biosensor, functionalized with antibodies specific to viral antigens, detects impedance shifts caused by antibody-antigen interactions, providing a highly sensitive platform for viral detection. A high-gain folded-cascade amplifier enhances the Signal-to-Noise Ratio (SNR) to approximately 70 dB, verified through COMSOL and MATLAB simulations. Additionally, a 1D CNN model is employed for adaptive noise reduction, filtering out non-linear noise patterns and achieving an approximate 75% noise reduction across a broad frequency range. The CNN model, implemented on an Altera DE2 FPGA, enables high-throughput, low-latency signal processing, making the system viable for real-time applications. Performance evaluations confirmed the proposed system's capability to enhance the SNR significantly while maintaining a compact and energy-efficient design suitable for portable diagnostics. This integrated architecture thus provides a powerful solution for high-precision, real-time viral detection, and continuous health monitoring, advancing the role of biosensors in accessible point-of-care diagnostics."
446,A3_sensors,39310190,PMC11411667,10.1021/acsomega.3c09067,2024,ACS omega,research-article; Journal Article,Laser-Induced Graphene Strain Sensors for Body Movement Monitoring.,"To enable the development of artificial intelligence of things, the improvement of the strain sensing mechanisms and optimization of the interconnections are needed. Direct laser writing to obtain laser-induced graphene (LIG) is being studied as a promising technique for producing wearable, lightweight, highly sensitive, and reliable strain sensors. These devices show a higher degree of flexibility and stretchability when transferred to an elastomeric substrate. In this article, we manufactured polydimethylsiloxane (PDMS)-encapsulated LIG piezoresistive strain sensors with a quasi-linear behavior and a gauge factor of 111. The produced LIG was morphologically characterized via Raman spectroscopy and scanning electron microscopy before and after the electromechanical characterization and before and after the LIG transfer to PDMS. The results from these analyses revealed that the integrity of the material after the test was not affected and that the LIG volume in contact with the substrate increased after transfer and encapsulation in PDMS, leading to the improvement of the sensor performance. The sensors' capability for measuring bend angles accurately was demonstrated experimentally, making them useable in a wide range of applications for human body movement monitoring as well as for structural health monitoring. Regarding body monitoring, a PDMS-encapsulated LIG sensor for knee bending angle detection was proposed. This device showed unaffected performance of 1500 cycles under 8% uniaxial deformation and with response times in the range of 1-2 s."
447,A3_sensors,40576586,PMC12447059,10.1002/adma.202503413,2025,"Advanced materials (Deerfield Beach, Fla.)",research-article; Journal Article,Performance-Recoverable Closed-Loop Neuroprosthetic System.,"Soft bioelectronics mechanically comparable to living tissues have driven advances in closed-loop neuroprosthetic systems for the recovery of sensory-motor functions. Despite notable progress in this field, critical challenges persist in achieving long-term stable closed-loop neuroprostheses, particularly in preventing uncontrolled drift in the electrical sensitivity and/or charge injection performance owing to material fatigue or mechanical damage. Additionally, the absence of an intelligent feedback loop has limited the ability to fully compensate for sensory-motor function loss in nervous systems. Here, a novel class of soft, closed-loop neuroprosthetic systems is presented for long-term operation, enabled by spontaneous performance recovery and machine-learning-driven correction to address the material fatigue inherent in chronic wear or implantation environments. Central to this innovation is the development of a tough, self-healing, and stretchable bilayer material with high conductivity and exceptional cyclic durability employed for robot-interface touch sensors and peripheral-nerve-adaptive electrodes. Furthermore, two central processing units, integrated in a prosthetic robot and an artificial brain, support closed-loop artificial sensory-motor operations, ensuring accurate sensing, decision-making, and feedback stimulation processes. Through these characteristics and seamless integration, our performance-recoverable closed-loop neuroprosthesis addresses challenges associated with chronic-material-fatigue-induced malfunctions, as demonstrated by successful in vivo under 4 weeks of implantation and/or mechanical damage."
448,A3_sensors,37196417,PMC10369299,10.1002/advs.202301341,2023,"Advanced science (Weinheim, Baden-Wurttemberg, Germany)","Research Support, Non-U.S. Gov't; research-article; Journal Article",Integrated Multifunctional Electronic Skins with Low-Coupling for Complicated and Accurate Human-Robot Collaboration.,"Multifunctional capability and low coupling electronic skin (e-skin) is of great significance in advanced robot systems interacting with the human body or the external environment directly. Herein, a multifunctional e-skin system via vertical integrated different sensing materials and structures is presented. The multifunctional e-skin has capacity sensing the proximity, pressure, temperature, and relative humidity simultaneously, with scope of 100-0 mm, 0-30 N, 20-120 °C and 20-70%, respectively. The sensitivity of the four kinds of sensors can be achieved to 0.72 mm-1 , 16.34 N-1 , 0.0032 °C-1 , and 15.2 pF/%RH, respectively. The cross-coupling errors are less than 1.96%, 1.08%, 2.65%, and 1.64%, respectively, after temperature compensation. To be state-of-the-art, a commercial robot is accurately controlled via the multifunctional e-skin system in the complicated environment. The following and safety controlling exhibit both accuracy and high dynamic features. To improve the sensing performance to the insulating objects, machine learning is employed to classify the conductivity during the object approaching, leading to set the threshold in dynamic. The accuracy for isolating the insulator increases from 18% to 88%. Looking forward, the multifunctional e-skin system has broader applications in human-machine collaboration and industrial safety production technology."
449,A3_sensors,34696133,PMC8538942,10.3390/s21206919,2021,"Sensors (Basel, Switzerland)",research-article; Journal Article,Microwave Tomography Using Neural Networks for Its Application in an Industrial Microwave Drying System.,"The article presents an application of microwave tomography (MWT) in an industrial drying system to develop tomographic-based process control. The imaging modality is applied to estimate moisture distribution in a polymer foam undergoing drying process. Our Leading challenges are fast data acquisition from the MWT sensors and real-time image reconstruction of the process. Thus, a limited number of sensors are chosen for the MWT and are placed only on top of the polymer foam to enable fast data acquisition. For real-time estimation, we present a neural network-based reconstruction scheme to estimate moisture distribution in a polymer foam. Training data for the neural network is generated using a physics-based electromagnetic scattering model and a parametric model for moisture sample generation. Numerical data for different moisture scenarios are considered to validate and test the performance of the network. Further, the trained network performance is evaluated with data from our developed prototype of the MWT sensor array. The experimental results show that the network has good accuracy and generalization capabilities."
450,A3_sensors,40431809,PMC12115029,10.3390/s25103015,2025,"Sensors (Basel, Switzerland)",research-article; Journal Article,Investigating the Use of Electrooculography Sensors to Detect Stress During Working Activities.,"To tackle work-related stress in the evolving landscape of Industry 5.0, organizations need to prioritize employee well-being through a comprehensive strategy. While electrocardiograms (ECGs) and electrodermal activity (EDA) are widely adopted physiological measures for monitoring work-related stress, electrooculography (EOG) remains underexplored in this context. Although less extensively studied, EOG shows significant promise for comparable applications. Furthermore, the realm of human factors and ergonomics lacks sufficient research on the integration of wearable sensors, particularly in the evaluation of human work. This article aims to bridge these gaps by examining the potential of EOG signals, captured through smart eyewear, as indicators of stress. The study involved twelve subjects in a controlled environment, engaging in four stress-inducing tasks interspersed with two-minute relaxation intervals. Emotional responses were categorized both into two classes (relaxed and stressed) and three classes (relaxed, slightly stressed, and stressed). Employing supervised machine learning (ML) algorithms-Random Forest (RF), Logistic Regression (LR), Support Vector Machine (SVM), Decision Tree (DT), and K-Nearest Neighbors (KNN)-the analysis revealed accuracy rates exceeding 80%, with RF leading at 85.8% and 82.4% for two classes and three classes, respectively. The proposed wearable system shows promise in monitoring workers' well-being, especially during visual activities."
451,A3_sensors,41232024,PMC12673599,10.1021/jacs.5c11454,2025,Journal of the American Chemical Society,research-article; Journal Article,Conductive Covalent Organic Frameworks as Chemiresistive Sensor Arrays for the Detection and Differentiation of Gasotransmitters.,"This paper describes a chemiresistive sensor array using four structurally analogous, but chemically distinct, conductive covalent organic frameworks (COFs) (M-COF-DC-8, M = Fe, Co, Ni, and Cu) capable of detecting and differentiating four important gaseous analytes: nitric oxide (NO), carbon monoxide (CO), hydrogen sulfide (H2S), and ammonia (NH3). The COFs were synthesized from the condensation of 2,3,9,10,16,17,23,24-octaamino-metallophthalocyanine precursors with pyrenetetraone linkers resulting in chemically robust and electrically conductive materials. Chemiresistive sensing experiments, together with machine learning to parse the response pattern of the sensor array, show that the M-COF-DC-8 (M = Fe, Co, Ni, Cu) materials can detect and differentiate this suite of oxidizing and reducing gases at parts-per-million concentrations, with theoretical limits of detection (LOD) in the parts-per-billion range in dry N2. Importantly, the COF array containing M-COF-DC-8 (M = Co, Ni, Cu) retains its ability to detect and differentiate these analytes in air and humidity under low power consumption. Spectroscopic investigations reveal that the synthetic control over the identity of the metallophthalocyanine core efficiently tunes material-analyte interactions and, therefore, emergent device performance. The use of highly tunable COFs as the active material in sensor arrays enables low-power, sensitive, and real-time gas detection with future applications in healthcare and personal protection."
452,A3_sensors,40714834,PMC12561418,10.1002/advs.202509658,2025,"Advanced science (Weinheim, Baden-Wurttemberg, Germany)",research-article; Journal Article,A Wearable Electrochemical Biosensor for Salivary Detection of Periodontal Inflammation Biomarkers: Molecularly Imprinted Polymer Sensor with Deep Learning Integration.,"The work presented here introduces a developed electrochemical biosensor for the salivary detection of matrix metalloproteinase-8 (MMP-8), utilizing a molecularly imprinted polymer (MIP) matrix based on poly(o-phenylenediamine). To enhance detection sensitivity and modulate impedance responses, graphene oxide (GO) is incorporated as an interlayer, providing a conductive and chemically stable matrix for precise electrochemical sensing. Density functional theory simulations confirm the formation of highly selective binding sites, further reinforcing the sensor's specificity for MMP-8 detection. The impedance-based mechanism allows real-time, label-free detection of salivary MMP-8 by tracking charge transfer resistance changes via the K[Fe(CN)₆]3⁻/⁴⁻ redox probe, offering a non-invasive and highly sensitive alternative to conventional methods. Clinical validation using patient samples demonstrates excellent sensor performance, achieving high specificity and reproducibility. Additionally, a deep learning-assisted data analysis framework is integrated to enhance diagnostic accuracy by filtering out noise, identifying disease progression trends. Furthermore, a wearable mouthguard platform integrating the MIP-based electrode, enabling continuous monitoring of oral inflammation and facilitating early therapeutic intervention is developed. This approach, which combines MIP technology, electrochemical biosensing, wearable healthcare, and AI-driven diagnostics, has the potential to establish a next-generation precision oral health monitoring platform, advancing periodontal disease detection and personalized clinical management."
453,A3_sensors,37630302,PMC10457796,10.3390/molecules28166051,2023,"Molecules (Basel, Switzerland)",research-article; Journal Article,Detection of Mildewed Nutmeg Internal Quality during Storage Using an Electronic Nose Combined with Chemical Profile Analysis.,"Internal mildewed nutmeg is difficult to perceive without cutting the nutmeg open and examining it carefully, which poses a significant risk to public health. At present, macroscopic identification and chromatographic analysis are applied to determine whether nutmeg is moldy or not. However, the former relies on a human panel, with the disadvantages of subjectivity and empirical dependence, whilst the latter is generally time-consuming and requires organic solvents. Therefore, it is urgent to develop a rapid and feasible approach for evaluating the quality and predicting mildew in nutmeg. In this study, the quality and odor characteristics of five groups of nutmeg samples with different degrees of mildew were analyzed by using the responses of an electronic nose combined with chemical profiling. The main physicochemical indicators, such as the levels of α-pinene, β-pinene, elemicin, and dehydro-di-isoeugenol, were determined. The results revealed that the contents of α-pinene, β-pinene, and elemicin changed significantly with the extension of storage time. Through the use of an electronic nose and HS-GC-MS technology to assess the overall odor characteristics of nutmeg samples, it was found that the production of volatile organic compounds (VOCs) such as ammonia/organic amines, carbon monoxide, ethanol, and hydrogen sulfide, as well as changes in the terpene and phenylpropene components of the nutmeg itself, may be the material basis for the changes in odor. The accuracy of the qualitative classification model for the degree of mildew in nutmeg was higher than 90% according to the electronic nose data combined with different machine learning algorithms. Quantitative models were established for predicting the contents of the chemical components, and models based on a BP neural network (BPNN), the support vector machine (SVM), and the random forest algorithm (RF) all showed good performance in predicting the concentrations of these chemical components, except for dehydro-di-isoeugenol. The BPNN performed effectively in predicting the storage time of nutmeg on the basis of the E-nose's responses, with an RMSE and R2 of 0.268 and 0.996 for the training set, and 0.317 and 0.993 for the testing set, respectively. The results demonstrated that the responses of the electronic nose (E-nose) had a high correlation with the internal quality of nutmeg. This work proposes a quick and non-destructive evaluation method for the quality of nutmeg, which has high accuracy in discriminating between different degrees of mold in nutmeg and is conducive to early detection and warning of moldy phenomena."
454,A3_sensors,32715259,PMC7377324,10.1021/acsomega.0c02337,2020,ACS omega,research-article; Journal Article,"Very Thin, Macroscale, Flexible, Tactile Pressure Sensor Sheet.","In artificial intelligence and deep learning applications, data collection from a variety of objects is of great interest. One way to support such data collection is to use very thin, mechanically flexible sensor sheets, which can cover an object without altering the original shape. This study proposes a thin, macroscale, flexible, tactile pressure sensor array fabricated by a simple process for economical device applications. Using laser-induced graphene, a transfer process, and a printing method, a relatively stable, reliable, macroscale, thin (∼300 μm), flexible, tactile pressure sensor is realized. The detectable pressure range is about tens to hundreds of kPa. Then, as a proof-of-concept, the uniformity, sensitivity, repeatability, object mapping, finger pressure distribution, and pressure mapping are demonstrated under bending conditions. Although many flexible, tactile pressure sensors have been reported, the proposed structure has the potential for macroscale, thin, flexible, tactile pressure sensor sheets because of the simple and easy fabrication process."
455,A3_sensors,39680278,PMC11649613,10.1186/s11671-024-04155-w,2024,Discover nano,research-article; Journal Article,"Optimization of process parameters in 3D-nanomaterials printing for enhanced uniformity, quality, and dimensional precision using physics-guided artificial neural network.","Pneumatic 3D-nanomaterial printing, a prominent additive manufacturing technique, excels in processing advanced materials like MXene, crucial for applications in nano-energy, flexible electronics, and sensors. A key challenge in this domain is optimizing process parameters-applied pressure, ink concentration, nozzle diameter, and printing velocity-to achieve uniform, high-quality prints with the desired filament diameter. Traditional trial-and-error methods often result in significant material waste and time consumption. To address this, our study introduces a comprehensive pipeline that initially assesses whether the selected process parameters yield uniform, high-quality MXene prints. Subsequently, it employs a Physics-Guided Artificial Neural Network (PGANN) to predict the filament diameter based on these parameters, integrating fundamental physical principles of the printing process with experimental data. Our findings demonstrate that using an XGBoost classifier, we can classify printed filament quality with an accuracy of 90.44%. Furthermore, the PGANN model shows exceptional performance in predicting the filament diameter, achieving a Pearson Correlation Coefficient (PCC) of 0.9488, a Mean Squared Error (MSE) of 0.000092 mm2, and a Mean Absolute Error (MAE) of 0.00711 mm. This pipeline significantly streamlines the process for researchers, facilitating the selection of optimal printing parameters to consistently achieve high-quality prints and accurately produce the desired filament diameter tailored to specific applications."
456,A3_sensors,36904950,PMC10007181,10.3390/s23052750,2023,"Sensors (Basel, Switzerland)",research-article; Journal Article,Posthoc Interpretability of Neural Responses by Grouping Subject Motor Imagery Skills Using CNN-Based Connectivity.,"Motor Imagery (MI) refers to imagining the mental representation of motor movements without overt motor activity, enhancing physical action execution and neural plasticity with potential applications in medical and professional fields like rehabilitation and education. Currently, the most promising approach for implementing the MI paradigm is the Brain-Computer Interface (BCI), which uses Electroencephalogram (EEG) sensors to detect brain activity. However, MI-BCI control depends on a synergy between user skills and EEG signal analysis. Thus, decoding brain neural responses recorded by scalp electrodes poses still challenging due to substantial limitations, such as non-stationarity and poor spatial resolution. Also, an estimated third of people need more skills to accurately perform MI tasks, leading to underperforming MI-BCI systems. As a strategy to deal with BCI-Inefficiency, this study identifies subjects with poor motor performance at the early stages of BCI training by assessing and interpreting the neural responses elicited by MI across the evaluated subject set. Using connectivity features extracted from class activation maps, we propose a Convolutional Neural Network-based framework for learning relevant information from high-dimensional dynamical data to distinguish between MI tasks while preserving the post-hoc interpretability of neural responses. Two approaches deal with inter/intra-subject variability of MI EEG data: (a) Extracting functional connectivity from spatiotemporal class activation maps through a novel kernel-based cross-spectral distribution estimator, (b) Clustering the subjects according to their achieved classifier accuracy, aiming to find common and discriminative patterns of motor skills. According to the validation results obtained on a bi-class database, an average accuracy enhancement of 10% is achieved compared to the baseline EEGNet approach, reducing the number of ""poor skill"" subjects from 40% to 20%. Overall, the proposed method can be used to help explain brain neural responses even in subjects with deficient MI skills, who have neural responses with high variability and poor EEG-BCI performance."
457,A3_sensors,40343284,PMC12059672,10.1016/j.isci.2025.112330,2025,iScience,research-article; Journal Article,A deep neural network for tactile perception in open scenes.,"Tactile perception is important for the robots to understand their working environment. While in real-world applications, robots usually must face unexpected changes in external conditions, such as the re-installation of the robot end effector or the change of the installation location. Consequently, the collected tactile material data tend to vary to a certain extent, which brings great difficulties to the tactile perception. To handle this problem, different from the former studies of tactile perception in enclosed environments, this study focuses on the tactile material recognition task using robot electronic skin in open scenes. We construct a cross-batch tactile dataset to simulate open scenes and propose the multi-receptive field attention enhancement network (MRFE) to handle tactile material recognition. Compared with other machine learning algorithms, experiments show that the proposed method overcomes the problem of data drift caused by changes in posture, contact force, sliding velocities, exploratory motions, and assembly conditions."
458,A3_sensors,34957404,PMC8674648,10.34133/2021/9845482,2021,"Research (Washington, D.C.)",research-article; Journal Article,Thermoresponsive Lignin-Reinforced Poly(Ionic Liquid) Hydrogel Wireless Strain Sensor.,"To meet critical requirements on flexible electronic devices, multifunctionalized flexible sensors with excellent electromechanical performance and temperature perception are required. Herein, lignin-reinforced thermoresponsive poly(ionic liquid) hydrogel is prepared through an ultrasound-assisted synthesized method. Benefitting from the electrostatic interaction between lignin and ionic liquid, the hydrogel displays high stretchability (over 1425%), excellent toughness (over 132 kPa), and impressive stress loading-unloading cyclic stability. The hydrogel strain sensor presents excellent electromechanical performance with a high gauge factor (1.37) and rapid response rate (198 ms), which lays the foundation for human body movement detection and smart input. Moreover, owing to the thermal-sensitive feature of poly(ionic liquid), the as-prepared hydrogel displays remarkable thermal response sensitivity (0.217°C-1) in body temperature range and low limit of detection, which can be applied as a body shell temperature indicator. Particularly, the hydrogel can detect dual stimuli of strain and temperature and identify each signal individually, showing the specific application in human-machine interaction and artificial intelligence. By integrating the hydrogel strain sensor into a wireless sensation system, remote motion capture and gesture identification is realized in real-time."
459,A3_sensors,38005677,PMC10674769,10.3390/s23229291,2023,"Sensors (Basel, Switzerland)",research-article; Journal Article,Data-Driven Approach for Upper Limb Fatigue Estimation Based on Wearable Sensors.,"Muscle fatigue is defined as a reduced ability to maintain maximal strength during voluntary contraction. It is associated with musculoskeletal disorders that affect workers performing repetitive activities, affecting their performance and well-being. Although electromyography remains the gold standard for measuring muscle fatigue, its limitations in long-term work motivate the use of wearable devices. This article proposes a computational model for estimating muscle fatigue using wearable and non-invasive devices, such as Optical Fiber Sensors (OFSs) and Inertial Measurement Units (IMUs) along the subjective Borg scale. Electromyography (EMG) sensors are used to observe their importance in estimating muscle fatigue and comparing performance in different sensor combinations. This study involves 30 subjects performing a repetitive lifting activity with their dominant arm until reaching muscle fatigue. Muscle activity, elbow angles, and angular and linear velocities, among others, are measured to extract multiple features. Different machine learning algorithms obtain a model that estimates three fatigue states (low, moderate and high). Results showed that between the machine learning classifiers, the LightGBM presented an accuracy of 96.2% in the classification task using all of the sensors with 33 features and 95.4% using only OFS and IMU sensors with 13 features. This demonstrates that elbow angles, wrist velocities, acceleration variations, and compensatory neck movements are essential for estimating muscle fatigue. In conclusion, the resulting model can be used to estimate fatigue during heavy lifting in work environments, having the potential to monitor and prevent muscle fatigue during long working shifts."
460,A3_sensors,38844535,PMC11156959,10.1038/s41598-024-63515-9,2024,Scientific reports,research-article; Journal Article,Advanced environmental scanning electron microscopy reveals natural surface nano-morphology of condensed mitotic chromosomes in their native state.,"The challenge of in-situ handling and high-resolution low-dose imaging of intact, sensitive and wet samples in their native state at nanometer scale, including live samples is met by Advanced Environmental Scanning Electron Microscopy (A-ESEM). This new generation of ESEM utilises machine learning-based optimization of thermodynamic conditions with respect to sample specifics to employ a low temperature method and an ionization secondary electron detector with an electrostatic separator. A modified electron microscope was used, equipped with temperature, humidity and gas pressure sensors for in-situ and real-time monitoring of the sample. A transparent ultra-thin film of ionic liquid is used to increase thermal and electrical conductivity of the samples and to minimize sample damage by free radicals. To validate the power of the new method, we analyze condensed mitotic metaphase chromosomes to reveal new structural features of their perichromosomal layer, and the organization of chromatin fibers, not observed before by any microscopic technique. The ability to resolve nano-structural details of chromosomes using A-ESEM is validated by measuring gold nanoparticles with achievable resolution in the lower nanometre units."
461,A3_sensors,39013112,PMC11425275,10.1002/advs.202405374,2024,"Advanced science (Weinheim, Baden-Wurttemberg, Germany)",research-article; Journal Article,"Stretchable Piezoresistive Pressure Sensor Array with Sophisticated Sensitivity, Strain-Insensitivity, and Reproducibility.","This study delves into the development of a novel 10 by 10 sensor array featuring 100 pressure sensor pixels, achieving remarkable sensitivity up to 888.79 kPa-1, through the innovative design of sensor structure. The critical challenge of strain sensitivity inherent is addressed in stretchable piezoresistive pressure sensors, a domain that has seen significant interest due to their potential for practical applications. This approach involves synthesizing and electrospinning polybutadiene-urethane (PBU), a reversible cross-linking polymer, subsequently coated with MXene nanosheets to create a conductive fabric. This fabrication technique strategically enhances sensor sensitivity by minimizing initial current values and incorporating semi-cylindrical electrodes with Ag nanowires (AgNWs) selectively coated for optimal conductivity. The application of a pre-strain method to electrode construction ensures strain immunity, preserving the sensor's electrical properties under expansion. The sensor array demonstrated remarkable sensitivity by consistently detecting even subtle airflow from an air gun in a wind sensing test, while a novel deep learning methodology significantly enhanced the long-term sensing accuracy of polymer-based stretchable mechanical sensors, marking a major advancement in sensor technology. This research presents a significant step forward in enhancing the reliability and performance of stretchable piezoresistive pressure sensors, offering a comprehensive solution to their current limitations."
462,A3_sensors,40363359,PMC12074355,10.3390/s25092922,2025,"Sensors (Basel, Switzerland)",research-article; Journal Article,A Novel 3D Approach with a CNN and Swin Transformer for Decoding EEG-Based Motor Imagery Classification.,"Motor imagery (MI) is a crucial research field within the brain-computer interface (BCI) domain. It enables patients with muscle or neural damage to control external devices and achieve movement functions by simply imagining bodily motions. Despite the significant clinical and application value of MI-BCI technology, accurately decoding high-dimensional and low signal-to-noise ratio (SNR) electroencephalography (EEG) signals remains challenging. Moreover, traditional deep learning approaches exhibit limitations in processing EEG signals, particularly in capturing the intrinsic correlations between electrode channels and long-distance temporal dependencies. To address these challenges, this research introduces a novel end-to-end decoding network that integrates convolutional neural networks (CNNs) and a Swin Transformer, aiming at enhancing the classification accuracy of the MI paradigm in EEG signals. This approach transforms EEG signals into a three-dimensional data structure, utilizing one-dimensional convolutions along the temporal dimension and two-dimensional convolutions across the EEG electrode distribution for initial spatio-temporal feature extraction, followed by deep feature exploration using a 3D Swin Transformer module. Experimental results show that on the BCI Competition IV-2a dataset, the proposed method achieves 83.99% classification accuracy, which is significantly better than the existing deep learning methods. This finding underscores the efficacy of combining a CNN and Swin Transformer in a 3D data space for processing high-dimensional, low-SNR EEG signals, offering a new perspective for the future development of MI-BCI. Future research could further explore the applicability of this method across various BCI tasks and its potential clinical implementations."
463,A3_sensors,38273340,PMC10809621,10.1186/s12916-024-03252-y,2024,BMC medicine,"Research Support, Non-U.S. Gov't; research-article; Journal Article",Predicting cognitive scores from wearable-based digital physiological features using machine learning: data from a clinical trial in mild cognitive impairment.,"BackgroundContinuous assessment and remote monitoring of cognitive function in individuals with mild cognitive impairment (MCI) enables tracking therapeutic effects and modifying treatment to achieve better clinical outcomes. While standardized neuropsychological tests are inconvenient for this purpose, wearable sensor technology collecting physiological and behavioral data looks promising to provide proxy measures of cognitive function. The objective of this study was to evaluate the predictive ability of digital physiological features, based on sensor data from wrist-worn wearables, in determining neuropsychological test scores in individuals with MCI.MethodsWe used the dataset collected from a 10-week single-arm clinical trial in older adults (50-70 years old) diagnosed with amnestic MCI (N = 30) who received a digitally delivered multidomain therapeutic intervention. Cognitive performance was assessed before and after the intervention using the Neuropsychological Test Battery (NTB) from which composite scores were calculated (executive function, processing speed, immediate memory, delayed memory and global cognition). The Empatica E4, a wrist-wearable medical-grade device, was used to collect physiological data including blood volume pulse, electrodermal activity, and skin temperature. We processed sensors' data and extracted a range of physiological features. We used interpolated NTB scores for 10-day intervals to test predictability of scores over short periods and to leverage the maximum of wearable data available. In addition, we used individually centered data which represents deviations from personal baselines. Supervised machine learning was used to train models predicting NTB scores from digital physiological features and demographics. Performance was evaluated using ""leave-one-subject-out"" and ""leave-one-interval-out"" cross-validation.ResultsThe final sample included 96 aggregated data intervals from 17 individuals. In total, 106 digital physiological features were extracted. We found that physiological features, especially measures of heart rate variability, correlated most strongly to the executive function compared to other cognitive composites. The model predicted the actual executive function scores with correlation r = 0.69 and intra-individual changes in executive function scores with r = 0.61.ConclusionsOur findings demonstrated that wearable-based physiological measures, primarily HRV, have potential to be used for the continuous assessments of cognitive function in individuals with MCI."
464,A3_sensors,36807836,PMC10104662,10.1002/advs.202207400,2023,"Advanced science (Weinheim, Baden-Wurttemberg, Germany)","Research Support, Non-U.S. Gov't; research-article; Journal Article",Using Wool Keratin as a Structural Biomaterial and Natural Mediator to Fabricate Biocompatible and Robust Bioelectronic Platforms.,"The design and fabrication of biopolymer-incorporated flexible electronics have attracted immense interest in healthcare systems, degradable implants, and electronic skin. However, the application of these soft bioelectronic devices is often hampered by their intrinsic drawbacks, such as poor stability, inferior scalability, and unsatisfactory durability. Herein, for the first time, using wool keratin (WK) as a structural biomaterial and natural mediator to fabricate soft bioelectronics is presented. Both theoretical and experimental studies reveal that the unique features of WK can endow carbon nanotubes (CNTs) with excellent water dispersibility, stability, and biocompatibility. Therefore, well-dispersed and electroconductive bio-inks can be prepared via a straightforward mixing process of WK and CNTs. The as-obtained WK/CNTs inks can be directly exploited to design versatile and high-performance bioelectronics, such as flexible circuits and electrocardiogram electrodes. More impressively, WK can also be a natural mediator to connect CNTs and polyacrylamide chains to fabricate a strain sensor with enhanced mechanical and electrical properties. With conformable and soft architectures, these WK-derived sensing units can be further assembled into an integrated glove for real-time gesture recognition and dexterous robot manipulations, suggesting the great potential of the WK/CNT composites for wearable artificial intelligence."
465,A3_sensors,38392124,PMC10886511,10.3390/biomimetics9020078,2024,"Biomimetics (Basel, Switzerland)",research-article; Journal Article,Biohybrid Robotic Hand to Investigate Tactile Encoding and Sensorimotor Integration.,"For people who have experienced a spinal cord injury or an amputation, the recovery of sensation and motor control could be incomplete despite noteworthy advances with invasive neural interfaces. Our objective is to explore the feasibility of a novel biohybrid robotic hand model to investigate aspects of tactile sensation and sensorimotor integration with a pre-clinical research platform. Our new biohybrid model couples an artificial hand with biological neural networks (BNN) cultured in a multichannel microelectrode array (MEA). We decoded neural activity to control a finger of the artificial hand that was outfitted with a tactile sensor. The fingertip sensations were encoded into rapidly adapting (RA) or slowly adapting (SA) mechanoreceptor firing patterns that were used to electrically stimulate the BNN. We classified the coherence between afferent and efferent electrodes in the MEA with a convolutional neural network (CNN) using a transfer learning approach. The BNN exhibited the capacity for functional specialization with the RA and SA patterns, represented by significantly different robotic behavior of the biohybrid hand with respect to the tactile encoding method. Furthermore, the CNN was able to distinguish between RA and SA encoding methods with 97.84% ± 0.65% accuracy when the BNN was provided tactile feedback, averaged across three days in vitro (DIV). This novel biohybrid research platform demonstrates that BNNs are sensitive to tactile encoding methods and can integrate robotic tactile sensations with the motor control of an artificial hand. This opens the possibility of using biohybrid research platforms in the future to study aspects of neural interfaces with minimal human risk."
466,A3_sensors,40382337,PMC12085679,10.1038/s41467-025-59868-y,2025,Nature communications,research-article; Journal Article,Plasmonic coffee-ring biosensing for AI-assisted point-of-care diagnostics.,"A major challenge in addressing global health issues is developing simple, affordable biosensors with high sensitivity and specificity. Significant progress has been made in at-home medical detection kits, especially during the COVID-19 pandemic. Here, we demonstrated a coffee-ring biosensor with ultrahigh sensitivity, utilizing the evaporation of two sessile droplets and the formation of coffee-rings with asymmetric nanoplasmonic patterns to detect disease-relevant proteins as low as 3 pg/ml, under 12 min. Experimentally, a protein-laden droplet dries on a nanofibrous membrane, pre-concentrating biomarkers at the coffee ring. A second plasmonic droplet with functionalized gold nanoshells is then deposited at an overlapping spot and dried, forming a visible asymmetric plasmonic pattern due to distinct aggregation mechanisms. To enhance detection sensitivity, a deep neural model integrating generative and convolutional networks was used to enable quantitative biomarker diagnosis from smartphone photos. We tested four different proteins, Procalcitonin (PCT) for sepsis, SARS-CoV-2 Nucleocapsid (N) protein for COVID-19, Carcinoembryonic antigen (CEA) and Prostate-specific antigen (PSA) for cancer diagnosis, showing a working concentration range over five orders of magnitude. Sensitivities surpass equivalent lateral flow immunoassays by over two orders of magnitude using human saliva samples. The detection principle, along with the device, and materials can be further advanced for early disease diagnostics."
467,A3_sensors,38029346,PMC10797442,10.1002/advs.202305528,2024,"Advanced science (Weinheim, Baden-Wurttemberg, Germany)","Research Support, Non-U.S. Gov't; research-article; Journal Article",Micropyramid Array Bimodal Electronic Skin for Intelligent Material and Surface Shape Perception Based on Capacitive Sensing.,"Developing electronic skins (e-skins) that are comparable to or even beyond human tactile perception holds significant importance in advancing the process of intellectualization. In this context, a machine-learning-motivated micropyramid array bimodal (MAB) e-skin based on capacitive sensing is reported, which enables spatial mapping applications based on bimodal sensing (proximity and pressure) implemented via fringing and iontronic effects, such as contactless measurement of 3D objects and contact recognition of Braille letters. Benefiting from the iontronic effect and single-micropyramid structure, the MAB e-skin in pressure mode yields impressive features: a maximum sensitivity of 655.3 kPa-1 (below 0.5 kPa), a linear sensitivity of 327.9 kPa-1 (0.5-15 kPa), and an ultralow limit of detection of 0.2 Pa. With the assistance of multilayer perceptron and convolutional neural network, the MAB e-skin can accurately perceive 6 materials and 10 surface shapes based on the training and learning using the collected datasets from proximity and pressure modes, thus allowing it to achieve the precise perception of different objects within one proximity-pressure cycle. The development of this MAB e-skin opens a new avenue for robotic skin and the expansion of advanced applications."
468,A3_sensors,39726882,PMC11668936,10.31661/jbpe.v0i0.2207-1521,2024,Journal of biomedical physics & engineering,research-article; Journal Article,An Unsupervised Feature Extraction Method based on CLSTM-AE for Accurate P300 Classification in Brain-Computer Interface Systems.,"BackgroundThe P300 signal, an endogenous component of event-related potentials, is extracted from an electroencephalography signal and employed in Brain-computer Interface (BCI) devices.ObjectiveThe current study aimed to address challenges in extracting useful features from P300 components and detecting P300 through a hybrid unsupervised manner based on Convolutional Neural Network (CNN) and Long Short-term Memory (LSTM).Material and methodsIn this cross-sectional study, CNN as a useful method for the P300 classification task emphasizes spatial characteristics of data. However, CNN and LSTM networks are combined to modify the classification system by extracting both spatial and temporal features. Then, the CNN-LSTM network was trained in an unsupervised learning method based on an autoencoder to improve Signal-to-noise Ratio (SNR) by extracting main components from latent space. To deal with imbalanced data, an Adaptive Synthetic Sampling Approach (ADASYN) is used and augmented without any duplication.ResultsThe trained model, tested on the BCI competition III dataset, including two normal subjects, with an accuracy of 95% and 94% for subjects A and B in P300 detection, respectively.ConclusionCNN-LSTM, was embedded into an autoencoder and introduced to simultaneously extract spatial and temporal features and manage the computational complexity of the method. Further, ADASYN as an augmentation method was proposed to deal with the imbalanced nature of data, which not only maintained feature space as before but also preserved anatomical features of P300. High-quality results highlight the suitable efficiency of the proposed method."
469,A3_sensors,32651424,PMC7351733,10.1038/s41467-020-17288-0,2020,Nature communications,"Research Support, Non-U.S. Gov't; research-article; Research Support, U.S. Gov't, Non-P.H.S.; Journal Article; Research Support, N.I.H., Extramural",All-printed nanomembrane wireless bioelectronics using a biocompatible solderable graphene for multimodal human-machine interfaces.,"Recent advances in nanomaterials and nano-microfabrication have enabled the development of flexible wearable electronics. However, existing manufacturing methods still rely on a multi-step, error-prone complex process that requires a costly cleanroom facility. Here, we report a new class of additive nanomanufacturing of functional materials that enables a wireless, multilayered, seamlessly interconnected, and flexible hybrid electronic system. All-printed electronics, incorporating machine learning, offers multi-class and versatile human-machine interfaces. One of the key technological advancements is the use of a functionalized conductive graphene with enhanced biocompatibility, anti-oxidation, and solderability, which allows a wireless flexible circuit. The high-aspect ratio graphene offers gel-free, high-fidelity recording of muscle activities. The performance of the printed electronics is demonstrated by using real-time control of external systems via electromyograms. Anatomical study with deep learning-embedded electrophysiology mapping allows for an optimal selection of three channels to capture all finger motions with an accuracy of about 99% for seven classes."
470,A3_sensors,35126492,PMC8816582,10.1155/2022/4454226,2022,Computational intelligence and neuroscience,research-article; Journal Article,Biosensor-Assisted Method for Abdominal Syndrome Classification Using Machine Learning Algorithm.,"The digestive system is one of the essential systems in human physiology where the stomach has a significant part to play with its accessories like the esophagus, duodenum, small intestines, and large intestinal tract. Many individuals across the globe suffer from gastric dysrhythmia in combination with dyspepsia (improper digestion), unexplained nausea (feeling), vomiting, abdominal discomfort, ulcer of the stomach, and gastroesophageal reflux illnesses. Some of the techniques used to identify anomalies include clinical analysis, endoscopy, electrogastrogram, and imaging. Electrogastrogram is the registration of electrical impulses that pass through the stomach muscles and regulate the contraction of the muscle. The electrode senses the electrical impulses from the stomach muscles, and the electrogastrogram is recorded. A computer analyzes the captured electrogastrogram (EGG) signals. The usual electric rhythm produces an enhanced current in the typical stomach muscle after a meal. Postmeal electrical rhythm is abnormal in those with stomach muscles or nerve anomalies. This study considers EGG of ordinary individuals, bradycardia, dyspepsia, nausea, tachycardia, ulcer, and vomiting for analysis. Data are collected in collaboration with the doctor for preprandial and postprandial conditions for people with diseases and everyday individuals. In CWT with a genetic algorithm, db4 is utilized to obtain an EGG signal wave pattern in a 3D plot using MATLAB. The figure shows that the existence of the peak reflects the EGG signal cycle. The number of present peaks categorizes EGG. Adaptive Resonance Classifier Network (ARCN) is utilized to identify EGG signals as normal or abnormal subjects, depending on the parameter of alertness (μ). This study may be used as a medical tool to diagnose digestive system problems before proposing invasive treatments. Accuracy of the proposed work comes up with 95.45%, and sensitivity and specificity range is added as 92.45% and 87.12%."
471,A3_sensors,39594001,PMC11594157,10.3390/foods13223586,2024,"Foods (Basel, Switzerland)",research-article; Journal Article,Smart E-Tongue Based on Polypyrrole Sensor Array as Tool for Rapid Analysis of Coffees from Different Varieties.,"Due to the lucrative coffee market, this product is often subject to adulteration, as inferior or non-coffee materials or varieties are mixed in, negatively affecting its quality. Traditional sensory evaluations by expert tasters and chemical analysis methods, although effective, are time-consuming, costly, and require skilled personnel. The aim of this work was to evaluate the capacity of a smart electronic tongue (e-tongue) based on a polypyrrole sensor array as a tool for the rapid analysis of coffees elaborated from beans of different varieties. The smart e-tongue device was developed with a polypyrrole-based voltammetric sensor array and portable multi-potentiostat operated via smartphone. The sensor array comprised seven electrodes, each doped with distinct counterions to enhance cross-selectivity. The smart e-tongue was tested on five Arabica coffee varieties (Typica, Bourbon, Maragogype, Tabi, and Caturra). The resulting voltammetric signals were analyzed using principal component analysis assisted by neural networks (PCNN) and cluster analysis (CA), enabling clear discrimination among the coffee samples. The results demonstrate that the polypyrrole sensors can generate distinct electrochemical patterns, serving as ""fingerprints"" for each coffee variety. This study highlights the potential of polypyrrole-based smart e-tongues as a rapid, cost-effective, and portable alternative for coffee quality assessment and adulteration detection, with broader applications in the food and beverage industry."
472,A3_sensors,35425420,PMC8981118,10.1039/d1ra07859c,2022,RSC advances,research-article; Journal Article,Determination of ethanol content during simultaneous saccharification and fermentation (SSF) of cassava based on a colorimetric sensor technique.,"Ethanol content is an important indicator reflecting the yield of simultaneous saccharification and fermentation (SSF) of cassava. This study proposes an innovative method based on a colorimetric sensor technique to determine the ethanol content during the SSF of cassava. First, 14 kinds of porphyrin material and one kind of pH indicator were used to form a colorimetric sensor array for collecting odor data during the SSF of cassava. Then, the ant colony algorithm (ACO) and the simulated annealing algorithm (SA) were used to optimize and reconstruct the input color feature components of the support vector regression (SVR) model. The differential evolution algorithm (DE) was used to optimize the penalty factor (c) and the kernel function (g) of the SVR model. The results obtained showed that the combined prediction model of SA-DE-SVR had the highest accuracy, and the coefficient of determination (R P 2) in the prediction set was 0.9549, and the root mean square error of prediction (RMSEP) was 0.1562. The overall results reveal that the use of a colorimetric sensor technique combined with different intelligent optimization algorithms to establish a model can quantitatively determine the ethanol content in the SSF of cassava, and has broad development prospects."
