rank,area,epmc_id,pmcid,doi,year,journal,pub_types,title,abstract
1,A4_tissue,40203060,PMC12011309,10.1371/journal.pcbi.1012997,2025,PLoS computational biology,"research-article; Research Support, U.S. Gov't, Non-P.H.S.; Journal Article",Transcriptomic landscape around wound bed defines regenerative versus non-regenerative outcomes in mouse digit amputation.,"In the mouse distal terminal phalanx (P3), it remains mystery why amputation at less than 33% of the digit results in regeneration, while amputation exceeding 67% leads to non-regeneration. Unraveling the molecular mechanisms underlying this disparity could provide crucial insights for regenerative medicine. In this study, we aim to investigate the tissues within the wound bed to understand the tissue microenvironment associated with regenerative versus non-regenerative outcomes. We employed a P3-specific amputation model in mice, integrated with time-series RNA-seq and a macrophage assay challenged with pro- and anti-inflammatory cytokines, to explore these mechanisms. Our findings revealed that non-regenerative digits exhibit a greater intense early transcriptional response in the wound bed compared to regenerative ones. Furthermore, early macrophage phenotypes differ distinctly between regenerative and non-regenerative outcomes. Regenerative digits also display unique co-expression modules related to Bone Morphogenetic Protein 2 (Bmp2). The differentially expressed genes (DEGs) between regenerative and non-regenerative digits are enriched in targets of several transcription factors, such as HOXA11 and HOXD11 from the HOX gene family, showing a time-dependent pattern of enrichment. These transcription factors, known for their roles in bone regeneration, skeletal patterning, osteoblast activity, fracture healing, angiogenesis, and key signaling pathways, may act as master regulators of the regenerative gene signatures. Additionally, we developed a deep learning AI model capable of predicting post-amputation time and level from RNA-seq data, indicating that the regenerative probability may be ""encoded"" in the transcriptomic response to amputation."
2,A4_tissue,40303932,PMC12040341,10.26502/josm.511500190,2025,Journal of orthopaedics and sports medicine,research-article; Journal Article,Innovative Approaches for the Treatment of Spinal Disorders: A Comprehensive Review.,"This comprehensive review explores the latest advancements in the management of spinal disorders, including minimally invasive surgical techniques, treatment of complex deformities, disc replacement technologies, and non-surgical approaches. The review highlights the potential of innovations such as robotic-assisted surgeries, regenerative medicine, and artificial intelligence to enhance precision, reduce recovery times, and improve patient outcomes. It also discusses the integration of wearable technologies and personalized medicine in tailoring treatments. Challenges such as high costs, accessibility issues, and limited long-term data are critically analyzed, alongside gaps in research, including a lack of diversity in study populations and insufficient economic evaluations. Future directions emphasize the need for multidisciplinary collaboration to develop durable, accessible, and personalized solutions to address the global burden of spinal disorders."
3,A4_tissue,36991817,PMC10057383,10.3390/s23063106,2023,"Sensors (Basel, Switzerland)",research-article; Journal Article,Human Arm Workout Classification by Arm Sleeve Device Based on Machine Learning Algorithms.,"Wearables have been applied in the field of fitness in recent years to monitor human muscles by recording electromyographic (EMG) signals. Understanding muscle activation during exercise routines allows strength athletes to achieve the best results. Hydrogels, which are widely used as wet electrodes in the fitness field, are not an option for wearable devices due to their characteristics of being disposable and skin-adhesion. Therefore, a lot of research has been conducted on the development of dry electrodes that can replace hydrogels. In this study, to make it wearable, neoprene was impregnated with high-purity SWCNTs to develop a dry electrode with less noise than hydrogel. Due to the impact of COVID-19, the demand for workouts to improve muscle strength, such as home gyms and personal trainers (PT), has increased. Although there are many studies related to aerobic exercise, there is a lack of wearable devices that can assist in improving muscle strength. This pilot study proposed the development of a wearable device in the form of an arm sleeve that can monitor muscle activity by recording EMG signals of the arm using nine textile-based sensors. In addition, some machine learning models were used to classify three arm target movements such as wrist curl, biceps curl, and dumbbell kickback from the EMG signals recorded by fiber-based sensors. The results obtained show that the EMG signal recorded by the proposed electrode contains less noise compared to that collected by the wet electrode. This was also evidenced by the high accuracy of the classification model used to classify the three arms workouts. This work classification device is an essential step towards wearable devices that can replace next-generation PT."
4,A4_tissue,35083408,PMC8753532,10.18699/vj21.103,2021,Vavilovskii zhurnal genetiki i selektsii,research-article; Journal Article,CLARITY and Light-Sheet microscopy sample preparation in application to human cerebral organoids.,"Cerebral organoids are three-dimensional cell-culture systems that represent a unique experimental model reconstructing early events of human neurogenesis in vitro in health and various pathologies. The most commonly used approach to studying the morphological parameters of organoids is immunohistochemical analysis; therefore, the three-dimensional cytoarchitecture of organoids, such as neural networks or asymmetric internal organization, is difficult to reconstruct using routine approaches. Immunohistochemical analysis of biological objects is a universal method in biological research. One of the key stages of this method is the production of cryo- or paraffin serial sections of samples, which is a very laborious and time-consuming process. In addition, slices represent only a tiny part of the object under study; three-dimensional reconstruction from the obtained serial images is an extremely complex process and often requires expensive special programs for image processing. Unfortunately, staining and microscopic examination of samples are difficult due to their low permeability and a high level of autofluorescence. Tissue cleaning technologies combined with Light-Sheet microscopy allows these challenges to be overcome. CLARITY is one of the tissue preparation techniques that makes it possible to obtain opaque biological objects transparent while maintaining the integrity of their internal structures. This method is based on a special sample preparation, during which lipids are removed from cells and replaced with hydrogel compounds such as acrylamide, while proteins and nucleic acids remain intact. CLARITY provides researchers with a unique opportunity to study three-dimensional biological structures while preserving their internal organization, including whole animals or embryos, individual organs and artificially grown organoids, in particular cerebral organoids. This protocol summarizes an optimization of CLARITY conditions for human brain organoids and the preparation of Light-Sheet microscopy samples."
5,A4_tissue,37711443,PMC10497969,10.3389/fbioe.2023.1225495,2023,Frontiers in bioengineering and biotechnology,research-article; Journal Article,Contributions of deep learning to automated numerical modelling of the interaction of electric fields and cartilage tissue based on 3D images.,"Electric fields find use in tissue engineering but also in sensor applications besides the broad classical application range. Accurate numerical models of electrical stimulation devices can pave the way for effective therapies in cartilage regeneration. To this end, the dielectric properties of the electrically stimulated tissue have to be known. However, knowledge of the dielectric properties is scarce. Electric field-based methods such as impedance spectroscopy enable determining the dielectric properties of tissue samples. To develop a detailed understanding of the interaction of the employed electric fields and the tissue, fine-grained numerical models based on tissue-specific 3D geometries are considered. A crucial ingredient in this approach is the automated generation of numerical models from biomedical images. In this work, we explore classical and artificial intelligence methods for volumetric image segmentation to generate model geometries. We find that deep learning, in particular the StarDist algorithm, permits fast and automatic model geometry and discretisation generation once a sufficient amount of training data is available. Our results suggest that already a small number of 3D images (23 images) is sufficient to achieve 80% accuracy on the test data. The proposed method enables the creation of high-quality meshes without the need for computer-aided design geometry post-processing. Particularly, the computational time for the geometrical model creation was reduced by half. Uncertainty quantification as well as a direct comparison between the deep learning and the classical approach reveal that the numerical results mainly depend on the cell volume. This result motivates further research into impedance sensors for tissue characterisation. The presented approach can significantly improve the accuracy and computational speed of image-based models of electrical stimulation for tissue engineering applications."
6,A4_tissue,38977828,PMC11231322,10.1038/s41598-024-66591-z,2024,Scientific reports,research-article; Journal Article,"Noninvasive, label-free image approaches to predict multimodal molecular markers in pluripotency assessment.","Manufacturing regenerative medicine requires continuous monitoring of pluripotent cell culture and quality assessment while eliminating cell destruction and contaminants. In this study, we employed a novel method to monitor the pluripotency of stem cells through image analysis, avoiding the traditionally used invasive procedures. This approach employs machine learning algorithms to analyze stem cell images to predict the expression of pluripotency markers, such as OCT4 and NANOG, without physically interacting with or harming cells. We cultured induced pluripotent stem cells under various conditions to induce different pluripotent states and imaged the cells using bright-field microscopy. Pluripotency states of induced pluripotent stem cells were assessed using invasive methods, including qPCR, immunostaining, flow cytometry, and RNA sequencing. Unsupervised and semi-supervised learning models were applied to evaluate the results and accurately predict the pluripotency of the cells using only image analysis. Our approach directly links images to invasive assessment results, making the analysis of cell labeling and annotation of cells in images by experts dispensable. This core achievement not only contributes for safer and more reliable stem cell research but also opens new avenues for real-time monitoring and quality control in regenerative medicine manufacturing. Our research fills an important gap in the field by providing a viable, noninvasive alternative to traditional invasive methods for assessing pluripotency. This innovation is expected to make a significant contribution to improving regenerative medicine manufacturing because it will enable a more detailed and feasible understanding of cellular status during the manufacturing process."
7,A4_tissue,37672883,PMC10602575,10.1002/advs.202303922,2023,"Advanced science (Weinheim, Baden-Wurttemberg, Germany)",research-article; Journal Article,"MXene-Induced Flexible, Water-Retention, Semi-Interpenetrating Network Hydrogel for Ultra-Stable Strain Sensors with Real-Time Gesture Recognition.","As water-saturated polymer networks, hydrogels are a growing family of soft materials that have recently become promising candidates for flexible electronics application. However, it remains still difficult for hydrogel-based strain sensors to achieve the organic unity of mechanical properties, electrical conductivity, and water retention. To address this challenge, based on the template, the excellent properties of MXene nanoflakes (rich surface functional groups, high specific surface area, hydrophilicity, and conductivity) are fully utilized in this study to prepare the P(AA-co-AM)/MXene@PDADMAC semi-interpenetrating network (semi-IPN) hydrogel. The proposed hydrogel continues to exhibit excellent strain response and flexibility after 30 days of storage at room temperature, and its performance do not decrease after 1100 cycles. Considering these characteristics, a hydrogel-based device for converting sign language into Chinese characters is successfully developed and optimized using machine learning. Therefore, this study provides novel insight and application directions for hydrogel families."
8,A4_tissue,37280224,PMC10244346,10.1038/s41421-023-00543-1,2023,Cell discovery,research-article; Journal Article,A live-cell image-based machine learning strategy for reducing variability in PSC differentiation systems.,"The differentiation of pluripotent stem cells (PSCs) into diverse functional cell types provides a promising solution to support drug discovery, disease modeling, and regenerative medicine. However, functional cell differentiation is currently limited by the substantial line-to-line and batch-to-batch variabilities, which severely impede the progress of scientific research and the manufacturing of cell products. For instance, PSC-to-cardiomyocyte (CM) differentiation is vulnerable to inappropriate doses of CHIR99021 (CHIR) that are applied in the initial stage of mesoderm differentiation. Here, by harnessing live-cell bright-field imaging and machine learning (ML), we realize real-time cell recognition in the entire differentiation process, e.g., CMs, cardiac progenitor cells (CPCs), PSC clones, and even misdifferentiated cells. This enables non-invasive prediction of differentiation efficiency, purification of ML-recognized CMs and CPCs for reducing cell contamination, early assessment of the CHIR dose for correcting the misdifferentiation trajectory, and evaluation of initial PSC colonies for controlling the start point of differentiation, all of which provide a more invulnerable differentiation method with resistance to variability. Moreover, with the established ML models as a readout for the chemical screen, we identify a CDK8 inhibitor that can further improve the cell resistance to the overdose of CHIR. Together, this study indicates that artificial intelligence is able to guide and iteratively optimize PSC differentiation to achieve consistently high efficiency across cell lines and batches, providing a better understanding and rational modulation of the differentiation process for functional cell manufacturing in biomedical applications."
9,A4_tissue,35269711,PMC8910760,10.3390/ijms23052568,2022,International journal of molecular sciences,research-article; Journal Article,"Protein Expression of AEBP1, MCM4, and FABP4 Differentiate Osteogenic, Adipogenic, and Mesenchymal Stromal Stem Cells.","Mesenchymal stem cells (MSCs) gain an increasing focus in the field of regenerative medicine due to their differentiation abilities into chondrocytes, adipocytes, and osteoblastic cells. However, it is apparent that the transformation processes are extremely complex and cause cellular heterogeneity. The study aimed to characterize differences between MSCs and cells after adipogenic (AD) or osteoblastic (OB) differentiation at the proteome level. Comparative proteomic profiling was performed using tandem mass spectrometry in data-independent acquisition mode. Proteins were quantified by deep neural networks in library-free mode and correlated to the Molecular Signature Database (MSigDB) hallmark gene set collections for functional annotation. We analyzed 4108 proteins across all samples, which revealed a distinct clustering between MSCs and cell differentiation states. Protein expression profiling identified activation of the Peroxisome proliferator-activated receptors (PPARs) signaling pathway after AD. In addition, two distinct protein marker panels could be defined for osteoblastic and adipocytic cell lineages. Hereby, overexpression of AEBP1 and MCM4 for OB as well as of FABP4 for AD was detected as the most promising molecular markers. Combination of deep neural network and machine-learning algorithms with data-independent mass spectrometry distinguish MSCs and cell lineages after adipogenic or osteoblastic differentiation. We identified specific proteins as the molecular basis for bone formation, which could be used for regenerative medicine in the future."
10,A4_tissue,37512721,PMC10386166,10.3390/mi14071410,2023,Micromachines,research-article; Journal Article,A Neural Network Approach to Reducing the Costs of Parameter-Setting in the Production of Polyethylene Oxide Nanofibers.,"Nanofibers, which are formed by the electrospinning process, are used in a variety of applications. For this purpose, a specific diameter suited for each application is required, which is achieved by varying a set of parameters. This parameter adjustment process is empirical and works by trial and error, causing high input costs and wasting time and financial resources. In this work, an artificial neural network model is presented to predict the diameter of polyethylene nanofibers, based on the adjustment of 15 parameters. The model was trained from 105 records from data obtained from the literature and was then validated with nine nanofibers that were obtained and measured in the laboratory. The average error between the actual results was 2.29%. This result differs from those taken in an evaluation of the dataset. Therefore, the importance of increasing the dataset and the validation using independent data is highlighted."
11,A4_tissue,40874195,PMC12380408,10.1002/qub2.70004,2025,"Quantitative biology (Beijing, China)",other; Journal Article,Perspectives on integrating artificial intelligence and single-cell omics for cellular plasticity research.,"Cellular plasticity enables cells to dynamically adapt to environmental changes by altering their phenotype. This plasticity plays a crucial role in tissue repair and regeneration and contributes to pathological processes such as cancer metastasis. Advances in single-cell omics have significantly advanced the study of cellular states and provided new opportunities for accurate cell classification and uncovering cellular transitions. In this perspective, we emphasize integrating chromatin accessibility data and extrinsic factors, such as microenvironmental cues, with single-cell transcriptomic data to develop holistic models for identifying plastic cell states. Additionally, coupling artificial intelligence with single-cell omics offers transformative potential to address existing challenges and fill gaps in identifying and characterizing plastic cells. We envision the development of a universal plasticity metric, a standardized metric for quantifying cellular plasticity. This metric would enable consistent measurement across diverse studies, creating a unified framework that bridges fields such as developmental biology, cancer research, and regenerative medicine. Fostering innovative approaches to identifying and analyzing cellular plasticity promises not only to deepen our understanding of cellular plasticity but also to accelerate therapeutic advancements, paving the way for novel precision medicine strategies to treat complex diseases such as cancer."
12,A4_tissue,39630936,PMC11789582,10.1002/advs.202410395,2025,"Advanced science (Weinheim, Baden-Wurttemberg, Germany)",research-article; Journal Article,Nerve-Inspired Optical Waveguide Stretchable Sensor Fusing Wireless Transmission and AI Enabling Smart Tele-Healthcare.,"Flexible strain monitoring of hand and joint muscle movement is recognized as an effective method for the diagnosis and rehabilitation of neurological diseases such as stroke and Parkinson's disease. However, balancing high sensitivity and large strain, improving wearing comfort, and solving the separation of diagnosis and treatment are important challenges for further building tele-healthcare systems. Herein, a hydrogel-based optical waveguide stretchable (HOWS) sensor is proposed in this paper. A double network structure is adopted to allow the HOWS sensor to exhibit high stretchability of the tensile strain up to 600% and sensitivity of 0.685 mV %-1. Additionally, the flexible smart bionic fabric embedding the HOWS sensor, produced through the warp and weft knitting, significantly enhances wearing comfort. A small circuit board is prepared to enable wireless signal transmission of the designed sensor, thereby improving the daily portability. A speech recognition and human-machine interaction system, based on sensor signal acquisition, is constructed, and the convolutional neural network algorithm is integrated for disease assessment. By integrating sensing, wireless transmission, and artificial intelligence (AI), a smart tele-healthcare system based on HOWS sensors is demonstrated to hold great potential for early warning and rehabilitation monitoring of neurological diseases."
13,A4_tissue,35764935,PMC9238268,10.1186/s11658-022-00347-3,2022,Cellular & molecular biology letters,research-article; Journal Article,Raman microspectroscopy fingerprinting of organoid differentiation state.,"BackgroundOrganoids, which are organs grown in a dish from stem or progenitor cells, model the structure and function of organs and can be used to define molecular events during organ formation, model human disease, assess drug responses, and perform grafting in vivo for regenerative medicine approaches. For therapeutic applications, there is a need for nondestructive methods to identify the differentiation state of unlabeled organoids in response to treatment with growth factors or pharmacologicals.MethodsUsing complex 3D submandibular salivary gland organoids developed from embryonic progenitor cells, which respond to EGF by proliferating and FGF2 by undergoing branching morphogenesis and proacinar differentiation, we developed Raman confocal microspectroscopy methods to define Raman signatures for each of these organoid states using both fixed and live organoids.ResultsThree separate quantitative comparisons, Raman spectral features, multivariate analysis, and machine learning, classified distinct organoid differentiation signatures and revealed that the Raman spectral signatures were predictive of organoid phenotype.ConclusionsAs the organoids were unlabeled, intact, and hydrated at the time of imaging, Raman spectral fingerprints can be used to noninvasively distinguish between different organoid phenotypes for future applications in disease modeling, drug screening, and regenerative medicine."
14,A4_tissue,40434038,PMC12376583,10.1002/advs.202504455,2025,"Advanced science (Weinheim, Baden-Wurttemberg, Germany)",research-article; Journal Article,Multiscale Organization of Neural Networks in a 3D Bioprinted Matrix.,"The efficient establishment of in vitro neural models that accurately mimic the structural and functional connectivity of neural networks is critical in neuroscience research. 3D bioprinting shows great potential for constructing sophisticated in vitro models with high freedom of design. However, mature neurons are delicate and susceptible to manipulation. Here, extrusion-based 3D bioprinting is employed to fabricate gelatin methacryloyl (GelMA)-based constructs containing embryonic day 18 (E18) rat cortical neurons, referred to as 3D neuMatrix. 3D neuMatrix displays favorable neuronal viability, with the progressive formation of a 3D brain-like neural network with local and long-range functional axon connections. Compared with 2D cultured neurons, 3D neuMatrix is more similar to the E18 cortex according to the bulk transcriptomic profile, with a recreation of cellular components in the cerebral cortex. The 3D neuMatrix is employed to establish a disease model of ischemic stroke, with a faithful recapitulation of the viability, function, and transcriptomic features of rats with middle cerebral artery occlusion/reperfusion (MCAO/R). These findings demonstrate the formation of multiscale neural circuits within 3D neuMatrix and its valuable potential in the study of neurodevelopment, disease modeling with drug screening, and in vitro intelligence."
15,A4_tissue,40212546,PMC11935280,10.1002/smsc.202400097,2024,Small science,research-article; Journal Article,Light-Assisted 3D-Printed Hydrogels for Antibacterial Applications.,"Light-assisted 3D printing technology, which uses a light source to solidify a photopolymerizable prepolymer solution, has shown great potential in the development of antibacterial hydrogels with high-resolution, specific features and functionalities. 3D-printed hydrogels with customized structures and antibacterial functions are widely used in tissue engineering, regenerative medicine, wound healing, and implants to advance the modeling and treatment of diseases. In the current review, an overview of light-assisted 3D printing technologies is first provided for the development of antibacterial hydrogels. Novel strategies involving the integration of inorganic nanomaterials, antibiotics, and functional polymers into 3D-printed hydrogels for the enhancement of antibacterial effects are then discussed. Finally, the perspective of advanced design using artificial intelligence and machine learning is proposed, providing a comprehensive yet succinct examination of 3D-printed hydrogels for antibacterial purposes."
16,A4_tissue,37630012,PMC10456520,10.3390/ma16165720,2023,"Materials (Basel, Switzerland)",research-article; Journal Article,Artificial Neural Networks for Predicting the Diameter of Electrospun Nanofibers Synthesized from Solutions/Emulsions of Biopolymers and Oils.,"In the present work, different configurations of nt iartificial neural networks (ANNs) were analyzed in order to predict the experimental diameter of nanofibers produced by means of the electrospinning process and employing polyvinyl alcohol (PVA), PVA/chitosan (CS) and PVA/aloe vera (Av) solutions. In addition, gelatin type A (GT)/alpha-tocopherol (α-TOC), PVA/olive oil (OO), PVA/orange essential oil (OEO), and PVA/anise oil (AO) emulsions were used. The experimental diameters of the nanofibers electrospun from the different tested systems were obtained using scanning electron microscopy (SEM) and ranged from 93.52 nm to 352.1 nm. Of the three studied ANNs, the one that displayed the best prediction results was the one with three hidden layers with the flow rate, voltage, viscosity, and conductivity variables. The calculation error between the experimental and calculated diameters was 3.79%. Additionally, the correlation coefficient (R2) was identified as a function of the ANN configuration, obtaining values of 0.96, 0.98, and 0.98 for one, two, and three hidden layer(s), respectively. It was found that an ANN configuration having more than three hidden layers did not improve the prediction of the experimental diameter of synthesized nanofibers."
17,A4_tissue,39886605,PMC11780150,10.1016/j.bioactmat.2024.12.028,2025,Bioactive materials,research-article; Journal Article,3D bioprinted dynamic bioactive living construct enhances mechanotransduction-assisted rapid neural network self-organization for spinal cord injury repair.,"Biomimetic neural substitutes, constructed through the bottom-up assembly of cell-matrix modulus via 3D bioprinting, hold great promise for neural regeneration. However, achieving precise control over the fate of neural stem cells (NSCs) to ensure biological functionality remains challenging. Cell behaviors are closely linked to cellular dynamics and cell-matrix mechanotransduction within a 3D microenvironment. To address this, a dynamic bioactive bioink is designed to provide adaptable biomechanics and instructive biochemical cues, specifically tailored for the fate commitment of NSCs, through incorporating reversible Schiff-base bonds and bioactive motifs, N-cadherin-mimicking and BDNF-mimicking peptides. We demonstrate that the dynamic properties of 3D bioprinted living fibers alleviate the mechanical confinement on NSCs and significantly enhance their mechanosensing, spreading, migration, and matrix remodeling within the 3D matrix. Additionally, the inclusion of N-cadherin-mimicking and BDNF-mimicking peptides further enhances cells' ability to sense and respond to mechanical and neurotrophic cues provided by the surrounding matrix, which accelerates the self-organization of a functional neural network within the 3D bioprinted construct, leading to significant motor and sensory function recovery in a rat complete spinal cord injury model. This work underscores the critical role of precisely designing cell-instructive bioinks for the advanced functionality of 3D bioprinted living constructs in neural regeneration."
18,A4_tissue,38889687,PMC11228370,10.1016/j.crmeth.2024.100798,2024,Cell reports methods,research-article; Journal Article,Design optimization of geometrically confined cardiac organoids enabled by machine learning techniques.,"Stem cell organoids are powerful models for studying organ development, disease modeling, drug screening, and regenerative medicine applications. The convergence of organoid technology, tissue engineering, and artificial intelligence (AI) could potentially enhance our understanding of the design principles for organoid engineering. In this study, we utilized micropatterning techniques to create a designer library of 230 cardiac organoids with 7 geometric designs. We employed manifold learning techniques to analyze single organoid heterogeneity based on 10 physiological parameters. We clustered and refined the cardiac organoids based on their functional similarity using unsupervised machine learning approaches, thus elucidating unique functionalities associated with geometric designs. We also highlighted the critical role of calcium transient rising time in distinguishing organoids based on geometric patterns and clustering results. This integration of organoid engineering and machine learning enhances our understanding of structure-function relationships in cardiac organoids, paving the way for more controlled and optimized organoid design."
19,A4_tissue,41145630,PMC12559348,10.1038/s41598-025-21470-z,2025,Scientific reports,research-article; Journal Article,Intelligent monitoring system for quality of life of colostomy patients based on deep learning and AR.,"The clinical challenges in monitoring high-incidence complications in patients with colostomy after colorectal cancer surgery have led to the development of an intelligent monitoring system based on deep learning and augmented reality technology in this study. Traditional care relies on subjective scales for assessment, which has issues such as insufficient sensitivity and delayed response. The existing technical systems also have significant limitations in perception dimensions, environmental adaptability, and decision-making timeliness. Therefore, this study proposes a triple-technology integration solution: by fusing impedance sensing, pH-responsive hydrogels, and 3D depth cameras in a heterogeneous manner, a multi-modal perception network is established to achieve the collaborative collection of physiological and biochemical parameters and morphological features; a cross-modal spatio-temporal fusion network is designed, using dynamic attention mechanisms and differential manifold optimization algorithms to solve the feature coupling problem caused by the heterogeneity of multi-source data; an augmented reality visualization system is developed, combining spatial projection optimization and programmable haptic feedback to build a ""visual-tactile-spatial"" multi-dimensional human-machine interaction channel. The system was verified through multi-center randomized controlled trials, confirming its significant improvement in the early warning performance of complications, enhancement of the standardization of nursing operations, and reduction of medical resource consumption. The core innovation lies in the first introduction of the federated learning framework into the field of colostomy care, combined with neural architecture search for lightweight model deployment, and the quantification of health economic benefits through Markov models. This research marks a paradigm shift in postoperative care from experience-driven to data-driven, providing an extensible technical model for the intelligent monitoring of chronic diseases. In the future, it is necessary to expand the cross-disease transfer learning architecture and develop flexible and degradable sensors to enhance the accessibility of primary medical care."
20,A4_tissue,33417611,PMC7793269,10.1371/journal.pone.0245234,2021,PloS one,research-article; Journal Article,Supervised machine learning for automated classification of human Wharton's Jelly cells and mechanosensory hair cells.,"Tissue engineering and gene therapy strategies offer new ways to repair permanent damage to mechanosensory hair cells (MHCs) by differentiating human Wharton's Jelly cells (HWJCs). Conventionally, these strategies require the classification of each cell as differentiated or undifferentiated. Automated classification tools, however, may serve as a novel method to rapidly classify these cells. In this paper, images from previous work, where HWJCs were differentiated into MHC-like cells, were examined. Various cell features were extracted from these images, and those which were pertinent to classification were identified. Different machine learning models were then developed, some using all extracted data and some using only certain features. To evaluate model performance, the area under the curve (AUC) of the receiver operating characteristic curve was primarily used. This paper found that limiting algorithms to certain features consistently improved performance. The top performing model, a voting classifier model consisting of two logistic regressions, a support vector machine, and a random forest classifier, obtained an AUC of 0.9638. Ultimately, this paper illustrates the viability of a novel machine learning pipeline to automate the classification of undifferentiated and differentiated cells. In the future, this research could aid in automated strategies that determine the viability of MHC-like cells after differentiation."
21,A4_tissue,38999126,PMC11243074,10.3390/molecules29133174,2024,"Molecules (Basel, Switzerland)",research-article; Journal Article,Label-Free Assessment of Neuronal Activity Using Raman Micro-Spectroscopy.,"Given the pivotal role of neuronal populations in various biological processes, assessing their collective output is crucial for understanding the nervous system's complex functions. Building on our prior development of a spiral scanning mechanism for the rapid acquisition of Raman spectra from single cells and incorporating machine learning for label-free evaluation of cell states, we investigated whether the Paint Raman Express Spectroscopy System (PRESS) can assess neuronal activities. We tested this hypothesis by examining the chemical responses of glutamatergic neurons as individual neurons and autonomic neuron ganglia as neuronal populations derived from human-induced pluripotent stem cells. The PRESS successfully acquired Raman spectra from both individual neurons and ganglia within a few seconds, achieving a signal-to-noise ratio sufficient for detailed analysis. To evaluate the ligand responsiveness of the induced neurons and ganglia, the Raman spectra were subjected to principal component and partial least squares discriminant analyses. The PRESS detected neuronal activity in response to glutamate and nicotine, which were absent in the absence of calcium. Additionally, the PRESS induced dose-dependent neuronal activity changes. These findings underscore the capability of the PRESS to assess individual neuronal activity and elucidate neuronal population dynamics and pharmacological responses, heralding new opportunities for drug discovery and regenerative medicine advancement."
22,A4_tissue,37402811,PMC10319894,10.1038/s41598-023-37762-1,2023,Scientific reports,"Research Support, Non-U.S. Gov't; research-article; Journal Article",Specific and label-free endogenous signature of dystrophic muscle by Synchrotron deep ultraviolet radiation.,"Dystrophic muscle is characterized by necrosis/regeneration cycles, inflammation, and fibro-adipogenic development. Conventional histological stainings provide essential topographical data of this remodeling but may be limited to discriminate closely related pathophysiological contexts. They fail to mention microarchitecture changes linked to the nature and spatial distribution of tissue compartment components. We investigated whether label-free tissue autofluorescence revealed by Synchrotron deep ultraviolet (DUV) radiation could serve as an additional tool for monitoring dystrophic muscle remodeling. Using widefield microscopy with specific emission fluorescence filters and microspectroscopy defined by high spectral resolution, we analyzed samples from healthy dogs and two groups of dystrophic dogs: naïve (severely affected) and MuStem cell-transplanted (clinically stabilized) animals. Multivariate statistical analysis and machine learning approaches demonstrated that autofluorescence emitted at 420-480 nm by the Biceps femoris muscle effectively discriminates between healthy, dystrophic, and transplanted dog samples. Microspectroscopy showed that dystrophic dog muscle displays higher and lower autofluorescence due to collagen cross-linking and NADH respectively than that of healthy and transplanted dogs, defining biomarkers to evaluate the impact of cell transplantation. Our findings demonstrate that DUV radiation is a sensitive, label-free method to assess the histopathological status of dystrophic muscle using small amounts of tissue, with potential applications in regenerative medicine."
23,A4_tissue,36856600,PMC10037319,10.1021/acs.nanolett.2c03015,2023,Nano letters,"Research Support, Non-U.S. Gov't; Research Support, U.S. Gov't, Non-P.H.S.; rapid-communication; Journal Article; Research Support, N.I.H., Extramural",Combining Acoustic Bioprinting with AI-Assisted Raman Spectroscopy for High-Throughput Identification of Bacteria in Blood.,"Identifying pathogens in complex samples such as blood, urine, and wastewater is critical to detect infection and inform optimal treatment. Surface-enhanced Raman spectroscopy (SERS) and machine learning (ML) can distinguish among multiple pathogen species, but processing complex fluid samples to sensitively and specifically detect pathogens remains an outstanding challenge. Here, we develop an acoustic bioprinter to digitize samples into millions of droplets, each containing just a few cells, which are identified with SERS and ML. We demonstrate rapid printing of 2 pL droplets from solutions containing S. epidermidis, E. coli, and blood; when they are mixed with gold nanorods (GNRs), SERS enhancements of up to 1500× are achieved.We then train a ML model and achieve ≥99% classification accuracy from cellularly pure samples and ≥87% accuracy from cellularly mixed samples. We also obtain ≥90% accuracy from droplets with pathogen:blood cell ratios <1. Our combined bioprinting and SERS platform could accelerate rapid, sensitive pathogen detection in clinical, environmental, and industrial settings."
24,A4_tissue,38123631,PMC10733327,10.1038/s41598-023-49758-y,2023,Scientific reports,research-article; Journal Article,Machine learning-based estimation of spatial gene expression pattern during ESC-derived retinal organoid development.,"Organoids, which can reproduce the complex tissue structures found in embryos, are revolutionizing basic research and regenerative medicine. In order to use organoids for research and medicine, it is necessary to assess the composition and arrangement of cell types within the organoid, i.e., spatial gene expression. However, current methods are invasive and require gene editing and immunostaining. In this study, we developed a non-invasive estimation method of spatial gene expression patterns using machine learning. A deep learning model with an encoder-decoder architecture was trained on paired datasets of phase-contrast and fluorescence images, and was applied to a retinal organoid derived from mouse embryonic stem cells, focusing on the master gene Rax (also called Rx), crucial for eye field development. This method successfully estimated spatially plausible fluorescent patterns with appropriate intensities, enabling the non-invasive, quantitative estimation of spatial gene expression patterns within each tissue. Thus, this method could lead to new avenues for evaluating spatial gene expression patterns across a wide range of biology and medicine fields."
25,A4_tissue,41424914,PMC12716889,10.1063/5.0296897,2025,APL bioengineering,other; Journal Article,"Tissue regenerative medicine: Clinical advances, challenges, and opportunities.","Regenerative medicine is transforming how we restore tissue function, leveraging advances in cell and molecular biology, biomaterials, and engineered microenvironments. While there have been notable advances and rapid progress over the past few decades, ongoing challenges persist in the technical development and effective translation of these advancements to clinical care. This perspective highlights clinically promising examples and critically assesses present challenges in translating tissue regenerative medicine therapies from the bench to the clinic. We further examine the evolving landscape of regenerative medicine by describing strategies to optimize the cellular microenvironment, the impact of patient demographics, and the use of artificial intelligence to shape the future of this field."
26,A4_tissue,35124896,PMC11468966,10.1002/adhm.202102508,2022,Advanced healthcare materials,"Research Support, Non-U.S. Gov't; research-article; Journal Article",Sublingual Boosting with a Novel Mucoadhesive Thermogelling Hydrogel Following Parenteral CAF01 Priming as a Strategy Against Chlamydia trachomatis.,"Chlamydia trachomatis is the most prevalent sexually transmitted disease of bacterial origin. The high number of asymptomatic cases makes it difficult to stop the transmission, requiring vaccine development. Herein, a strategy is proposed to obtain local genital tract immunity against C. trachomatis through parenteral prime and sublingual boost. Subcutaneous administration of chlamydia CTH522 subunit vaccine loaded in the adjuvant CAF01 is combined with sublingual administration of CTH522 loaded in a novel thermosensitive and mucoadhesive hydrogel. Briefly, a ternary optimized hydrogel (OGEL) with desirable biological and physicochemical properties is obtained using artificial intelligence techniques. This formulation exhibits a high gel strength and a strong mucoadhesive, adhesive and cohesive nature. The thermosensitive properties of the hydrogel facilitate application under the tongue. Meanwhile the fast gelation at body temperature together with rapid antigen release should avoid CTH522 leakage by swallowing and increase the contact with sublingual tissue, thus promoting absorption. In vivo studies demonstrate that parenteral-sublingual prime-boost immunization, using CAF01 and OGEL as CTH522 vaccine carriers, shows a tendency to increase cellular (Th1/Th17) immune responses when compared to mucosal or parenteral vaccination alone. Furthermore, parenteral prime with CAF01/CTH522 followed by sublingual boosting with OGEL/CTH522 elicits a local IgA response in the genital tract."
27,A4_tissue,33240868,PMC7677185,10.3389/fbioe.2020.601704,2020,Frontiers in bioengineering and biotechnology,research-article; Journal Article,Hydrogels for 3D Neural Tissue Models: Understanding Cell-Material Interactions at a Molecular Level.,"The development of 3D neural tissue analogs is of great interest to a range of biomedical engineering applications including tissue engineering of neural interfaces, treatment of neurodegenerative diseases and in vitro assessment of cell-material interactions. Despite continued efforts to develop synthetic or biosynthetic hydrogels which promote the development of complex neural networks in 3D, successful long-term 3D approaches have been restricted to the use of biologically derived constructs. In this study a poly (vinyl alcohol) biosynthetic hydrogel functionalized with gelatin and sericin (PVA-SG), was used to understand the interplay between cell-cell communication and cell-material interaction. This was used to probe critical short-term interactions that determine the success or failure of neural network growth and ultimately the development of a useful model. Complex primary ventral mesencephalic (VM) neural cells were encapsulated in PVA-SG hydrogels and critical molecular cues that demonstrate mechanosensory interaction were examined. Neuronal presence was constant over the 10 day culture, but the astrocyte population decreased in number. The lack of astrocytic support led to a reduction in neural process outgrowth from 24.0 ± 1.3 μm on Day 7 to 7.0 ± 0.1 μm on Day 10. Subsequently, purified astrocytes were studied in isolation to understand the reasons behind PVA-SG hydrogel inability to support neural network development. It was proposed that the spatially restrictive nature (or tight mesh size) of PVA-SG hydrogels limited the astrocytic actin polymerization together with a cytoplasmic-nuclear translocation of YAP over time, causing an alteration in their cell cycle. This was confirmed by the evaluation of p27/Kip1 gene that was found to be upregulated by a twofold increase in expression at both Days 7 and 10 compared to Day 3, indicating the quiescent stage of the astrocytes in PVA-SG hydrogel. Cell migration was further studied by the quantification of MMP-2 production that was negligible compared to 2D controls, ranging from 2.7 ± 2.3% on Day 3 to 5.3 ± 2.9% on Day 10. This study demonstrates the importance of understanding astrocyte-material interactions at the molecular level, with the need to address spatial constraints in the 3D hydrogel environment. These findings will inform the design of future hydrogel constructs with greater capacity for remodeling by the cell population to create space for cell migration and neural process extension."
28,A4_tissue,34750438,PMC8575943,10.1038/s41598-021-01304-4,2021,Scientific reports,"Research Support, Non-U.S. Gov't; research-article; Research Support, U.S. Gov't, Non-P.H.S.; Journal Article",A deep learning approach to identify and segment alpha-smooth muscle actin stress fiber positive cells.,"Cardiac fibrosis is a pathological process characterized by excessive tissue deposition, matrix remodeling, and tissue stiffening, which eventually leads to organ failure. On a cellular level, the development of fibrosis is associated with the activation of cardiac fibroblasts into myofibroblasts, a highly contractile and secretory phenotype. Myofibroblasts are commonly identified in vitro by the de novo assembly of alpha-smooth muscle actin stress fibers; however, there are few methods to automate stress fiber identification, which can lead to subjectivity and tedium in the process. To address this limitation, we present a computer vision model to classify and segment cells containing alpha-smooth muscle actin stress fibers into 2 classes (α-SMA SF+ and α-SMA SF-), with a high degree of accuracy (cell accuracy: 77%, F1 score 0.79). The model combines standard image processing methods with deep learning techniques to achieve semantic segmentation of the different cell phenotypes. We apply this model to cardiac fibroblasts cultured on hyaluronic acid-based hydrogels of various moduli to induce alpha-smooth muscle actin stress fiber formation. The model successfully predicts the same trends in stress fiber identification as obtained with a manual analysis. Taken together, this work demonstrates a process to automate stress fiber identification in in vitro fibrotic models, thereby increasing reproducibility in fibroblast phenotypic characterization."
29,A4_tissue,40224948,PMC11986981,10.1016/j.tipsro.2025.100305,2025,Technical innovations & patient support in radiation oncology,research-article; Journal Article,Evaluation of MRI anatomy in machine learning predictive models to assess hydrogel spacer benefit for prostate cancer patients.,"IntroductionHydrogel spacers (HS) are designed to minimise the radiation doses to the rectum in prostate cancer radiation therapy (RT) by creating a physical gap between the rectum and the target treatment volume inclusive of the prostate and seminal vesicles (SV). This study aims to determine the feasibility of incorporating diagnostic MRI (dMRI) information in statistical machine learning (SML) models developed with planning CT (pCT) anatomy for dose and rectal toxicity prediction. The SML models aim to support HS insertion decision-making prior to RT planning procedures.MethodsRegions of interest (ROIs) were retrospectively contoured on the pCT and registered dMRI scans for 20 patients. ROI Dice and Hausdorff distance (HD) comparison metrics were calculated. The ROI and patient clinical risk factors (CRFs) variables were inputted into three SML models and then pCT and dMRI-based dose and toxicity model performance compared through confusion matrices, AUC curves, accuracy performance metric results and observed patient outcomes.ResultsAverage Dice values comparing dMRI and pCT ROIs were 0.81, 0.47 and 0.71 for the prostate, SV, and rectum respectively. Average Hausdorff distances were 2.15, 2.75 and 2.75 mm for the prostate, SV, and rectum respectively. The average accuracy metric across all models was 0.83 when using dMRI ROIs and 0.85 when using pCT ROIs.ConclusionDifferences between pCT and dMRI anatomical ROI variables did not impact SML model performance in this study, demonstrating the feasibility of using dMRI images. Due to the limited sample size further training of the predictive models including dMRI anatomy is recommended."
30,A4_tissue,40014572,PMC11892597,10.1073/pnas.2418643122,2025,Proceedings of the National Academy of Sciences of the United States of America,research-article; Journal Article,Physics-informed deep learning for stochastic particle dynamics estimation.,"Single-particle tracking has enabled quantitative studies of complex systems, providing nanometer localization precision and millisecond temporal resolution in heterogeneous environments. However, at micro- or nanometer scales, probe dynamics become inherently stochastic due to Brownian motion and complex interactions, leading to varied diffusion behaviors. Typically, analysis of such trajectory data involves certain moving-window operation and assumes the existence of some pseudo-steady states, particularly when evaluating predefined parameters or specific types of diffusion modes. Here, we introduce the stochastic particle-informed neural network (SPINN), a physics-informed deep learning framework that integrates stochastic differential equations to model and infer particle diffusion dynamics. The SPINN autonomously explores parameter spaces and distinguishes between deterministic and stochastic components with single-frame resolution. Using the anomalous diffusion dataset, we validated SPINN's ability to reduce frame-to-frame variability while preserving key statistical correlations, allowing for accurate characterization of different stochastic processes. When applied to the diffusion of single gold nanorods in hydrogels, the SPINN revealed enhanced microrheological properties during hydrogel gelation and uncovered interfacial dynamics during dextran/tetra-PEG liquid-liquid phase separation. By improving the temporal resolution of stochastic dynamics, the SPINN facilitates the estimation and prediction of complex diffusion behaviors, offering insights into underlying physical mechanisms at mesoscopic scales."
31,A4_tissue,39851302,PMC11761550,10.3390/bioengineering12010028,2025,"Bioengineering (Basel, Switzerland)",research-article; Journal Article,Deep Learning for Predicting Spheroid Viability: Novel Convolutional Neural Network Model for Automating Quality Control for Three-Dimensional Bioprinting.,"Spheroids serve as the building blocks for three-dimensional (3D) bioprinted tissue patches. When larger than 500 μm, the desired size for 3D bioprinting, they tend to have a hypoxic core with necrotic cells. Therefore, it is critical to assess the viability of spheroids in order to ensure the successful fabrication of high-viability patches. However, current viability assays are time-consuming, labor-intensive, require specialized training, or are subject to human bias. In this study, we build a convolutional neural network (CNN) model to efficiently and accurately predict spheroid viability, using a phase-contrast image of a spheroid as its input. A comprehensive dataset of mouse mesenchymal stem cell (mMSC) spheroids of varying sizes with corresponding viability percentages, which was obtained through CCK-8 assays, was established and used to train and validate the model. The model was trained to automatically classify spheroids into one of four distinct categories based on their predicted viability: 0-20%, 20-40%, 40-70%, and 70-100%. The model achieved an average accuracy of 92%, with a consistent loss below 0.2. This deep-learning model offers a non-invasive, efficient, and accurate method to streamline the assessment of spheroid quality, thereby accelerating the development of bioengineered cardiac tissue patches for cardiovascular disease therapies."
32,A4_tissue,38521777,PMC10960799,10.1038/s41467-024-46866-9,2024,Nature communications,research-article; Journal Article,Developing a machine learning model for accurate nucleoside hydrogels prediction based on descriptors.,"Supramolecular hydrogels derived from nucleosides have been gaining significant attention in the biomedical field due to their unique properties and excellent biocompatibility. However, a major challenge in this field is that there is no model for predicting whether nucleoside derivative will form a hydrogel. Here, we successfully develop a machine learning model to predict the hydrogel-forming ability of nucleoside derivatives. The optimal model with a 71% (95% Confidence Interval, 0.69-0.73) accuracy is established based on a dataset of 71 reported nucleoside derivatives. 24 molecules are selected via the optimal model external application and the hydrogel-forming ability is experimentally verified. Among these, two rarely reported cation-independent nucleoside hydrogels are found. Based on their self-assemble mechanisms, the cation-independent hydrogel is found to have potential applications in rapid visual detection of Ag+ and cysteine. Here, we show the machine learning model may provide a tool to predict nucleoside derivatives with hydrogel-forming ability."
33,A4_tissue,41156345,PMC12566269,10.3390/mi16101098,2025,Micromachines,research-article; Journal Article,Coupling CFD and Machine Learning to Assess Flow Properties in Porous Scaffolds for Tissue Engineering.,"Computational fluid dynamics and machine learning (ML) models are employed to investigate the relationships between scaffold topology and key flow parameters, including permeability (k), average wall shear stress (WSSa), and the 25th and 75th percentiles of WSS. Statistical analysis showed that WSSa values are consistent with those found in common scaffold architectures, while percentile-based WSS properties provided insight into shear environments relevant for bone and cartilage differentiation. No significant effect of pore shape was observed on k and WSSa. Correlation analysis revealed that k was positively associated with topological features of the scaffold, whereas WSS metrics were negatively correlated with these properties. ML models trained on six topological and flow inputs achieved a performance of R2 above 0.9 for predicting k and WSSa, demonstrating strong predictive capability based on the topology. Their performance decreased for WSS25% and WSS75%, reflecting the difficulty in capturing more specific shear events. These findings highlight the potential of ML to guide scaffold design by linking topology to flow conditions critical for osteogenesis."
34,A4_tissue,39460720,PMC11914955,10.1002/anie.202417510,2025,Angewandte Chemie (International ed. in English),research-article; Journal Article,Printing Cell Embedded Sacrificial Strategy for Microvasculature using Degradable DNA Biolubricant.,"Microvasculature is essential for the continued function of cells in tissue and is fundamental in the fields of tissue engineering, organ repair and drug screening. However, the fabrication of microvasculature is still challenging using existing strategies. Here, we developed a general PRINting Cell Embedded Sacrificial Strategy (PRINCESS) and successfully fabricated microvasculatures using degradable DNA biolubricant. This is the first demonstration of direct cell printing to fabricate microvasculature, which eliminates the need for a subsequent cell seeding process and the associated deficiencies. Utilizing the shear-thinning property of DNA hydrogels as a novel sacrificial, cell-laden biolubricant, we can print a 70 μm endothelialized microvasculature, breaking the limit of 100 μm. To our best knowledge, this is the smallest endothelialized microvasculature that has ever been bioprinted so far. In addition, the self-healing property of DNA hydrogels allows the creation of continuous branched structures. This strategy provides a new platform for constructing complex hierarchical vascular networks and offers new opportunity towards engineering thick tissues. The extremely low volume of sacrificial biolubricant paves the way for DNA hydrogels to be used in practical tissue engineering applications. The high-resolution bioprinting technique also exhibits great potential for printing lymphatics, retinas and neural networks in the future."
35,A4_tissue,36406717,PMC9667272,10.1016/j.heliyon.2022.e11468,2022,Heliyon,research-article; Journal Article,In-process monitoring of a tissue-engineered oral mucosa fabricated on a micropatterned collagen scaffold: use of optical coherence tomography for quality control.,"BackgroundWe previously reported a novel technique for fabricating dermo-epidermal junction (DEJ)-like micropatterned collagen scaffolds to manufacture an ex vivo produced oral mucosa equivalent (EVPOME) for clinical translation; however, more biomimetic micropatterns are required to promote oral keratinocyte-based tissue engineering/regenerative medicine. In addition, in-process monitoring for quality control of tissue-engineered products is key to successful clinical outcomes. However, evaluating three-dimensional tissue-engineered constructs such as EVPOME is challenging. This study aimed to update our technique to fabricate a more biomimetic DEJ structure of oral mucosa and to investigate the efficacy of optical coherence tomography (OCT) in combination with deep learning for non-invasive EVPOME monitoring.MethodsA picosecond laser-textured microstructure mimicking DEJ on stainless steel was used as a negative mould to fabricate the micropatterned collagen scaffold. During EVPOME manufacturing, OCT was applied twice to monitor the EVPOME and evaluate its epithelial thickness.FindingsOur moulding system resulted in successful micropattern replication on the curved collagen scaffold. OCT imaging visualised the epithelial layer and the underlying micropatterned scaffold in EVPOME, enabling to non-invasively detect specific defects not found before the histological examination. Additionally, a gradual increase in epithelial thickness was observed over time.ConclusionThese findings demonstrate the feasibility of using a stainless-steel negative mould to create a more biomimetic micropattern on collagen scaffolds and the potential of OCT imaging for quality control in oral keratinocyte-based tissue engineering/regenerative medicine."
36,A4_tissue,39833177,PMC11747008,10.1038/s41378-024-00825-y,2025,Microsystems & nanoengineering,research-article; Journal Article,3D printable and myoelectrically sensitive hydrogel for smart prosthetic hand control.,"Surface electromyogram (sEMG) serves as a means to discern human movement intentions, achieved by applying epidermal electrodes to specific body regions. However, it is difficult to obtain high-fidelity sEMG recordings in areas with intricate curved surfaces, such as the body, because regular sEMG electrodes have stiff structures. In this study, we developed myoelectrically sensitive hydrogels via 3D printing and integrated them into a stretchable, flexible, and high-density sEMG electrodes array. This electrode array offered a series of excellent human-machine interface (HMI) features, including conformal adherence to the skin, high electron-to-ion conductivity (and thus lower contact impedance), and sustained stability over extended periods. These attributes render our electrodes more conducive than commercial electrodes for long-term wearing and high-fidelity sEMG recording at complicated skin interfaces. Systematic in vivo studies were used to investigate its efficacy to control a prosthetic hand by decoding sEMG signals from the human hand via a multiple-channel readout circuit and a sophisticated artificial intelligence algorithm. Our findings demonstrate that the 3D printed gel myoelectric sensing system enables real-time and highly precise control of a prosthetic hand."
37,A4_tissue,35052133,PMC8774453,10.3390/e24010107,2022,"Entropy (Basel, Switzerland)",research-article; Journal Article,Minimal Developmental Computation: A Causal Network Approach to Understand Morphogenetic Pattern Formation.,"What information-processing strategies and general principles are sufficient to enable self-organized morphogenesis in embryogenesis and regeneration? We designed and analyzed a minimal model of self-scaling axial patterning consisting of a cellular network that develops activity patterns within implicitly set bounds. The properties of the cells are determined by internal 'genetic' networks with an architecture shared across all cells. We used machine-learning to identify models that enable this virtual mini-embryo to pattern a typical axial gradient while simultaneously sensing the set boundaries within which to develop it from homogeneous conditions-a setting that captures the essence of early embryogenesis. Interestingly, the model revealed several features (such as planar polarity and regenerative re-scaling capacity) for which it was not directly selected, showing how these common biological design principles can emerge as a consequence of simple patterning modes. A novel ""causal network"" analysis of the best model furthermore revealed that the originally symmetric model dynamically integrates into intercellular causal networks characterized by broken-symmetry, long-range influence and modularity, offering an interpretable macroscale-circuit-based explanation for phenotypic patterning. This work shows how computation could occur in biological development and how machine learning approaches can generate hypotheses and deepen our understanding of how featureless tissues might develop sophisticated patterns-an essential step towards predictive control of morphogenesis in regenerative medicine or synthetic bioengineering contexts. The tools developed here also have the potential to benefit machine learning via new forms of backpropagation and by leveraging the novel distributed self-representation mechanisms to improve robustness and generalization."
38,A4_tissue,40161541,PMC11950957,10.1016/j.adro.2025.101739,2025,Advances in radiation oncology,research-article; Journal Article,Risk Estimation of Late Rectal Toxicity Using a Convolutional Neural Network-based Dose Prediction in Prostate Cancer Radiation Therapy.,"PurposeThe present study investigated the feasibility of our automatic plan generation model based on a convolutional neural network (CNN) to estimate the baseline risk of grade ≥2 late rectal bleeding (G2-LRB) in volumetric modulated arc therapy for prostate cancer.Methods and materialsWe built the 2-dimensional U-net model to predict dose distributions using the planning computed tomography and organs at risk masks as inputs. Seventy-five volumetric modulated arc therapy plans of prostate cancer, which were delivered at 74.8 Gy in 34 fractions with a uniform planning goal, were included: 60 for training and 5-fold cross-validation, and the remaining 15 for testing. Isodose volume dice similarity coefficient, dose-volume histogram, and normal tissue complication probability (NTCP) metrics between planned and CNN-predicted dose distributions were calculated. The primary endpoint was the goodness-of-fit, expressed as a coefficient of determination (R 2) value, in predicting the percentage of G2-LRB-Lyman-Kutcher-Burman-NTCP.ResultsIn 15 test cases, 2-dimensional U-net predicted dose distributions with a mean isodose volume dice similarity coefficient value of 0.90 within the high-dose region (doses ≥ 50 Gy). Rectum V50Gy, V60Gy, and V70Gy were accurately predicted (R 2 = 0.73, 0.82, and 0.87, respectively). Strong correlations were observed between planned and predicted G2-LRB-Lyman-Kutcher-Burman-NTCP (R 2 = 0.80, P ConclusionsA risk estimation of LRB using CNN-based automatic plan generation from anatomic information was feasible. These results will contribute to the development of a decision support system that identifies priority cases for preradiation therapy interventions, such as hydrogel spacer implantation."
39,A4_tissue,41444478,PMC12864823,10.1038/s41467-025-67996-8,2025,Nature communications,research-article; Journal Article,Machine learning-assisted kinetic matching model for rational electrode design in aqueous zinc-ion batteries.,"Aqueous zinc-ion batteries offer inherent safety and low cost, yet performance is limited by unstable zinc metal negative electrodes and dissolution-prone positive electrodes, causing dendrite growth, sluggish ion transport, and rapid capacity decay. Replacing both electrodes with intercalation hosts provides a solution, but progress is slowed by the lack of a universal principle for selecting kinetically compatible pairs. Most existing efforts optimize single components rather than addressing the electrodes' kinetic mismatch governing full-cell stability. Here we show a machine-learning-assisted kinetic-matching framework that quantitatively evaluates ion-transport compatibility in intercalation-type zinc-ion batteries electrodes. By correlating interlayer spacing with Zn2+ diffusion behavior, the model introduces two descriptors predicting synchronized ion flux for rational electrode pairing. Using this framework, an optimized Zn3V3O8 | |NH4V4O10 system achieves a specific capacity of 310 mAh g-1 and retains over 12,000 cycles at 5 A g-1. The strategy further extends to deformable formats through conductive hydrogel architectures, enabling omnidirectionally stretchable, all-hydrogel zinc-ion batteries with an areal capacity of 1.2 mAh cm-2 and an energy density of 1070 μWh cm-2. These results provide a quantitative design route for next-generation zinc-ion batteries."
40,A4_tissue,38594259,PMC11003988,10.1038/s41421-024-00650-7,2024,Cell discovery,research-article; Journal Article,Integration of 3D bioprinting and multi-algorithm machine learning identified glioma susceptibilities and microenvironment characteristics.,"Glioma, with its heterogeneous microenvironments and genetic subtypes, presents substantial challenges for treatment prediction and development. We integrated 3D bioprinting and multi-algorithm machine learning as a novel approach to enhance the assessment and understanding of glioma treatment responses and microenvironment characteristics. The bioprinted patient-derived glioma tissues successfully recapitulated molecular properties and drug responses of native tumors. We then developed GlioML, a machine learning workflow incorporating nine distinct algorithms and a weighted ensemble model that generated robust gene expression-based predictors, each reflecting the diverse action mechanisms of various compounds and drugs. The ensemble model superseded the performance of all individual algorithms across diverse in vitro systems, including sphere cultures, complex 3D bioprinted multicellular models, and 3D patient-derived tissues. By integrating bioprinting, the evaluative scope of the treatment expanded to T cell-related therapy and anti-angiogenesis targeted therapy. We identified promising compounds and drugs for glioma treatment and revealed distinct immunosuppressive or angiogenic myeloid-infiltrated tumor microenvironments. These insights pave the way for enhanced therapeutic development for glioma and potentially for other cancers, highlighting the broad application potential of this integrative and translational approach."
41,A4_tissue,34805600,PMC8600308,10.18063/ijb.v7i4.434,2021,International journal of bioprinting,research-article; Journal Article,Evaluation of Printing Parameters on 3D Extrusion Printing of Pluronic Hydrogels and Machine Learning Guided Parameter Recommendation.,"Bioprinting is an emerging technology for the construction of complex three-dimensional (3D) constructs used in various biomedical applications. One of the challenges in this field is the delicate manipulation of material properties and various disparate printing parameters to create structures with high fidelity. Understanding the effects of certain parameters and identifying optimal parameters for creating highly accurate structures are therefore a worthwhile subject to investigate. The objective of this study is to investigate high-impact print parameters on the printing printability and develop a preliminary machine learning model to optimize printing parameters. The results of this study will lead to an exploration of machine learning applications in bioprinting and to an improved understanding between 3D printing parameters and structural printability. Reported results include the effects of rheological property, nozzle gauge, nozzle temperature, path height, and ink composition on the printability of Pluronic F127. The developed Support Vector Machine model generated a process map to assist the selection of optimal printing parameters to yield high quality prints with high probability (>75%). Future work with more generalized machine learning models in bioprinting is also discussed in this article. The finding of this study provides a simple tool to improve printability of extrusion-based bioprinting with minimum experimentations."
42,A4_tissue,39840546,PMC11984855,10.1002/advs.202409835,2025,"Advanced science (Weinheim, Baden-Wurttemberg, Germany)",research-article; Journal Article,Improved Efficacy of Triple-Negative Breast Cancer Immunotherapy via Hydrogel-Based Co-Delivery of CAR-T Cells and Mitophagy Agonist.,"Leaky and structurally abnormal blood vessels and increased pressure in the tumor interstitium reduce the infiltration of CAR-T cells in solid tumors, including triple-negative breast cancer (TNBC). Furthermore, high burden of tumor cells may cause reduction of infiltrating CAR-T cells and their functional exhaustion. In this study, various effector-to-target (E:T) ratio experiments are established to model the treatment using CAR-T cells in leukemia (high E:T ratio) and solid tumor (low E:T ratio). It is found that the antitumor immune response is decreased in solid tumors with low E:T ratio. Furthermore, single cell sequencing is performed to investigate the functional exhaustion at a low ratio. It is revealed that the inhibition of mitophagy-mediated mitochondrial dysfunction diminished the antitumor efficacy of CAR-T-cell therapy. The mitophagy agonist BC1618 is screened via AI-deep learning and cytokine detection, in vivo and in vitro studies revealed that BC1618 significantly strengthened the antitumor response of CAR-T cells via improving mitophagy. Here, injection hydrogels are engineered for the controlled co-delivery of CAR-T cells and BC1618 that improves the treatment of TNBC. Local delivery of hydrogels creates an inflammatory and mitophagy-enhanced microenvironment at the tumor site, which stimulates the CAR-T cells proliferation, provides antitumor ability persistently, and improves the effect of treatment."
43,A4_tissue,39506030,PMC11541591,10.1038/s41598-024-77943-0,2024,Scientific reports,research-article; Journal Article,Generative adversarial network model to classify human induced pluripotent stem cell-cardiomyocytes based on maturation level.,"Our study develops a generative adversarial network (GAN)-based method that generates faithful synthetic image data of human cardiomyocytes at varying stages in their maturation process, as a tool to significantly enhance the classification accuracy of cells and ultimately assist the throughput of computational analysis of cellular structure and functions. Human induced pluripotent stem cell derived cardiomyocytes (hiPSC-CMs) were cultured on micropatterned collagen coated hydrogels of physiological stiffnesses to facilitate maturation and optical measurements were performed for their structural and functional analyses. Control groups were cultured on collagen coated glass well plates. These image recordings were used as the real data to train the GAN model. The results show the GAN approach is able to replicate true features from the real data, and inclusion of such synthetic data significantly improves the classification accuracy compared to usage of only real experimental data that is often limited in scale and diversity. The proposed model outperformed four conventional machine learning algorithms with respect to improved data generalization ability and data classification by incorporating synthetic data. This work demonstrates the importance of integrating synthetic data in situations where there are limited sample sizes and thus, effectively addresses the challenges imposed by data availability."
44,A4_tissue,37323491,PMC10261141,10.18063/ijb.717,2023,International journal of bioprinting,research-article; Journal Article,Machine learning and 3D bioprinting.,"48With the growing number of biomaterials and printing technologies, bioprinting has brought about tremendous potential to fabricate biomimetic architectures or living tissue constructs. To make bioprinting and bioprinted constructs more powerful, machine learning (ML) is introduced to optimize the relevant processes, applied materials, and mechanical/biological performances. The objectives of this work were to collate, analyze, categorize, and summarize published articles and papers pertaining to ML applications in bioprinting and their impact on bioprinted constructs, as well as the directions of potential development. From the available references, both traditional ML and deep learning (DL) have been applied to optimize the printing process, structural parameters, material properties, and biological/mechanical performance of bioprinted constructs. The former uses features extracted from image or numerical data as inputs in prediction model building, and the latter uses the image directly for segmentation or classification model building. All of these studies present advanced bioprinting with a stable and reliable printing process, desirable fiber/droplet diameter, and precise layer stacking, and also enhance the bioprinted constructs with better design and cell performance. The current challenges and outlooks in developing process-material-performance models are highlighted, which may pave the way for revolutionizing bioprinting technologies and bioprinted construct design."
45,A4_tissue,39323746,PMC11422183,10.1093/rb/rbae109,2024,Regenerative biomaterials,research-article; Journal Article,Integrating machine learning for the optimization of polyacrylamide/alginate hydrogel.,"Hydrogels are highly promising due to their soft texture and excellent biocompatibility. However, the designation and optimization of hydrogels involve numerous experimental parameters, posing challenges in achieving rapid optimization through conventional experimental methods. In this study, we leverage machine learning algorithms to optimize a dual-network hydrogel based on a blend of acrylamide (AM) and alginate, targeting applications in flexible electronics. By treating the concentrations of components as experimental parameters and utilizing five material properties as evaluation criteria, we conduct a comprehensive property assessment of the material using a linear weighting method. Subsequently, we design a series of experimental plans using the Bayesian optimization algorithm and validate them experimentally. Through iterative refinement, we optimize the experimental parameters, resulting in a hydrogel with superior overall properties, including heightened strain sensitivity and flexibility. Leveraging the available experimental data, we employ a classification algorithm to separate the cutoff data. The feature importance identified by the classification model highlights the pronounced impact of AM, ammonium persulfate, and N,N-methylene on the classification outcomes. Additionally, we develop a regression model and demonstrate its utility in predicting and analyzing the relationship between experimental parameters and hydrogel properties through experimental validation."
46,A4_tissue,37798638,PMC10557225,10.1186/s13287-023-03517-y,2023,Stem cell research & therapy,"Research Support, Non-U.S. Gov't; research-article; Journal Article",Enteric neurospheres retain the capacity to assemble neural networks with motile and metamorphic gliocytes and ganglia.,"BackgroundNeurosphere medium (NSM) and self-renewal medium (SRM) were widely used to isolate enteric neural stem cells (ENSCs) in the form of neurospheres. ENSCs or their neurosphere forms were neurogenic and gliogenic, but the compelling evidence for their capacity of assembling enteric neural networks remained lacking, raising the question of their aptitude for rebuilding the enteric nervous system (ENS) in ENSC therapeutics. It prompted us to explore an effective culture protocol or strategy for assembling ENS networks, which might also be employed as an in vitro model to simplify the biological complexity of ENS embedded in gut walls.MethodsNSM and SRM were examined for their capacity to generate neurospheres in mass culture of dispersed murine fetal enterocytes at serially diluted doses and assemble enteric neural networks in two- and three-dimensional cell culture systems and ex vivo on gut explants. Time-lapse microphotography was employed to capture cell activities of assembled neural networks. Neurosphere transplantation was performed via rectal submucosal injection.ResultsIn mass culture of dispersed enterocytes, NSM generated discrete units of neurospheres, whereas SRM promoted neural network assembly with neurospheres akin to enteric ganglia. Both were highly affected by seeding cell doses. SRM had similar ENSC mitosis-driving capacity to NSM, but was superior in driving ENSC differentiation in company with heightened ENSC apoptosis. Enteric neurospheres were motile, capable of merging together. It argued against their clonal entities. When nurtured in SRM, enteric neurospheres proved competent to assemble neural networks on two-dimensional coverslips, in three-dimensional hydrogels and on gut explants. In the course of neural network assembly from enteric neurospheres, neurite extension was preceded by migratory expansion of gliocytes. Assembled neural networks contained motile ganglia and gliocytes that constantly underwent shapeshift. Neurospheres transplanted into rectal submucosa might reconstitute myenteric plexuses of recipients' rectum.ConclusionEnteric neurospheres mass-produced in NSM might assemble neural networks in SRM-immersed two- or three-dimensional environments and on gut explants, and reconstitute myenteric plexuses of the colon after rectal submucosal transplantation. Our results also shed first light on the dynamic entity of ENS and open the experimental avenues to explore cellular activities of ENS and facilitate ENS demystification."
47,A4_tissue,40765813,PMC12322746,10.1117/1.jbo.30.6.065003,2025,Journal of biomedical optics,"Research Support, Non-U.S. Gov't; research-article; Journal Article",Efficient quality control of platelet-rich plasma preparation using computer vision and deep learning.,"SignificancePlatelet-rich plasma (PRP) is a critical component in regenerative medicine, with applications in tissue repair and inflammation regulation. Consistent preparation quality is essential for therapeutic efficacy, but traditional quality control (QC) methods are labor-intensive, slow, and prone to variability.AimWe introduce a computer vision-based automated PRP QC model using deep learning to improve the efficiency and accuracy of PRP preparation.ApproachBlood samples were collected and processed in the laboratory to prepare PRP. Images of the samples were manually captured. Medical-grade QC evaluations determined sample quality, which was labeled for model training. The image data were preprocessed and analyzed using a ResNet18 convolutional neural network combined with a binary classifier to develop a PRP QC model. Training and testing were conducted using data from patients, and the model's accuracy was tested on the independent unavailable dataset.ResultsThe PRP QC model achieved an average classification accuracy of 82.5% on unavailable datasets (previously unseen test samples), significantly reducing the time required for QC to under 1 min.ConclusionsWe demonstrate a nondestructive, real-time QC method for PRP preparation with computer vision and deep learning, offering a practical and scalable solution to improve clinical outcomes in regenerative medicine."
48,A4_tissue,40647815,PMC12251723,10.3390/polym17131805,2025,Polymers,research-article; Journal Article,Eco-Engineered Biopolymer-Clay Composite for Phosphate IonRemoval: Synergistic Insights from Statistical and AI Modeling.,"This research aims to synthesize a novel hydrogel bio-composite based on natural clay, sodium alginate (Na-AL), and iota-carrageenan as adsorbents to remove phosphate ions from aqueous solutions. The adsorbents were characterized by a variety of techniques, such as Fourier-transform infrared (FTIR) spectroscopy, scanning electron microscopy coupled with energy dispersive X-rays (SEM-EDX), and the determination of point zero charge (PZC). This research investigated how the adsorption process is influenced by parameters such as adsorbent dose, contact time, solution pH, and temperature. In this study, we used four isotherms and four kinetic models to investigate phosphate ion removal on the prepared bio-composite. The results showed that the second-order kinetic (PSO) model is the best model for describing the adsorption process. The findings demonstrate that the R2 values are highly significant in both the Langmuir and Freundlich models (very close to 1). This suggests that Langmuir and Freundlich models, with a diversity of adsorption sites, promote the adsorption of phosphate ions. The maximum adsorbed amounts of phosphate ions by the bio-composite used were 140.84 mg/g for H2PO4- ions and 105.26 mg/g for HPO42- ions from the batch system. The positive ∆H° confirms the endothermic and physical nature of adsorption, in agreement with experimental results. Negative ∆G° values indicate spontaneity, while the positive ∆S° reflects increased disorder at the solid-liquid interface during phosphate uptake. The main parameters, including adsorbent dosage (mg), contact time (min), and initial concentration (mg/L), were tuned using the Box-Behnken design of the response surface methodology (BBD-RSM) to achieve the optimum conditions. The reliability of the constructed models is demonstrated by their high correlation coefficients (R2). An R2 value of 0.9714 suggests that the model explains 97.14% of the variability in adsorption efficiency (%), which reflects its strong predictive capability and reliability. Finally, the adsorption behavior of phosphate ions on the prepared bio-composite beads was analyzed using an artificial neural network (ANN) to predict the process efficiency. The ANN model accurately predicted the adsorption of phosphate ions onto the bio-composite, with a strong correlation (R2 = 0.974) between the predicted and experimental results."
49,A4_tissue,38882138,PMC11170757,10.1021/acsomega.4c01234,2024,ACS omega,research-article; Journal Article,Quantitative Evaluation of the Pore and Window Sizes of Tissue Engineering Scaffolds on Scanning Electron Microscope Images Using Deep Learning.,"The morphological characteristics of tissue engineering scaffolds, such as pore and window diameters, are crucial, as they directly impact cell-material interactions, attachment, spreading, infiltration of the cells, degradation rate and the mechanical properties of the scaffolds. Scanning electron microscopy (SEM) is one of the most commonly used techniques for characterizing the microarchitecture of tissue engineering scaffolds due to its advantages, such as being easily accessible and having a short examination time. However, SEM images provide qualitative data that need to be manually measured using software such as ImageJ to quantify the morphological features of the scaffolds. As it is not practical to measure each pore/window in the SEM images as it requires extensive time and effort, only the number of pores/windows is measured and assumed to represent the whole sample, which may cause user bias. Additionally, depending on the number of samples and groups, a study may require measuring thousands of samples and the human error rate may increase. To overcome such problems, in this study, a deep learning model (Pore D2) was developed to quantify the morphological features (such as the pore size and window size) of the open-porous scaffolds automatically for the first time. The developed algorithm was tested on emulsion-templated scaffolds fabricated under different fabrication conditions, such as changing mixing speed, temperature, and surfactant concentration, which resulted in scaffolds with various morphologies. Along with the developed model, blind manual measurements were taken, and the results showed that the developed tool is capable of quantifying pore and window sizes with a high accuracy. Quantifying the morphological features of scaffolds fabricated under different circumstances and controlling these features enable us to engineer tissue engineering scaffolds precisely for specific applications. Pore D2, an open-source software, is available for everyone at the following link: https://github.com/ilaydakaraca/PoreD2."
50,A4_tissue,39661966,PMC11672474,10.1021/acsami.4c16614,2024,ACS applied materials & interfaces,research-article; Journal Article,Scalable Accelerated Materials Discovery of Sustainable Polysaccharide-Based Hydrogels by Autonomous Experimentation and Collaborative Learning.,"While some materials can be discovered and engineered using standalone self-driving workflows, coordinating multiple stakeholders and workflows toward a common goal could advance autonomous experimentation (AE) for accelerated materials discovery (AMD). Here, we describe a scalable AMD paradigm based on AE and ""collaborative learning"". Collaborative learning using a novel consensus Bayesian optimization (BO) model enabled the rapid discovery of mechanically optimized composite polysaccharide hydrogels. The collaborative workflow outperformed a non-collaborating AMD workflow scaled by independent learning based on the trend of mechanical property evolution over eight experimental iterations, corresponding to a budget limit. After five iterations, four collaborating clients obtained notable material performance (i.e., composition discovery). Collaborative learning by consensus BO can enable scaling and performance optimization for a range of self-driving materials research workflows driven by optimally cooperating humans and machines that share a material design objective."
51,A4_tissue,37296645,PMC10252613,10.3390/cells12111524,2023,Cells,"Research Support, Non-U.S. Gov't; research-article; Journal Article",Evaluating Differentiation Status of Mesenchymal Stem Cells by Label-Free Microscopy System and Machine Learning.,"Mesenchymal stem cells (MSCs) play a crucial role in tissue engineering, as their differentiation status directly affects the quality of the final cultured tissue, which is critical to the success of transplantation therapy. Furthermore, the precise control of MSC differentiation is essential for stem cell therapy in clinical settings, as low-purity stem cells can lead to tumorigenic problems. Therefore, to address the heterogeneity of MSCs during their differentiation into adipogenic or osteogenic lineages, numerous label-free microscopic images were acquired using fluorescence lifetime imaging microscopy (FLIM) and stimulated Raman scattering (SRS), and an automated evaluation model for the differentiation status of MSCs was built based on the K-means machine learning algorithm. The model is capable of highly sensitive analysis of individual cell differentiation status, so it has great potential for stem cell differentiation research."
52,A4_tissue,37763841,PMC10535045,10.3390/mi14091678,2023,Micromachines,research-article; Journal Article,Deep-Learning-Based Digitization of Protein-Self-Assembly to Print Biodegradable Physically Unclonable Labels for Device Security.,"The increasingly pervasive problem of counterfeiting affects both individuals and industry. In particular, public health and medical fields face threats to device authenticity and patient privacy, especially in the post-pandemic era. Physical unclonable functions (PUFs) present a modern solution using counterfeit-proof security labels to securely authenticate and identify physical objects. PUFs harness innately entropic information generators to create a unique fingerprint for an authentication protocol. This paper proposes a facile protein self-assembly process as an entropy generator for a unique biological PUF. The posited image digitization process applies a deep learning model to extract a feature vector from the self-assembly image. This is then binarized and debiased to produce a cryptographic key. The NIST SP 800-22 Statistical Test Suite was used to evaluate the randomness of the generated keys, which proved sufficiently stochastic. To facilitate deployment on physical objects, the PUF images were printed on flexible silk-fibroin-based biodegradable labels using functional protein bioinks. Images from the labels were captured using a cellphone camera and referenced against the source image for error rate comparison. The deep-learning-based biological PUF has potential as a low-cost, scalable, highly randomized strategy for anti-counterfeiting technology."
53,A4_tissue,40373295,PMC12123237,10.2196/66161,2025,Journal of medical Internet research,research-article; Journal Article,AI-Assisted Hypothesis Generation to Address Challenges in Cardiotoxicity Research: Simulation Study Using ChatGPT With GPT-4o.,"BackgroundCardiotoxicity is a major concern in heart disease research because it can lead to severe cardiac damage, including heart failure and arrhythmias.ObjectiveThis study aimed to explore the ability of ChatGPT with GPT-4o to generate innovative research hypotheses to address 5 major challenges in cardiotoxicity research: the complexity of mechanisms, variability among patients, the lack of detection sensitivity, the lack of reliable biomarkers, and the limitations of animal models.MethodsChatGPT with GPT-4o was used to generate multiple hypotheses for each of the 5 challenges. These hypotheses were then independently evaluated by 3 experts for novelty and feasibility. ChatGPT with GPT-4o subsequently selected the most promising hypothesis from each category and provided detailed experimental plans, including background, rationale, experimental design, expected outcomes, potential pitfalls, and alternative approaches.ResultsChatGPT with GPT-4o generated 96 hypotheses, of which 13 (14%) were rated as highly novel and 62 (65%) as moderately novel. The average group score of 3.85 indicated a strong level of innovation in these hypotheses. Literature searching identified at least 1 relevant publication for 28 (29%) of the 96 hypotheses. The selected hypotheses included using single-cell RNA sequencing to understand cellular heterogeneity, integrating artificial intelligence with genetic profiles for personalized cardiotoxicity risk prediction, applying machine learning to electrocardiogram data for enhanced detection sensitivity, using multi-omics approaches for biomarker discovery, and developing 3D bioprinted heart tissues to overcome the limitations of animal models. Our group's evaluation of the 30 dimensions of the experimental plans for the 5 hypotheses selected by ChatGPT with GPT-4o revealed consistent strengths in the background, rationale, and alternative approaches, with most of the hypotheses (20/30, 67%) receiving scores of ≥4 in these areas. While the hypotheses were generally well received, the experimental designs were often deemed overly ambitious, highlighting the need for more practical considerations.ConclusionsOur study demonstrates that ChatGPT with GPT-4o can generate innovative and potentially impactful hypotheses for overcoming critical challenges in cardiotoxicity research. These findings suggest that artificial intelligence-assisted hypothesis generation could play a crucial role in advancing the field of cardiotoxicity, leading to more accurate predictions, earlier detection, and better patient outcomes."
54,A4_tissue,39996684,PMC11855032,10.3390/gels11020141,2025,"Gels (Basel, Switzerland)",research-article; Journal Article,The Optimization of Culture Conditions for Injectable Recombinant Collagen Hydrogel Preparation Using Machine Learning.,"Injectable recombinant collagen hydrogels (RCHs) are crucial in biomedical applications. Culture conditions play an important role in the preparation of hydrogels. However, determining the characteristics of hydrogels under certain conditions and determining the optimal conditions swiftly still remain challenging tasks. In this study, a machine learning approach was introduced to explore the correlation between hydrogel characteristics and culture conditions and determine the optimal culture conditions. The study focused on four key factors as independent variables: initial substrate concentration, reaction temperature, pH level, and reaction time, while the dependent variable was the elastic modulus of the hydrogels. To analyze the impact of these factors on the elastic modulus, four mathematical models were employed, including multiple linear regression (ML), decision tree (DT), support vector machine (SVM), and neural network (NN). The theoretical outputs of NN were closest to the actual values. Therefore, NN proved to be the most suitable model. Subsequently, the optimal culture conditions were identified as a substrate concentration of 15% (W/V), a reaction temperature of 4 °C, a pH of 7.0, and a reaction time of 12 h. The hydrogels prepared under these specific conditions exhibited a predicted elastic modulus of 15,340 Pa, approaching that of natural elastic cartilage."
55,A4_tissue,40770436,PMC12328221,10.1038/s41586-025-09269-4,2025,Nature,research-article; Journal Article,Data-driven de novo design of super-adhesive hydrogels.,"Data-driven methodologies have transformed the discovery and prediction of hard materials with well-defined atomic structures by leveraging standardized datasets, enabling accurate property predictions and facilitating efficient exploration of design spaces1-3. However, their application to soft materials remains challenging because of complex, multiscale structure-property relationships4-6. Here we present a data-driven approach that integrates data mining, experimentation and machine learning to design high-performance adhesive hydrogels from scratch, tailored for demanding underwater environments. By leveraging protein databases, we developed a descriptor strategy to statistically replicate protein sequence patterns in polymer strands by ideal random copolymerization, enabling targeted hydrogel design and dataset construction. Using machine learning, we optimized hydrogel formulations from an initial dataset of 180 bioinspired hydrogels, achieving remarkable improvements in adhesive strength, with a maximum value exceeding 1 MPa. These super-adhesive hydrogels hold immense potential across diverse applications, from biomedical engineering to deep-sea exploration, marking a notable advancement in data-driven innovation for soft materials."
56,A4_tissue,35762203,PMC9239686,10.7554/elife.77007,2022,eLife,"Research Support, Non-U.S. Gov't; research-article; Journal Article",Robotic search for optimal cell culture in regenerative medicine.,"Induced differentiation is one of the most experience- and skill-dependent experimental processes in regenerative medicine, and establishing optimal conditions often takes years. We developed a robotic AI system with a batch Bayesian optimization algorithm that autonomously induces the differentiation of induced pluripotent stem cell-derived retinal pigment epithelial (iPSC-RPE) cells. From 200 million possible parameter combinations, the system performed cell culture in 143 different conditions in 111 days, resulting in 88% better iPSC-RPE production than that obtained by the pre-optimized culture in terms of the pigmentation scores. Our work demonstrates that the use of autonomous robotic AI systems drastically accelerates systematic and unbiased exploration of experimental search space, suggesting immense use in medicine and research."
57,A4_tissue,40128804,PMC11934609,10.1186/s12915-025-02167-1,2025,BMC biology,research-article; Journal Article,Label-free metabolic fingerprinting of motile mammalian spermatozoa with subcellular resolution.,"BackgroundSperm metabolic pathways that generate energy for motility are compartmentalized within the flagellum. Dysfunctions in metabolic compartments, namely mitochondrial respiration and glycolysis, can compromise motility and male fertility. Studying these compartments is thus required for fertility treatment. However, it is very challenging to capture images of metabolic compartments in motile spermatozoa because the fast beating of the flagellum introduces motion blur. Therefore, most approaches immobilize spermatozoa prior to imaging.ResultsOur findings indicate that immobilizing sperm alters their metabolic profile, highlighting the necessity for measuring metabolism in spermatozoa during movement. We achieved this by encapsulating mouse epididymis in a hydrogel followed by two-photon fluorescence lifetime imaging microscopy for imaging motile sperm in situ. The autofluorescence of endogenous metabolites-FAD, NADH, and NADPH-enabled us to visualize sperm metabolic compartments without staining. We trained machine learning for automated image segmentation and generated metabolic fingerprints using object-based phasor analysis. We show that metabolic fingerprints of spermatozoa and the mitochondrial compartment (1) can distinguish individual males by genetic background, age, or fecundity status, (2) correlate with fertility, and (3) change with age likely due to increased oxidative metabolism.ConclusionsOur approach eliminates the need for sperm immobilization and labeling and captures the native state of sperm metabolism. This technique could be adapted for metabolism-based sperm selection for assisted reproduction."
58,A4_tissue,33928769,PMC8084167,10.1117/1.jbo.26.5.052913,2021,Journal of biomedical optics,"Research Support, Non-U.S. Gov't; research-article; Research Support, U.S. Gov't, Non-P.H.S.; Journal Article",Human embryonic stem cell classification: random network with autoencoded feature extractor.,"SignificanceAutomated understanding of human embryonic stem cell (hESC) videos is essential for the quantified analysis and classification of various states of hESCs and their health for diverse applications in regenerative medicine.AimThis paper aims to develop an ensemble method and bagging of deep learning classifiers as a model for hESC classification on a video dataset collected using a phase contrast microscope.ApproachThe paper describes a deep learning-based random network (RandNet) with an autoencoded feature extractor for the classification of hESCs into six different classes, namely, (1) cell clusters, (2) debris, (3) unattached cells, (4) attached cells, (5) dynamically blebbing cells, and (6) apoptotically blebbing cells. The approach uses unlabeled data to pre-train the autoencoder network and fine-tunes it using the available annotated data.ResultsThe proposed approach achieves a classification accuracy of 97.23  ±  0.94  %   and outperforms the state-of-the-art methods. Additionally, the approach has a very low training cost compared with the other deep-learning-based approaches, and it can be used as a tool for annotating new videos, saving enormous hours of manual labor.ConclusionsRandNet is an efficient and effective method that uses a combination of subnetworks trained using both labeled and unlabeled data to classify hESC images."
59,A4_tissue,33027251,PMC7571701,10.1371/journal.pcbi.1008275,2020,PLoS computational biology,"Research Support, Non-U.S. Gov't; research-article; Journal Article",Machine learning to predict mesenchymal stem cell efficacy for cartilage repair.,"Inconsistent therapeutic efficacy of mesenchymal stem cells (MSCs) in regenerative medicine has been documented in many clinical trials. Precise prediction on the therapeutic outcome of a MSC therapy based on the patient's conditions would provide valuable references for clinicians to decide the treatment strategies. In this article, we performed a meta-analysis on MSC therapies for cartilage repair using machine learning. A small database was generated from published in vivo and clinical studies. The unique features of our neural network model in handling missing data and calculating prediction uncertainty enabled precise prediction of post-treatment cartilage repair scores with coefficient of determination of 0.637 ± 0.005. From this model, we identified defect area percentage, defect depth percentage, implantation cell number, body weight, tissue source, and the type of cartilage damage as critical properties that significant impact cartilage repair. A dosage of 17 - 25 million MSCs was found to achieve optimal cartilage repair. Further, critical thresholds at 6% and 64% of cartilage damage in area, and 22% and 56% in depth were predicted to significantly compromise on the efficacy of MSC therapy. This study, for the first time, demonstrated machine learning of patient-specific cartilage repair post MSC therapy. This approach can be applied to identify and investigate more critical properties involved in MSC-induced cartilage repair, and adapted for other clinical indications."
60,A4_tissue,41124061,PMC12696800,10.1002/smll.202507903,2025,"Small (Weinheim an der Bergstrasse, Germany)","Research Support, Non-U.S. Gov't; research-article; Journal Article",Shape-Encoded Hydrogel Sensor Particles Enable Multiplex Odorant Detection Through Deep-learning Classification.,"Simultaneous detection of multiple odorants is a major challenge in the development of portable, cell-based biohybrid sensors, primarily due to the difficulty of distinguishing between different sensor cell types. Here, a strategy that encodes odorant sensor cell types using the shape of hydrogel particles, enabling shape-based identification through deep learning is reported. Each particle shape corresponds to a unique sensor cell type expressing a distinct odorant receptor (OR). A convolutional neural network is trained to classify these shapes with high accuracy, and the resulting shape identification scheme is applied to time-lapse fluorescence images of mixed particles exposed to single odorants. This enabled reliable assignment of particle identity and extraction of shape-specific fluorescence signals. Distinct odorant-dependent responses are observed, consistent with the known ligand specificities of the corresponding ORs. While this study focuses on individual odorants, the shape-based approach provides a position-independent, scalable method for multiplexed odorant detection. This framework supports the development of compact, high-throughput biohybrid sensors for safety, environmental monitoring, and diagnostic applications."
61,A4_tissue,38864344,PMC11321626,10.1002/advs.202401123,2024,"Advanced science (Weinheim, Baden-Wurttemberg, Germany)","Research Support, Non-U.S. Gov't; research-article; Journal Article",Machine Learning Assisted Electronic/Ionic Skin Recognition of Thermal Stimuli and Mechanical Deformation for Soft Robots.,"Soft robots have the advantage of adaptability and flexibility in various scenarios and tasks due to their inherent flexibility and mouldability, which makes them highly promising for real-world applications. The development of electronic skin (E-skin) perception systems is crucial for the advancement of soft robots. However, achieving both exteroceptive and proprioceptive capabilities in E-skins, particularly in terms of decoupling and classifying sensing signals, remains a challenge. This study presents an E-skin with mixed electronic and ionic conductivity that can simultaneously achieve exteroceptive and proprioceptive, based on the resistance response of conductive hydrogels. It is integrated with soft robots to enable state perception, with the sensed signals further decoded using the machine learning model of decision trees and random forest algorithms. The results demonstrate that the newly developed hydrogel sensing system can accurately predict attitude changes in soft robots when subjected to varying degrees of pressing, hot pressing, bending, twisting, and stretching. These findings that multifunctional hydrogels combine with machine learning to decode signals may serve as a basis for improving the sensing capabilities of intelligent soft robots in future advancements."
62,A4_tissue,40084126,PMC11906096,10.34133/bmef.0110,2025,BME frontiers,research-article; Journal Article,Graph-Based 3-Dimensional Spatial Gene Neighborhood Networks of Single Cells in Gels and Tissues.,"Objective: We developed 3-dimensional spatially resolved gene neighborhood network embedding (3D-spaGNN-E) to find subcellular gene proximity relationships and identify key subcellular motifs in cell-cell communication (CCC). Impact Statement: The pipeline combines 3D imaging-based spatial transcriptomics and graph-based deep learning to identify subcellular motifs. Introduction: Advancements in imaging and experimental technology allow the study of 3D spatially resolved transcriptomics and capture better spatial context than approximating the samples as 2D. However, the third spatial dimension increases the data complexity and requires new analyses. Methods: 3D-spaGNN-E detects single transcripts in 3D cell culture samples and identifies subcellular gene proximity relationships. Then, a graph autoencoder projects the gene proximity relationships into a latent space. We then applied explainability analysis to identify subcellular CCC motifs. Results: We first applied the pipeline to mesenchymal stem cells (MSCs) cultured in hydrogel. After clustering the cells based on the RNA count, we identified cells belonging to the same cluster as homotypic and those belonging to different clusters as heterotypic. We identified changes in local gene proximity near the border between homotypic and heterotypic cells. When applying the pipeline to the MSC-peripheral blood mononuclear cell (PBMC) coculture system, we identified CD4+ and CD8+ T cells. Local gene proximity and autoencoder embedding changes can distinguish strong and weak suppression of different immune cells. Lastly, we compared astrocyte-neuron CCC in mouse hypothalamus and cortex by analyzing 3D multiplexed-error-robust fluorescence in situ hybridization (MERFISH) data and identified regional gene proximity differences. Conclusion: 3D-spaGNN-E distinguished distinct CCCs in cell culture and tissue by examining subcellular motifs."
63,A4_tissue,37280220,PMC10244450,10.1038/s41467-023-38832-8,2023,Nature communications,"Research Support, Non-U.S. Gov't; research-article; Research Support, U.S. Gov't, Non-P.H.S.; Journal Article; Research Support, N.I.H., Extramural",Drug screening at single-organoid resolution via bioprinting and interferometry.,"High throughput drug screening is an established approach to investigate tumor biology and identify therapeutic leads. Traditional platforms use two-dimensional cultures which do not accurately reflect the biology of human tumors. More clinically relevant model systems such as three-dimensional tumor organoids can be difficult to scale and screen. Manually seeded organoids coupled to destructive endpoint assays allow for the characterization of treatment response, but do not capture transitory changes and intra-sample heterogeneity underlying clinically observed resistance to therapy. We present a pipeline to generate bioprinted tumor organoids linked to label-free, time-resolved imaging via high-speed live cell interferometry (HSLCI) and machine learning-based quantitation of individual organoids. Bioprinting cells gives rise to 3D structures with unaltered tumor histology and gene expression profiles. HSLCI imaging in tandem with machine learning-based segmentation and classification tools enables accurate, label-free parallel mass measurements for thousands of organoids. We demonstrate that this strategy identifies organoids transiently or persistently sensitive or resistant to specific therapies, information that could be used to guide rapid therapy selection."
64,A4_tissue,36517519,PMC9749643,10.1038/s41598-022-25423-8,2022,Scientific reports,"Research Support, Non-U.S. Gov't; research-article; Journal Article",Predicting multipotency of human adult stem cells derived from various donors through deep learning.,"Adult stem cell-based therapeutic approaches have great potential in regenerative medicine because of their immunoregulatory properties and multidifferentiation capacity. Nevertheless, the outcomes of stem cell‑based therapies to date have shown inconsistent efficacy owing to donor variation, thwarting the expectation of clinical effects. However, such donor dependency has been elucidated by biological consequences that current research could not predict. Here, we introduce cellular morphology-based prediction to determine the multipotency rate of human nasal turbinate stem cells (hNTSCs), aiming to predict the differentiation rate of keratocyte progenitors. We characterized the overall genes and morphologies of hNTSCs from five donors and compared stemness-related properties, including multipotency and specific lineages, using mRNA sequencing. It was demonstrated that transformation factors affecting the principal components were highly related to cell morphology. We then performed a convolutional neural network-based analysis, which enabled us to assess the multipotency level of each cell group based on their morphologies with 85.98% accuracy. Surprisingly, the trend in expression levels after ex vivo differentiation matched well with the deep learning prediction. These results suggest that AI‑assisted cellular behavioral prediction can be utilized to perform quantitative, non-invasive, single-cell, and multimarker characterizations of live stem cells for improved quality control in clinical cell therapies."
65,A4_tissue,37253825,PMC10229643,10.1038/s41540-023-00284-7,2023,NPJ systems biology and applications,"Research Support, Non-U.S. Gov't; research-article; Journal Article",Employing active learning in the optimization of culture medium for mammalian cells.,"Medium optimization is a crucial step during cell culture for biopharmaceutics and regenerative medicine; however, this step remains challenging, as both media and cells are highly complex systems. Here, we addressed this issue by employing active learning. Specifically, we introduced machine learning to cell culture experiments to optimize culture medium. The cell line HeLa-S3 and the gradient-boosting decision tree algorithm were used to find optimized media as pilot studies. To acquire the training data, cell culture was performed in a large variety of medium combinations. The cellular NAD(P)H abundance, represented as A450, was used to indicate the goodness of culture media. In active learning, regular and time-saving modes were developed using culture data at 168 h and 96 h, respectively. Both modes successfully fine-tuned 29 components to generate a medium for improved cell culture. Intriguingly, the two modes provided different predictions for the concentrations of vitamins and amino acids, and a significant decrease was commonly predicted for fetal bovine serum (FBS) compared to the commercial medium. In addition, active learning-assisted medium optimization significantly increased the cellular concentration of NAD(P)H, an active chemical with a constant abundance in living cells. Our study demonstrated the efficiency and practicality of active learning for medium optimization and provided valuable information for employing machine learning technology in cell biology experiments."
66,A4_tissue,39687413,PMC11649290,10.1097/gox.0000000000006386,2024,Plastic and reconstructive surgery. Global open,research-article; Journal Article,Scaffold-assisted Breast Augmentation: Approaching New Horizon by Three-Dimensionally Printed Personalized Tissue Regenerative Implants.,"Current breast augmentation options face limitations and potential associated complications. Implant-based augmentation introduces risks such as capsular contracture and malpositioning, whereas fat grafting poses issues such as induration and infections, necessitating revisions. Tissue engineering, integrating 3-dimensional (3D) printing and biomaterials science, aims to overcome these challenges. However, the clinical translation of these advancements remains challenging, with many approaches falling short in demonstrating the necessary volume regeneration. A 28-year-old yoga instructor with a disinterest in traditional options sought an alternative solution. Custom-made biocompatible thermoplastic copolyester implants were proposed, approved, and implemented. Our approach utilized artificial intelligence, magnetic resonance imaging, computer-aided design, and lattice structure engineering for customizing the implant design. Three-dimensional printing and plasma technology surface treatment created implants of 300 and 315 cm3 volumes, weighting around 33 g with biomimetic properties. Implants were placed in the subglandular plane; an 8-month follow-up revealed well-maintained implants without complications, except for a conservatively managed hematoma, and excellent cosmetic outcomes. Magnetic resonance imaging analysis revealed revascularization and new tissue formation within the implant, demonstrating tissue integration without complications. The study addresses biomechanical issues and foreign body reactions that cause capsular contracture in breast augmentation and proposes a novel 3D-printed implant with ultralight weight, tissue integrative porous structure, and biomimetic environments for scaffold-guided tissue regeneration. In conclusion, the presented solution shows promise in overcoming current breast augmentation limitations, demonstrating safety, biocompatibility, and patient satisfaction. Further adoption and long-term studies with larger cohorts are needed to validate its clinical effectiveness and feasibility."
67,A4_tissue,41227853,PMC12607992,10.3390/ma18214893,2025,"Materials (Basel, Switzerland)",research-article; Journal Article,"NMR, FT-IR, XRD, SEM, and ANN Complex Characterization of Some Nonwoven Materials Produced by Electrospinning.","Electrospinning is a versatile technique used to manufacture nanofibers by applying an electric field to a polymer solution. This method has gained significant interest in the biomedical, pharmaceutical, and materials engineering fields due to its ability to produce porous structures with a high specific surface area, making it ideal for applications such as wound dressings, controlled drug delivery systems, and tissue engineering. The materials used in electrospinning play a crucial role in determining the final properties of the obtained nonwoven nanofibers. Among the most studied substances are chitosan, collagen, and fish-derived gelatin, which are biopolymers with high biocompatibility. These materials are especially used in the medical and pharmaceutical fields due to their bioactive properties. In combination with synthetic polymers such as polyethylene glycol (PEG) and polyvinyl alcohol (PVA), these biopolymers can form electrospun fibers with improved mechanical characteristics and enhanced structural stability. The characterization of these materials was performed using modern characterization techniques, such as one-dimensional (1D) proton NMR spectroscopy (1H), for which the spin-spin relaxation time distributions T2 were characterized. Additionally, two-dimensional (2D) measurements were conducted, for which EXSY T2-T2 and COSY T1-T2 exchange maps were obtained. The characterization was complemented with FT-IR spectra measurements, and the nanofiber morphology was observed using SEM. As a novelty, machine learning methods, including artificial neural networks (ANNs), were applied to characterize the local structural order of the produced nanofibers. In this study, it was shown that the nanofiber nonwoven materials made from PVA are characterized by a degree of order in the range of 0.27 to 0.61, which are more ordered than the nanofibers made from chitosan and fish gelatin, characterized by an order degree ranging from 0.051 to 0.312, where 0 represents the completely unordered network and 1 a fully ordered fabric."
68,A4_tissue,40213493,PMC11935994,10.1002/smsc.202200076,2023,Small science,research-article; Journal Article,Nanocellulose: Recent Advances Toward Biomedical Applications.,"Sustainable materials are key to the continual improvement of living standards on this planet with minimal environmental impacts. Nanocellulose combines the fascinating features of nanomaterials with favorable properties of the abundantly available cellulose biopolymer, which in recent years has gained much attention toward biomedical applications by virtue of its unique surface chemistry, remarkable physical features, and inherent biological attributes. Herein, the recent advances in nanocellulose-based biomedical materials, with foci on biomolecule immobilization, drug delivery, cell culture and tissue engineering (TE), antimicrobial strategy, wound healing, and biomedical implants are summarized. Each topic is elaborated with representative examples to present the significance of nanocelluloses in their respective material design principles utilizing different sub-types, including cellulose nanofibers (CNFs), cellulose nanocrystals (CNCs), and bacterial nanocellulose (BNC). The current state of large-scale production of nanocellulose and accelerated development by artificial intelligence and machine learning are also briefly discussed, before ending with its future prospects and potential challenges."
69,A4_tissue,35875405,PMC9297994,10.1111/jace.18182,2022,Journal of the American Ceramic Society. American Ceramic Society,research-article; Journal Article,In situ 4D tomography image analysis framework to follow sintering within 3D-printed glass scaffolds.,"We propose a novel image analysis framework to automate analysis of X-ray microtomography images of sintering ceramics and glasses, using open-source toolkits and machine learning. Additive manufacturing (AM) of glasses and ceramics usually requires sintering of green bodies. Sintering causes shrinkage, which presents a challenge for controlling the metrology of the final architecture. Therefore, being able to monitor sintering in 3D over time (termed 4D) is important when developing new porous ceramics or glasses. Synchrotron X-ray tomographic imaging allows in situ, real-time capture of the sintering process at both micro and macro scales using a furnace rig, facilitating 4D quantitative analysis of the process. The proposed image analysis framework is capable of tracking and quantifying the densification of glass or ceramic particles within multiple volumes of interest (VOIs) along with structural changes over time using 4D image data. The framework is demonstrated by 4D quantitative analysis of bioactive glass ICIE16 within a 3D-printed scaffold. Here, densification of glass particles within 3 VOIs were tracked and quantified along with diameter change of struts and interstrut pore size over the 3D image series, delivering new insights on the sintering mechanism of ICIE16 bioactive glass particles in both micro and macro scales."
70,A4_tissue,37091421,PMC10116536,10.1021/acsomega.2c07944,2023,ACS omega,research-article; Journal Article,Nanoarchitectonic E-Tongue of Electrospun Zein/Curcumin Carbon Dots for Detecting Staphylococcus aureusin Milk.,"We report a nanoarchitectonic electronic tongue made with flexible electrodes coated with curcumin carbon dots and zein electrospun nanofibers, which could detect Staphylococcus aureus(S. aureus) in milk using electrical impedance spectroscopy. Electronic tongues are based on the global selectivity concept in which the electrical responses of distinct sensing units are combined to provide a unique pattern, which in this case allowed the detection of S. aureus through non-specific interactions. The electronic tongue used here comprised 3 sensors with electrodes coated with zein nanofibers, carbon dots, and carbon dots with zein nanofibers. The capacitance data obtained with the three sensors were processed with a multidimensional projection technique referred to as interactive document mapping (IDMAP) and analyzed using the machine learning-based concept of multidimensional calibration space (MCS). The concentration of S. aureus could be determined with the sensing units, especially with the one containing zein as the limit of detection was 0.83 CFU/mL (CFU stands for colony-forming unit). This high sensitivity is attributed to molecular-level interactions between the protein zein and C-H groups in S. aureus according to polarization-modulated infrared reflection-absorption spectroscopy (PM-IRRAS) data. Using machine learning and IDMAP, we demonstrated the selectivity of the electronic tongue in distinguishing milk samples from mastitis-infected cows from milk collected from healthy cows, and from milk spiked with possible interferents. Calibration of the electronic tongue can also be reached with the MCS concept employing decision tree algorithms, with an 80.1% accuracy in the diagnosis of mastitis. The low-cost electronic tongue presented here may be exploited in diagnosing mastitis at early stages, with tests performed in the farms without requiring specialized laboratories or personnel."
71,A4_tissue,37148168,PMC10369251,10.1002/advs.202300339,2023,"Advanced science (Weinheim, Baden-Wurttemberg, Germany)","Research Support, Non-U.S. Gov't; research-article; Journal Article",Photothermal Controlled-Release Immunomodulatory Nanoplatform for Restoring Nerve Structure and Mechanical Nociception in Infectious Diabetic Ulcers.,"Infectious diabetic ulcers (IDU) require anti-infection, angiogenesis, and nerve regeneration therapy; however, the latter has received comparatively less research attention than the former two. In particular, there have been few reports on the recovery of mechanical nociception. In this study, a photothermal controlled-release immunomodulatory hydrogel nanoplatform is tailored for the treatment of IDU. Due to a thermal-sensitive interaction between polydopamine-reduced graphene oxide (pGO) and the antibiotic mupirocin, excellent antibacterial efficacy is achieved through customized release kinetics. In addition, Trem2+ macrophages recruited by pGO regulate collagen remodeling and restore skin adnexal structures to alter the fate of scar formation, promote angiogenesis, accompanied by the regeneration of neural networks, which ensures the recovery of mechanical nociception and may prevent the recurrence of IDU at the source. In all, a full-stage strategy from antibacterial, immune regulation, angiogenesis, and neurogenesis to the recovery of mechanical nociception, an indispensable neural function of skin, is introduced to IDU treatment, which opens up an effective and comprehensive therapy for refractory IDU."
72,A4_tissue,40534514,PMC12177710,10.1039/d5lc00320b,2025,Lab on a chip,"research-article; Journal Article; Research Support, N.I.H., Extramural",Droplet microfluidics integrated with machine learning reveals how adipose-derived stem cells modulate endocrine response and tumor heterogeneity in ER+ breast cancer.,"Approximately 70% of breast cancer (BC) diagnoses are estrogen receptor positive (ER+) with ∼40% of ER+ BC patients presenting de novo resistance to endocrine therapy (ET). Recent studies identify the tumor microenvironment (TME) as having a key role in endocrine resistance in which adipose-derived stem cells (ASCs) play an essential role in cancer progression. Prior studies have indicated that ASC characteristics such as age and BMI may play a role in cancer progression. Unfortunately, most studies on ASC-BC cross talk have relied on established two-dimensional (2D) culture systems or the use of conditioned media that cannot replicate the complexity of the three-dimensional (3D) environment. This study used a microfluidic droplet trapping array and thiol-acrylate (TA) hydrogel scaffold to co-culture ER+ BC cells and ASCs as individual 3D spheroids (single culture) or organoids (co-culture) in a single device. Endocrine response was interrogated in both spheroids and organoids through the evaluation of proliferation following treatment with the selective estrogen receptor degrader (SERD) fulvestrant (ICI 182 780) followed by 17β-estradiol (E2). Terminal immunostaining for the proliferation marker (Ki67) was performed to evaluate how the presence of ASCs from different donor backgrounds (age and BMI) can modulate endocrine response. Results demonstrated that organoids containing two model ER+ cell lines (MCF7 and ZR-75) exhibited enhanced Ki67 expression even in the presence of ICI, suggesting a role for ASCs in cancer progression and endocrine resistance. Data clustering and classification algorithms were employed to categorize cellular behavior based on Ki67 expression and spheroid area to identify distinct clusters with high (H), intermediate (I), and low (L) Ki67 expression. Machine learning further stratified the data and revealed the direct effects of ASCs on Ki67 expression as well as how donor-specific features influenced ASC-driven changes in the TME. Notably, ASCs from an aged donor (>50) with lower BMI (+ tumors through the co-culture of cancer cells with ASCs. This system provided insight into cell-extrinsic factors that govern ER+ breast cancer heterogeneity and response to endocrine therapy can be gained."
73,A4_tissue,40710452,PMC12295332,10.3390/jfb16070237,2025,Journal of functional biomaterials,research-article; Journal Article,"Morphometric, Biomechanical and Macromolecular Performances of β-TCP Macro/Micro-Porous Lattice Scaffolds Fabricated via Lithography-Based Ceramic Manufacturing for Jawbone Engineering.","Effective bone tissue regeneration remains pivotal in implant dentistry, particularly for edentulous patients with compromised alveolar bone due to atrophy and sinus pneumatization. Biomaterials are essential for promoting regenerative processes by supporting cellular recruitment, vascularization, and osteogenesis. This study presents the development and characterization of a novel lithography-printed ceramic β-TCP scaffold, with a macro/micro-porous lattice, engineered to optimize osteoconduction and mechanical stability. Morphological, structural, and biomechanical assessments confirmed a reproducible microarchitecture with suitable porosity and load-bearing capacity. The scaffold was also employed for maxillary sinus augmentation, with postoperative evaluation using micro computed tomography, synchrotron imaging, histology, and Fourier Transform Infrared Imaging analysis, demonstrating active bone regeneration, scaffold resorption, and formation of mineralized tissue. Advanced imaging supported by deep learning tools revealed a well-organized osteocyte network and high-quality bone, underscoring the scaffold's biocompatibility and osteoconductive efficacy. These findings support the application of these 3D-printed β-TCP scaffolds in regenerative dental medicine, facilitating tissue regeneration in complex jawbone deficiencies."
74,A4_tissue,37901168,PMC10604014,10.1021/acscentsci.3c00794,2023,ACS central science,research-article; Journal Article,Deep Learning-Predicted Dihydroartemisinin Rescues Osteoporosis by Maintaining Mesenchymal Stem Cell Stemness through Activating Histone 3 Lys 9 Acetylation.,"Maintaining the stemness of bone marrow mesenchymal stem cells (BMMSCs) is crucial for bone homeostasis and regeneration. However, in vitro expansion and bone diseases impair BMMSC stemness, limiting its functionality in bone tissue engineering. Using a deep learning-based efficacy prediction system and bone tissue sequencing, we identify a natural small-molecule compound, dihydroartemisinin (DHA), that maintains BMMSC stemness and enhances bone regeneration. During long-term in vitro expansion, DHA preserves BMMSC stemness characteristics, including its self-renewal ability and unbiased differentiation. In an osteoporosis mouse model, oral administration of DHA restores the femur trabecular structure, bone density, and BMMSC stemness in situ. Mechanistically, DHA maintains BMMSC stemness by promoting histone 3 lysine 9 acetylation via GCN5 activation both in vivo and in vitro. Furthermore, the bone-targeted delivery of DHA by mesoporous silica nanoparticles improves its therapeutic efficacy in osteoporosis. Collectively, DHA could be a promising therapeutic agent for treating osteoporosis by maintaining BMMSC stemness."
75,A4_tissue,39373849,PMC11600185,10.1002/advs.202407055,2024,"Advanced science (Weinheim, Baden-Wurttemberg, Germany)","Research Support, Non-U.S. Gov't; research-article; Journal Article",Space-Confined Amplification for In Situ Imaging of Single Nucleic Acid and Single Pathogen on Biological Samples.,"Direct in situ imaging of nucleic acids on biological samples is advantageous for rapid analysis without DNA extraction. However, traditional nucleic acid amplification in aqueous solutions tends to lose spatial information because of the high mobility of molecules. Similar to a cellular matrix, hydrogels with biomimetic 3D nanoconfined spaces can limit the free diffusion of nucleic acids, thereby allowing for ultrafast in situ enzymatic reactions. In this study, hydrogel-based in situ space-confined interfacial amplification (iSCIA) is developed for direct imaging of single nucleic acid and single pathogen on biological samples without formaldehyde fixation. With a polyethylene glycol hydrogel coating, nucleic acids on the sample are nanoconfined with restricted movement, while in situ amplification can be successfully performed. As a result, the nucleic acids are lighted-up on the large-scale surface in 20 min, with a detection limit as low as 1 copy/10 cm2. Multiplex imaging with a deep learning model is also established to automatically analyze multiple targets. Furthermore, the iSCIA imaging of pathogens on plant leaves and food is successfully used to monitor plant health and food safety. The proposed technique, a rapid and flexible system for in situ imaging, has great potential for food, environmental, and clinical applications."
76,A4_tissue,38654624,PMC11220713,10.1002/advs.202401515,2024,"Advanced science (Weinheim, Baden-Wurttemberg, Germany)","Research Support, Non-U.S. Gov't; research-article; Journal Article",Self-Powered Biomimetic Pressure Sensor Based on Mn-Ag Electrochemical Reaction for Monitoring Rehabilitation Training of Athletes.,"Self-powered pressure detection using smart wearable devices is the subject of intense research attention, which is intended to address the critical need for prolonged and uninterrupted operations. Current piezoelectric and triboelectric sensors well respond to dynamic stimuli while overlooking static stimuli. This study proposes a dual-response potentiometric pressure sensor that responds to both dynamic and static stimuli. The proposed sensor utilizes interdigital electrodes with MnO2/carbon/polyvinyl alcohol (PVA) as the cathode and conductive silver paste as the anode. The electrolyte layer incorporates a mixed hydrogel of PVA and phosphoric acid. The optimized interdigital electrodes and sandpaper-like microstructured surface of the hydrogel electrolyte contribute to enhanced performance by facilitating an increased contact area between the electrolyte and electrodes. The sensor features an open-circuit voltage of 0.927 V, a short-circuit current of 6 µA, a higher sensitivity of 14 mV/kPa, and outstanding cycling performance (>5000 cycles). It can accurately recognize letter writing and enable capacitor charging and LED lighting. Additionally, a data acquisition and display system employing the proposed sensor, which facilitates the monitoring of athletes' rehabilitation training, and machine learning algorithms that effectively guide rehabilitation actions are presented. This study offers novel solutions for the future development of smart wearable devices."
77,A4_tissue,37945626,PMC10636134,10.1038/s41598-023-46417-0,2023,Scientific reports,"Research Support, Non-U.S. Gov't; research-article; Journal Article",Categorization of collagen type I and II blend hydrogel using multipolarization SHG imaging with ResNet regression.,"Previously, the discrimination of collagen types I and II was successfully achieved using peptide pitch angle and anisotropic parameter methods. However, these methods require fitting polarization second harmonic generation (SHG) pixel-wise information into generic mathematical models, revealing inconsistencies in categorizing collagen type I and II blend hydrogels. In this study, a ResNet approach based on multipolarization SHG imaging is proposed for the categorization and regression of collagen type I and II blend hydrogels at 0%, 25%, 50%, 75%, and 100% type II, without the need for prior time-consuming model fitting. A ResNet model, pretrained on 18 progressive polarization SHG images at 10° intervals for each percentage, categorizes the five blended collagen hydrogels with a mean absolute error (MAE) of 0.021, while the model pretrained on nonpolarization images exhibited 0.083 MAE. Moreover, the pretrained models can also generally regress the blend hydrogels at 20%, 40%, 60%, and 80% type II. In conclusion, the multipolarization SHG image-based ResNet analysis demonstrates the potential for an automated approach using deep learning to extract valuable information from the collagen matrix."
78,A4_tissue,40594936,PMC12216497,10.1038/s41598-025-92877-x,2025,Scientific reports,research-article; Journal Article,A predictive model for electrospun based Polyvinyl alcohol (PVA) nanofibers diameter using an artificial neural network.,"The aim of this work is to develop a predictive model for electrospun based polyvinyl alcohol (PVA) nanofiber diameter. Artificial Neural Network is employed to analyze the key variables such as applied electric field, the polymer concentrations, the rate of injection and nozzle collector distance, involves in the process of electrospinning affecting the diameter of PVA nanofiber. The most suitable network architecture was determined by considering and examining different topologies in artificial neural networks (ANNs) that composed of single and double hidden layers with different numbers of nodes for each layer. Strong prediction capabilities of the developed model are observed in the analysis of the parameters influencing the diameter of spun fibers for ANN configuration of 5-9-1. The findings revealed that PVA fiber diameters' predicted in our work and the already existing experimental data are significantly correlated with a regression that is around 0.973. Also, a low value of average absolute error i.e., 0.06 is obtained after the evaluation of the developed model."
79,A4_tissue,40710711,PMC12294283,10.3390/gels11070550,2025,"Gels (Basel, Switzerland)",research-article; Journal Article,Interpretable Prediction and Analysis of PVA Hydrogel Mechanical Behavior Using Machine Learning.,"Polyvinyl alcohol (PVA) hydrogels have emerged as versatile materials due to their exceptional biocompatibility and tunable mechanical properties, showing great promise for flexible sensors, smart wound dressings, and tissue engineering applications. However, rational design remains challenging due to complex structure-property relationships involving multiple formulation parameters. This study presents an interpretable machine learning framework for predicting PVA hydrogel tensile strain properties with emphasis on mechanistic understanding, based on a comprehensive dataset of 350 data points collected from a systematic literature review. XGBoost demonstrated superior performance after Optuna-based optimization, achieving R2 values of 0.964 for training and 0.801 for testing. SHAP analysis provided unprecedented mechanistic insights, revealing that PVA molecular weight dominates mechanical performance (SHAP importance: 84.94) through chain entanglement and crystallization mechanisms, followed by degree of hydrolysis (72.46) and cross-linking parameters. The interpretability analysis identified optimal parameter ranges and critical feature interactions, elucidating complex non-linear relationships and reinforcement mechanisms. By addressing the ""black box"" limitation of machine learning, this approach enables rational design strategies and mechanistic understanding for next-generation multifunctional hydrogels."
80,A4_tissue,40276485,PMC12020925,10.1016/j.crtox.2024.100197,2024,Current research in toxicology,research-article; Journal Article,iPSC-derived and Patient-Derived Organoids: Applications and challenges in scalability and reproducibility as pre-clinical models.,"Recent advancements in stem cell technology have led to the development of organoids - three-dimensional (3D) cell cultures that closely mimic the structural and functional characteristics of human organs. These organoids represent a significant improvement over traditional two-dimensional (2D) cell cultures by preserving native tissue architecture and cellular interactions critical for physiological relevance. This review provides a comprehensive comparison between two main types of organoids: induced Pluripotent Stem Cell (iPSC)-derived and Adult Stem Cell (ASC)-derived (also known as Patient-Derived Organoids, PDOs). iPSC-derived organoids, derived from reprogrammed cells, exhibit remarkable plasticity, and can model a wide range of tissues and developmental stages. They are particularly valuable for studying early human development, genetic disorders, and complex diseases. However, challenges such as prolonged differentiation protocols and variability in maturation levels remain significant hurdles. In contrast, ASC-derived organoids, generated directly from patient tissues, faithfully recapitulate tissue-specific characteristics and disease phenotypes. This fidelity makes them indispensable for personalized medicine applications, including drug screening, disease modeling, and understanding individualized treatment responses. The review highlights the unique advantages and limitations of each organoid type, emphasizing their roles in advancing biomedical research and drug discovery. It addresses key challenges in organoid technology, such as scalability, reproducibility, and the need for standardized culture protocols. Furthermore, it explores recent innovations in scaffold-guided organoid engineering and the integration of organoids with advanced technologies like artificial intelligence and high-throughput screening. The integration of organoids with cutting-edge technologies holds promise for enhancing their utility in modeling complex human diseases and accelerating drug discovery and development. By providing more physiologically relevant models of human organs, organoid technology is poised to revolutionize biomedical research, offering new insights into disease mechanisms and personalized therapeutic strategies."
81,A4_tissue,40287843,PMC12120697,10.1002/advs.202412831,2025,"Advanced science (Weinheim, Baden-Wurttemberg, Germany)",research-article; Journal Article,Machine Learning-Enhanced Optimization for High-Throughput Precision in Cellular Droplet Bioprinting.,"Organoids produce through traditional manual pipetting methods face challenges such as labor-intensive procedures and batch-to-batch variability in quality. To ensure consistent organoid production, 3D bioprinting platforms offer a more efficient alternative. However, optimizing multiple printing parameters to achieve the desired organoid size remains a time-consuming and costly endeavor. To address these obstacles, machine learning is employed to optimize five critical printing parameters (i.e., bioink viscosity, nozzle size, printing time, printing pressure, and cell concentration), and develop algorithms capable of immediate cellular droplet size prediction. In this study, a high-throughput cellular droplet bioprinter is designed, capable of printing over 50 cellular droplets simultaneously, producing the large dataset required for effective machine learning training. Among the five algorithms evaluated, the multilayer perceptron model demonstrates the highest prediction accuracy, while the decision tree model offers the fastest computation time. Finally, these top-performing machine learning models are integrated into a user-friendly interface to streamline usability. The bioprinting parameter optimization platform develops in this study is expected to create significant synergy when combined with various bioprinting technologies, advancing the scalable production of organoids for a range of applications."
82,A4_tissue,39539447,PMC11556762,10.22038/ijbms.2024.78958.17077,2024,Iranian journal of basic medical sciences,research-article; Journal Article,Zinc oxide nanoparticle-reinforced sodium alginate/hydroxyapatite scaffolds for osteoporosis treatment in fragility fracture patients: Development and characterization using artificial neural networks (ANNs) modeling.,"ObjectivesOsteoporosis is a significant public health concern due to its association with fragility fractures. Despite experiencing such fractures, many patients remain at high risk of future fractures due to inadequate management and treatment of their underlying osteoporosis. This research presents a comprehensive intervention to enhance osteoporosis management in patients with fragility fractures. The intervention involves a thorough personalized assessment of fracture risk using clinical factors and bone density testing, followed by customized treatment based on the individual's fracture risk level. It also addresses non-compliance through patient education, counseling, reminders, and improved care coordination among acute, primary, and specialty providers.Materials and methodsThe aim is to create and characterize sodium alginate/hydroxyapatite (HA) scaffolds reinforced with zinc oxide nanoparticles (ZnO-NP) for bone tissue engineering. Freeze-drying was used to produce scaffolds with 0-15% ZnO-NP. Analyses confirmed the composite structure, uniform ZnO-NP distribution, and decreasing pore size with higher ZnO-NP content. Mechanical testing showed increased compressive strength with greater ZnO-NP.ResultsThe scaffolds exhibited over 70% porosity, neutral pH, and increased apatite deposition and bioactivity with higher ZnO-NP. They also demonstrated decreased swelling and strong antibacterial activity against Escherichia coli and Staphylococcus aureus, making them a promising candidate for bone regeneration.ConclusionAdditionally, the researchers used an artificial neural network (ANN) to better understand the relationships between various scaffold properties, and the ANN-based predictions showed that changes in pore size and porosity affect the other properties, with acceptable error compared to experimental results."
83,A4_tissue,41117111,PMC12538559,10.1039/d5tb01272d,2025,Journal of materials chemistry. B,research-article; Journal Article,Monomer exchange dynamics in ureido-pyrimidinone supramolecular polymers via molecular simulations.,"The use of synthetic supramolecular polymers, built with monomers that self-assemble via non-covalent, reversible interactions, is rapidly growing in many fields, including energy, environmental, and bioengineering applications. Very recently, ureido-pyrimidinone (UPy)-based supramolecular polymers have been used to synthesize biocompatible hydrogels aiming to mimic the dynamic environment of extracellular matrices. Tuning the dynamics, stiffness, and bioactivity of UPy hydrogels effectively influences cellular behaviour and tissue development. However, a complete understanding of UPy-network dynamics over different length and time scales is still lacking, and even the most advanced experimental approaches are unable to capture the dynamics of monomer exchange with atomistic resolution. Here we present a computational study on UPy supramolecular assemblies in water that uncovers the mechanism of monomer exchange between the UPy supramolecular polymers and their surroundings. Our results, based on atomistic molecular dynamics (MD) simulations combined with enhanced sampling and machine-learning (ML) techniques, show that the fine interplay of solute-solvent interactions is the main engine of monomer motion, which makes UPy supramolecular polymer ends more dynamic as compared to the static backbone. This computational work complements the qualitative experimental evidence on supramolecular dynamics with the mechanism of monomer exchange, revealing the most favorable environment for supramolecular polymer damage as well as the underlying principle of self-healing."
84,A4_tissue,37502104,PMC10368888,10.3389/fbioe.2023.1160760,2023,Frontiers in bioengineering and biotechnology,research-article; Journal Article,Can we achieve biomimetic electrospun scaffolds with gelatin alone?,"Introduction: Gelatin is a natural polymer commonly used in biomedical applications in combination with other materials due to its high biocompatibility, biodegradability, and similarity to collagen, principal protein of the extracellular matrix (ECM). The aim of this study was to evaluate the suitability of gelatin as the sole material to manufacture tissue engineering scaffolds by electrospinning. Methods: Gelatin was electrospun in nine different concentrations onto a rotating collector and the resulting scaffold's mechanical properties, morphology and topography were assessed using mechanical testing, scanning electron microscopy and white light interferometry, respectively. After characterizing the scaffolds, the effects of the concentration of the solvents and crosslinking agent were statistically evaluated with multivariate analysis of variance and linear regressions. Results: Fiber diameter and inter-fiber separation increased significantly when the concentration of the solvents, acetic acid (HAc) and dimethyl sulfoxide (DMSO), increased. The roughness of the scaffolds decreased as the concentration of dimethyl sulfoxide increased. The mechanical properties were significantly affected by the DMSO concentration. Immersed crosslinked scaffolds did not degrade until day 28. The manufactured gelatin-based electrospun scaffolds presented comparable mechanical properties to many human tissues such as trabecular bone, gingiva, nasal periosteum, oesophagus and liver tissue. Discussion: This study revealed for the first time that biomimetic electrospun scaffolds with gelatin alone can be produced for a significant number of human tissues by appropriately setting up the levels of factors and their interactions. These findings also extend statistical relationships to a form that would be an excellent starting point for future research that could optimize factors and interactions using both traditional statistics and machine learning techniques to further develop specific human tissue."
85,A4_tissue,41281662,PMC12639595,10.1016/j.mtbio.2025.102524,2025,Materials today. Bio,research-article; Journal Article,Multifunctional hydrogel sensors with dynamic covalent networks for machine learning-assisted Parkinson's disease diagnosis and encrypted human-computer interaction.,"Flexible sensors hold significant application value in the fields of human-computer interaction and medical monitoring. In this study, we developed a smart hydrogel strain sensor based on dynamic covalent cross-linking. A multifunctional hydrogel was fabricated by constructing a multicomponent synergistic network composed of poly (acrylic acid) (PAA), dialdehyde carboxymethyl cellulose (OCMC), gelatin methacryloyl (GelMA), and lignosulfonate methacrylate (MLS). This hydrogel (AGOM) exhibited synergistically enhanced interfacial adhesion strength (>77.8 kPa) and mechanical properties, with an elongation at break exceeding 1820 %. The unique gradient network structure not only provides the material with excellent electrical conductivity (conductivity >0.55 S/m). A message transmission system has been developed based on the principles of Morse code, allowing for the coding and decoding of messages by recognizing different amplitudes of finger bending. Electrodes constructed from this hydrogel reliably record human electromyography (EMG) and electrocardiography (ECG) signals. The conductive network, combined with its wide-range and high-sensitivity characteristics (GF = 5.31), enables the sensor to accurately recognize clinical symptoms. This includes the characteristic tremor signals associated with Parkinson's disease. By leveraging machine learning, the sensor achieves a high recognition rate. This technology offers an innovative solution for monitoring and assisted treatment of Parkinson's disease, presenting significant application prospects in the field of intelligent medicine."
86,A4_tissue,40115811,PMC11925168,10.1016/j.jpha.2024.101152,2025,Journal of pharmaceutical analysis,research-article; Journal Article,Rapid enrichment and SERS differentiation of various bacteria in skin interstitial fluid by 4-MPBA-AuNPs-functionalized hydrogel microneedles.,"Bacterial infection is a major threat to global public health, and can cause serious diseases such as bacterial skin infection and foodborne diseases. It is essential to develop a new method to rapidly diagnose clinical multiple bacterial infections and monitor food microbial contamination in production sites in real-time. In this work, we developed a 4-mercaptophenylboronic acid gold nanoparticles (4-MPBA-AuNPs)-functionalized hydrogel microneedle (MPBA-H-MN) for bacteria detection in skin interstitial fluid. MPBA-H-MN could conveniently capture and enrich a variety of bacteria within 5 min. Surface enhanced Raman spectroscopy (SERS) detection was then performed and combined with machine learning technology to distinguish and identify a variety of bacteria. Overall, the capture efficiency of this method exceeded 50%. In the concentration range of 1 × 107 to 1 × 1010 colony-forming units/mL (CFU/mL), the corresponding SERS intensity showed a certain linear relationship with the bacterial concentration. Using random forest (RF)-based machine learning, bacteria were effectively distinguished with an accuracy of 97.87%. In addition, the harmless disposal of used MNs by photothermal ablation was convenient, environmentally friendly, and inexpensive. This technique provided a potential method for rapid and real-time diagnosis of multiple clinical bacterial infections and for monitoring microbial contamination of food in production sites."
87,A4_tissue,38853181,PMC11163007,10.1038/s41598-024-63285-4,2024,Scientific reports,research-article; Journal Article,Imbalanced spectral data analysis using data augmentation based on the generative adversarial network.,"Spectroscopic techniques generate one-dimensional spectra with distinct peaks and specific widths in the frequency domain. These features act as unique identities for material characteristics. Deep neural networks (DNNs) has recently been considered a powerful tool for automatically categorizing experimental spectra data by supervised classification to evaluate material characteristics. However, most existing work assumes balanced spectral data among various classes in the training data, contrary to actual experiments, where the spectral data is usually imbalanced. The imbalanced training data deteriorates the supervised classification performance, hindering understanding of the phase behavior, specifically, sol-gel transition (gelation) of soft materials and glycomaterials. To address this issue, this paper applies a novel data augmentation method based on a generative adversarial network (GAN) proposed by the authors in their prior work. To demonstrate the effectiveness of the proposed method, the actual imbalanced spectral data from Pluronic F-127 hydrogel and Alpha-Cyclodextrin hydrogel are used to classify the phases of data. Specifically, our approach improves 8.8%, 6.4%, and 6.2% of the performance of the existing data augmentation methods regarding the classifier's F-score, Precision, and Recall on average, respectively. Specifically, our method consists of three DNNs: the generator, discriminator, and classifier. The method generates samples that are not only authentic but emphasize the differentiation between material characteristics to provide balanced training data, improving the classification results. Based on these validated results, we expect the method's broader applications in addressing imbalanced measurement data across diverse domains in materials science and chemical engineering."
88,A4_tissue,38362070,PMC10867556,10.1039/d3ra07720a,2024,RSC advances,research-article; Journal Article,"Adsorption of lead ions from wastewater using electrospun zeolite/MWCNT nanofibers: kinetics, thermodynamics and modeling study.","Heavy metal contamination in water is a serious environmental issue due to the toxicity of metals like lead. This study developed zeolite and multi-walled carbon nanotube (MWCNT) incorporated polyacrylonitrile (PAN) nanofibers via needleless electrospinning and examined their potential for lead ion adsorption from aqueous solutions. The adsorption process was optimized using response surface methodology (RSM) and artificial neural network (ANN) modeling approaches. The adsorbent displayed efficient lead removal of 84.75% under optimum conditions (adsorbent dose (2.21 g), adsorption time (207 min), temperature (48 °C), and initial concentration (62 ppm)). Kinetic studies revealed that the adsorption followed pseudo-first-order kinetics governed by interparticle diffusion. Isotherm analysis indicated Langmuir monolayer adsorption with improved 5.90 mg g-1 capacity compared to pristine PAN nanofibers. Thermodynamic parameters suggested the adsorption was spontaneous and endothermic. This work demonstrates the promise of electrospun zeolite/MWCNT nanofibers as adsorbents for removing lead from wastewater."
89,A4_tissue,34502855,PMC8434643,10.3390/s21175964,2021,"Sensors (Basel, Switzerland)",research-article; Journal Article,Plantar Pressure Detection System Based on Flexible Hydrogel Sensor Array and WT-RF.,"This paper presents a hydrogel-based flexible sensor array to detect plantar pressure distribution and recognize the gait patterns to assist those who suffer from gait disorders to rehabilitate better. The traditional pressure detection array is composed of rigid metal sensors, which have poor biocompatibility and expensive manufacturing costs. To solve the above problems, we have designed and fabricated a novel flexible sensor array based on AAM/NaCl (Acrylamide/Sodium chloride) hydrogel and PI (Polyimide) membrane. The proposed array exhibits excellent structural flexibility (209 KPa) and high sensitivity (12.3 mV·N-1), which allows it to be in full contact with the sole of the foot to collect pressure signals accurately. The Wavelet Transform-Random Forest (WT-RF) algorithm is introduced to recognize the gaits based on the plantar pressure signals. Wavelet transform realizes the signal filtering and normalization, and random forest is responsible for the classification of the processed signals. The classification accuracy of the WT-RF algorithm reaches 91.9%, which ensures the precise recognition of gaits."
90,A4_tissue,38510433,PMC10951799,10.1017/s2633903x22000022,2022,Biological imaging,research-article; Journal Article,3D cell morphology detection by association for embryo heart morphogenesis.,"Advances in tissue engineering for cardiac regenerative medicine require cellular-level understanding of the mechanism of cardiac muscle growth during embryonic developmental stage. Computational methods to automatize cell segmentation in 3D and deliver accurate, quantitative morphology of cardiomyocytes, are imperative to provide insight into cell behavior underlying cardiac tissue growth. Detecting individual cells from volumetric images of dense tissue, poised with low signal-to-noise ratio and severe intensity in homogeneity, is a challenging task. In this article, we develop a robust segmentation tool capable of extracting cellular morphological parameters from 3D multifluorescence images of murine heart, captured via light-sheet microscopy. The proposed pipeline incorporates a neural network for 2D detection of nuclei and cell membranes. A graph-based global association employs the 2D nuclei detections to reconstruct 3D nuclei. A novel optimization embedding the network flow algorithm in an alternating direction method of multipliers is proposed to solve the global object association problem. The associated 3D nuclei serve as the initialization of an active mesh model to obtain the 3D segmentation of individual myocardial cells. The efficiency of our method over the state-of-the-art methods is observed via various qualitative and quantitative evaluation."
91,A4_tissue,37279550,PMC10427967,10.1093/stmcls/sxad039,2023,"Stem cells (Dayton, Ohio)","Research Support, Non-U.S. Gov't; research-article; Research Support, U.S. Gov't, Non-P.H.S.; Journal Article",Development of a Robust Consensus Modeling Approach for Identifying Cellular and Media Metabolites Predictive of Mesenchymal Stromal Cell Potency.,"Mesenchymal stromal cells (MSCs) have shown promise in regenerative medicine applications due in part to their ability to modulate immune cells. However, MSCs demonstrate significant functional heterogeneity in terms of their immunomodulatory function because of differences in MSC donor/tissue source, as well as non-standardized manufacturing approaches. As MSC metabolism plays a critical role in their ability to expand to therapeutic numbers ex vivo, we comprehensively profiled intracellular and extracellular metabolites throughout the expansion process to identify predictors of immunomodulatory function (T-cell modulation and indoleamine-2,3-dehydrogenase (IDO) activity). Here, we profiled media metabolites in a non-destructive manner through daily sampling and nuclear magnetic resonance (NMR), as well as MSC intracellular metabolites at the end of expansion using mass spectrometry (MS). Using a robust consensus machine learning approach, we were able to identify panels of metabolites predictive of MSC immunomodulatory function for 10 independent MSC lines. This approach consisted of identifying metabolites in 2 or more machine learning models and then building consensus models based on these consensus metabolite panels. Consensus intracellular metabolites with high predictive value included multiple lipid classes (such as phosphatidylcholines, phosphatidylethanolamines, and sphingomyelins) while consensus media metabolites included proline, phenylalanine, and pyruvate. Pathway enrichment identified metabolic pathways significantly associated with MSC function such as sphingolipid signaling and metabolism, arginine and proline metabolism, and autophagy. Overall, this work establishes a generalizable framework for identifying consensus predictive metabolites that predict MSC function, as well as guiding future MSC manufacturing efforts through identification of high-potency MSC lines and metabolic engineering."
92,A4_tissue,42257191,PMC13052673,10.1021/polymscitech.4c00018,2025,"Polymer science & technology (Washington, D.C.)",research-article; Journal Article,Physicochemical Dual Cross-Linked Multifunctional Conductive Organohydrogel Sensors for Fireworks Burn Wound Healing and Intelligent Real-Time Monitoring.,"Conductive hydrogels have garnered significant attention in the realm of future flexible electronic devices due to their properties such as flexibility, electrical conductivity, frost resistance, and biocompatibility. However, the integration of numerous functional applications in the biomedical field still presents notable challenges. In this research, a rigid hard-structured network was formed by cross-linking gallic acid grafted chitosan (CS-GA) and tannic acid (TA) with poly-(vinyl alcohol) (PVA) through physical freezing. The noncovalent hydrogen bonding during the freezing and thawing process facilitated the formation of microcrystalline domains in the amorphous hydrogel network system. Functional proteins from eggshell membrane were cross-linked with tetra-armed poly-(ethylene glycol) maleimide (4am-PEG-MAL) via thiol-olefin click chemistry, and lysozyme was incorporated into the network as an antibacterial component through the nucleophilic substitution reaction. These chemical cross-linking methods resulted in a soft-structured network that enhanced the mechanical properties of the hydrogel (maximum stress of 2.15 MPa and elongation of 605%). The use of ionic liquids/ethylene glycol/water (ILs/EG/H2O) ternary solvents instead of a single solvent not only provided frost resistance but also imparted excellent electrical conductivity to the hydrogels (0.37 ± 0.04 S/m). Notably, the organohydrogel showed good antimicrobial properties and biocompatibility and was effective in providing emergency cooling after fireworks burns and promoting wet healing of broken skin to minimize scarring. In the biomedical field, this multifunctional hydrogel can serve as a flexible wearable device to monitor the movement amplitude of wounds in real-time, offering a novel approach to deep learning-assisted wound healing. The multifunctional nature of this organohydrogel as a flexible wearable device in the biological field presents promising applications."
93,A4_tissue,40558332,PMC12190710,10.3390/biomimetics10060363,2025,"Biomimetics (Basel, Switzerland)",research-article; Journal Article,A Piezoelectric Sensor Based on MWCNT-Enhanced Polyvinyl Chloride Gel for Contact Perception of Grippers.,"In contrast to traditional hydrogels, which are susceptible to water evaporation and structural degradation, non-hydrogel materials are engineered for superior stability and consistent performance. Here, we report an innovative piezoelectric polyvinyl chloride/multi-walled carbon nanotube polymer gel (PVC/MWCNT polymer gel, PMPG) with exceptional linearity (as low as 1.31%), high sensitivity (50-310.17 mV), rapid response (172-189 ms), and thermal stability. Under strain induction, ordered rearrangement of dipoles in PMPG and the enhancement of MWCNTs generate a potential difference. Increasing MWCNT content enhances output voltage, sensitivity, conductivity, maximum stress, Young's modulus, and toughness, while reducing nonlinear error. Higher dibutyl adipate (DBA) content increases output voltage and slightly improves sensitivity but decreases mechanical strength. The optimal PMPG (PVC:DBA = 1:5, 1 wt% MWCNTs) exhibited outstanding performance. It exhibits a nonlinear error as low as 1.31%, a conductivity of 25.4 μS/cm, an 80% compressive strain tolerance (273 kPa stress), and dimensional stability for 90 days in air. By integrating PMPG with machine learning algorithms, soft robotic grippers gain advanced contact perception capabilities, enabling applications in medicine, rescue, exploration, and other fields requiring fine manipulation and adaptability. This work highlights PMPG's potential as a stable, high-performance material for soft robotics and beyond."
94,A4_tissue,34930522,PMC8691837,10.7554/elife.67660,2021,eLife,"Research Support, Non-U.S. Gov't; research-article; Journal Article",In silico-labeled ghost cytometry.,"Characterization and isolation of a large population of cells are indispensable procedures in biological sciences. Flow cytometry is one of the standards that offers a method to characterize and isolate cells at high throughput. When performing flow cytometry, cells are molecularly stained with fluorescent labels to adopt biomolecular specificity which is essential for characterizing cells. However, molecular staining is costly and its chemical toxicity can cause side effects to the cells which becomes a critical issue when the cells are used downstream as medical products or for further analysis. Here, we introduce a high-throughput stain-free flow cytometry called in silico-labeled ghost cytometry which characterizes and sorts cells using machine-predicted labels. Instead of detecting molecular stains, we use machine learning to derive the molecular labels from compressive data obtained with diffractive and scattering imaging methods. By directly using the compressive 'imaging' data, our system can accurately assign the designated label to each cell in real time and perform sorting based on this judgment. With this method, we were able to distinguish different cell states, cell types derived from human induced pluripotent stem (iPS) cells, and subtypes of peripheral white blood cells using only stain-free modalities. Our method will find applications in cell manufacturing for regenerative medicine as well as in cell-based medical diagnostic assays in which fluorescence labeling of the cells is undesirable."
95,A4_tissue,41419730,PMC12796348,10.1038/s41467-025-67391-3,2025,Nature communications,research-article; Journal Article,"MIDAS: rapid, multiplexed molecular profiling for integrated host-pathogen analysis.","Addressing the need for integrated molecular analysis in complex infectious conditions requires technologies that rapidly quantify both pathogens and host responses. This is particularly relevant in sepsis research, where existing tools typically measure either microbial or host biomarkers. Here, we present MIDAS (Multiplexed Intelligent Diffraction Analysis System), a proof-of-concept platform that integrates shape-encoded hydrogel particles with lens-free diffraction imaging and deep learning-based analysis to enable simultaneous quantification of bacterial RNA and inflammatory proteins in a single system optimized for potential point-of-care use. The assay completes multiplexed measurements in under 4 h, significantly faster than standard culture workflows ( ~ 20-40 h). Beyond spiked studies, MIDAS is evaluated using specimens from a clinically relevant porcine sepsis model, showing high concordance with culture, qPCR and ELISA. Although further clinical validation is required, this flexible platform may support the development of accessible host-pathogen profiling tools with broad applications in healthcare, agriculture, food safety, and beyond."
96,A4_tissue,40664630,PMC12263830,10.1038/s41467-025-61794-y,2025,Nature communications,research-article; Journal Article,Artificial-intelligence-guided design of ordered gas diffusion layers for high-performing fuel cells via Bayesian machine learning.,"Rational design of gas diffusion layers (GDL) is an example of a long-standing pursuit to increase the power density and reduce the cost of proton exchange membrane fuel cells (PEMFC). However, current state-of-the-art GDLs are designed by trial-and-error, which is a time-consuming endeavor. Here, we propose a closed-loop workflow of Bayesian machine learning approach to guide the design of GDL structures. With artificial neural network accelerating the calculation of anisotropic transport properties of reconstructed GDLs, Bayesian optimization algorithm identifies optimal structures in only 40 steps, maximizing the PEMFC's limiting current density. Results suggest that the optimal porous GDL structure consists of highly orientated fibers with moderate diameters, which is successfully fabricated with a controlled electrospinning technique. The PEMFC demonstrates a high power density of 2.17 W cm-2 and a limiting current density of ~7200 mA cm-2, far exceeding that with commercial GDL (1.33 W cm-2 and ~2700 mA cm-2)."
97,A4_tissue,37182031,PMC10170186,10.7759/cureus.37349,2023,Cureus,research-article; Journal Article,Blood Flow Prediction in Multi-Exposure Speckle Contrast Imaging Using Conditional Generative Adversarial Network.,"Purpose Blood perfusion is an important physiological parameter that can be quantitatively assessed using various imaging techniques. Blood flow prediction in laser speckle contrast imaging is important for medical diagnosis, drug development, tissue engineering, biomedical research, and continuous monitoring. Deep learning is a new and promising approach for predicting blood flow whenever the condition varies, but it comes with a high learning cost for real-world scenarios with a variable flow value derived from multi-exposure laser speckle contrast imaging (MECI) data. A generative adversarial network (GAN) is presented in this research for the reliable prediction of blood flows in diverse scenarios in MECI. Method We suggested a time-efficient approach using a low frame rate camera that can be used to predict blood flow in MECI data by using conditional GAN architecture. Our approach is implemented by extending our work to the entire flow as well as the specific region of interest (ROI) in the flow. Results Results show that conditional GAN exhibits improved generalization ability to predict blood flow in MECI when compared to classifications-based deep learning approaches with an accuracy of 98.5% with a relative mean error of 1.57% for the whole field and 7.53% for a specific ROI. Conclusion The conditional GAN is very effective in predicting blood flows in MECI, entirely or within ROI, compared with other deep learning approaches."
98,A4_tissue,40474423,PMC12369696,10.1002/adma.202502203,2025,"Advanced materials (Deerfield Beach, Fla.)",research-article; Journal Article,"Stretchable, Multiplexed, and Bimodal Sensing Electronic Armor for Colonoscopic Continuum Robot Enhanced by Triboelectric Artificial Synapse.","Colonoscopic continuum robots often lack sensing capabilities, risking tissue damage. An ideal robot electronic skin should offer full-body coverage, multiplexing, stretchability, and multifunctionality, but integration is challenging due to the robot's elongated structure. This work presents a stretchable electronic armor (E-armor) with a 3D crosslinked structure that enables 300 mm full coverage while accomplishing multiplexed simultaneous tactile and strain sensing through bioinspired artificial synapse mechanisms. The E-armor integrates 48 tactile sensing points through bilayer co-electrode strategy, reducing wiring while combining triboelectric encoding intelligence with innovative stretchable triboelectric interlinked films (TIFs) to form a triboelectric artificial synapse that generates digitally encoded signal pairs upon contact. A convolutional neural network and long short-term memory network (CNN-LSTM) deep learning framework achieve 99.31% accuracy in identifying multi-point tactile signals. A sodium alginate/polyacrylamide/sodium chloride (SA/PAM/NaCl) conductive hydrogel serves as a strain sensing element, providing excellent stretchability and biocompatibility, and allowing precise inference of bending angles at 12 strain sensing edges. A compliance control strategy coordinates tactile and strain signals to autonomously adjust continuum robot postures while ensuring smooth operation. The digital twin-based 3D visualization interface enhances human-robot interaction by digitally reconstructing both tactile and strain feedback, enabling real-time visualization of the continuum robot's intracolonic posture."
99,A4_tissue,40432782,PMC12105526,10.1016/j.xinn.2025.100877,2025,Innovation (Cambridge (Mass.)),brief-report; Journal Article,Multi-bioinspired electronic skins with on-demand adhesion and opto-electronic synergistic display capabilities.,"Flexible electronic skins hold great promise for biomedical applications, although challenges remain in achieving controllable interactions with the biological interface and accurate signal collection. Inspired by octopuses and chameleons, we propose a novel electronic skin paradigm with on-demand adhesion and opto-electronic synergistic display capabilities. Our electronic skins are composed of a stretchable polyurethane (PU) inverse opal film integrated with a carbon nanotube (CNT)-hybridized polyacrylamide (PAAm)-gelatin double-network-hydrogel conductive flexible substrate and a temperature-responsive poly(N-isopropylacrylamide) (PNIPAm) octopus-inspired hemispherical adhesive array. The device's CNT hybrid double-network provides robust and sensitive monitoring of temperature and motion. Meanwhile, its flexible PU layer with an inverse opal structure allows for visual motion color sensing. Integrated neural network processing ensures accurate, wide-range, and independent multimodal display. Additionally, the integration of the photothermal effect of CNTs and the temperature-sensitive octopus-inspired PNIPAm adhesive array enables on-demand adhesion. The sensing and adhesion demonstrations ex vivo and in vivo showcase the proposed flexible electronic skin's inspirational design and functional utilities. The potential applications of such a versatile device are vast, ranging from healthcare to human-machine interactions."
100,A4_tissue,39717531,PMC11663632,10.3389/fbioe.2024.1432737,2024,Frontiers in bioengineering and biotechnology,research-article; Journal Article,High-throughput platform for label-free sorting of 3D spheroids using deep learning.,"End-stage liver diseases have an increasing impact worldwide, exacerbated by the shortage of transplantable organs. Recognized as one of the promising solutions, tissue engineering aims at recreating functional tissues and organs in vitro. The integration of bioprinting technologies with biological 3D models, such as multi-cellular spheroids, has enabled the fabrication of tissue constructs that better mimic complex structures and in vivo functionality of organs. However, the lack of methods for large-scale production of homogeneous spheroids has hindered the upscaling of tissue fabrication. In this work, we introduce a fully automated platform, designed for high-throughput sorting of 3D spheroids based on label-free analysis of brightfield images. The compact platform is compatible with standard biosafety cabinets and includes a custom-made microscope and two fluidic systems that optimize single spheroid handling to enhance sorting speed. We use machine learning to classify spheroids based on their bioprinting compatibility. This approach enables complex morphological analysis, including assessing spheroid viability, without relying on invasive fluorescent labels. Furthermore, we demonstrate the efficacy of transfer learning for biological applications, for which acquiring large datasets remains challenging. Utilizing this platform, we efficiently sort mono-cellular and multi-cellular liver spheroids, the latter being used in bioprinting applications, and confirm that the sorting process preserves viability and functionality of the spheroids. By ensuring spheroid homogeneity, our sorting platform paves the way for standardized and scalable tissue fabrication, advancing regenerative medicine applications."
101,A4_tissue,39795524,PMC11723248,10.3390/polym17010121,2025,Polymers,research-article; Journal Article,Artificial Intelligence-Driven Modeling for Hydrogel Three-Dimensional Printing: Computational and Experimental Cases of Study.,"Determining the values of various properties for new bio-inks for 3D printing is a very important task in the design of new materials. For this purpose, a large number of experimental works have been consulted, and a database with more than 1200 bioprinting tests has been created. These tests cover different combinations of conditions in terms of print pressure, temperature, and needle values, for example. These data are difficult to deal with in terms of determining combinations of conditions to optimize the tests and analyze new options. The best model demonstrated a specificity (Sp) of 88.4% and a sensitivity (Sn) of 86.2% in the training series while achieving an Sp of 85.9% and an Sn of 80.3% in the external validation series. This model utilizes operators based on perturbation theory to analyze the complexity of the data. For comparative purposes, neural networks have been used, and very similar results have been obtained. The developed tool could easily be applied to predict the properties of bioprinting assays in silico. These findings could significantly improve the efficiency and accuracy of predictive models in bioprinting without resorting to trial-and-error tests, thereby saving time and funds. Ultimately, this tool may help pave the way for advances in personalized medicine and tissue engineering."
102,A4_tissue,38459235,PMC11164683,10.1038/s41557-024-01476-2,2024,Nature chemistry,research-article; Journal Article,Reconfiguring hydrogel assemblies using a photocontrolled metallopolymer adhesive for multiple customized functions.,"Stimuli-responsive hydrogels with programmable shape changes are promising materials for soft robots, four-dimensional printing, biomedical devices and artificial intelligence systems. However, these applications require the fabrication of hydrogels with complex, heterogeneous and reconfigurable structures and customizable functions. Here we report the fabrication of hydrogel assemblies with these features by reversibly gluing hydrogel units using a photocontrolled metallopolymer adhesive. The metallopolymer adhesive firmly attached individual hydrogel units via metal-ligand coordination and polymer chain entanglement. Hydrogel assemblies containing temperature- and pH-responsive hydrogel units showed controllable shape changes and motions in response to these external stimuli. To reconfigure their structures, the hydrogel assemblies were disassembled by irradiating the metallopolymer adhesive with light; the disassembled hydrogel units were then reassembled using the metallopolymer adhesive with heating. The shape change and structure reconfiguration abilities allow us to reprogramme the functions of hydrogel assemblies. The development of reconfigurable hydrogel assemblies using reversible adhesives provides a strategy for designing intelligent materials and soft robots with user-defined functions."
103,A4_tissue,39407061,PMC11480301,10.1007/s40820-024-01545-8,2024,Nano-micro letters,research-article; Journal Article,A Rapid Adaptation Approach for Dynamic Air-Writing Recognition Using Wearable Wristbands with Self-Supervised Contrastive Learning.,"Wearable wristband systems leverage deep learning to revolutionize hand gesture recognition in daily activities. Unlike existing approaches that often focus on static gestures and require extensive labeled data, the proposed wearable wristband with self-supervised contrastive learning excels at dynamic motion tracking and adapts rapidly across multiple scenarios. It features a four-channel sensing array composed of an ionic hydrogel with hierarchical microcone structures and ultrathin flexible electrodes, resulting in high-sensitivity capacitance output. Through wireless transmission from a Wi-Fi module, the proposed algorithm learns latent features from the unlabeled signals of random wrist movements. Remarkably, only few-shot labeled data are sufficient for fine-tuning the model, enabling rapid adaptation to various tasks. The system achieves a high accuracy of 94.9% in different scenarios, including the prediction of eight-direction commands, and air-writing of all numbers and letters. The proposed method facilitates smooth transitions between multiple tasks without the need for modifying the structure or undergoing extensive task-specific training. Its utility has been further extended to enhance human-machine interaction over digital platforms, such as game controls, calculators, and three-language login systems, offering users a natural and intuitive way of communication."
104,A4_tissue,35155409,PMC8830423,10.3389/fbioe.2021.802794,2021,Frontiers in bioengineering and biotechnology,research-article; Journal Article,Morphology-Based Deep Learning Approach for Predicting Osteogenic Differentiation.,"Early, high-throughput, and accurate recognition of osteogenic differentiation of stem cells is urgently required in stem cell therapy, tissue engineering, and regenerative medicine. In this study, we established an automatic deep learning algorithm, i.e., osteogenic convolutional neural network (OCNN), to quantitatively measure the osteogenic differentiation of rat bone marrow mesenchymal stem cells (rBMSCs). rBMSCs stained with F-actin and DAPI during early differentiation (day 0, 1, 4, and 7) were captured using laser confocal scanning microscopy to train OCNN. As a result, OCNN successfully distinguished differentiated cells at a very early stage (24 h) with a high area under the curve (AUC) (0.94 ± 0.04) and correlated with conventional biochemical markers. Meanwhile, OCNN exhibited better prediction performance compared with the single morphological parameters and support vector machine. Furthermore, OCNN successfully predicted the dose-dependent effects of small-molecule osteogenic drugs and a cytokine. OCNN-based online learning models can further recognize the osteogenic differentiation of rBMSCs cultured on several material surfaces. Hence, this study initially demonstrated the foreground of OCNN in osteogenic drug and biomaterial screening for next-generation tissue engineering and stem cell research."
105,A4_tissue,38736614,PMC11087995,10.1016/j.mtbio.2024.101075,2024,Materials today. Bio,research-article; Journal Article,"CuCS/Cur composite wound dressings promote neuralized skin regeneration by rebuilding the nerve cell ""factory"" in deep skin burns.","Regenerating skin nerves in deep burn wounds poses a significant clinical challenge. In this study, we designed an electrospun wound dressing called CuCS/Cur, which incorporates copper-doped calcium silicate (CuCS) and curcumin (Cur). The unique wound dressing releases a bioactive Cu2+-Cur chelate that plays a crucial role in addressing this challenge. By rebuilding the ""factory"" (hair follicle) responsible for producing nerve cells, CuCS/Cur induces a high expression of nerve-related factors within the hair follicle cells and promotes an abundant source of nerves for burn wounds. Moreover, the Cu2+-Cur chelate activates the differentiation of nerve cells into a mature nerve cell network, thereby efficiently promoting the reconstruction of the neural network in burn wounds. Additionally, the Cu2+-Cur chelate significantly stimulates angiogenesis in the burn area, ensuring ample nutrients for burn wound repair, hair follicle regeneration, and nerve regeneration. This study confirms the crucial role of chelation synergy between bioactive ions and flavonoids in promoting the regeneration of neuralized skin through wound dressings, providing valuable insights for the development of new biomaterials aimed at enhancing neural repair."
106,A4_tissue,41223168,PMC12611101,10.1371/journal.pone.0335432,2025,PloS one,research-article; Journal Article,Computational analysis of 3D biopolymeric porous scaffolds for the in vitro development of neural networks.,"Computational modelling can be used to study and improve specific experimental tissue engineering protocols and outcomes. Proper oxygenation and nutrient substances supply such as glucose are crucial in 3D in vitro models. In most cases, hydrogel-based scaffolds are employed as culture systems. However, the diffusion of molecules could be difficult in the innermost areas of the scaffolds, and the presence of gradients could affect cell proliferation, especially in static conditions. Hence, the mathematical modelling of oxygen and nutrient transport, as well as their consumption by the expanding cell culture within the scaffold, can be useful for optimizing tissue construct properties and generating more predictive and robust outcomes. In this work, nutrient diffusion has been studied through two different scaffolds seeded with glial and neuronal cells: chitosan microbeads and PLA fibers covered in chitosan produced with two specific fabrication-based techniques. First, homogenization theory has been applied to the two different porous constructs, formulated as heterogeneous domains composed of two distinct phases: the culture medium and the polymeric material. Then, a continuous mathematical model of nutrient transportation-consumption and cell proliferation has been implemented in COMSOL, aiming to comprehend nutrient diffusion to allow suitable environmental conditions for the growth of neural cells on 3D biopolymeric scaffolds."
107,A4_tissue,36328994,PMC9902733,10.23876/j.krcp.22.017,2023,Kidney research and clinical practice,research-article; Journal Article,Deep learning predicts the differentiation of kidney organoids derived from human induced pluripotent stem cells.,"BackgroundKidney organoids derived from human pluripotent stem cells (hPSCs) contain multilineage nephrogenic progenitor cells and can recapitulate the development of the kidney. Kidney organoids derived from hPSCs have the potential to be applied in regenerative medicine as well as renal disease modeling, drug screening, and nephrotoxicity testing. Despite biotechnological advances, individual differences in morphological and growth characteristics among kidney organoids need to be addressed before clinical and commercial application. In this study, we hypothesized that an automated noninvasive method based on deep learning of bright-field images of kidney organoids can predict their differentiation status.MethodsBright-field images of kidney organoids were collected on day 18 after differentiation. To train convolutional neural networks (CNNs), we utilized a transfer learning approach. CNNs were trained to predict the differentiation of kidney organoids on bright-field images based on the messenger RNA expression of renal tubular epithelial cells as well as podocytes.ResultsThe best prediction model was DenseNet121 with a total Pearson correlation coefficient score of 0.783 on a test dataset. W classified the kidney organoids into two categories: organoids with above-average gene expression (Positive) and those with below-average gene expression (Negative). Comparing the best-performing CNN with human-based classifiers, the CNN algorithm had a receiver operating characteristic-area under the curve (AUC) score of 0.85, while the experts had an AUC score of 0.48.ConclusionThese results confirmed our original hypothesis and demonstrated that our artificial intelligence algorithm can successfully recognize the differentiation status of kidney organoids."
108,A4_tissue,40046658,PMC11881611,10.2147/jmdh.s473196,2025,Journal of multidisciplinary healthcare,research-article; Journal Article,Comprehensive Analysis of the Biomechanical Research of Pelvic Organ Prolapse: A Scientometric Approach.,"BackgroundPelvic organ prolapse (POP) has become a significant public health issue, with its prevalence increasing proportionally with age. Despite the considerable number of biomechanical studies reported on POP, there remains a lack of a systematic approach to summarize and synthesize all existing research.MethodsThe Web of Science Core Collection (WoSCC) database was used as the data source to select literature published from 2003 to 2023 related to biomechanical research of POP. We employed various visualization software to generate scientific knowledge maps, facilitating data analysis and visual representation.ResultsThis study included 292 publications, comprising 252 research articles (86.3%) and 40 review articles (13.7%). The United States has emerged as a leading nation in terms of productivity, with the University of Porto making significant contributions. Robust partnerships are maintained by all countries and institutions involved. Moali PA stands out as the most prolific author, while Deprest J exhibits exemplary levels of collaboration. Notably, the journal Int Urogynecol J has the highest publication rate and citation frequency, making a significant contribution and demonstrating considerable academic influence in the field. Keyword and cluster analysis reveal that key research areas include validating finite element (FE) models of pelvic floor structures, studying interactions among pelvic support systems, evaluating the impact of vaginal delivery, assessing the effects of various mesh or 3D-printed materials on POP repair, remodeling vaginal connective tissue in POP patients, and biomechanical performance evaluations of pelvic floor tissues. Future research will likely focus on the development of personalized and regenerative treatment strategies. Moreover, advancements in machine learning, various regenerative medicine approaches, and multimodal large-scale FE modeling offer promising insights for development.ConclusionThis study presents a comprehensive analysis of the knowledge system and research directions of the biomechanics of POP, providing valuable guidance for future research endeavors."
109,A4_tissue,34112893,PMC8192956,10.1038/s41598-021-91802-2,2021,Scientific reports,"Research Support, Non-U.S. Gov't; research-article; Journal Article",Fourier transform infrared spectroscopy coupled with machine learning classification for identification of oxidative damage in freeze-dried heart valves.,"Freeze-drying can be used to ensure off-the-shelf availability of decellularized heart valves for cardiovascular surgery. In this study, decellularized porcine aortic heart valves were analyzed by nitroblue tetrazolium (NBT) staining and Fourier transform infrared spectroscopy (FTIR) to identify oxidative damage during freeze-drying and subsequent storage as well as after treatment with H2O2 and FeCl3. NBT staining revealed that sucrose at a concentration of at least 40% (w/v) is needed to prevent oxidative damage during freeze-drying. Dried specimens that were stored at 4 °C depict little to no oxidative damage during storage for up to 2 months. FTIR analysis shows that fresh control, freeze-dried and stored heart valve specimens cannot be distinguished from one another, whereas H2O2- and FeCl3-treated samples could be distinguished in some tissue section. A feed forward artificial neural network model could accurately classify H2O2 and FeCl3 treated samples. However, fresh control, freeze-dried and stored samples could not be distinguished from one another, which implies that these groups are very similar in terms of their biomolecular fingerprints. Taken together, we conclude that sucrose can minimize oxidative damage caused by freeze-drying, and that subsequent dried storage has little effects on the overall biochemical composition of heart valve scaffolds."
110,A4_tissue,40801439,PMC12591205,10.1002/advs.202509740,2025,"Advanced science (Weinheim, Baden-Wurttemberg, Germany)",research-article; Journal Article,Bio-Inspired SA-FA Bionic Dual Receptor Electronic Skin for Intelligent Gesture and Material Cognition Systems Enhanced by Static-Dynamic Mutual Interaction.,"Traditional electronic skins (e-skins) face significant challenges in system integration and practical usability demonstrations, limiting their ability to meet the development demands of robot intellectualization under future artificial intelligence (AI) frameworks. Here, a bionic dual receptor (BDR) e-skin motivated by AI-based hardware-software coordination is proposed, which consists of electrospinning fiber triboelectric unit inspired by fast-adapting receptors and micropyramid ionic hydrogel iontronic unit inspired by slow-adapting receptors. Benefiting from the iontronic effect and micropyramid structure, the iontronic unit yields impressive features: a linear sensitivity of 172 kPa-1 (30 kPa), a fast response/recovery time of 11.2 ms. Based on this innovation, the BDR e-skin is integrated into the glove, and a dual-channel signal-motivated intelligent glove cognitive system for sign language gesture identification and robot interaction is developed, laying the foundation for subsequent usability demonstrations. Further, the BDR e-skin is deeply integrated with intelligent software algorithms and high-speed hardware circuits to construct an intelligent autonomous material cognition system. This system enables the robot finger controlled by the intelligent glove to accurately identify multidimensional properties (average accuracy: 99.3%) of smooth surface films-such as electronegativity, softness/hardness, and material species-with a single touch, showing a tactile cognition level comparable to that of humans."
111,A4_tissue,36683754,PMC9847532,10.1093/rb/rbac085,2023,Regenerative biomaterials,research-article; Journal Article,Integrated printed BDNF-stimulated HUCMSCs-derived exosomes/collagen/chitosan biological scaffolds with 3D printing technology promoted the remodelling of neural networks after traumatic brain injury.,"The restoration of nerve dysfunction after traumatic brain injury (TBI) faces huge challenges due to the limited self-regenerative abilities of nerve tissues. In situ inductive recovery can be achieved utilizing biological scaffolds combined with endogenous human umbilical cord mesenchymal stem cells (HUCMSCs)-derived exosomes (MExos). In this study, brain-derived neurotrophic factor-stimulated HUCMSCs-derived exosomes (BMExos) were composited with collagen/chitosan by 3D printing technology. 3D-printed collagen/chitosan/BMExos (3D-CC-BMExos) scaffolds have excellent mechanical properties and biocompatibility. Subsequently, in vivo experiments showed that 3D-CC-BMExos therapy could improve the recovery of neuromotor function and cognitive function in a TBI model in rats. Consistent with the behavioural recovery, the results of histomorphological tests showed that 3D-CC-BMExos therapy could facilitate the remodelling of neural networks, such as improving the regeneration of nerve fibres, synaptic connections and myelin sheaths, in lesions after TBI."
112,A4_tissue,34940480,PMC8709082,10.3390/membranes11120979,2021,Membranes,research-article; Journal Article,The Application of Principal Component Analysis (PCA) for the Optimization of the Conditions of Fabrication of Electrospun Nanofibrous Membrane for Desalination and Ion Removal.,"Nowadays, acquiring a water supply for urban and industrial uses is one of the greatest challenges facing humanity for ensuring sustainability. Membrane technology has been considered cost-effective, encompasses lower energy requirements, and at the same time, offers acceptable performance. Electrospun nanofibrous membranes (ENMs) are considered a novel and promising strategy for the production of membranes that could be applied in several treatment processes, especially desalination and ion removal. In this study, we apply an unsupervised machine-learning strategy, the so-called principal component analysis (PCA), for the purpose of seeking discrepancies and similarities between different ENMs. The main purpose was to investigate the influence of membrane fabrication conditions, characteristics, and process conditions in order to seek the relevance of the application of different electrospun nanofibrous membranes (ENMs). Membranes were majorly classified into single polymers/layers, from one side, and dual multiple layer ENMs, from another side. For both classes, variables related to membrane fabrication conditions were not separated from membrane characterization variables. This reveals that membranes' characteristics not only depend on the chemical composition, but also on the fabrication conditions. On the other hand, the process conditions of ENM fabrication showed an extensive effect on membranes' performance."
113,A4_tissue,41070020,PMC12504206,10.3389/fnut.2025.1675732,2025,Frontiers in nutrition,brief-report; Journal Article,"From burden to backbone: the regenerative potential of food waste through digital, biological, and technological innovation.","This perspective article outlines a cross-sectoral roadmap that leverages digital, biological, and material innovations to transform unavoidable food and beverage organic waste into high-value resources. In this manuscript, the term ""regenerative circular bioeconomy"" refers to a systemic approach that not only minimises waste and closes resource loops but also enhances the resilience of natural and social systems. ""Upcycling"" is here defined as the transformation of organic residues into products of higher functional or economic value compared to their original use. ""Digital enablers"" are considered as data-driven tools, such as artificial intelligence, machine learning, and digital twins, which support the optimisation and monitoring of valorisation processes. Artificial intelligence is positioned as a systemic enabler of real-time diagnostics, redistribution, and forecasting, supporting both the quantification and reduction of organic waste. In parallel, the integration of mathematical modelling with digital technologies is increasingly driving the development of data-driven algorithms aimed at optimising process conditions for upcycling strategies within valorisation pathways. Regarding traditional recovery routes, the article highlights frontier technologies including microbial electrochemical systems, solar photoreforming, and green extraction methods. It also presents cutting-edge applications such as the use of organic waste in biocomposites and the emerging biomedical upcycling of slaughterhouse by-products for tissue engineering. Through this interdisciplinary lens, the article advocates for a regenerative circular bioeconomy supported by infrastructural investment, ethical governance, and comprehensive life-cycle validation."
114,A4_tissue,40363517,PMC12072391,10.3390/ma18092014,2025,"Materials (Basel, Switzerland)",research-article; Journal Article,Anti-Freezing Conductive Ionic Hydrogel-Enabled Triboelectric Nanogenerators for Wearable Speech Recognition.,"Flexible wearable electronics face critical challenges in achieving reliable physiological monitoring, particularly due to the trade-off between sensitivity and durability in flexible electrodes, compounded by mechanical modulus mismatch with biological tissues. To address these limitations, we develop an anti-freezing ionic hydrogel through a chitosan/acrylamide/LiCl system engineered via the solution post-treatment strategy. The optimized hydrogel exhibits exceptional ionic conductivity (24.1 mS/cm at 25 °C) and excellent cryogenic tolerance. Leveraging these attributes, we construct a gel-based triboelectric nanogenerator (G-TENG) that demonstrates ultrahigh sensitivity (1.56 V/kPa) under low pressure. The device enables the precise capture of subtle vibrations at a frequency of 1088 Hz with a signal-to-noise ratio of 16.27 dB and demonstrates operational stability (>16,000 cycles), successfully differentiating complex physiological activities including swallowing, coughing, and phonation. Through machine learning-assisted analysis, the system achieves 96.56% recognition accuracy for five words and demonstrates good signal recognition ability in different ambient sound scenarios. This work provides a paradigm for designing environmentally adaptive wearable sensors through interfacial modulus engineering and ion transport optimization."
115,A4_tissue,37775309,PMC10646237,10.1002/advs.202304111,2023,"Advanced science (Weinheim, Baden-Wurttemberg, Germany)","Research Support, Non-U.S. Gov't; research-article; Journal Article",Geometric Angles and Gene Expression in Cells for Structural Bone Regeneration.,"Geometry and angles play crucial roles in cellular processes; however, its mechanisms of regulation remain unclear. In this study, a series of three dimensional (3D)-printed microfibers with different geometries is constructed using a near-field electrostatic printing technique to investigate the regulatory mechanisms of geometry on stem cell function and bone regeneration. The scaffolds precisely mimicked cell dimensions with high porosity and interoperability. Compared with other spatial topography angles, microfibers with a 90° topology can significantly promote the expression of osteogenic gene proteins in bone marrow-derived mesenchymal stem cells (BMSCs). The effects of different spatial structures on the expression profiles of BMSCs differentiation genes are correlated and validated using microRNA sequencing. Enrichment analysis shows that the 90° microfibers promoted osteogenesis in BMSCs by significantly upregulating miR-222-5p/cbfb/Runx2 expression. The ability of the geometric architecture to promote bone regeneration, as assessed using the cranial defect model, demonstrates that the 90° fiber scaffolds significantly promote new bone regeneration and neovascular neural network formation. This study is the first to elucidate the relationship between angular geometry and cellular gene expression, contributing significantly to the understanding of how geometric architecture can promote stem cell differentiation, proliferation, and function for structural bone regeneration."
116,A4_tissue,37322139,PMC10272235,10.1038/s41598-023-36431-7,2023,Scientific reports,research-article; Journal Article,Electrospun nanofiber membrane diameter prediction using a combined response surface methodology and machine learning approach.,"Despite the widespread interest in electrospinning technology, very few simulation studies have been conducted. Thus, the current research produced a system for providing a sustainable and effective electrospinning process by combining the design of experiments with machine learning prediction models. Specifically, in order to estimate the diameter of the electrospun nanofiber membrane, we developed a locally weighted kernel partial least squares regression (LW-KPLSR) model based on a response surface methodology (RSM). The accuracy of the model's predictions was evaluated based on its root mean square error (RMSE), its mean absolute error (MAE), and its coefficient of determination (R2). In addition to principal component regression (PCR), locally weighted partial least squares regression (LW-PLSR), partial least square regression (PLSR), and least square support vector regression model (LSSVR), some of the other types of regression models used to verify and compare the results were fuzzy modelling and least square support vector regression model (LSSVR). According to the results of our research, the LW-KPLSR model performed far better than other competing models when attempting to forecast the membrane's diameter. This is made clear by the much lower RMSE and MAE values of the LW-KPLSR model. In addition, it offered the highest R2 values that could be achieved, reaching 0.9989."
117,A4_tissue,37969140,PMC10630981,10.1021/acsmaterialslett.3c00909,2023,ACS materials letters,rapid-communication; Journal Article,SEMPro: A Data-Driven Pipeline To Learn Structure-Property Insights from Scanning Electron Microscopy Images.,"Analyzing hydrogel microstructure through scanning electron microscopy (SEM) images is crucial in understanding hydrogel properties. However, the analysis of SEM images in hydrogel research heavily relies on the intuition of individual researchers and is constrained by the limited size of the dataset. To address this, we propose SEMPro, a data-driven solution using web-scraping and deep learning (DL) to compile and analyze the structure-property relationships of hydrogels through SEM images. It accurately predicts the elastic modulus from SEM images within the same order of magnitude and displays a learned extraction of modulus-relevant features in SEM images as seen through the nontrivial activation mapping and transfer learning. By employing Explainable AI through activation map exposure, SEMPro validates the model predictions. SEMPro represents a closed-loop data collection and analysis pipeline, providing critical insights into hydrogels and soft materials. This innovative approach has the potential to revolutionize hydrogel research, offering high-dimensional insights for further advancements."
118,A4_tissue,35877532,PMC9322851,10.3390/gels8070447,2022,"Gels (Basel, Switzerland)",research-article; Journal Article,Evaluation of the Adsorption Efficiency of Graphene Oxide Hydrogels in Wastewater Dye Removal: Application of Principal Component Analysis.,"Industrial dye wastewater is one of the major water pollution problems. Adsorbent materials are promising strategies for the removal of water dye contaminants. Herein, we provide a statistical and artificial intelligence study to evaluate the adsorption efficiency of graphene oxide-based hydrogels in wastewater dye removal by applying Principal Component Analysis (PCA). This study aims to assess the adsorption quality of 35 different hydrogels. We adopted different approaches and showed the pros and cons of each one of them. PCA showed that alginate graphene oxide-based hydrogel (without polyvinyl alcohol) had better tolerance in a basic medium and provided higher adsorption capacity. Polyvinyl alcohol sulfonated graphene oxide-based hydrogels are suitable when higher adsorbent doses are required. In conclusion, PCA represents a robust way to delineate factors affecting hydrogel selection for pollutant removal from aqueous solutions."
119,A4_tissue,38520708,PMC11165469,10.1002/advs.202310141,2024,"Advanced science (Weinheim, Baden-Wurttemberg, Germany)",research-article; Journal Article,Mechanical Field Guiding Structure Design Strategy for Meta-Fiber Reinforced Hydrogel Composites by Deep Learning.,"Fiber-reinforced hydrogel composites are widely employed in many engineering applications, such as drug release, and flexible electronics, with more flexible mechanical properties than pure hydrogel materials. Comparing to the hydrogel strengthened by continuous fiber, the meta-fiber reinforced hydrogel provides stronger individualized design ability of deformation patterns and tunable stiffness, especially for the elaborate applications in joint, cartilage, and organ. In this paper, a novel structure design strategy based on deep learning algorithm is proposed for hydrogel reinforced by meta-fiber to achieve targeted mechanical properties, such as stress and displacement fields. A solid mechanic model for meta-fiber reinforced hydrogel is first developed to construct the dataset of fiber distribution and the corresponding mechanical properties of the composite. Generative adversarial network (GAN) is then trained to characterize the relationship between stress or displacement field, and meta-fiber distribution. The well-trained GAN is implemented to design meta-fiber reinforced hydrogel composite structure under specific operation conditions. The results show that the deep learning method may efficiently predict the structure of the hydrogel composite with satisfied confidence, and has great potential for applications in drug delivery and flexible electronics."
120,A4_tissue,38443412,PMC10914818,10.1038/s41598-024-55897-7,2024,Scientific reports,research-article; Journal Article,Utilizing Ni(II) complex for metal drug-gel particles in cervical cancer treatment and designing novel drugs through machine learning methods.,"In the present study, a novel coordination polymer (CP) based on Ni(II), namely, [Ni(L)(D-CAM)(H2O)]n (1) (H2D-CAM = (1R,3S)-1,2,2-trimethylcyclopentane-1,3-dicarboxylic acid and L = 3,6-bis(benzimidazol-1-yl)pyridazine), has been produced successfully through applying a mixed ligand synthesis method via reacting Ni(NO3)2·6H2O with 3,6-bis(benzimidazol-1-yl)pyridazine ligand in the presence of a carboxylic acid co-ligand. Hyaluronic acid (HA) and carboxymethyl chitosan (CMCS) are representatives of natural polysaccharides and have good biocompatibility. Based on the chemical synthesis method, HA/CMCS hydrogel was successfully prepared. SEM showed that the lyophilized gel presented a typical macroporous structure with three-dimensional connected pores, which had unique advantages as a drug carrier. Using paclitaxel as a drug model, we further synthesized a novel paclitaxel-loaded metal gel and evaluated its therapeutic effect on cervical cancer. Finally, novel drugs from the reinforcement learning simulation are suggested to have better biological activity against ovarian cancer due to low affinity energy and stronger interaction strength towards the protein receptor."
121,A4_tissue,35056244,PMC8778756,10.3390/mi13010079,2022,Micromachines,research-article; Journal Article,Optimization of Complete Rat Heart Decellularization Using Artificial Neural Networks.,"Whole organ decellularization techniques have facilitated the fabrication of extracellular matrices (ECMs) for engineering new organs. Unfortunately, there is no objective gold standard evaluation of the scaffold without applying a destructive method such as histological analysis or DNA removal quantification of the dry tissue. Our proposal is a software application using deep convolutional neural networks (DCNN) to distinguish between different stages of decellularization, determining the exact moment of completion. Hearts from male Sprague Dawley rats (n = 10) were decellularized using 1% sodium dodecyl sulfate (SDS) in a modified Langendorff device in the presence of an alternating rectangular electric field. Spectrophotometric measurements of deoxyribonucleic acid (DNA) and total proteins concentration from the decellularization solution were taken every 30 min. A monitoring system supervised the sessions, collecting a large number of photos saved in corresponding folders. This system aimed to prove a strong correlation between the data gathered by spectrophotometry and the state of the heart that could be visualized with an OpenCV-based spectrometer. A decellularization completion metric was built using a DCNN based classifier model trained using an image set comprising thousands of photos. Optimizing the decellularization process using a machine learning approach launches exponential progress in tissue bioengineering research."
122,A4_tissue,41304980,PMC12655387,10.3390/ph18111737,2025,"Pharmaceuticals (Basel, Switzerland)",research-article; Journal Article,Discovery and Mechanistic Elucidation of Glycyrrhizic Acid Composite Gel in Promoting Wound Healing: A Modernized Study Based on Shengji Yuhong Ointment.,"Objectives: Shengji Yuhong Ointment (SJYHO) is a classic Traditional Chinese Medicine prescription used for refractory wounds, yet its systemic pharmacological mechanisms remain unclear. This study aimed to identify its key active compounds and develop a simplified, effective topical formulation. Methods: We employed an integrated approach, combining network pharmacology and machine learning to screen the key constituents and core targets of SJYHO. The lead compound, glycyrrhizic acid, was formulated into a hydrogel (GA-Gel). Its therapeutic efficacy was evaluated in a full-thickness excisional wound model in Sprague-Dawley rats over 21 days, assessing healing kinetics, histology, and pain behavior. The interaction between glycyrrhizic acid and the identified target PPIA, along with its immunomodulatory effects, was validated through molecular docking, molecular dynamics simulation, and RT-qPCR. Results: Our integrated analysis identified PPIA as the core target and glycyrrhizic acid as a key bioactive component of SJYHO. Animal experiments demonstrated that GA-Gel significantly accelerated wound closure, which was driven by its multi-faceted actions: reducing inflammation, promoting collagen deposition, alleviating pain, and modulating late-stage angiogenesis. Mechanistically, we confirmed that glycyrrhizic acid stably binds to PPIA. Furthermore, GA-Gel treatment mediated wound immune infiltration by specifically regulating CD8+ T cells, neutrophils, and memory B cells, an effect that was dependent on PPIA targeting. Conclusions: This study demonstrates that glycyrrhizic acid, formulated as GA-Gel, recapitulates the wound-healing benefits of SJYHO by specifically targeting PPIA and modulating the immune microenvironment. Our findings not only elucidate a key mechanistic pathway but also present GA-Gel as a rationally designed, clinically translatable therapy for acute and chronic wounds."
123,A4_tissue,38755203,PMC11099063,10.1038/s41598-024-61257-2,2024,Scientific reports,research-article; Journal Article,Single-cell classification based on label-free high-resolution optical data of cell adhesion kinetics.,"Selecting and isolating various cell types is a critical procedure in many applications, including immune therapy, regenerative medicine, and cancer research. Usually, these selection processes involve some labeling or another invasive step potentially affecting cellular functionality or damaging the cell. In the current proof of principle study, we first introduce an optical biosensor-based method capable of classification between healthy and numerous cancerous cell types in a label-free setup. We present high classification accuracy based on the monitored single-cell adhesion kinetic signals. We developed a high-throughput data processing pipeline to build a benchmark database of ~ 4500 single-cell adhesion measurements of a normal preosteoblast (MC3T3-E1) and various cancer (HeLa, LCLC-103H, MDA-MB-231, MCF-7) cell types. Several datasets were used with different cell-type selections to test the performance of deep learning-based classification models, reaching above 70-80% depending on the classification task. Beyond testing these models, we aimed to draw interpretable biological insights from their results; thus, we applied a deep neural network visualization method (grad-CAM) to reveal the basis on which these complex models made their decisions. Our proof-of-concept work demonstrated the success of a deep neural network using merely label-free adhesion kinetic data to classify single mammalian cells into different cell types. We propose our method for label-free single-cell profiling and in vitro cancer research involving adhesion. The employed label-free measurement is noninvasive and does not affect cellular functionality. Therefore, it could also be adapted for applications where the selected cells need further processing, such as immune therapy and regenerative medicine."
124,A4_tissue,37545512,PMC10402919,10.3389/fimmu.2023.1188835,2023,Frontiers in immunology,"Research Support, Non-U.S. Gov't; research-article; Journal Article","A novel 3D spheroid model of rheumatoid arthritis synovial tissue incorporating fibroblasts, endothelial cells, and macrophages.","ObjectiveRheumatoid Arthritis (RA) is a progressive and systemic autoimmune disorder associated with chronic and destructive joint inflammation. The hallmarks of joint synovial inflammation are cellular proliferation, extensive neoangiogenesis and infiltration of immune cells, including macrophages. In vitro approaches simulating RA synovial tissue are crucial in preclinical and translational research to evaluate novel diagnostic and/or therapeutic markers. Two-dimensional (2D) settings present very limited in vivo physiological proximity as they cannot recapitulate cell-cell and cell-matrix interactions occurring in the three-dimensional (3D) tissue compartment. Here, we present the engineering of a spheroid-based model of RA synovial tissue which mimics 3D interactions between cells and pro-inflammatory mediators present in the inflamed synovium.MethodsSpheroids were generated by culturing RA fibroblast-like-synoviocytes (RAFLS), human umbilical vein endothelial cells (ECs) and monocyte-derived macrophages in a collagen-based 3D scaffold. The spheroids were cultured in the presence or absence of vascular endothelial growth factor (VEGF) and fibroblast growth factor 2 (bFGF) or RA synovial fluid (SF). Spheroid expansion and cell migration were quantified for all conditions using confocal microscopy and digital image analysis.ResultsA novel approach using machine learning was developed to quantify spheroid outgrowth and used to reexamine the existing spheroid-based model of RA synovial angiogenesis consisting of ECs and RAFLS. A 2-fold increase in the spheroid outgrowth ratio was demonstrated upon VEGF/bFGF stimulation (p4 RAFLS, 7.5x104 ECs and 3.0x104 macrophages) resulted in good incorporation of the new cell type. The addition of VEGF/bFGF significantly induced spheroid outgrowth (pConclusionWe present a novel spheroid based model consisting of RAFLS, ECs and macrophages that reflects the RA synovial tissue microenvironment. This model may be used to dissect the role of specific cell types in inflammatory responses in RA, to study specific signaling pathways involved in the disease pathogenesis and examine the effects of novel diagnostic (molecular imaging) and therapeutic compounds, including small molecule inhibitors and biologics."
125,A4_tissue,PMC8827680,PMC8827680,,2021,Journal of clinical and translational science,Abstract,20184 A Hypothesis-Driven Parametric Study of a Computational Dermal Replacement Model,"ABSTRACT IMPACT: This work will be used to improve the design of engineered dermal replacements that can be used to treat difficult-to-heal wounds such as burns or ulcers. OBJECTIVES/GOALS: Wounds of the skin are among the most common and costly medical problems experienced. Engineered dermal replacements have been developed to improve outcomes, but the optimal design features are unknown. Here we describe a hypothesis-driven study of scaffold parameters using a computational model of wound healing to simulate a variety of treatments. METHODS/STUDY POPULATION: The computational model, which was informed by animal data, was used to simulate cell, cytokine, and collagen density fields. There are reciprocal mechanobiological interactions between the cells and collagen that guide the wound healing process. We analyzed initial wound properties such as scaffold stiffness, microstructure, degradation, and wound geometry by running a one-at-a-time order-of-magnitude parameter change. We then conducted a derivative-based local sensitivity analysis for simulated experimental conditions and constructed a surrogate model of wound contraction using Gaussian process regression. RESULTS/ANTICIPATED RESULTS: We conducted finite element model simulations of scaffolds that varied in physical properties. A sensitivity analysis demonstrated that wound contraction was highly sensitive to collagen fiber stiffness and density. Wound contraction rate was also dependent on initial wound size and surface area. Collagen fiber orientation in the scaffolds affected contraction directionality and the orientation of the final wound area. A Gaussian process regression model was fit to the simulation results for use in rapid prototyping of scaffolds for design optimization. The Gaussian process model was able to reproduce the wound contracture for training and test cases. DISCUSSION/SIGNIFICANCE OF FINDINGS: This work further analyzes a computational model of wounds treated with collagen scaffold dermal replacements. The hypothesis driven analysis of the model suggested several key design features of scaffolds. The model surrogate will further be used for the purposes of prediction and optimization of tissue regeneration outcomes."
126,A4_tissue,37922888,PMC11481026,10.1002/adhm.202301894,2024,Advanced healthcare materials,"Research Support, Non-U.S. Gov't; research-article; Journal Article","Electroconductive Collagen-Carbon Nanodots Nanocomposite Elicits Neurite Outgrowth, Supports Neurogenic Differentiation and Accelerates Electrophysiological Maturation of Neural Progenitor Spheroids.","Neuronal disorders are characterized by the loss of functional neurons and disrupted neuroanatomical connectivity, severely impacting the quality of life of patients. This study investigates a novel electroconductive nanocomposite consisting of glycine-derived carbon nanodots (GlyCNDs) incorporated into a collagen matrix and validates its beneficial physicochemical and electro-active cueing to relevant cells. To this end, this work employs mouse induced pluripotent stem cell (iPSC)-derived neural progenitor (NP) spheroids. The findings reveal that the nanocomposite markedly augmented neuronal differentiation in NP spheroids and stimulate neuritogenesis. In addition, this work demonstrates that the biomaterial-driven enhancements of the cellular response ultimately contribute to the development of highly integrated and functional neural networks. Lastly, acute dizocilpine (MK-801) treatment provides new evidence for a direct interaction between collagen-bound GlyCNDs and postsynaptic N-methyl-D-aspartate (NMDA) receptors, thereby suggesting a potential mechanism underlying the observed cellular events. In summary, the findings establish a foundation for the development of a new nanocomposite resulting from the integration of carbon nanomaterials within a clinically approved hydrogel, toward an effective biomaterial-based strategy for addressing neuronal disorders by restoring damaged/lost neurons and supporting the reestablishment of neuroanatomical connectivity."
127,A4_tissue,35516603,PMC9054528,10.1039/d0ra03293j,2020,RSC advances,research-article; Journal Article,Piezoelectric polymer nanofibers for pressure sensors and their applications in human activity monitoring.,"Miniaturized, wearable and self-powered sensors are crucial for applications in artificial intelligence, robotics, healthcare, and communication devices. In particular, piezoelectric polymer-based sensing systems have the advantages of light weight, large piezoelectricity and mechanical flexibility, offering great opportunities in flexible and stretchable electronic devices. Herein, free-standing large-size nanofiber (NF) membranes have been fabricated by an electrospinning technique. Our results show that the as-synthesized P(VDF-TrFE) NFs are pure β-phase and exhibit excellent mechanical and thermal properties. Besides having high sensitivity and operational stability, the fibrous sensor can generate remarkable electrical signals from applied pressure, with an output voltage of 18.1 V, output current of 0.177 μA, and power density of 22.9 μW cm-2. Moreover, such sensors also produce significant electrical performance of up to a few volts under human mechanical stress, thereby allowing for the monitoring of biomechanical movement of the human foot, elbow, and finger. Our study sheds light onto the use of piezoelectric polymers for flexible self-powered sensing electronics and wearable devices."
128,A4_tissue,39274057,PMC11397329,10.3390/polym16172423,2024,Polymers,research-article; Journal Article,CNN-Optimized Electrospun TPE/PVDF Nanofiber Membranes for Enhanced Temperature and Pressure Sensing.,"Temperature and pressure sensors currently encounter challenges such as slow response times, large sizes, and insufficient sensitivity. To address these issues, we developed tetraphenylethylene (TPE)-doped polyvinylidene fluoride (PVDF) nanofiber membranes using electrospinning, with process parameters optimized through a convolutional neural network (CNN). We systematically analyzed the effects of PVDF concentration, spinning voltage, tip-to-collector distance, and flow rate on fiber morphology and diameter. The CNN model achieved high predictive accuracy, resulting in uniform and smooth nanofibers under optimal conditions. Incorporating TPE enhanced the hydrophobicity and mechanical properties of the nanofibers. Additionally, the fluorescent properties of the TPE-doped nanofibers remained stable under UV exposure and exhibited significant linear responses to temperature and pressure variations. The nanofibers demonstrated a temperature sensitivity of -0.976 gray value/°C and pressure sensitivity with an increase in fluorescence intensity from 537 a.u. to 649 a.u. under 600 g pressure. These findings highlight the potential of TPE-doped PVDF nanofiber membranes for advanced temperature and pressure sensing applications."
129,A4_tissue,32390612,PMC7505002,10.3233/isb-180172,2020,In silico biology,research-article; Journal Article,A computational model of bidirectional axonal growth in micro-tissue engineered neuronal networks (micro-TENNs).,"Micro-Tissue Engineered Neural Networks (Micro-TENNs) are living three-dimensional constructs designed to replicate the neuroanatomy of white matter pathways in the brain and are being developed as implantable micro-tissue for axon tract reconstruction, or as anatomically-relevant in vitro experimental platforms. Micro-TENNs are composed of discrete neuronal aggregates connected by bundles of long-projecting axonal tracts within miniature tubular hydrogels. In order to help design and optimize micro-TENN performance, we have created a new computational model including geometric and functional properties. The model is built upon the three-dimensional diffusion equation and incorporates large-scale uni- and bi-directional growth that simulates realistic neuron morphologies. The model captures unique features of 3D axonal tract development that are not apparent in planar outgrowth and may be insightful for how white matter pathways form during brain development. The processes of axonal outgrowth, branching, turning and aggregation/bundling from each neuron are described through functions built on concentration equations and growth time distributed across the growth segments. Once developed we conducted multiple parametric studies to explore the applicability of the method and conducted preliminary validation via comparisons to experimentally grown micro-TENNs for a range of growth conditions. Using this framework, the model can be applied to study micro-TENN growth processes and functional characteristics using spiking network or compartmental network modeling. This model may be applied to improve our understanding of axonal tract development and functionality, as well as to optimize the fabrication of implantable tissue engineered brain pathways for nervous system reconstruction and/or modulation."
130,A4_tissue,40094081,PMC11905930,10.1021/acsaelm.4c02059,2025,ACS applied electronic materials,research-article; Journal Article,Hydrogel In-Tape Electronic Tongue.,"An electronic tongue is a sensor-based system designed to mimic human taste by detecting and analyzing the chemical properties of liquids through electrochemical methods. Here, we introduce the HITS concept, an electronic tongue system that enables rapid and sequential classification of various beverages. This system utilizes a single, cost-effective platform with interdigital electrodes made of carbon printed on recyclable poly(ethylene terephthalate) (PET), significantly reducing the need for multiple electrodes. With the use of interchangeable hydrogel tapes, the system requires a single deep (150 μL) pore per analysis, allowing for efficient sequential testing. The hydrogel seamlessly accommodates the electrode interface and operates with a semisolid electrolyte, achieving ultrafast analysis times of just 5 min. Employing AI and machine learning algorithms, HITS accurately differentiated between coffee, juice, water, white wine, and red wine with a 100% success rate. This sustainable approach combines high precision, speed, and low environmental impact, offering a versatile solution for various technological applications, including food science, quality control, and health monitoring. This e-solution not only enhances precision and speed but also aligns with growing environmental concerns, offering a low-impact and scalable platform for advanced liquid analysis."
131,A4_tissue,33754692,PMC8033563,10.1021/acschemneuro.1c00005,2021,ACS chemical neuroscience,"Research Support, Non-U.S. Gov't; research-article; Journal Article",Injectable Glycosaminoglycan-Based Cryogels from Well-Defined Microscale Templates for Local Growth Factor Delivery.,"Glycosaminoglycan-based hydrogels hold great potential for applications in tissue engineering and regenerative medicine. By mimicking the natural extracellular matrix processes of growth factor binding and release, such hydrogels can be used as a sustained delivery device for growth factors. Since neural networks commonly follow well-defined, high-aspect-ratio paths through the central and peripheral nervous system, we sought to create a fiber-like, elongated growth factor delivery system. Cryogels, with networks formed at subzero temperatures, are well-suited for the creation of high-aspect-ratio biomaterials, because they have a macroporous structure making them mechanically robust (for ease of handling) yet soft and highly compressible (for interfacing with brain tissue). Unlike hydrogels, cryogels can be synthesized in advance of their use, stored with ease, and rehydrated quickly to their original shape. Herein, we use solvent-assisted microcontact molding to form sacrificial templates, in which we produced highly porous cryogel microscale scaffolds with a well-defined elongated shape via the photopolymerization of poly(ethylene glycol) diacrylate and maleimide-functionalized heparin. Dissolution of the template yielded cryogels that could load nerve growth factor (NGF) and release it over a period of 2 weeks, causing neurite outgrowth in PC12 cell cultures. This microscale template-assisted synthesis technique allows tight control over the cryogel scaffold dimensions for high reproducibility and ease of injection through fine gauge needles."
132,A4_tissue,33751254,PMC7985105,10.1007/s10856-021-06500-2,2021,Journal of materials science. Materials in medicine,research-article; Journal Article,The corticospinal tract structure of collagen/silk fibroin scaffold implants using 3D printing promotes functional recovery after complete spinal cord transection in rats.,"No effective treatment has been established for nerve dysfunction caused by spinal cord injury (SCI). Orderly axonal growth at the site of spinal cord transection and creation of an appropriate biological microenvironment are important for functional recovery. To axially guiding axonal growth, designing a collagen/silk fibroin scaffold fabricated with 3D printing technology (3D-C/SF) emulated the corticospinal tract. The normal collagen/silk fibroin scaffold with freeze-drying technology (C/SF) or 3D-C/SF scaffold were implanted into rats with completely transected SCI to evaluate its effect on nerve repair during an 8-week observation period. Electrophysiological analysis and locomotor performance showed that the 3D-C/SF implants contributed to significant improvements in the neurogolical function of rats compared to C/SF group. By magnetic resonance imaging, 3D-C/SF implants promoted a striking degree of axonal regeneration and connection between the proximal and distal SCI sites. Compared with C/SF group, rats with 3D-C/SF scaffold exhibited fewer lesions and disordered structures in histological analysis and more GAP43-positive profiles at the lesion site. The above results indicated that the corticospinal tract structure of 3D printing collagen/silk fibroin scaffold improved axonal regeneration and promoted orderly connections within the neural network, which could provided a promising and innovative approach for tissue repair after SCI."
133,A4_tissue,39328768,PMC11423302,10.1021/jacsau.4c00501,2024,JACS Au,research-article; Journal Article,Aggregation Rules of Short Peptides.,"The elucidation of aggregation rules for short peptides (e.g., tetrapeptides and pentapeptides) is crucial for the precise manipulation of aggregation. In this study, we derive comprehensive aggregation rules for tetrapeptides and pentapeptides across the entire sequence space based on the aggregation propensity values predicted by a transformer-based deep learning model. Our analysis focuses on three quantitative aspects. First, we investigate the type and positional effects of amino acids on aggregation, considering both the first- and second-order contributions. By identifying specific amino acids and amino acid pairs that promote or attenuate aggregation, we gain insights into the underlying aggregation mechanisms. Second, we explore the transferability of aggregation propensities between tetrapeptides and pentapeptides, aiming to explore the possibility of enhancing or mitigating aggregation by concatenating or removing specific amino acids at the termini. Finally, we evaluate the aggregation morphologies of over 20,000 tetrapeptides, regarding the morphology distribution and type and positional contributions of each amino acid. This work extends the existing aggregation rules from tripeptide sequences to millions of tetrapeptide and pentapeptide sequences, offering experimentalists an explicit roadmap for fine-tuning the aggregation behavior of short peptides for diverse applications, including hydrogels, emulsions, or pharmaceuticals."
134,A4_tissue,36559897,PMC9786583,10.3390/polym14245530,2022,Polymers,research-article; Journal Article,Stiffness-Controlled Hydrogels for 3D Cell Culture Models.,"Nanofibrillated cellulose (NFC) hydrogel is a versatile biomaterial suitable, for example, for three-dimensional (3D) cell spheroid culturing, drug delivery, and wound treatment. By freeze-drying NFC hydrogel, highly porous NFC structures can be manufactured. We freeze-dried NFC hydrogel and subsequently reconstituted the samples into a variety of concentrations of NFC fibers, which resulted in different stiffness of the material, i.e., different mechanical cues. After the successful freeze-drying and reconstitution, we showed that freeze-dried NFC hydrogel can be used for one-step 3D cell spheroid culturing of primary mesenchymal stem/stromal cells, prostate cancer cells (PC3), and hepatocellular carcinoma cells (HepG2). No difference was observed in the viability or morphology between the 3D cell spheroids cultured in the freeze-dried and reconstituted NFC hydrogel and fresh NFC hydrogel. Furthermore, the 3D cultured spheroids showed stable metabolic activity and nearly 100% viability. Finally, we applied a convolutional neural network (CNN)-based automatic nuclei segmentation approach to automatically segment individual cells of 3D cultured PC3 and HepG2 spheroids. These results provide an application to culture 3D cell spheroids more readily with the NFC hydrogel and a step towards automatization of 3D cell culturing and analysis."
135,A4_tissue,39599145,PMC11598565,10.3390/s24227370,2024,"Sensors (Basel, Switzerland)",research-article; Journal Article,AI-Aided Gait Analysis with a Wearable Device Featuring a Hydrogel Sensor.,"Wearable devices have revolutionized real-time health monitoring, yet challenges persist in enhancing their flexibility, weight, and accuracy. This paper presents the development of a wearable device employing a conductive polyacrylamide-lithium chloride-MXene (PLM) hydrogel sensor, an electronic circuit, and artificial intelligence (AI) for gait monitoring. The PLM sensor includes tribo-negative polydimethylsiloxane (PDMS) and tribo-positive polyurethane (PU) layers, exhibiting extraordinary stretchability (317% strain) and durability (1000 cycles) while consistently delivering stable electrical signals. The wearable device weighs just 23 g and is strategically affixed to a knee brace, harnessing mechanical energy generated during knee motion which is converted into electrical signals. These signals are digitized and then analyzed using a one-dimensional (1D) convolutional neural network (CNN), achieving an impressive accuracy of 100% for the classification of four distinct gait patterns: standing, walking, jogging, and running. The wearable device demonstrates the potential for lightweight and energy-efficient sensing combined with AI analysis for advanced biomechanical monitoring in sports and healthcare applications."
136,A4_tissue,40025100,PMC11873241,10.1038/s41598-025-87180-8,2025,Scientific reports,research-article; Journal Article,Explainable handcrafted features for mitotic event detection and classification.,"Analysis of cell populations and their behavior is very important in biological and medical research, such as tissue engineering and cancer research. Such behavioral analysis is often performed by visual observation of the cells using microscopy and other imaging techniques, which is often a time-consuming process due to the need for manual observations. Here, a fully automated mitotic event detection method has been developed allowing to reduce the processing time and improving the accuracy of the proliferation rate estimation of studied cell populations Despite the obvious morphological changes during mitosis, traditional image processing methods are not the best candidates, because some phenomena in the images appear as mitotic events but consist of noise and artifacts. These unwanted noise elements and artifacts can cause false positive detections and lead to low precision in detecting proliferation processes. Additionally, traditional cell imaging methods are based on single-cell segmentation resulting in lower performance for high cell densities. To minimize false positive detections, a machine learning-based modeling approach was developed and tested on two large datasets, one public dataset containing phase contrast images and another containing lens-free images. In the new method, traditional image processing, such as thresholding and cell tracking, is employed to select the candidate events. Next, the features that relate to the cell characteristics and process events are extracted. Before the classification step, features are selected using mutual information and ANOVA testing. Finally, false positive rejection is done using tree and random forest classifiers. The applied machine learning approach not only allows high processing performance but also explains how selected features contribute to mitotic event detection. The mean accuracy of the classifiers is 85.12% and precision and recall for the publicly available phase contrast dataset are 88.01% and 92.70% respectively. When applied to the lens-free image dataset, accuracy, precision, and recall were even higher and amounted to 87.66% 88.01%, and 91.78% respectively while employing much less features. The developed methodology has similar performance compared to the published deep learning approach, but has the advantage that it combines high performance with explainable features."
137,A4_tissue,37456452,PMC10338991,10.7759/cureus.40345,2023,Cureus,research-article; Journal Article,Multi-exposure Laser Speckle Contrast Imaging (MECI)-Based Prediction of Blood Flow Using Random Forest (RF) With K-Means (KM).,"Blood flow prediction is very important for medical diagnosis, drug development, tissue engineering, and continuous monitoring. One commonly used method for studying blood flow is called multi-exposure laser speckle contrast imaging (MECI). It provides valuable insights into how blood flows through tissues and helps in diagnosing circulatory diseases. In our study, we used MECI to measure blood flow in real-time by taking multiple measurements with different exposure times and contrasts. To predict different blood flow rates ranging from 0.1 to 1 mm/s, we employed machine learning (ML) techniques like clustering and random forest (RF) or support vector machine (SVM) algorithms. The study showed that RF with K-means performance is found to be the most accurate technique for flow classification, with an accuracy of 98.5%, a precision of 92%, a specificity of 98.9%, and a classification error of 1.5%. Our study demonstrates that employing clustering and RF algorithms in MECI provides a robust and effective approach to predicting blood flow. This technique holds great potential for a wide range of applications in the medical and healthcare fields."
138,A4_tissue,40558763,PMC12192259,10.3390/gels11060464,2025,"Gels (Basel, Switzerland)",research-article; Journal Article,Interpretable Machine Learning Analysis of Design Factors in Hydrogel Supercapacitors.,"Understanding the relationships between design factors is crucial for the development of hydrogel supercapacitors, yet the relative importance and interdependencies of material properties and operating conditions remain unclear. This study employs interpretable machine learning to analyze the design factors that affect hydrogel supercapacitor performance, using 232 experimental samples from 41 recent studies. SHAP analysis was implemented to quantify parameter importance and reveal feature interactions among 16 key design parameters, including polymer types, electrolyte formulations, and operating conditions. Results show that synthetic vinyl polymers most strongly influence specific capacitance, while conductive polymers predominantly affect cycle stability. Ionic conductivity emerged as the most impactful parameter despite moderate feature importance, indicating complex nonlinear relationships. Critical interdependencies between polymer concentration and electrolyte formulation suggest that optimal design requires coordinated parameter selection rather than independent optimization. This interpretable framework provides quantitative insights into design factor hierarchies and parameter interdependencies, offering evidence-based guidelines for rational material selection in hydrogel supercapacitor development."
139,A4_tissue,37127746,PMC10151330,10.1038/s41598-023-34015-z,2023,Scientific reports,research-article; Journal Article,"An origami-based technique for simple, effective and inexpensive fabrication of highly aligned far-field electrospun fibers.","Fabrication of highly aligned fibers by far-field electrospinning is a challenging task to accomplish. Multiple studies present advances in the alignment of electrospun fibers which involve modification of the conventional electrospinning setup with complex additions, multi-phased fabrication, and expensive components. This study presents a new collector design with an origami structure to produce highly-aligned far-field electrospun fibers. The origami collector mounts on the rotating drum and can be easily attached and removed for each round of fiber fabrication. This simple, effective, and inexpensive technique yields high-quality ultra-aligned fibers while the setup remains intact for other fabrication types. The electrospun poly(ɛ-caprolactone) (PCL) fibers were assessed by scanning electron microscope (SEM), fiber diameter distribution, water contact angle (WCA), Fast Fourier Transform analysis (FFT), surface plot profile, and pixel intensity plots. We thoroughly explored the impact of influential parameters, including polymer concentration, injection rate, collector rotation speed, distance from the collector to the tip, and needle gauge number on fibers' quality and alignment. Moreover, we employed machine learning algorithms to predict the outcomes and classify the high-quality fibers instead of low-quality productions."
140,A4_tissue,38130429,PMC10733684,10.1016/j.mtbio.2023.100879,2024,Materials today. Bio,research-article; Journal Article,Non-neotissue constituents as underestimated confounders in the assessment of tissue engineered constructs by near-infrared spectroscopy.,"Non-destructive assessments are required for the quality control of tissue-engineered constructs and the optimization of the tissue culture process. Near-infrared (NIR) spectroscopy coupled with machine learning (ML) provides a promising approach for such assessment. However, due to its nonspecific nature, each spectrum incorporates information on both neotissue and non-neotissue constituents of the construct; the effect of these constituents on the NIR-based assessments of tissue-engineered constructs has been overlooked in previous studies. This study investigates the effect of scaffolds, growth factors, and buffers on NIR-based assessments of tissue-engineered constructs. To determine if these non-neotissue constituents have a measurable effect on the NIR spectra of the constructs that can introduce bias in their assessment, nine ML algorithms were evaluated in classifying the NIR spectra of engineered cartilage according to the scaffold used to prepare the constructs, the growth factors added to the culture media, and the buffers used for storing the constructs. The effect of controlling for these constituents was also evaluated using controlled and uncontrolled NIR-based ML models for predicting tissue maturity as an example of neotissue-related properties of interest. Samples used in this study were prepared using norbornene-modified hyaluronic acid scaffolds with or without the conjugation of an N-cadherin mimetic peptide. Selected samples were supplemented with transforming growth factor-beta1 or bone morphogenetic protein-9 growth factor. Some samples were frozen in cell lysis buffer, while the remaining samples were frozen in PBS until required for NIR analysis. The ML models for classifying the spectra of the constructs according to the four constituents exhibited high to fair performances, with F1 scores ranging from 0.9 to 0.52. Moreover, controlling for the four constituents significantly improved the performance of the models for predicting tissue maturity, with improvement in F1 scores ranging from 0.09 to 0.77. In conclusion, non-neotissue constituents have measurable effects on the NIR spectra of tissue-engineered constructs that can be detected by ML algorithms and introduce bias in the assessment of the constructs by NIR spectroscopy. Therefore, controlling for these constituents is necessary for reliable NIR-based assessments of tissue-engineered constructs."
141,A4_tissue,34496298,PMC8516432,10.1016/j.stem.2021.07.012,2021,Cell stem cell,"brief-report; Research Support, Non-U.S. Gov't; Journal Article",Antiviral treatment causes a unique mutational signature in cancers of transplantation recipients.,"Genetic instability is a major concern for successful application of stem cells in regenerative medicine. However, the mutational consequences of the most applied stem cell therapy in humans, hematopoietic stem cell transplantation (HSCT), remain unknown. Here we characterized the mutation burden of hematopoietic stem and progenitor cells (HSPCs) of human HSCT recipients and their donors using whole-genome sequencing. We demonstrate that the majority of transplanted HSPCs did not display altered mutation accumulation. However, in some HSCT recipients, we identified multiple HSPCs with an increased mutation burden after transplantation. This increase could be attributed to a unique mutational signature caused by the antiviral drug ganciclovir. Using a machine learning approach, we detected this signature in cancer genomes of individuals who received HSCT or solid organ transplantation earlier in life. Antiviral treatment with nucleoside analogs can cause enhanced mutagenicity in transplant recipients, which may ultimately contribute to therapy-related carcinogenesis."
142,A4_tissue,38538741,PMC10973465,10.1038/s41598-024-58010-0,2024,Scientific reports,research-article; Journal Article,Detection of biomagnetic signals from induced pluripotent stem cell-derived cardiomyocytes using deep learning with simulation data.,"The detection of spontaneous magnetic signals can be used for the non-invasive electrophysiological evaluation of induced pluripotent stem cell-derived cardiomyocytes (iPS-CMs). We report that deep learning with a dataset that combines magnetic signals estimated using numerical simulation and actual noise data is effective in the detection of weak biomagnetic signals. To verify the feasibility of this method, we measured artificially generated magnetic signals that mimic cellular magnetic fields using a superconducting quantum interference device and attempted peak detection using a long short-term memory network. We correctly detected 80.0% of the peaks and the method achieved superior detection performance compared with conventional methods. Next, we attempted peak detection for magnetic signals measured from mouse iPS-CMs. The number of detected peaks was consistent with the spontaneous beats counted using microscopic observation and the average peak waveform achieved good similarity with the prediction. We also observed the synchronization of peak positions between simultaneously measured field potentials and magnetic signals. Furthermore, the magnetic measurements of cell samples treated with isoproterenol showed potential for the detection of chronotropic effects. These results suggest that the proposed method is effective and has potential application in the safety assessment of regenerative medicine and drug screening."
143,A4_tissue,36354610,PMC9689451,10.3390/gels8110702,2022,"Gels (Basel, Switzerland)",research-article; Journal Article,Metal Oxide Hydrogel Composites for Remediation of Dye-Contaminated Wastewater: Principal Component Analysis.,"Water pollution is caused by multiple factors, such as industrial dye wastewater. Dye-contaminated water can be treated using hydrogels as adsorbent materials. Recently, composite hydrogels containing metal oxide nanoparticles (MONPs) have been used extensively in wastewater remediation. In this study, we use a statistical and artificial intelligence method, based on principal component analysis (PCA) with different applied parameters, to evaluate the adsorption efficiency of 27 different MONP composite hydrogels for wastewater dye treatment. PCA showed that the hydrogel composites CTS@Fe3O4, PAAm/TiO2, and PEGDMA-rGO/Fe3O4@cellulose should be used in situations involving high pH, time to reach equilibrium, and adsorption capacity. However, as the composites PAAm-co-AAc/TiO2, PVPA/Fe3O4@SiO2, PMOA/ATP/Fe3O4, and PVPA/Fe3O4@SiO2, are preferred when all physical and chemical properties investigated have low magnitudes. To conclude, PCA is a strong method for highlighting the essential factors affecting hydrogel composite selection for dye-contaminated water treatment."
144,A4_tissue,41403834,PMC12704313,10.1016/j.isci.2025.113989,2025,iScience,research-article; Journal Article,Uterine collagen deposition fluctuates throughout the estrous cycle and provides a scaffold for gland visualization via the SHG-casting method.,"Uterine extracellular matrix (ECM) and uterine glands are essential parts of the endometrium, with important roles in remodeling associated with the estrous cycle, fertility, and pregnancy. Using second harmonic generation (SHG) microscopy, enabling the label-free imaging of fibrillar collagen, we analyzed mouse endometrial tissue across estrous cycle phases. We observed quantifiable 2D and 3D changes in fibrillar collagen accumulation, especially around uterine glands in the estrus phase. We also validate that the 3D SHG fibrillar collagen scans can serve as a template to recreate 3D uterine gland morphology by a method we call SHG-casting, enabling simultaneous label-free studies of endometrial fibrillar collagen and glands. Our custom deep learning-based segmentation model enables rapid, accurate gland segmentation. SHG-casting reveals variable gland structures, including lobular morphology in estrus and involution in later phases. SHG- casting offers a powerful tool for the 3D imaging of epithelial structures supported by collagen-rich ECM, with broad research and diagnostic potential."
145,A4_tissue,40727076,PMC12303067,10.1016/j.mtbio.2025.102086,2025,Materials today. Bio,research-article; Journal Article,3D in vitro modeling of neural microenvironment through a multi-scaffold assembly approach.,"The engineering of in vitro 3D cell culture systems has emerged as promising approach to model central nervous system (CNS) intricacy with increasing physiological relevance. The fabrication of artificial microenvironments that closely resemble nervous tissue composition and architecture has provided useful substrates to promote neural cell growth and maturation under in vivo-like conditions; however, despite significant progress has been made in tissue mimicry, directing neural cell arrangement and connectivity in a controlled 3D environment remains extremely challenging. Here, we propose a novel approach that combines different biomaterials and biofabrication techniques to develop a multi-scaffold system mimicking distinctive features of the nervous tissue. Extrusion-based 3D bioprinting is employed to accurately position neural stem cells (NSCs) embedded in a gelatin methacryloyl hydrogel onto an aligned microfibrous polycaprolactone structure obtained by melt electrowriting. The hydrogel matrix successfully supports NSC growth within 3D bioprinted constructs, ensuring high cell viability and in situ NSC differentiation into neuronal and glial phenotypes. Additionally, melt electrowriting technology allows the design of a microfibrous scaffold having well-defined geometry and aligned microporosity to replicate the anisotropic characteristics of nervous tissue. The inclusion of such scaffold in the 3D bioprinted system effectively steers neural cell organization in a 3D setting, guiding neural cell elongation in a preferred direction and promoting the establishment of a functional neural network. Our approach can be used to develop more sophisticated multicellular systems, possibly reassembling specific CNS circuits within a biomimetic microarchitecture, thus offering a versatile platform for the investigation of CNS functioning and pathology."
146,A4_tissue,40616103,PMC12228290,10.1186/s12951-025-03543-3,2025,Journal of nanobiotechnology,research-article; Journal Article,Liposome-encapsulated AICAR hydrogel regulates macrophage metabolic reprogramming via SIK1 activation to alleviate osteoarthritis.,"BackgroundOsteoarthritis (OA), the most prevalent joint disorder, is characterized by a complex etiology and a lack of safe and effective therapeutic interventions. Emerging evidence suggests that immune cell dysregulation plays a pivotal role in the pathogenesis of OA. Recent advancements in high-throughput sequencing technologies, along with the integration of machine learning into medical research, have provided novel insights into the molecular mechanisms underlying various diseases. However, the specific roles and mechanisms of immune-related factors in OA remain poorly understood. This study aims to identify potential biomarkers for the diagnosis and monitoring of OA progression and to explore targeted therapeutic strategies based on key genes associated with the disease.ResultsWGCNA and immune infiltration analysis identified SIK1 as a core gene involved in immune regulation during the progression of OA. In vitro experiments demonstrated that AICAR, an activator of SIK1, significantly suppressed inflammatory responses by modulating glucose and lipid metabolism in macrophages. A novel nanoliposome composite hydrogel, Gel@Lipo@AICAR, has been successfully developed for the targeted delivery of AICAR. The intra-articular administration of Gel@Lipo@AICAR demonstrated excellent biosafety and therapeutic potential in mitigating the progression of OA.ConclusionsThis study identifies SIK1 as a novel biomarker for diagnosing and monitoring the progression of OA. The anti-inflammatory effects of its agonist, AICAR, were validated, underscoring its role in reprogramming macrophage glucose and lipid metabolism. Furthermore, the development of Gel@Lipo@AICAR, a nanoliposome composite hydrogel, presents a promising therapeutic strategy for the treatment of OA."
147,A4_tissue,36898041,PMC10034746,10.1021/acs.analchem.2c04416,2023,Analytical chemistry,"research-article; Research Support, U.S. Gov't, Non-P.H.S.; Journal Article",Mass Spectrometry Imaging Reveals Early Metabolic Priming of Cell Lineage in Differentiating Human-Induced Pluripotent Stem Cells.,"Induced pluripotent stem cells (iPSCs) hold great promise in regenerative medicine; however, few algorithms of quality control at the earliest stages of differentiation have been established. Despite lipids having known functions in cell signaling, their role in pluripotency maintenance and lineage specification is underexplored. We investigated the changes in iPSC lipid profiles during the initial loss of pluripotency over the course of spontaneous differentiation using the co-registration of confocal microscopy and matrix-assisted laser desorption/ionization (MALDI) mass spectrometry imaging. We identified phosphatidylethanolamine (PE) and phosphatidylinositol (PI) species that are highly informative of the temporal stage of differentiation and can reveal iPS cell lineage bifurcation occurring metabolically. Several PI species emerged from the machine learning analysis of MS data as the early metabolic markers of pluripotency loss, preceding changes in the pluripotency transcription factor Oct4. The manipulation of phospholipids via PI 3-kinase inhibition during differentiation manifested in the spatial reorganization of the iPS cell colony and elevated expression of NCAM-1. In addition, the continuous inhibition of phosphatidylethanolamine N-methyltransferase during differentiation resulted in the enhanced maintenance of pluripotency. Our machine learning analysis highlights the predictive power of lipidomic metrics for evaluating the early lineage specification in the initial stages of spontaneous iPSC differentiation."
148,A4_tissue,40234455,PMC12000562,10.1038/s41598-025-94608-8,2025,Scientific reports,research-article; Journal Article,Surrogate modeling of electrospun PVA/PLA nanofibers using artificial neural network for biomedical applications.,"Blending poly (lactic acid) (PLA) with poly (vinyl alcohol) (PVA) improves the strength and hydrophilicity of nanofibers, making them suitable for biomedical applications like wound dressings. This study explores how electrospinning parameters-applied voltage, flow rate, and needle-to-collector distance-affect PVA/PLA nanofiber properties, optimizing them using a Taguchi design of experiment (DoE) approach to enhance their mechanical and surface properties for clinical use. Given the high costs and time associated with conducting extensive experimental tests, an artificial neural network based surrogate model is developed to predict experimental outcomes more efficiently, facilitating faster identification of optimal design configurations. Analysis of Variance reveals flow rate as the most significant determinant of fiber diameter. The optimal electrospinning configuration yields nanofibers with an average diameter of 127.6 ± 19.8 nm. These fibers exhibit exceptional tensile strength, flexibility, and a water contact angle of 37°, demonstrating superior hydrophilicity conducive to cell adhesion and proliferation-key factors in promoting wound healing. Comparative analyses confirm that the optimized scaffold (18 cm needle-to-collector distance, 0.6 ml/h flow rate, and 18 kV applied voltage) significantly outperforms alternative configurations, such as 10 cm needle-to-collector distance, 1.2 ml/h flow rate, and 22 kV applied voltage, which display larger diameters, reduced hydrophilicity (contact angle of 72°), and diminished suitability for medical use. Validation experiments affirm the accuracy and reproducibility of the Taguchi optimization, substantiating the methodological rigor and reliability of the findings. This work contributes novel insights into the tunable design of electrospun nanofibers, providing a pathway to developing advanced wound dressings that facilitate tissue integration and accelerate healing. The optimized PVA/PLA nanofibers have the potential to revolutionize wound care by offering a cost-effective and clinically viable solution for enhancing patient recovery, reducing treatment durations, and improving global healthcare outcomes."
149,A4_tissue,38737974,PMC11082644,10.1039/d4ra01257g,2024,RSC advances,research-article; Journal Article,Machine learning-guided morphological property prediction of 2D electrospun scaffolds: the effect of polymer chemical composition and processing parameters.,"Among various methods for fabricating polymeric tissue engineering scaffolds, electrospinning stands out as a relatively simple technique widely utilized in research. Numerous studies have delved into understanding how electrospinning processing parameters and specific polymeric solutions affect the physical features of the resulting scaffolds. However, owing to the complexity of these interactions, no definitive approaches have emerged. This study introduces the use of Simplified Molecular Input Line Entry System (SMILES) encoding method to represent materials, coupled with machine learning algorithms, to model the relationships between material properties, electrospinning parameters and scaffolds' physical properties. Here, the scaffolds' fiber diameter and conductivity have been predicted for the first time using this approach. In the classification task, the voting classifier predicted the fibers diameter with a balanced accuracy score of 0.9478. In the regression task, a neural network regressor was architected to learn the relations between parameters and predict the fibers diameter with R2 = 0.723. In the case of fibers conductivity, regressor and classifier models were used for prediction, but the performance fluctuated due to the inadequate information in the published data and the collected dataset. Finally, the model prediction accuracy was validated by experimental electrospinning of a biocompatible polymer (i.e., polyvinyl alcohol and polyvinyl alcohol/polypyrrole). Field-emission scanning electron microscope (FE-SEM) images were used to measure fiber diameter. These results demonstrated the efficacy of the proposed model in predicting the polymer nanofiber diameter and reducing the parameter space prior to the scoping exercises. This data-driven model can be readily extended to the electrospinning of various biopolymers."
150,A4_tissue,35685142,PMC9173896,10.1155/2022/2370190,2022,Computational intelligence and neuroscience,research-article; Journal Article,Computational Intelligence-Based Melanoma Detection and Classification Using Dermoscopic Images.,"Melanoma is a kind of skin cancer caused by the irregular development of pigment-producing cells. Since melanoma detection efficiency is limited to different factors such as poor contrast among lesions and nearby skin regions, and visual resemblance among melanoma and non-melanoma lesions, intelligent computer-aided diagnosis (CAD) models are essential. Recently, computational intelligence (CI) and deep learning (DL) techniques are utilized for effective decision-making in the biomedical field. In addition, the fast-growing advancements in computer-aided surgeries and recent progress in molecular, cellular, and tissue engineering research have made CI an inevitable part of biomedical applications. In this view, the research work here develops a novel computational intelligence-based melanoma detection and classification technique using dermoscopic images (CIMDC-DIs). The proposed CIMDC-DI model encompasses different subprocesses. Primarily, bilateral filtering with fuzzy k-means (FKM) clustering-based image segmentation is applied as a preprocessing step. Besides, NasNet-based feature extractor with stochastic gradient descent is applied for feature extraction. Finally, the manta ray foraging optimization (MRFO) algorithm with a cascaded neural network (CNN) is exploited for the classification process. To ensure the potential efficiency of the CIMDC-DI technique, we conducted a wide-ranging simulation analysis, and the results reported its effectiveness over the existing recent algorithms with the maximum accuracy of 97.50%."
151,A4_tissue,39857791,PMC11761273,10.3390/biomedicines13010208,2025,Biomedicines,research-article; Journal Article,Advancing Hydrogel-Based 3D Cell Culture Systems: Histological Image Analysis and AI-Driven Filament Characterization.,"Background: Machine learning is used to analyze images by training algorithms on data to recognize patterns and identify objects, with applications in various fields, such as medicine, security, and automation. Meanwhile, histological cross-sections, whether longitudinal or transverse, expose layers of tissues or tissue mimetics, which provide crucial information for microscopic analysis. Objectives: This study aimed to employ the Google platform ""Teachable Machine"" to apply artificial intelligence (AI) in the interpretation of histological cross-section images of hydrogel filaments. Methods: The production of 3D hydrogel filaments involved different combinations of sodium alginate and gelatin polymers, as well as a cross-linking agent, and subsequent stretching until rupture using an extensometer. Cross-sections of stretched and unstretched filaments were created and stained with hematoxylin and eosin. Using the Teachable Machine platform, images were grouped and trained for subsequent prediction. Results: Over six hundred histological cross-section images were obtained and stored in a virtual database. Each hydrogel combination exhibited variations in coloration, and some morphological structures remained consistent. The AI efficiently identified and differentiated images of stretched and unstretched filaments. However, some confusion arose when distinguishing among variations in hydrogel combinations. Conclusions: Therefore, the image prediction tool for biopolymeric hydrogel histological cross-sections using Teachable Machine proved to be an efficient strategy for distinguishing stretched from unstretched filaments."
152,A4_tissue,41269797,PMC12663998,10.1073/pnas.2424047122,2025,Proceedings of the National Academy of Sciences of the United States of America,research-article; Journal Article,"Deep learning reveals how cells pull, buckle, and navigate fibrous environments.","Cells in tissues navigate fibrous environments fundamentally differently than they do on flat substrates, but the establishment of cell forces in physiological fibrous settings remains poorly understood. Although factors such as the stiffness of the extracellular matrix (ECM) are known to drive behaviors, including cell motility on flat nonfibrous substrates, the interplay between fiber architecture and stiffness in fibrous ECM is not known. Here, we find that in fibrous environments, the directionality of mechanical forces overrides ECM stiffness as the primary regulator of contractility in migrating cells. Using an approach combining phase microscopy with deep learning to map forces in real time, termed deep learning-enabled live-cell fiber-force microscopy (DLFM), we reveal that when cells transition between anisotropic and isotropic stress fields, their contractility significantly drops despite encountering stiffer ECM, contrary to the behavior of cells on flat nonfibrous substrates. Unlike the peripheral adhesions observed on flat nonfibrous substrates, cells in fibrous matrices form force-generating adhesions throughout their body, stabilized by out-of-plane mechanical components unique to fiber geometry. Cells exhibit distinct force signatures during migration, division, and differentiation, with temporal signatures that predict stem cell fate. These findings, enabled by combining deep learning and the mechanics of cells and fibers, explain long-standing paradoxical behavior of cells navigating deformable fibrous environments, how they can pull and tug at them, and identify tension anisotropy as a master regulator of cell behavior, with implications for cancer invasion, tissue engineering, and regenerative medicine."
153,A4_tissue,38744432,PMC12209858,10.1093/asj/sjae109,2024,Aesthetic surgery journal,research-article; Journal Article,"Artificial Intelligence, Genuine Outcome: Analysis of 72 Consecutive Cases of Subfascial Augmentation Mastopexy With Smooth Round Implants Supported by P4HB Scaffold.","BackgroundPtosis recurrence often leads to unsatisfactory results after mastopexy, even more so when additional stress is provided by implants on compromised native tissue. The poly-4-hydroxybutyrate(P4HB) scaffold (GalaFLEX) with its favorable safety profile and proven long-term mechanical strength represents a preferred option for soft tissue support.ObjectivesThe primary endpoint was assessment of lower pole stretch from the early postoperative period up to 3 years.MethodsOut of 151 patients who underwent surgery by G.B. from March 2020 to December 2023, a total of 72 with a 12-month-mininum follow-up who had primary (46) or secondary (26) augmentation mastopexy with subfascial round smooth implants and P4HB scaffold support were included in the study. Three-dimensional artificial intelligence software was utilized for all measurements. Further analysis included evaluation of ptosis recurrence and all complications.ResultsNo recurrent ptosis, bottoming out, implant displacement, or capsular contracture was reported during follow-up (mean, 24.8 months). The lower pole arch's elongation was 8.04% and 9.44% at 1 and 3 years respectively, comparing favorably with previous reports. Statistically significant correlation (P  400 cc; P = .0011) and primary cases (P = .1376). Progressive volume redistribution from upper to lower pole was observed in the first year, with substantial stability thereafter.ConclusionsThis is the largest published series reporting long-term results (up to 45 months) in mastopexy augmentation with GalaFLEX, suggesting its supportive role in lower pole stability even in the setting of concurrent breast augmentation with smooth implants in a subfascial plane.Level of evidence: 4"
154,A4_tissue,35855109,PMC9290528,10.1093/rb/rbac043,2022,Regenerative biomaterials,research-article; Journal Article,Three-dimensional-printed collagen/chitosan/secretome derived from HUCMSCs scaffolds for efficient neural network reconstruction in canines with traumatic brain injury.,"The secretome secreted by stem cells and bioactive material has emerged as a promising therapeutic choice for traumatic brain injury (TBI). We aimed to determine the effect of 3D-printed collagen/chitosan/secretome derived from human umbilical cord blood mesenchymal stem cells scaffolds (3D-CC-ST) on the injured tissue regeneration process. 3D-CC-ST was performed using 3D printing technology at a low temperature (-20°C), and the physical properties and degeneration rate were measured. The utilization of low temperature contributed to a higher cytocompatibility of fabricating porous 3D architectures that provide a homogeneous distribution of cells. Immediately after the establishment of the canine TBI model, 3D-CC-ST and 3D-CC (3D-printed collagen/chitosan scaffolds) were implanted into the cavity of TBI. Following implantation of scaffolds, neurological examination and motor evoked potential detection were performed to analyze locomotor function recovery. Histological and immunofluorescence staining were performed to evaluate neuro-regeneration. The group treated with 3D-CC-ST had good performance of behavior functions. Implanting 3D-CC-ST significantly reduced the cavity area, facilitated the regeneration of nerve fibers and vessel reconstruction, and promoted endogenous neuronal differentiation and synapse formation after TBI. The implantation of 3D-CC-ST also markedly reduced cell apoptosis and regulated the level of systemic inflammatory factors after TBI."
155,A4_tissue,34831010,PMC8616054,10.3390/cancers13225857,2021,Cancers,research-article; Journal Article,Human Breast Extracellular Matrix Microstructures and Protein Hydrogel 3D Cultures of Mammary Epithelial Cells.,"Tissue extracellular matrix (ECM) is a structurally and compositionally unique microenvironment within which native cells can perform their natural biological activities. Cells grown on artificial substrata differ biologically and phenotypically from those grown within their native tissue microenvironment. Studies examining human tissue ECM structures and the biology of human tissue cells in their corresponding tissue ECM are lacking. Such investigations will improve our understanding about human pathophysiological conditions for better clinical care. We report here human normal breast tissue and invasive ductal carcinoma tissue ECM structural features. For the first time, a hydrogel was successfully fabricated using whole protein extracts of human normal breast ECM. Using immunofluorescence staining of type I collagen (Col I) and machine learning of its fibrous patterns in the polymerized human breast ECM hydrogel, we have defined the microstructural characteristics of the hydrogel and compared the microstructures with those of other native ECM hydrogels. Importantly, the ECM hydrogel supported 3D growth and cell-ECM interaction of both normal and cancerous mammary epithelial cells. This work represents further advancement toward full reconstitution of the human breast tissue microenvironment, an accomplishment that will accelerate the use of human pathophysiological tissue-derived matrices for individualized biomedical research and therapeutic development."
156,A4_tissue,39494625,PMC11653617,10.1002/advs.202404437,2024,"Advanced science (Weinheim, Baden-Wurttemberg, Germany)",research-article; Journal Article,Alphabet Handwriting Recognition: From Wood-Framed Hydrogel Arrays Design to Machine Learning Decoding.,"Handwriting recognition is a highly integrated system, demanding hardware to collect handwriting signals and software to deal with input data. Nonetheless, the design of such a system from scratch with sustainable materials and an easily accessible computing network presents significant challenges. In pursuit of this goal, a flexible, and electrically conductive wood-derived hydrogel array is developed as a handwriting input panel, enabling recognizing alphabet handwriting assisted by machine learning technique. For this, lignin extraction-refill, polypyrrole coating, and polyacrylic acid filling, endowing flexibility, and electrical conduction to wood are sequentially implemented. Subsequently, these woods are manufactured into a 5 × 5 array, creating a matrix of signals upon handwriting. Efficient handwritten recognition is then achieved through appropriate manual feature extraction and algorithms with low complexity within a computing network, as demonstrated in this work, the strategic choice of expertise-based feature engineering and simplified algorithms effectively boost the overall model performance on handwriting recognition. With potential adaptability, further applications in customized wearable devices and hands-on healthcare appliances are envisioned."
157,A4_tissue,40028051,PMC11865990,10.1021/acsomega.4c09451,2025,ACS omega,research-article; Journal Article,Proteomic Characterization of Cardioprotective Human Acellular Amniotic Fluid.,"Amniotic fluid-derived products are a promising resource for cell therapy and tissue engineering due to their anti-inflammatory, angiogenic, and antifibrotic properties. Human amniotic fluid (hAF) has been used in medical applications such as wound healing, skin disorders, and ophthalmic conditions. Recently, we demonstrated that hAF is an effective treatment for myocardial ischemia-reperfusion injury in adult rats. However, the protein composition of full-term acellular hAF has remained poorly characterized. To uncover the biologically active components underlying hAF's cardioprotective effects, we conducted a global proteomic analysis of hAF collected from six patients at full-term cesarean sections. Previously shown to improve cardiac function in ischemic rats, these samples were analyzed by using tandem mass spectrometry. We identified 657 proteins, including 148 unique to the deep learning platform Inferys. Bioinformatic analysis revealed that these proteins are involved in immunity, inflammatory responses, cell adhesion, and apoptotic signaling pathways. In addition, these proteins were highly modified, with methylation and deamidation being the most abundant modifications. This study represents the first mass-spectrometry-based characterization of full-term, acellular hAF, suggesting that hAF offers a wide array of immune-modulating proteins working together to provide robust cardioprotection and a valuable treatment for ischemia-reperfusion injury."
158,A4_tissue,32094341,PMC7039897,10.1038/s41467-020-14930-9,2020,Nature communications,"Research Support, Non-U.S. Gov't; research-article; Research Support, U.S. Gov't, Non-P.H.S.; Journal Article; Research Support, N.I.H., Extramural",Neural cell integration into 3D bioprinted skeletal muscle constructs accelerates restoration of muscle function.,"A bioengineered skeletal muscle construct that mimics structural and functional characteristics of native skeletal muscle is a promising therapeutic option to treat extensive muscle defect injuries. We previously showed that bioprinted human skeletal muscle constructs were able to form multi-layered bundles with aligned myofibers. In this study, we investigate the effects of neural cell integration into the bioprinted skeletal muscle construct to accelerate functional muscle regeneration in vivo. Neural input into this bioprinted skeletal muscle construct shows the improvement of myofiber formation, long-term survival, and neuromuscular junction formation in vitro. More importantly, the bioprinted constructs with neural cell integration facilitate rapid innervation and mature into organized muscle tissue that restores normal muscle weight and function in a rodent model of muscle defect injury. These results suggest that the 3D bioprinted human neural-skeletal muscle constructs can be rapidly integrated with the host neural network, resulting in accelerated muscle function restoration."
159,A4_tissue,39948515,PMC11827326,10.1186/s12903-025-05531-3,2025,BMC oral health,research-article; Journal Article,Machine learning models for prognosis prediction in regenerative endodontic procedures.,"BackgroundThis study aimed to establish and validate machine learning (ML) models to predict the prognosis of regenerative endodontic procedures (REPs) clinically, assisting clinicians in decision-making and avoiding treatment failure.MethodsA total of 198 patients with 268 teeth were included for radiographic examination and measurement. Five Machine Learning (ML) models, including Random forest (RF), gradient boosting machine (GBM), extreme gradient boosting (XGB), Logistic regression (logR) and support vector machine (SVM) are implemented for the prediction on two datasets of follow-up periods of 1-year and 2-year, respectively. Using a stratified five folds of cross-validation method, each dataset is randomly divided into a training set and test set in a ratio of 8 : 2. Correlation analysis and importance ranking were performed for feature extraction. Seven performance metrics including area under curve (AUC), accuracy, F1-score, sensitivity, specificity, positive predictive value (PPV) and negative predictive value (NPV) were calculated to compare the predictive performance.ResultsThe RF (Accuracy = 0.91, AUC = 0.94; Accuracy = 0.84, AUC = 0.86) and GBM (Accuracy = 0.91, AUC = 0.93; Accuracy = 0.84, AUC = 0.85) had the best and similar performance simultaneously in the prediction of 1-year follow-up period and 2-year follow-up period, respectively. The variables applied to predict the primary outcome in REPs were ranked accordingly to their values of feature importance, including age, sex, etiology, the number of root canals, trauma type, swelling or sinus tract, periapical lesion size, root development stage, pre-operative root resorption, medicaments, scaffold, second REPs, previous root canal filling.ConclusionsRF and GBM models outperformed XGB, logR, SVM models on the overall performance on our datasets, exhibiting the potential capability to predict the prognosis of REPs. The ranking of feature importance contributes to establishing the scoring system for prognosis prediction in REPs, assisting clinicians in decision-making."
160,A4_tissue,33986691,PMC8110917,10.3389/fphys.2021.650714,2021,Frontiers in physiology,research-article; Journal Article,Quantifying Vascular Density in Tissue Engineered Constructs Using Machine Learning.,"Given the considerable research efforts in understanding and manipulating the vasculature in tissue health and function, making effective measurements of vascular density is critical for a variety of biomedical applications. However, because the vasculature is a heterogeneous collection of vessel segments, arranged in a complex three-dimensional architecture, which is dynamic in form and function, it is difficult to effectively measure. Here, we developed a semi-automated method that leverages machine learning to identify and quantify vascular metrics in an angiogenesis model imaged with different modalities. This software, BioSegment, is designed to make high throughput vascular density measurements of fluorescent or phase contrast images. Furthermore, the rapidity of assessments makes it an ideal tool for incorporation in tissue manufacturing workflows, where engineered tissue constructs may require frequent monitoring, to ensure that vascular growth benchmarks are met."
161,A4_tissue,38012169,PMC10682047,10.1038/s41467-023-43664-7,2023,Nature communications,"Research Support, Non-U.S. Gov't; research-article; Journal Article","A fully integrated, standalone stretchable device platform with in-sensor adaptive machine learning for rehabilitation.","Post-surgical treatments of the human throat often require continuous monitoring of diverse vital and muscle activities. However, wireless, continuous monitoring and analysis of these activities directly from the throat skin have not been developed. Here, we report the design and validation of a fully integrated standalone stretchable device platform that provides wireless measurements and machine learning-based analysis of diverse vibrations and muscle electrical activities from the throat. We demonstrate that the modified composite hydrogel with low contact impedance and reduced adhesion provides high-quality long-term monitoring of local muscle electrical signals. We show that the integrated triaxial broad-band accelerometer also measures large body movements and subtle physiological activities/vibrations. We find that the combined data processed by a 2D-like sequential feature extractor with fully connected neurons facilitates the classification of various motion/speech features at a high accuracy of over 90%, which adapts to the data with noise from motion artifacts or the data from new human subjects. The resulting standalone stretchable device with wireless monitoring and machine learning-based processing capabilities paves the way to design and apply wearable skin-interfaced systems for the remote monitoring and treatment evaluation of various diseases."
162,A4_tissue,35615304,PMC9122553,10.1557/s43578-022-00591-5,2022,Journal of materials research,research-article; Journal Article,Engineered 2D materials for optical bioimaging and path toward therapy and tissue engineering.,"Two-dimensional (2D) layered materials as a new class of nanomaterial are characterized by a list of exotic properties. These layered materials are investigated widely in several biomedical applications. A comprehensive understanding of the state-of-the-art developments of 2D materials designed for multiple nanoplatforms will aid researchers in various fields to broaden the scope of biomedical applications. Here, we review the advances in 2D material-based biomedical applications. First, we introduce the classification and properties of 2D materials. Next, we summarize surface and structural engineering methods of 2D materials where we discuss surface functionalization, defect, and strain engineering, and creating heterostructures based on layered materials for biomedical applications. After that, we discuss different biomedical applications. Then, we briefly introduced the emerging role of machine learning (ML) as a technological advancement to boost biomedical platforms. Finally, the current challenges, opportunities, and prospects on 2D materials in biomedical applications are discussed.Graphical abstract"
163,A4_tissue,40740471,PMC12307680,10.1016/j.bbrep.2025.102174,2025,Biochemistry and biophysics reports,brief-report; Journal Article,Integrating ChromaLIVE™ dye with an AI-powered image analysis for real-time monitoring of human mesenchymal stem cells differentiation.,"Techniques for following the differentiation of human mesenchymal stem cells (hMSCs) in laboratory settings prior to their transplantation into living organisms are essential for progress in tissue engineering and regenerative medicine. In this study, we have used a non-toxic fluorescent dye (ChromaLIVE™) coupled with an artificial intelligence (AutoHCS™) powered image analysis system for real-time monitoring of the differentiation of hMSCs. To validate the performance of this novel Live-Cell Imaging assay, its accuracy was benchmarked to a well-established immunocytochemistry method for studying MSC differentiation into osteoblasts. This innovative method utilizes the distinctive phenotypic signature detected by the non-toxic dye to identify and measure differentiation phenotypes, which were found to align with the expression of osteogenic markers. As a highly sensitive, affordable, non-destructive and scalable kinetic assay, this new technology offers promise as a dependable tool for monitoring stem cell differentiation. By delivering real-time insights into the quality of cell batches, it facilitates prompt adjustments and optimization of culture conditions."
164,A4_tissue,35566970,PMC9104973,10.3390/polym14091802,2022,Polymers,research-article; Journal Article,Accelerated Discovery of the Polymer Blends for Cartilage Repair through Data-Mining Tools and Machine-Learning Algorithm.,"In designing successful cartilage substitutes, the selection of scaffold materials plays a central role, among several other important factors. In an empirical approach, the selection of the most appropriate polymer(s) for cartilage repair is an expensive and time-consuming affair, as traditionally it requires numerous trials. Moreover, it is humanly impossible to go through the huge library of literature available on the potential polymer(s) and to correlate the physical, mechanical, and biological properties that might be suitable for cartilage tissue engineering. Hence, the objective of this study is to implement an inverse design approach to predict the best polymer(s)/blend(s) for cartilage repair by using a machine-learning algorithm (i.e., multinomial logistic regression (MNLR)). Initially, a systematic bibliometric analysis on cartilage repair has been performed by using the bibliometrix package in the R program. Then, the database was created by extracting the mechanical properties of the most frequently used polymers/blends from the PoLyInfo library by using data-mining tools. Then, an MNLR algorithm was run by using the mechanical properties of the polymers, which are similar to the cartilages, as the input and the polymer(s)/blends as the predicted output. The MNLR algorithm used in this study predicts polyethylene/polyethylene-graftpoly(maleic anhydride) blend as the best candidate for cartilage repair."
165,A4_tissue,40357880,PMC12265864,10.1111/jmi.13419,2025,Journal of microscopy,"Research Support, Non-U.S. Gov't; research-article; Journal Article",Development of a deep learning method for phase retrieval image enhancement in phase contrast microcomputed tomography.,"Propagation-based imaging (one method of X-ray phase contrast imaging) with microcomputed tomography (PBI-µCT) offers the potential to visualise low-density materials, such as soft tissues and hydrogel constructs, which are difficult to be identified by conventional absorption-based contrast µCT. Conventional µCT reconstruction produces edge-enhanced contrast (EEC) images which preserve sharp boundaries but are susceptible to noise and do not provide consistent grey value representation for the same material. Meanwhile, phase retrieval (PR) algorithms can convert edge enhanced contrast to area contrast to improve signal-to-noise ratio (SNR), and contrast-to-noise ratio (CNR) but usually results to over-smoothing, thus creating inaccuracies in quantitative analysis. To alleviate these problems, this study developed a deep learning-based method called edge view enhanced phase retrieval (EVEPR), by strategically integrating the complementary spatial features of denoised EEC and PR images, and further applied this method to segment the hydrogel constructs in vivo and ex vivo. EVEPR used paired denoised EEC and PR images to train a deep convolutional neural network (CNN) on a dataset-to-dataset basis. The CNN had been trained on important high-frequency details, for example, edges and boundaries from the EEC image and area contrast from PR images. The CNN predicted result showed enhanced area contrast beyond conventional PR algorithms while improving SNR and CNR. The enhanced CNR especially allowed for the image to be segmented with greater efficiency. EVEPR was applied to in vitro and ex vivo PBI-µCT images of low-density hydrogel constructs. The enhanced visibility and consistency of hydrogel constructs was essential for segmenting such material which usually exhibit extremely poor contrast. The EVEPR images allowed for more accurate segmentation with reduced manual adjustments. The efficiency in segmentation allowed for the generation of a sizeable database of segmented hydrogel scaffolds which were used in conventional data-driven segmentation applications. EVEPR was demonstrated to be a robust post-image processing method capable of significantly enhancing image quality by training a CNN on paired denoised EEC and PR images. This method not only addressed the common issues of over-smoothing and noise susceptibility in conventional PBI-µCT image processing but also allowed for efficient and accurate in vitro and ex vivo image processing applications of low-density materials."
166,A4_tissue,40360739,PMC12075813,10.1038/s42003-025-08162-0,2025,Communications biology,research-article; Journal Article,AI-guided laser purification of human iPSC-derived cardiomyocytes for next-generation cardiac cell manufacturing.,"Current methods for producing cardiomyocytes from human induced pluripotent stem cells (hiPSCs) using 2D monolayer differentiation are often hampered by batch-to-batch variability and inefficient purification processes. Here, we introduce CM-AI, a novel artificial intelligence-guided laser cell processing platform designed for rapid, label-free purification of hiPSC-derived cardiomyocytes (hiPSC-CMs). This approach significantly reduces processing time without the need for chronic metabolic selection or antibody-based sorting. By integrating real-time cellular morphology analysis and targeted laser ablation, CM-AI selectively removes non-cardiomyocyte populations with high precision. This streamlined process preserves cardiomyocyte viability and function, offering a scalable and efficient solution for cardiac regenerative medicine, disease modeling, and drug discovery."
167,A4_tissue,40710713,PMC12295643,10.3390/gels11070552,2025,"Gels (Basel, Switzerland)",research-article; Journal Article,Optimization of SA-Gel Hydrogel Printing Parameters for Extrusion-Based 3D Bioprinting.,"Extrusion-based 3D bioprinting is prevalent in tissue engineering, but enhancing precision is critical as demands for functionality and accuracy escalate. Process parameters (nozzle diameter d, layer height h, printing speed v1, extrusion speed v2) significantly influence hydrogel deposition and structure formation. This study optimizes these parameters using an orthogonal experimental design and grey relational analysis. Hydrogel filament formability and the die swell ratio served as optimization objectives. A response mathematical model linking parameters to grey relational grade was established via support vector regression (SVR). Particle Swarm Optimization (PSO) then determined the optimal parameter combination: d = 0.6 mm, h = 0.3 mm, v1 = 8 mm/s, and v2 = 8 mm/s. Comparative experiments showed the optimized parameters predicted by the model with a mean error of 5.15% for printing precision, which outperformed random sets. This data-driven approach reduces uncertainties inherent in conventional simulation methods, enhancing predictive accuracy. The methodology establishes a novel framework for optimizing precision in extrusion-based 3D bioprinting."
168,A4_tissue,35626593,PMC9140411,10.3390/e24050710,2022,"Entropy (Basel, Switzerland)",other; Journal Article,"Biology, Buddhism, and AI: Care as the Driver of Intelligence.","Intelligence is a central feature of human beings' primary and interpersonal experience. Understanding how intelligence originated and scaled during evolution is a key challenge for modern biology. Some of the most important approaches to understanding intelligence are the ongoing efforts to build new intelligences in computer science (AI) and bioengineering. However, progress has been stymied by a lack of multidisciplinary consensus on what is central about intelligence regardless of the details of its material composition or origin (evolved vs. engineered). We show that Buddhist concepts offer a unique perspective and facilitate a consilience of biology, cognitive science, and computer science toward understanding intelligence in truly diverse embodiments. In coming decades, chimeric and bioengineering technologies will produce a wide variety of novel beings that look nothing like familiar natural life forms; how shall we gauge their moral responsibility and our own moral obligations toward them, without the familiar touchstones of standard evolved forms as comparison? Such decisions cannot be based on what the agent is made of or how much design vs. natural evolution was involved in their origin. We propose that the scope of our potential relationship with, and so also our moral duty toward, any being can be considered in the light of Care-a robust, practical, and dynamic lynchpin that formalizes the concepts of goal-directedness, stress, and the scaling of intelligence; it provides a rubric that, unlike other current concepts, is likely to not only survive but thrive in the coming advances of AI and bioengineering. We review relevant concepts in basal cognition and Buddhist thought, focusing on the size of an agent's goal space (its cognitive light cone) as an invariant that tightly links intelligence and compassion. Implications range across interpersonal psychology, regenerative medicine, and machine learning. The Bodhisattva's vow (""for the sake of all sentient life, I shall achieve awakening"") is a practical design principle for advancing intelligence in our novel creations and in ourselves."
169,A4_tissue,39309215,PMC11415298,10.1038/s42256-024-00883-x,2024,Nature machine intelligence,research-article; Journal Article,A deep learning method that identifies cellular heterogeneity using nanoscale nuclear features.,"Cellular phenotypic heterogeneity is an important hallmark of many biological processes and understanding its origins remains a substantial challenge. This heterogeneity often reflects variations in the chromatin structure, influenced by factors such as viral infections and cancer, which dramatically reshape the cellular landscape. To address the challenge of identifying distinct cell states, we developed artificial intelligence of the nucleus (AINU), a deep learning method that can identify specific nuclear signatures at the nanoscale resolution. AINU can distinguish different cell states based on the spatial arrangement of core histone H3, RNA polymerase II or DNA from super-resolution microscopy images. With only a small number of images as the training data, AINU correctly identifies human somatic cells, human-induced pluripotent stem cells, very early stage infected cells transduced with DNA herpes simplex virus type 1 and even cancer cells after appropriate retraining. Finally, using AI interpretability methods, we find that the RNA polymerase II localizations in the nucleoli aid in distinguishing human-induced pluripotent stem cells from their somatic cells. Overall, AINU coupled with super-resolution microscopy of nuclear structures provides a robust tool for the precise detection of cellular heterogeneity, with considerable potential for advancing diagnostics and therapies in regenerative medicine, virology and cancer biology."
170,A4_tissue,33898877,PMC8044869,10.1016/j.bioactmat.2021.03.036,2021,Bioactive materials,research-article; Journal Article,An NT-3-releasing bioscaffold supports the formation of TrkC-modified neural stem cell-derived neural network tissue with efficacy in repairing spinal cord injury.,"The mechanism underlying neurogenesis during embryonic spinal cord development involves a specific ligand/receptor interaction, which may be help guide neuroengineering to boost stem cell-based neural regeneration for the structural and functional repair of spinal cord injury. Herein, we hypothesized that supplying spinal cord defects with an exogenous neural network in the NT-3/fibroin-coated gelatin sponge (NF-GS) scaffold might improve tissue repair efficacy. To test this, we engineered tropomyosin receptor kinase C (TrkC)-modified neural stem cell (NSC)-derived neural network tissue with robust viability within an NF-GS scaffold. When NSCs were genetically modified to overexpress TrkC, the NT-3 receptor, a functional neuronal population dominated the neural network tissue. The pro-regenerative niche allowed the long-term survival and phenotypic maintenance of the donor neural network tissue for up to 8 weeks in the injured spinal cord. Additionally, host nerve fibers regenerated into the graft, making synaptic connections with the donor neurons. Accordingly, motor function recovery was significantly improved in rats with spinal cord injury (SCI) that received TrkC-modified NSC-derived neural network tissue transplantation. Together, the results suggested that transplantation of the neural network tissue formed in the 3D bioactive scaffold may represent a valuable approach to study and develop therapies for SCI."
171,A4_tissue,38590432,PMC10999686,10.3389/fnmol.2024.1346696,2024,Frontiers in molecular neuroscience,research-article; Journal Article,Generation of contractile forces by three-dimensional bundled axonal tracts in micro-tissue engineered neural networks.,"Axonal extension and retraction are ongoing processes that occur throughout all developmental stages of an organism. The ability of axons to produce mechanical forces internally and respond to externally generated forces is crucial for nervous system development, maintenance, and plasticity. Such axonal mechanobiological phenomena have typically been evaluated in vitro at a single-cell level, but these mechanisms have not been studied when axons are present in a bundled three-dimensional (3D) form like in native tissue. In an attempt to emulate native cortico-cortical interactions under in vitro conditions, we present our approach to utilize previously described micro-tissue engineered neural networks (micro-TENNs). Here, micro-TENNs were comprised of discrete populations of rat cortical neurons that were spanned by 3D bundled axonal tracts and physically integrated with each other. We found that these bundled axonal tracts inherently exhibited an ability to generate contractile forces as the microtissue matured. We therefore utilized this micro-TENN testbed to characterize the intrinsic contractile forces generated by the integrated axonal tracts in the absence of any external force. We found that contractile forces generated by bundled axons were dependent on microtubule stability. Moreover, these intra-axonal contractile forces could simultaneously generate tensile forces to induce so-called axonal ""stretch-growth"" in different axonal tracts within the same microtissue. The culmination of axonal contraction generally occurred with the fusion of both the neuronal somatic regions along the axonal tracts, therefore perhaps showing the innate tendency of cortical neurons to minimize their wiring distance, a phenomenon also perceived during brain morphogenesis. In future applications, this testbed may be used to investigate mechanisms of neuroanatomical development and those underlying certain neurodevelopmental disorders."
172,A4_tissue,39852017,PMC11765179,10.3390/gels11010045,2025,"Gels (Basel, Switzerland)",research-article; Journal Article,Characterization and Machine Learning-Driven Property Prediction of a Novel Hybrid Hydrogel Bioink Considering Extrusion-Based 3D Bioprinting.,"The field of tissue engineering has made significant advancements with extrusion-based bioprinting, which uses shear forces to create intricate tissue structures. However, the success of this method heavily relies on the rheological properties of bioinks. Most bioinks use shear-thinning. While a few component-based efforts have been reported to predict the viscosity of bioinks, the impact of shear rate has been vastly ignored. To address this gap, our research presents predictive models using machine learning (ML) algorithms, including polynomial fit (PF), decision tree (DT), and random forest (RF), to estimate bioink viscosity based on component weights and shear rate. We utilized novel bioinks composed of varying percentages of alginate (2-5.25%), gelatin (2-5.25%), and TEMPO-Nano fibrillated cellulose (0.5-1%) at shear rates from 0.1 to 100 s-1. Our study analyzed 169 rheological measurements using 80% training and 20% validation data. The results, based on the coefficient of determination (R2) and mean absolute error (MAE), showed that the RF algorithm-based model performed best: [(R2, MAE) RF = (0.99, 0.09), (R2, MAE) PF = (0.95, 0.28), (R2, MAE) DT = (0.98, 0.13)]. These predictive models serve as valuable tools for bioink formulation optimization, allowing researchers to determine effective viscosities without extensive experimental trials to accelerate tissue engineering."
173,A4_tissue,37391398,PMC10313671,10.1038/s41467-023-39648-2,2023,Nature communications,"Research Support, Non-U.S. Gov't; research-article; Journal Article",Accelerating the prediction and discovery of peptide hydrogels with human-in-the-loop.,"The amino acid sequences of peptides determine their self-assembling properties. Accurate prediction of peptidic hydrogel formation, however, remains a challenging task. This work describes an interactive approach involving the mutual information exchange between experiment and machine learning for robust prediction and design of (tetra)peptide hydrogels. We chemically synthesize more than 160 natural tetrapeptides and evaluate their hydrogel-forming ability, and then employ machine learning-experiment iterative loops to improve the accuracy of the gelation prediction. We construct a score function coupling the aggregation propensity, hydrophobicity, and gelation corrector Cg, and generate an 8,000-sequence library, within which the success rate of predicting hydrogel formation reaches 87.1%. Notably, the de novo-designed peptide hydrogel selected from this work boosts the immune response of the receptor binding domain of SARS-CoV-2 in the mice model. Our approach taps into the potential of machine learning for predicting peptide hydrogelator and significantly expands the scope of natural peptide hydrogels."
174,A4_tissue,36237207,PMC9551996,10.3389/fbioe.2022.973275,2022,Frontiers in bioengineering and biotechnology,research-article; Journal Article,Designing anisotropic porous bone scaffolds using a self-learning convolutional neural network model.,"The design of bionic bone scaffolds to mimic the behaviors of native bone tissue is crucial in clinical application, but such design is very challenging due to the complex behaviors of native bone tissues. In the present study, bionic bone scaffolds with the anisotropic mechanical properties similar to those of native bone tissues were successfully designed using a novel self-learning convolutional neural network (CNN) framework. The anisotropic mechanical property of bone was first calculated from the CT images of bone tissues. The CNN model constructed was trained and validated using the predictions from the heterogonous finite element (FE) models. The CNN model was then used to design the scaffold with the elasticity matrix matched to that of the replaced bone tissues. For the comparison, the bone scaffold was also designed using the conventional method. The results showed that the mechanical properties of scaffolds designed using the CNN model are closer to those of native bone tissues. In conclusion, the self-learning CNN framework can be used to design the anisotropic bone scaffolds and has a great potential in the clinical application."
175,A4_tissue,39292750,PMC11441508,10.1073/pnas.2404586121,2024,Proceedings of the National Academy of Sciences of the United States of America,"research-article; Journal Article; Research Support, N.I.H., Extramural",Measurement of adhesion and traction of cells at high yield reveals an energetic ratchet operating during nephron condensation.,"Developmental biology-inspired strategies for tissue-building have extraordinary promise for regenerative medicine, spurring interest in the relationship between cell biophysical properties and morphological transitions. However, mapping gene or protein expression data to cell biophysical properties to physical morphogenesis remains challenging with current techniques. Here, we present multiplexed adhesion and traction of cells at high yield (MATCHY). MATCHY advances the multiplexing and throughput capabilities of existing traction force and cell-cell adhesion assays using microfabrication and a semiautomated computation scheme with machine learning-driven cell segmentation. Both biophysical assays are coupled with serial downstream immunofluorescence to extract cell type/signaling state information. MATCHY is especially suited to complex primary tissue-, organoid-, or biopsy-derived cell mixtures since it does not rely on a priori knowledge of cell surface markers, cell sorting, or use of lineage-specific reporter animals. We first validate MATCHY on canine kidney epithelial cells engineered for rearranged during transfection (RET) tyrosine kinase expression and quantify a relationship between downstream signaling and cell traction. We then use MATCHY to create a biophysical atlas of mouse embryonic kidney primary cells and identify distinct biophysical states along the nephron differentiation trajectory. Our data complement expression-level knowledge of adhesion molecule changes that accompany nephron differentiation with quantitative biophysical information. These data reveal an ""energetic ratchet"" that accounts for spatial trends in nephron progenitor cell condensation as they differentiate into early nephron structures, which we validate through agent-based computational simulation. MATCHY offers semiautomated cell biophysical characterization at >10,000-cell throughput, an advance benefiting fundamental studies and new synthetic tissue strategies for regenerative medicine."
176,A4_tissue,37454765,PMC10775697,10.1016/j.slast.2023.07.004,2023,SLAS technology,research-article; Journal Article,Automated human induced pluripotent stem cell colony segmentation for use in cell culture automation applications.,"Human induced pluripotent stem cells (hiPSCs) have demonstrated great promise for a variety of applications that include cell therapy and regenerative medicine. Production of clinical grade hiPSCs requires reproducible manufacturing methods with stringent quality-controls such as those provided by image-controlled robotic processing systems. In this paper we present an automated image analysis method for identifying and picking hiPSC colonies for clonal expansion using the CellXTM robotic cell processing system. This method couples a light weight deep learning segmentation approach based on the U-Net architecture to automatically segment the hiPSC colonies in full field of view (FOV) high resolution phase contrast images with a standardized approach for suggesting pick locations. The utility of this method is demonstrated using images and data obtained from the CellXTM system where clinical grade hiPSCs were reprogrammed, clonally expanded, and differentiated into retinal organoids for use in treatment of patients with inherited retinal degenerative blindness."
177,A4_tissue,41079552,PMC12511074,10.3389/frai.2025.1577027,2025,Frontiers in artificial intelligence,brief-report; Journal Article,Fluorescent marker prediction for non-invasive optical imaging in bovine satellite cells using deep learning.,"Assessing the quality of bovine satellite cells (BSCs) is vital for advancing tissue engineered muscle constructs with applications in sustainable protein research. In this study, we present a non-invasive deep learning approach for optical imaging that predicts fluorescent markers directly from brightfield microscopy images of BSC cultures. Using a convolutional neural network based on the U-Net architecture, our method simultaneously predicts two key fluorescent signals, specifically DAPI and Pax7, which serve as biomarkers for cell abundance and differentiation status. An image preprocessing pipeline featuring fluorescent signal denoising was implemented to enhance prediction performance and consistency. A dataset comprising 48 biological replicates was evaluated using statistical metrics such as the Pearson r (correlation coefficient), the mean squared error (MSE), and the structural similarity Index (SSIM). For DAPI, denoising improved the Pearson r from 0.065 to 0.212 and SSIM from 0.047 to 0.761 (with MSE increasing from 9.507 to 41.571). For Pax7, the Pearson r increased from 0.020 to 0.124 and MSE decreased from 44.753 to 18.793, while SSIM remained low, reflecting inherent biological heterogeneity. Furthermore, enhanced visualization techniques, including color mapping and image overlay, improved the interpretability of the predicted outputs. These findings underscore the importance of optimized data preprocessing and demonstrate the potential of AI to advance non-invasive optical imaging for cellular quality assessment in tissue biology. This work also contributes to the broader integration of machine learning and computer vision methods in biological and agricultural applications."
178,A4_tissue,39480629,PMC11528091,10.1007/s40820-024-01552-9,2024,Nano-micro letters,research-article; Journal Article,Multifunctional Nacre-Like Nanocomposite Papers for Electromagnetic Interference Shielding via Heterocyclic Aramid/MXene Template-Assisted In-Situ Polypyrrole Assembly.,"Robust, ultra-flexible, and multifunctional MXene-based electromagnetic interference (EMI) shielding nanocomposite films exhibit enormous potential for applications in artificial intelligence, wireless telecommunication, and portable/wearable electronic equipment. In this work, a nacre-inspired multifunctional heterocyclic aramid (HA)/MXene@polypyrrole (PPy) (HMP) nanocomposite paper with large-scale, high strength, super toughness, and excellent tolerance to complex conditions is fabricated through the strategy of HA/MXene hydrogel template-assisted in-situ assembly of PPy. Benefiting from the ""brick-and-mortar"" layered structure and the strong hydrogen-bonding interactions among MXene, HA, and PPy, the paper exhibits remarkable mechanical performances, including high tensile strength (309.7 MPa), outstanding toughness (57.6 MJ m-3), exceptional foldability, and structural stability against ultrasonication. By using the template effect of HA/MXene to guide the assembly of conductive polymers, the synthesized paper obtains excellent electronic conductivity. More importantly, the highly continuous conductive path enables the nanocomposite paper to achieve a splendid EMI shielding effectiveness (EMI SE) of 54.1 dB at an ultra-thin thickness (25.4 μm) and a high specific EMI SE of 17,204.7 dB cm2 g-1. In addition, the papers also have excellent applications in electromagnetic protection, electro-/photothermal de-icing, thermal therapy, and fire safety. These findings broaden the ideas for developing high-performance and multifunctional MXene-based films with enormous application potential in EMI shielding and thermal management."
179,A4_tissue,38099293,PMC10720363,10.3389/fcell.2023.1329840,2023,Frontiers in cell and developmental biology,research-article; Journal Article,Morphology-based deep learning approach for predicting adipogenic and osteogenic differentiation of human mesenchymal stem cells (hMSCs).,"Human mesenchymal stem cells (hMSCs) are multipotent progenitor cells with the potential to differentiate into various cell types, including osteoblasts, chondrocytes, and adipocytes. These cells have been extensively employed in the field of cell-based therapies and regenerative medicine due to their inherent attributes of self-renewal and multipotency. Traditional approaches for assessing hMSCs differentiation capacity have relied heavily on labor-intensive techniques, such as RT-PCR, immunostaining, and Western blot, to identify specific biomarkers. However, these methods are not only time-consuming and economically demanding, but also require the fixation of cells, resulting in the loss of temporal data. Consequently, there is an emerging need for a more efficient and precise approach to predict hMSCs differentiation in live cells, particularly for osteogenic and adipogenic differentiation. In response to this need, we developed innovative approaches that combine live-cell imaging with cutting-edge deep learning techniques, specifically employing a convolutional neural network (CNN) to meticulously classify osteogenic and adipogenic differentiation. Specifically, four notable pre-trained CNN models, VGG 19, Inception V3, ResNet 18, and ResNet 50, were developed and tested for identifying adipogenic and osteogenic differentiated cells based on cell morphology changes. We rigorously evaluated the performance of these four models concerning binary and multi-class classification of differentiated cells at various time intervals, focusing on pivotal metrics such as accuracy, the area under the receiver operating characteristic curve (AUC), sensitivity, precision, and F1-score. Among these four different models, ResNet 50 has proven to be the most effective choice with the highest accuracy (0.9572 for binary, 0.9474 for multi-class) and AUC (0.9958 for binary, 0.9836 for multi-class) in both multi-class and binary classification tasks. Although VGG 19 matched the accuracy of ResNet 50 in both tasks, ResNet 50 consistently outperformed it in terms of AUC, underscoring its superior effectiveness in identifying differentiated cells. Overall, our study demonstrated the capability to use a CNN approach to predict stem cell fate based on morphology changes, which will potentially provide insights for the application of cell-based therapy and advance our understanding of regenerative medicine."
180,A4_tissue,32079221,PMC7076403,10.3390/pharmaceutics12020166,2020,Pharmaceutics,research-article; Journal Article,A 3D Bioprinted Pseudo-Bone Drug Delivery Scaffold for Bone Tissue Engineering.,"A 3D bioprinted pseudo-bone drug delivery scaffold was fabricated to display matrix strength, matrix resilience, as well as porous morphology of healthy human bone. Computer-aided design (CAD) software was employed for developing the 3D bioprinted scaffold. Further optimization of the scaffold was undertaken using MATLAB® software and artificial neural networks (ANN). Polymers employed for formulating the 3D scaffold comprised of polypropylene fumarate (PPF), free radical polymerized polyethylene glycol- polycaprolactone (PEG-PCL-PEG), and pluronic (PF127). Simvastatin was incorporated into the 3D bioprinted scaffolds to further promote bone healing and repair properties. The 3D bioprinted scaffold was characterized for its chemical, morphological, mechanical, and in vitro release kinetics for evaluation of its behavior for application as an implantable scaffold at the site of bone fracture. The ANN-optimized 3D bioprinted scaffold displayed significant properties as a controlled release platform, demonstrating drug release over 20 days. The 3D bioprinted scaffold further displayed formation as a pseudo-bone matrix, using a human clavicle bone model, induced with a butterfly fracture. The strength of the pseudo-bone matrix, evaluated for its matrix hardness (MH) and matrix resilience (MR), was evaluated to be as strong as original bone, having a 99% MH and 98% MR property, to healthy human clavicle bones."
181,A4_tissue,40395497,PMC12082301,10.1016/j.mbm.2024.100083,2024,Mechanobiology in medicine,discussion; Journal Article,From sequence to mechanobiology? Promises and challenges for AlphaFold 3.,"Interactions between macromolecules orchestrate many mechanobiology processes. However, progress in the field has often been hindered by the monetary and time costs of obtaining reliable experimental structures. In recent years, deep-learning methods, such as AlphaFold, have democratized access to high-quality predictions of the structural properties of proteins and other macromolecules. The newest implementation, AlphaFold 3, significantly expands the applications of its predecessor, AlphaFold 2, by incorporating reliable models for small molecules and nucleic acids and enhancing the prediction of macromolecular complexes. While several limitations still exist, the continuous improvement of machine learning methods like AlphaFold is producing a significant revolution in the field. The possibility of easily accessing structural predictions of biomolecular complexes may create substantial impacts in mechanobiology. Indeed, structural studies are at the basis of several applications in the field, such as drug discovery for mechanosensing proteins, development of mechanotherapy, understanding the mechanotransduction mechanisms and the mechanistic basis of diseases, or designing biomaterials for tissue engineering."
182,A4_tissue,37447459,PMC10346665,10.3390/polym15132813,2023,Polymers,research-article; Journal Article,Analysis and Prediction of Electrospun Nanofiber Diameter Based on Artificial Neural Network.,"Electrospinning technology enables the fabrication of electrospun nanofibers with exceptional properties, which are highly influenced by their diameter. This work focuses on the electrospinning of polyacrylonitrile (PAN) to obtain PAN nanofibers under different processing conditions. The morphology and size of the resulting PAN nanofibers were characterized using scanning electron microscopy (SEM), and the corresponding diameter data were measured using Nano Measure 1.2 software. The processing conditions and corresponding nanofiber diameter data were then inputted into an artificial neural network (ANN) to establish the relationship between the electrospinning process parameters (polymer concentration, applied voltage, collecting distance, and solution flow rate), and the diameter of PAN nanofibers. The results indicate that the polymer concentration has the greatest influence on the diameter of PAN nanofibers. The developed neural network prediction model provides guidance for the preparation of PAN nanofibers with specific dimensions."
183,A4_tissue,39135039,PMC11321169,10.1186/s12951-024-02686-z,2024,Journal of nanobiotechnology,research-article; Journal Article,Crosslinked-hybrid nanoparticle embedded in thermogel for sustained co-delivery to inner ear.,"Treatment-induced ototoxicity and accompanying hearing loss are a great concern associated with chemotherapeutic or antibiotic drug regimens. Thus, prophylactic cure or early treatment is desirable by local delivery to the inner ear. In this study, we examined a novel way of intratympanically delivered sustained nanoformulation by using crosslinked hybrid nanoparticle (cHy-NPs) in a thermoresponsive hydrogel i.e. thermogel that can potentially provide a safe and effective treatment towards the treatment-induced or drug-induced ototoxicity. The prophylactic treatment of the ototoxicity can be achieved by using two therapeutic molecules, Flunarizine (FL: T-type calcium channel blocker) and Honokiol (HK: antioxidant) co-encapsulated in the same delivery system. Here we investigated, FL and HK as cytoprotective molecules against cisplatin-induced toxic effects in the House Ear Institute - Organ of Corti 1 (HEI-OC1) cells and in vivo assessments on the neuromast hair cell protection in the zebrafish lateral line. We observed that cytotoxic protective effect can be enhanced by using FL and HK in combination and developing a robust drug delivery formulation. Therefore, FL-and HK-loaded crosslinked hybrid nanoparticles (FL-cHy-NPs and HK-cHy-NPs) were synthesized using a quality-by-design approach (QbD) in which design of experiment-central composite design (DoE-CCD) following the standard least-square model was used for nanoformulation optimization. The physicochemical characterization of FL and HK loaded-NPs suggested the successful synthesis of spherical NPs with polydispersity index  75%), drugs loading (~ 10%), stability (> 2 months) in the neutral solution, and appropriate cryoprotectant selection. We assessed caspase 3/7 apopototic pathway in vitro that showed significantly reduced signals of caspase 3/7 activation after the FL-cHy-NPs and HK-cHy-NPs (alone or in combination) compared to the CisPt. The final formulation i.e. crosslinked-hybrid-nanoparticle-embedded-in-thermogel was developed by incorporating drug-loaded cHy-NPs in poloxamer-407, poloxamer-188, and carbomer-940-based hydrogel. A combination of artificial intelligence (AI)-based qualitative and quantitative image analysis determined the particle size and distribution throughout the visible segment. The developed formulation was able to release the FL and HK for at least a month. Overall, a highly stable nanoformulation was successfully developed for combating treatment-induced or drug-induced ototoxicity via local administration to the inner ear."
184,A4_tissue,39590076,PMC11593876,10.3390/gels10110720,2024,"Gels (Basel, Switzerland)",research-article; Journal Article,Alkali Ion-Accelerated Gelation of MXene-Based Conductive Hydrogel for Flexible Sensing and Machine Learning-Assisted Recognition.,"Conductive hydrogels are promising active materials for wearable flexible electronics, yet it is still challenging to fabricate conductive hydrogels with good environmental stability and electrical properties. In this work, a conductive MXene/LiCl/poly(sulfobetaine methacrylate) hydrogel system was successfully prepared with an impressive conductivity of 12.2 S/m. Interestingly, the synergistic effect of MXene and a lithium bond can significantly accelerate the polymerization process, forming the conductive hydrogel within 1 min. In addition, adding LiCl to the hydrogel not only significantly increases its water retention ability, but also enhances its conductivity, both of which are important for practical applications. The flexible strain sensors based on the as-prepared hydrogel have demonstrated excellent monitoring ability for human joint motion, pulse, and electromyographic signals. More importantly, based on machine learning image recognition technology, the handwritten letter recognition system displayed a high accuracy rate of 93.5%. This work demonstrates the excellent comprehensive performance of MXene-based hydrogels in health monitoring and image recognition and shows potential applications in human-machine interfaces and artificial intelligence."
185,A4_tissue,36861434,PMC12316057,10.1002/jbm.a.37515,2023,Journal of biomedical materials research. Part A,"Research Support, N.I.H., Intramural; Research Support, Non-U.S. Gov't; research-article; Journal Article",Label-free cleared tissue microscopy and machine learning for 3D histopathology of biomaterial implants.,"Tissue clearing of whole intact organs has enhanced imaging by enabling the exploration of tissue structure at a subcellular level in three-dimensional space. Although clearing and imaging of the whole organ have been used to study tissue biology, the microenvironment in which cells evolve to adapt to biomaterial implants or allografts in the body is poorly understood. Obtaining high-resolution information from complex cell-biomaterial interactions with volumetric landscapes represents a key challenge in the fields of biomaterials and regenerative medicine. To provide a new approach to examine how tissue responds to biomaterial implants, we apply cleared tissue light-sheet microscopy and three-dimensional reconstruction to utilize the wealth of autofluorescence information for visualizing and contrasting anatomical structures. This study demonstrates the adaptability of the clearing and imaging technique to provide sub-cellular resolution (0.6 μm isotropic) 3D maps of various tissue types, using samples from fully intact peritoneal organs to volumetric muscle loss injury specimens. Specifically, in the volumetric muscle loss injury model, we provide 3D visualization of the implanted extracellular matrix biomaterial in the wound bed of the quadricep muscle groups and further apply computational-driven image classification to analyze the autofluorescence spectrum at multiple emission wavelengths to categorize tissue types at the injured site interacting with the biomaterial scaffolds."
186,A4_tissue,35199227,PMC8866374,10.1007/s00018-022-04196-3,2022,Cellular and molecular life sciences : CMLS,research-article; Journal Article,Monitoring the maturation of the sarcomere network: a super-resolution microscopy-based approach.,"The in vitro generation of human cardiomyocytes derived from induced pluripotent stem cells (iPSC) is of great importance for cardiac disease modeling, drug-testing applications and for regenerative medicine. Despite the development of various cultivation strategies, a sufficiently high degree of maturation is still a decisive limiting factor for the successful application of these cardiac cells. The maturation process includes, among others, the proper formation of sarcomere structures, mediating the contraction of cardiomyocytes. To precisely monitor the maturation of the contractile machinery, we have established an imaging-based strategy that allows quantitative evaluation of important parameters, defining the quality of the sarcomere network. iPSC-derived cardiomyocytes were subjected to different culture conditions to improve sarcomere formation, including prolonged cultivation time and micro patterned surfaces. Fluorescent images of α-actinin were acquired using super-resolution microscopy. Subsequently, we determined cell morphology, sarcomere density, filament alignment, z-Disc thickness and sarcomere length of iPSC-derived cardiomyocytes. Cells from adult and neonatal heart tissue served as control. Our image analysis revealed a profound effect on sarcomere content and filament orientation when iPSC-derived cardiomyocytes were cultured on structured, line-shaped surfaces. Similarly, prolonged cultivation time had a beneficial effect on the structural maturation, leading to a more adult-like phenotype. Automatic evaluation of the sarcomere filaments by machine learning validated our data. Moreover, we successfully transferred this approach to skeletal muscle cells, showing an improved sarcomere formation cells over different differentiation periods. Overall, our image-based workflow can be used as a straight-forward tool to quantitatively estimate the structural maturation of contractile cells. As such, it can support the establishment of novel differentiation protocols to enhance sarcomere formation and maturity."
187,A4_tissue,38973877,PMC11223206,10.1021/acsomega.4c03024,2024,ACS omega,research-article; Journal Article,"Investigating Permselectivity in PVDF Mixed Matrix Membranes Using Experimental Optimization, Machine Learning Segmentation, and Statistical Forecasting.","This research examines the correlation between interfacial characteristics and membrane distillation (MD) performance of copper oxide (Cu) nanoparticle-decorated electrospun carbon nanofibers (CNFs) polyvinylidene fluoride (PVDF) mixed matrix membranes. The membranes were fabricated by a bottom-up phase inversion method to incorporate a range of concentrations of CNF and Cu + CNF particles in the polymer matrix to tune the porosity, crystallinity, and wettability of the membranes. The resultant membranes were tested for their application in desalination by comparing the water vapor transport and salt rejection rates in the presence of Cu and CNF. Our results demonstrated a 64% increase in water vapor flux and a salt rejection rate of over 99.8% with just 1 wt % loading of Cu + CNF in the PVDF matrix. This was attributed to enhanced chemical heterogeneity, porosity, hydrophobicity, and crystallinity that was confirmed by electron microscopy, tensiometry, and scattering techniques. A machine learning segmentation model was trained on electron microscopy images to obtain the spatial distribution of pores in the membrane. An Autoregressive Integrated Moving Average with Explanatory Variable (ARIMAX) statistical time series model was trained on MD experimental data obtained for various membranes to forecast the membrane performance over an extended duration."
188,A4_tissue,38510171,PMC10951922,10.1017/s2633903x23000247,2023,Biological imaging,research-article; Journal Article,A spatial statistical framework for the parametric study of fiber networks: Application to fibronectin deposition by normal and activated fibroblasts.,"Due to the complex architectural diversity of biological networks, there is an increasing need to complement statistical analyses with a qualitative and local description of their spatial properties. One such network is the extracellular matrix (ECM), a biological scaffold for which changes in its spatial organization significantly impact tissue functions in health and disease. Quantifying variations in the fibrillar architecture of major ECM proteins should considerably advance our understanding of the link between tissue structure and function. Inspired by the analysis of functional magnetic resonance imaging (fMRI) images, we propose a novel statistical analysis approach embedded into a machine learning paradigm, to measure and detect local variations of meaningful ECM parameters. We show that parametric maps representing fiber length and pore directionality can be analyzed within the proposed framework to differentiate among various tissue states. The parametric maps are derived from graph-based representations that reflect the network architecture of fibronectin (FN) fibers in a normal, or disease-mimicking in vitro setting. Such tools can potentially lead to a better characterization of dynamic matrix networks within fibrotic tumor microenvironments and contribute to the development of better imaging modalities for monitoring their remodeling and normalization following therapeutic intervention."
189,A4_tissue,39451792,PMC11504968,10.3390/biomimetics9100587,2024,"Biomimetics (Basel, Switzerland)",research-article; Journal Article,Leveraging Machine Learning for Optimized Mechanical Properties and 3D Printing of PLA/cHAP for Bone Implant.,"This study explores the fabrication and characterisation of 3D-printed polylactic acid (PLA) scaffolds reinforced with calcium hydroxyapatite (cHAP) for bone tissue engineering applications. By varying the cHAP content, we aimed to enhance PLA scaffolds' mechanical and thermal properties, making them suitable for load-bearing biomedical applications. The results indicate that increasing cHAP content improves the tensile and compressive strength of the scaffolds, although it also increases brittleness. Notably, incorporating cHAP at 7.5% and 10% significantly enhances thermal stability and mechanical performance, with properties comparable to or exceeding those of human cancellous bone. Furthermore, this study integrates machine learning techniques to predict the mechanical properties of these composites, employing algorithms such as XGBoost and AdaBoost. The models demonstrated high predictive accuracy, with R2 scores of 0.9173 and 0.8772 for compressive and tensile strength, respectively. These findings highlight the potential of using data-driven approaches to optimise material properties autonomously, offering significant implications for developing custom-tailored scaffolds in bone tissue engineering and regenerative medicine. The study underscores the promise of PLA/cHAP composites as viable candidates for advanced biomedical applications, particularly in creating patient-specific implants with improved mechanical and thermal characteristics."
190,A4_tissue,40148326,PMC11950366,10.1038/s41467-025-58339-8,2025,Nature communications,research-article; Journal Article,Nature-inspired hierarchical building materials with low CO2 emission and superior performance.,"Conventional cement-based materials are faced with significant challenges, including large carbon emissions, high density, and quasi-brittleness. Here, inspired by hierarchical porous structures existing in nature, we develop a low carbon, lightweight, strong and tough cement-based material (LLST), which is obtained by a rapid gelation of hydrogel as skeleton and subsequent deposition of cement hydrates as a skin. As a result, the LLST exhibits hierarchical structure consisting of sponge-like micropores (1 ~ 50 μm) and nanopores (5 ~ 100 nm), without detrimental macropores that compromise light weight, strength, and toughness. Compared with the normal cement paste, LLST displays a 54% reduction in density, 145% and 1365% improvement in specific compressive strength and fracture energy, with only 51% carbon emission. These properties are further investigated with machine learning force field molecular dynamics along with well-tempered metadynamics simulations, indicating that strong chemical bonding is generated at the atomic level between functional groups in the hydrogel and Ca ion released from cement hydration. These findings not only demonstrate a strategy for developing lightweight building materials with low-carbon emission and remarkable mechanical properties, but also provide valuable insights for realizing the coexistence of light weight, strength and toughness by tailoring the hierarchical pore structure."
191,A4_tissue,40306624,PMC12080330,10.1021/acs.langmuir.4c03971,2025,Langmuir : the ACS journal of surfaces and colloids,research-article; Journal Article,Deep Learning Based Surface Classification of Functionalized Polymer Coatings.,"Low-technology characterization of material surfaces poses a challenge of significant importance for many scientific fields such as medical implants, biosensors, and regenerative medicine. Simple, fast, and scalable surface analysis methods that can be applied to a wide range of functionalized polymer coatings would thus constitute a major scientific and technological advance. In this work, we studied stain patterns formed by depositing a defined protein solution onto various polymer surfaces. The images of the resulting drying droplet patterns were captured by polarized light microscopy and analyzed by a deep-learning neural network. In this proof-of-concept study, we used chemical vapor deposition polymerization to deposit ten structurally distinct polymer coatings that share an identical polymer backbone, but differ in their functional groups. Despite the relatively minute differences in their chemical structure, the CNN classification of the stain patterns was highly reproducible. Across all different polymers, the overall classification accuracy of the CNN was 96%. When challenging the CNN with images from an unknown polymer coating, i.e., poly[(4-bromo-p-xylylene)-co-(p-xylylene)], these surfaces were classified as halogenated or pseudohalogenated coatings with 95% accuracy. These findings confirm that the scope of surfaces that can be analyzed with this approach goes beyond polymer coatings already known to the CNN through the training procedure and validates the method as a simple, yet versatile surface analysis tool."
192,A4_tissue,38132817,PMC10744304,10.3390/jfb14120563,2023,Journal of functional biomaterials,research-article; Journal Article,Model-Based Design to Enhance Neotissue Formation in Additively Manufactured Calcium-Phosphate-Based Scaffolds.,"In biomaterial-based bone tissue engineering, optimizing scaffold structure and composition remains an active field of research. Additive manufacturing has enabled the production of custom designs in a variety of materials. This study aims to improve the design of calcium-phosphate-based additively manufactured scaffolds, the material of choice in oral bone regeneration, by using a combination of in silico and in vitro tools. Computer models are increasingly used to assist in design optimization by providing a rational way of merging different requirements into a single design. The starting point for this study was an in-house developed in silico model describing the in vitro formation of neotissue, i.e., cells and the extracellular matrix they produced. The level set method was applied to simulate the interface between the neotissue and the void space inside the scaffold pores. In order to calibrate the model, a custom disk-shaped scaffold was produced with prismatic canals of different geometries (circle, hexagon, square, triangle) and inner diameters (0.5 mm, 0.7 mm, 1 mm, 2 mm). The disks were produced with three biomaterials (hydroxyapatite, tricalcium phosphate, and a blend of both). After seeding with skeletal progenitor cells and a cell culture for up to 21 days, the extent of neotissue growth in the disks' canals was analyzed using fluorescence microscopy. The results clearly demonstrated that in the presence of calcium-phosphate-based materials, the curvature-based growth principle was maintained. Bayesian optimization was used to determine the model parameters for the different biomaterials used. Subsequently, the calibrated model was used to predict neotissue growth in a 3D gyroid structure. The predicted results were in line with the experimentally obtained ones, demonstrating the potential of the calibrated model to be used as a tool in the design and optimization of 3D-printed calcium-phosphate-based biomaterials for bone regeneration."
193,A4_tissue,PMC9938698,PMC9938698,,2023,Research on Biomedical Engineering,research-article; Journal Article,Identification and ranking biomaterials for bone scaffolds using machine learning and PROMETHEE,
194,A4_tissue,36008135,PMC9561784,10.1002/advs.202202638,2022,"Advanced science (Weinheim, Baden-Wurttemberg, Germany)","Research Support, Non-U.S. Gov't; research-article; Journal Article",Machine Learning Reveals a General Understanding of Printability in Formulations Based on Rheology Additives.,"Hydrogel ink formulations based on rheology additives are becoming increasingly popular as they enable 3-dimensional (3D) printing of non-printable but biologically relevant materials. Despite the widespread use, a generalized understanding of how these hydrogel formulations become printable is still missing, mainly due to their variety and diversity. Employing an interpretable machine learning approach allows the authors to explain the process of rendering printability through bulk rheological indices, with no bias toward the composition of formulations and the type of rheology additives. Based on an extensive library of rheological data and printability scores for 180 different formulations, 13 critical rheological measures that describe the printability of hydrogel formulations, are identified. Using advanced statistical methods, it is demonstrated that even though unique criteria to predict printability on a global scale are highly unlikely, the accretive and collaborative nature of rheological measures provides a qualitative and physically interpretable guideline for designing new printable materials."
195,A4_tissue,41516802,PMC12787915,10.3390/polym18010017,2025,Polymers,research-article; Journal Article,Quantifying Early Electromechanical Integration of Cardiomyocytes Using a Minimalist PCL Nanofiber Platform.,"A critical obstacle in cardiac cell therapy is the unpredictable and poorly understood initial electrophysiological integration of grafted cardiomyocytes into the host tissue, a process that dictates therapeutic success and arrhythmic risk. Current models fail to capture the earliest stages of functional coupling formation. Here, we employed a tailored bioengineering platform, where single cardiomyocytes were stabilized on minimalist electrospun polycaprolactone (PCL) nanofibers, to model the ""graft-host"" interface and study the dynamics of excitation wave transmission in real-time. Using high-speed optical mapping enhanced by a custom SUPPORT neural network, we achieved the first quantitative insights into the efficiency of nascent intercellular contacts. We determined that within the first 3 h, these initial connections are 39-44 times less effective at conducting excitation than mature contacts within the native monolayer, explaining the observed partial (46%) synchronization of grafted cells. This work provides the first direct measurement of the functional deficit during the initial minutes and hours of graft integration. It establishes that simple, inert polymer fibers can act as a catalytic scaffold to enable this fundamental biological process, offering a powerful strategy to deconstruct and ultimately control the integration of engineered tissues (or cells) for safer cell therapies."
196,A4_tissue,35264196,PMC8905848,10.1186/s12951-022-01340-w,2022,Journal of nanobiotechnology,research-article; Journal Article,Tailoring conductive inverse opal films with anisotropic elliptical porous patterns for nerve cell orientation.,"BackgroundThe nervous system is critical to the operation of various organs and systems, while novel methods with designable neural induction remain to exploit.ResultsHere, we present a conductive inverse opal film with anisotropic elliptical porous patterns for nerve orientation induction. The films are fabricated based on polystyrene (PS) inverse opal scaffolds with periodical elliptical porous structure and poly(3,4-ethylenedioxythiophene):poly(styrenesulfonate) (PEDOT:PSS) mixed polyacrylamide (PAAm) polymers fillers. It is demonstrated that the anisotropic elliptical surface topography allows the nerve cells to be induced into orientation connected with the stretching direction. Because of the anisotropic features of the film which can be stretched into different directions, nerve cells can be induced to grow in one or two directions, forming a neural network and promoting the connection of nerve cells. It is worth mentioning that the PEDOT:PSS-doped PAAm hydrogels endow the film with conductive properties, which makes the composite films be a suitable candidate for neurites growth and differentiation.ConclusionsAll these features of the conductive and anisotropic inverse opal films imply their great prospects in biomedical applications."
197,A4_tissue,41502701,PMC12771193,10.1021/acsomega.5c05318,2025,ACS omega,research-article; Journal Article,Modeling Soil Water Dynamics and Hydrogel Doses Optimization Using a Machine Learning Approach: A Case Study on Sandy Clay Loam Soil under Varying Bulk Densities.,"Climate change has intensified droughts in Brazil, threatening agriculture through altered rainfall and temperature patterns. A promising approach to mitigating the soil water deficit is the addition of biodegradable hydrophilic polymers (hydrogels). However, water dynamics in soil hydrogel systems remain complex and depend on soil type, bulk density, and hydrogel dosage. The hydrophilic properties of the matrix may persist over time, highlighting the importance of hydrogel residual effects. The influence of bulk density on polymer dosage dynamics remains underexplored, and no rapid analytical method currently exists to estimate the dose equivalence of active hydrogels for agricultural practices with accuracy and without excessive time consumption. This study addresses two main goals: (1) to evaluate the effectiveness of hydrogel dosages in sandy clay loam soil at varying densities for enhanced water retention and (2) to develop a machine learning-based analytical method for rapid estimation of active hydrogel doses from short soil water content time series. Results showed a significant increase in soil water retention at the 3 g L-1 dosage. The proposed method, using a locally weighted regression model, achieved a high correlation (0.875) and low error (0.749 g L-1) in cross-validation without requiring density information, offering a practical tool for agricultural applications. These findings support the efficient and sustainable use of hydrogels, providing a practical framework that facilitates their management and enables rapid field-scale interventions to improve water use in agriculture."
198,A4_tissue,35741540,PMC9222757,10.3390/e24060819,2022,"Entropy (Basel, Switzerland)",other; Journal Article,Competency in Navigating Arbitrary Spaces as an Invariant for Analyzing Cognition in Diverse Embodiments.,"One of the most salient features of life is its capacity to handle novelty and namely to thrive and adapt to new circumstances and changes in both the environment and internal components. An understanding of this capacity is central to several fields: the evolution of form and function, the design of effective strategies for biomedicine, and the creation of novel life forms via chimeric and bioengineering technologies. Here, we review instructive examples of living organisms solving diverse problems and propose competent navigation in arbitrary spaces as an invariant for thinking about the scaling of cognition during evolution. We argue that our innate capacity to recognize agency and intelligence in unfamiliar guises lags far behind our ability to detect it in familiar behavioral contexts. The multi-scale competency of life is essential to adaptive function, potentiating evolution and providing strategies for top-down control (not micromanagement) to address complex disease and injury. We propose an observer-focused viewpoint that is agnostic about scale and implementation, illustrating how evolution pivoted similar strategies to explore and exploit metabolic, transcriptional, morphological, and finally 3D motion spaces. By generalizing the concept of behavior, we gain novel perspectives on evolution, strategies for system-level biomedical interventions, and the construction of bioengineered intelligences. This framework is a first step toward relating to intelligence in highly unfamiliar embodiments, which will be essential for progress in artificial intelligence and regenerative medicine and for thriving in a world increasingly populated by synthetic, bio-robotic, and hybrid beings."
199,A4_tissue,40613918,PMC12227466,10.1007/s10142-025-01649-3,2025,Functional & integrative genomics,research-article; Journal Article,Discovering novel type I collagen fragments from Cyprinus carpio supporting bone regeneration.,"Fish collagen is gaining increasing attention in tissue engineering due to its exceptional bioactivity. This study aimed to isolate functional fish collagen fragments capable of microbial biosynthesis and supporting bone tissue regeneration. Collagen fragments of 150 amino acids were extracted from Cyprinus carpio collagen I (CcCOL1), and their bioactivity, net charge, and hydrophobicity were calculated and analyzed for correlations, these physicochemical and sequential features were using to train the machine learning model, which classified the fragments into three subgroups. Representative samples were selected from each cluster or directly from the original CcCOL1. Six out of eight variants were successfully secreted in Pichia pastoris, and all formed triple-helical structures, while only Var-2 and Var-3 retained self-assembly at 15 °C. Notably, Var-2 exhibited the highest capacity to induce osteoblast differentiation. To develop scaffolds with enhanced mechanical strength, Var-2 was combined with chitin and hydroxyapatite (HAP). The resulting composite demonstrated a compressive strength of 5.77 ± 0.32 MPa while maintaining high porosity at a chitin-HAP ratio of 2:1. Cytotoxicity assays confirmed biocompatibility, and fibroblast differentiation was comparable to Var-2 alone. In vivo rat tibia defect studies showed significant bone regeneration after 12 weeks, highlighting the potential of this fish collagen-chitin-HAP biomaterial for bone tissue engineering."
200,A4_tissue,40686204,PMC12463100,10.1002/advs.202503809,2025,"Advanced science (Weinheim, Baden-Wurttemberg, Germany)",research-article; Journal Article,Mucociliary Clearance Inspired Nanozyme-centric Hydrogel Composites for Integrated Bacterial Detection.,"The rapid movement of populations has led to the transmission and infection of pathogens, imposing a significant burden on global healthcare systems and economies. Despite considerable progress, current strategies heavily rely on specialized instruments or complex processing of bacterial samples. Inspired by pulmonary cilia and the mucus on it, a nanozyme-centric hydrogel network, integrated into nanowires for comprehensive bacterial lysis and detection. Nanozymes serve as multifunctional initiators and crosslinkers for the hydrogel network, enabling a one-step gelation process that addresses the aggregation issues of nanozyme particles, and improving the sensitivity of colorimetric detection. By integrating the nanozyme-centric hydrogel with the rapid piercing capabilities of the nanowire arrays, an efficient platform is developed for the disinfection, lysis, and detection of various bacterial strains. Moreover, this detection platform is adaptable to flexible substrates and can be integrated with machine learning algorithms, promoting versatile home-based pathogen testing in resource-limited settings."
201,A4_tissue,37744255,PMC10512832,10.3389/fbioe.2023.1241151,2023,Frontiers in bioengineering and biotechnology,research-article; Journal Article,Inverse design of anisotropic bone scaffold based on machine learning and regenerative genetic algorithm.,"Introduction: Triply periodic minimal surface (TPMS) is widely used in the design of bone scaffolds due to its structural advantages. However, the current approach to designing bone scaffolds using TPMS structures is limited to a forward process from microstructure to mechanical properties. Developing an inverse bone scaffold design method based on the mechanical properties of bone structures is crucial. Methods: Using the machine learning and genetic algorithm, a new inverse design model was proposed in this research. The anisotropy of bone was matched by changing the number of cells in different directions. The finite element (FE) method was used to calculate the TPMS configuration and generate a back propagation neural network (BPNN) data set. Neural networks were used to establish the relationship between microstructural parameters and the elastic matrix of bone. This relationship was then used with regenerative genetic algorithm (RGA) in inverse design. Results: The accuracy of the BPNN-RGA model was confirmed by comparing the elasticity matrix of the inverse-designed structure with that of the actual bone. The results indicated that the average error was below 3.00% for three mechanical performance parameters as design targets, and approximately 5.00% for six design targets. Discussion: The present study demonstrated the potential of combining machine learning with traditional optimization method to inversely design anisotropic TPMS bone scaffolds with target mechanical properties. The BPNN-RGA model achieves higher design efficiency, compared to traditional optimization methods. The entire design process is easily controlled."
202,A4_tissue,40558722,PMC12192081,10.3390/gels11060423,2025,"Gels (Basel, Switzerland)",research-article; Journal Article,Starch-Glycerol-Based Hydrogel Memristors for Bio-Inspired Auditory Neuron Applications.,"In the era of artificial intelligence, the demand for rapid and efficient data processing is growing, and traditional computing architectures are increasingly struggling to meet these needs. Against this backdrop, memristor devices, capable of mimicking the computational functions of brain neural networks, have emerged as key components in neuromorphic systems. Despite this, memristors still face many challenges in biomimetic functionality and circuit integration. In this context, a starch-glycerol-based hydrogel memristor was developed using starch as the dielectric material. The starch-glycerol-water mixture employed in this study has been widely recognized in literature as a physically cross-linked hydrogel system with a three-dimensional network, and both high water content and mechanical flexibility. This memristor demonstrates a high current switching ratio and stable threshold voltage, showing great potential in mimicking the activity of biological neurons. The device possesses the functionality of auditory neurons, not only achieving artificial spiking neuron discharge but also accomplishing the spatiotemporal summation of input information. In addition, we demonstrate the application capabilities of this artificial auditory neuron in gain modulation and in the synchronization detection of sound signals, further highlighting its potential in neuromorphic engineering applications. These results suggest that starch-based hydrogel memristors offer a promising platform for the construction of bio-inspired auditory neuron circuits and flexible neuromorphic systems."
203,A4_tissue,40148512,PMC11950386,10.1038/s41598-025-95130-7,2025,Scientific reports,research-article; Journal Article,Machine learning assisted Co3O4/NiO popsicle sticks-infused electrospun nanofibers for efficient oxygen evolution reaction.,"Wide range of noble metal free bimetallic and trimetallic based electrocatalysts have been synthesized to develop efficient oxygen evolution reaction (OER) systems to-date, however, to determine which metal part of bimetallic and trimetallic electrocatalysts plays a significant role in controlling OER efficacy remains very challenging. To address this issue, herein we have employed machine learning (ML) for the first time to determine OER efficacy controlling metal element, thus leading to the development of an optimized bimetallic electrocatalyst. Briefly, we have designed a novel, simple ML optimized sustainable OER electrocatalyst based on Co3O4/NiO popsicle sticks (CNPS) infused polyaniline/cellulose acetate (a biopolymer) (PNCA) electrospun nanofibers supported on nickel foam (NF). ML optimized CNPS infused PNCA (CNPS@PNCA) electrode offers maximum and homogenous exposition of active sites and shows high OER activity by exhibiting low onset potential (1.41 V vs. RHE), overpotential (237 mV at 10 mA cm-2) and Tafel slope of 62.1 mV dec-1. Additionally, it shows a better stability of more than 100 h and is consistent with the reported literature."
204,A4_tissue,33489277,PMC7813265,10.1098/rsos.201293,2020,Royal Society open science,research-article; Journal Article,Correlating in vitro performance with physico-chemical characteristics of nanofibrous scaffolds for skin tissue engineering using supervised machine learning algorithms.,"The engineering of polymeric scaffolds for tissue regeneration has known a phenomenal growth during the past decades as materials scientists seek to understand cell biology and cell-material behaviour. Statistical methods are being applied to physico-chemical properties of polymeric scaffolds for tissue engineering (TE) to guide through the complexity of experimental conditions. We have attempted using experimental in vitro data and physico-chemical data of electrospun polymeric scaffolds, tested for skin TE, to model scaffold performance using machine learning (ML) approach. Fibre diameter, pore diameter, water contact angle and Young's modulus were used to find a correlation with 3-(4,5-dimethylthiazol-2-yl)-2,5-diphenyltetrazolium bromide (MTT) assay of L929 fibroblasts cells on the scaffolds after 7 days. Six supervised learning algorithms were trained on the data using Seaborn/Scikit-learn Python libraries. After hyperparameter tuning, random forest regression yielded the highest accuracy of 62.74%. The predictive model was also correlated with in vivo data. This is a first preliminary study on ML methods for the prediction of cell-material interactions on nanofibrous scaffolds."
205,A4_tissue,32102234,PMC7073180,10.3390/ijms21041523,2020,International journal of molecular sciences,research-article; Journal Article,Discovery of Small-Molecule Activators for Glucose-6-Phosphate Dehydrogenase (G6PD) Using Machine Learning Approaches.,"Glucose-6-Phosphate Dehydrogenase (G6PD) is a ubiquitous cytoplasmic enzyme converting glucose-6-phosphate into 6-phosphogluconate in the pentose phosphate pathway (PPP). The G6PD deficiency renders the inability to regenerate glutathione due to lack of Nicotine Adenosine Dinucleotide Phosphate (NADPH) and produces stress conditions that can cause oxidative injury to photoreceptors, retinal cells, and blood barrier function. In this study, we constructed pharmacophore-based models based on the complex of G6PD with compound AG1 (G6PD activator) followed by virtual screening. Fifty-three hit molecules were mapped with core pharmacophore features. We performed molecular descriptor calculation, clustering, and principal component analysis (PCA) to pharmacophore hit molecules and further applied statistical machine learning methods. Optimal performance of pharmacophore modeling and machine learning approaches classified the 53 hits as drug-like (18) and nondrug-like (35) compounds. The drug-like compounds further evaluated our established cheminformatics pipeline (molecular docking and in silico ADMET (absorption, distribution, metabolism, excretion and toxicity) analysis). Finally, five lead molecules with different scaffolds were selected by binding energies and in silico ADMET properties. This study proposes that the combination of machine learning methods with traditional structure-based virtual screening can effectively strengthen the ability to find potential G6PD activators used for G6PD deficiency diseases. Moreover, these compounds can be considered as safe agents for further validation studies at the cell level, animal model, and even clinic setting."
206,A4_tissue,38131917,PMC10742836,10.3390/gels9120931,2023,"Gels (Basel, Switzerland)",research-article; Journal Article,Nanowire-Enhanced Fully Transparent and Flexible Indium Gallium Zinc Oxide Transistors with Chitosan Hydrogel Gate Dielectric: A Pathway to Improved Synaptic Properties.,"In this study, a transparent and flexible synaptic transistor was fabricated based on a random-network nanowire (NW) channel made of indium gallium zinc oxide. This device employs a biocompatible chitosan-based hydrogel as an electrolytic gate dielectric. The NW structure, with its high surface-to-volume ratio, facilitated a more effective modulation of the channel conductance induced by protonic-ion polarization. A comparative analysis of the synaptic properties of NW- and film-type devices revealed the distinctive features of the NW-type configuration. In particular, the NW-type synaptic transistors exhibited a significantly larger hysteresis window under identical gate-bias conditions. Notably, these transistors demonstrated enhanced paired-pulse facilitation properties, synaptic weight modulation, and transition from short- to long-term memory. The NW-type devices displayed gradual potentiation and depression of the channel conductance and thus achieved a broader dynamic range, improved linearity, and reduced power consumption compared with their film-type counterparts. Remarkably, the NW-type synaptic transistors exhibited impressive recognition accuracy outcomes in Modified National Institute of Standards and Technology pattern-recognition simulations. This characteristic enhances the efficiency of practical artificial intelligence (AI) processes. Consequently, the proposed NW-type synaptic transistor is expected to emerge as a superior candidate for use in high-efficiency artificial neural network systems, thus making it a promising technology for next-generation AI semiconductor applications."
207,A4_tissue,40657048,PMC12251101,10.1109/ojemb.2025.3562382,2025,IEEE open journal of engineering in medicine and biology,research-article; Journal Article,Biomimetic Chitosan-Based Hydrogels for Sustainable Wound Healing With AI/ML Insights.,"Wound healing process is associated with multifaceted complications and is a functional way to advance the therapeutic process. Polymeric biomaterials exhibit structural mimicry with the extracellular matrix of the tissue to be regenerated and they also avoid chronic inflammation and immunological responses. Chitosan, a biopolymer demonstrates exceptional healing properties because of its biocompatibility, biodegradability, antimicrobial nature and affinity for biomolecules. Biomaterials consisting of chitosan along with herbal extracts could be ideal for wound healing. Click chemistry can provide one of the best ways to combine these bio-actives with chitosan. Advancing wound healing strategies with artificial intelligence /machine learning approaches can be employed further to boost the clinical efficacies of bioactive-loaded chitosan composite hydrogels. This review article investigates functionalized wound dressings with special emphasis on chitosan-based hydrogels, their effects on wound healing, and advanced approaches to increase hydrogel benefits by adding bioactive substances to form nanocomposites."
208,A4_tissue,38790283,PMC11117982,10.3390/bioengineering11050415,2024,"Bioengineering (Basel, Switzerland)",research-article; Journal Article,Investigating the Effect of Processing and Material Parameters of Alginate Dialdehyde-Gelatin (ADA-GEL)-Based Hydrogels on Stiffness by XGB Machine Learning Model.,"To address the limitations of alginate and gelatin as separate hydrogels, partially oxidized alginate, alginate dialdehyde (ADA), is usually combined with gelatin to prepare ADA-GEL hydrogels. These hydrogels offer tunable properties, controllable degradation, and suitable stiffness for 3D bioprinting and tissue engineering applications. Several processing variables affect the final properties of the hydrogel, including degree of oxidation, gelatin content and type of crosslinking agent. In addition, in 3D-printed structures, pore size and the possible addition of a filler to make a hydrogel composite also affect the final physical and biological properties. This study utilized datasets from 13 research papers, encompassing 33 unique combinations of ADA concentration, gelatin concentration, CaCl2 and microbial transglutaminase (mTG) concentrations (as crosslinkers), pore size, bioactive glass (BG) filler content, and one identified target property of the hydrogels, stiffness, utilizing the Extreme Boost (XGB) machine learning algorithm to create a predictive model for understanding the combined influence of these parameters on hydrogel stiffness. The stiffness of ADA-GEL hydrogels is notably affected by the ADA to GEL ratio, and higher gelatin content for different ADA gel concentrations weakens the scaffold, likely due to the presence of unbound gelatin. Pore size and the inclusion of a BG particulate filler also have a significant impact on stiffness; smaller pore sizes and higher BG content lead to increased stiffness. The optimization of ADA-GEL composition and the inclusion of BG fillers are key determinants to tailor the stiffness of these 3D printed hydrogels, as found by the analysis of the available data."
209,A4_tissue,40152403,PMC11951891,10.1177/09636897251325628,2025,Cell transplantation,"Research Support, Non-U.S. Gov't; research-article; Journal Article","Bibliometric and LDA analysis of acute rejection in liver transplantation: Emerging trends, immunotherapy challenges, and the role of artificial intelligence.","With the rising demand for liver transplantation (LT), research on acute rejection (AR) has become increasingly diverse, yet no consensus has been reached. This study presents a bibliometric and latent Dirichlet allocation (LDA) topic modeling analysis of AR research in LT, encompassing 1399 articles. The United States, Zhejiang University, and the University of California, San Francisco emerged as leading contributors, while Levitsky J and Uemoto SJ were key researchers. The most influential journals included the American Journal of Transplantation, Journal of Hepatology, and Transplantation. The analysis reveals a transition from traditional histological assessments to molecular diagnostics, genetic and epigenetic profiling, and noninvasive biomarkers such as donor-derived cell-free DNA (dd-cfDNA) and microRNAs. Advances in immune checkpoint inhibitors (ICIs), cell-based therapies (Tregs, mesenchymal stem cells (MSCs)), AI-guided immunosuppression, and nanoparticle-mediated drug delivery systems reflect a growing emphasis on precision medicine. In addition, recent exploration of microbiome-based therapies and regenerative medicine, including MSCs and their extracellular vesicles, offers promising new avenues for reducing long-term immunosuppressive drug dependency and enhancing graft survival. These developments not only improve early AR detection and personalized treatment but also reduce toxicity, foster immune tolerance, and expand the scope of individualized therapeutic options. Global collaboration, supported by cutting-edge research and AI-driven decision-making, remains essential for refining AR strategies, improving graft survival, and achieving better long-term patient outcomes."
210,A4_tissue,35401131,PMC8988303,10.3389/fnsys.2022.768201,2022,Frontiers in systems neuroscience,research-article; Journal Article,Technological Approach to Mind Everywhere: An Experimentally-Grounded Framework for Understanding Diverse Bodies and Minds.,"Synthetic biology and bioengineering provide the opportunity to create novel embodied cognitive systems (otherwise known as minds) in a very wide variety of chimeric architectures combining evolved and designed material and software. These advances are disrupting familiar concepts in the philosophy of mind, and require new ways of thinking about and comparing truly diverse intelligences, whose composition and origin are not like any of the available natural model species. In this Perspective, I introduce TAME-Technological Approach to Mind Everywhere-a framework for understanding and manipulating cognition in unconventional substrates. TAME formalizes a non-binary (continuous), empirically-based approach to strongly embodied agency. TAME provides a natural way to think about animal sentience as an instance of collective intelligence of cell groups, arising from dynamics that manifest in similar ways in numerous other substrates. When applied to regenerating/developmental systems, TAME suggests a perspective on morphogenesis as an example of basal cognition. The deep symmetry between problem-solving in anatomical, physiological, transcriptional, and 3D (traditional behavioral) spaces drives specific hypotheses by which cognitive capacities can increase during evolution. An important medium exploited by evolution for joining active subunits into greater agents is developmental bioelectricity, implemented by pre-neural use of ion channels and gap junctions to scale up cell-level feedback loops into anatomical homeostasis. This architecture of multi-scale competency of biological systems has important implications for plasticity of bodies and minds, greatly potentiating evolvability. Considering classical and recent data from the perspectives of computational science, evolutionary biology, and basal cognition, reveals a rich research program with many implications for cognitive science, evolutionary biology, regenerative medicine, and artificial intelligence."
211,A4_tissue,39251653,PMC11385233,10.1038/s41598-024-71824-2,2024,Scientific reports,research-article; Journal Article,"Machine learning to predict morphology, topography and mechanical properties of sustainable gelatin-based electrospun scaffolds.","Electrospinning is an outstanding manufacturing technique for producing nano-micro-scaled fibrous scaffolds comparable to biological tissues. However, the solvents used are normally hazardous for the health and the environment, which compromises the sustainability of the process and the industrial scaling. This novel study compares different machine learning models to predict how green solvents affect the morphology, topography and mechanical properties of gelatin-based scaffolds. Gelatin-based scaffolds were produced with different concentrations of distillate water (dH2O), acetic acid (HAc) and dimethyl sulfoxide (DMSO). 2214 observations, 12 machine learning approaches, including Generalised Linear Models, Generalised Additive Models, Generalised Additive Models for Location, Scale and Shape (GAMLSS), Decision Trees, Random Forest, Support Vector Machine and Artificial Neural Network, and a total of 72 models were developed to predict diameter of the fibres, inter-fibre separation, roughness, ultimate tensile strength, Young's modulus and strain at break. The best GAMLSS models improved the performance of R2 with respect to the popular regression models by 6.868%, and the MAPE was improved by 21.16%. HAc highly influenced the morphology and topography; however, the importance of DMSO was higher in the mechanical properties. The addition of the morphological properties as covariates in the topographic and mechanical models enhanced their understanding."
212,A4_tissue,32222115,PMC7308637,10.1002/sctm.19-0389,2020,Stem cells translational medicine,research-article; Journal Article,"Improving patient outcomes with regenerative medicine: How the Regenerative Medicine Manufacturing Society plans to move the needle forward in cell manufacturing, standards, 3D bioprinting, artificial intelligence-enabled automation, education, and training.","The Regenerative Medicine Manufacturing Society (RMMS) is the first and only professional society dedicated toward advancing manufacturing solutions for the field of regenerative medicine. RMMS's vision is to provide greater patient access to regenerative medicine therapies through innovative manufacturing solutions. Our mission is to identify unmet needs and gaps in regenerative medicine manufacturing and catalyze the generation of new ideas and solutions by working with private and public stakeholders. We aim to accomplish our mission through outreach and education programs and securing grants for public-private collaborations in regenerative medicine manufacturing. This perspective will cover four impact areas that the society's leadership team has identified as critical: (a) cell manufacturing and scale-up/out, respectively, for allogeneic and autologous cell therapies, (b) standards for regenerative medicine, (c) 3D bioprinting, and (d) artificial intelligence-enabled automation. In addition to covering these areas and ways in which the society intends to advance the field in a collaborative nature, we will also discuss education and training. Education and training is an area that is critical for communicating the current challenges, developing solutions to accelerate the commercialization of the latest technological advances, and growing the workforce in the rapidly expanding sector of regenerative medicine."
213,A4_tissue,38091494,PMC10755694,10.1021/acsami.3c15278,2023,ACS applied materials & interfaces,research-article; Journal Article,Synergy of Nanotopography and Electrical Conductivity of PEDOT/PSS for Enhanced Neuronal Development.,"Biomaterials able to promote neuronal development and neurite outgrowth are highly desired in neural tissue engineering for the repair of damaged or disrupted neural tissue and restoring the axonal connection. For this purpose, the use of either electroactive or micro- and nanostructured materials has been separately investigated. Here, the use of a nanomodulated conductive poly(3,4-ethylendioxithiophene) poly(styrenesulfonate) (PEDOT/PSS) substrate that exhibits instructive topographical and electrical cues at the same time was investigated for the first time. In particular, thin films featuring grooves with sizes comparable with those of neuronal neurites (NanoPEDOT) were fabricated by electrochemical polymerization of PEDOT/PSS on a nanomodulated polycarbonate template. The ability of NanoPEDOT to support neuronal development and direct neurite outgrowth was demonstrated by assessing cell viability and proliferation, expression of neuronal markers, average neurite length, and direction of neuroblastoma N2A cells induced to differentiate on this novel support. In addition to the beneficial effect of the nanogrooved topography, a 30% increase was shown in the average length of neurites when differentiating cells were subjected to an electrical stimulation of a few microamperes for 6 h. The results reported here suggest a favorable effect on the neuronal development of the synergistic combination of nanotopography and electrical stimulation, supporting the use of NanoPEDOT in neural tissue engineering to promote physical and functional reconnection of impaired neural networks."
214,A4_tissue,40808043,PMC12349028,10.3390/s25154879,2025,"Sensors (Basel, Switzerland)",research-article; Journal Article,Spatial-Temporal Hotspot Management of Photovoltaic Modules Based on Fiber Bragg Grating Sensor Arrays.,"Against the backdrop of an urgent energy crisis, solar energy has attracted sufficient attention as one of the most inexhaustible and friendly types of environmental energy. Faced with long service and harsh environment, the poor performance ratios of photovoltaic arrays and safety hazards are frequently boosted worldwide. In particular, the hot spot effect plays a vital role in weakening the power generation performance and reduces the lifetime of photovoltaic (PV) modules. Here, our research reports a spatial-temporal hot spot management system integrated with fiber Bragg grating (FBG) temperature sensor arrays and cooling hydrogels. Through finite element simulations and indoor experiments in laboratory conditions, a superior cooling effect of hydrogels and photoelectric conversion efficiency improvement have been demonstrated. On this basis, field tests were carried out in which the FBG arrays detected the surface temperature of the PV module first, and then a classifier based on an optimized artificial neural network (ANN) recognized hot spots with an accuracy of 99.1%. The implementation of cooling hydrogels as a feedback mechanism achieved a 7.7 °C reduction in temperature, resulting in a 5.6% enhancement in power generation efficiency. The proposed strategy offers valuable insights for conducting predictive maintenance of PV power plants in the case of hot spots."
215,A4_tissue,41304338,PMC12656060,10.3390/polym17222973,2025,Polymers,research-article; Journal Article,Additive Manufacturing of Bead-Chain-Shaped Scaffolds with AI-Based Process Optimization.,"Scaffolds are widely recognized as implantable alternatives in the field of tissue engineering. Among various scaffold structures, grid structures are commonly used due to their simple design and ease of fabrication. However, grid structures have a critical demerit of low mechanical stiffness compared to its own mechanical property (used material's compressive stiffness), as the limited contact area between strands prevents effective load distribution. Several structural designs, such as triply periodic minimal surface (TPMS), modified honeycomb, and Kagome structures, have been proposed to improve compressive stiffness. Despite their mechanical advantages, these structures are limited by complex design and manufacturing processes. In this study, we propose a Bead-Chain-Shaped (BCS) scaffold, which maintains the simplicity of grid structures while enhancing compressive stiffness through the printing process alone. To optimize the printing process and enhance fabrication efficiency, we developed an artificial intelligence (AI)-based process optimization model that correlates printing parameters (pressure, printing speed, and delay time) with the resulting geometric accuracy while maintaining the designed geometry, and predicts the optimal printing conditions for the predesigned Bead-Chain-shaped (BCS) geometry. The model was then used to extract these optimal printing conditions, enabling precise dimensional control and improving overall fabrication accuracy of the Bead-Chain-Shaped (BCS) scaffold dimensions. Under the optimized printing conditions, the BCS scaffolds achieved compressive stiffness values of 61.8, 75.9, and 91.6 MPa for BCS 5545, 6040, and 6535, respectively, corresponding to increases of 11.9%, 37.3, and 65.7% compared to the control scaffold (55.3 MPa). Numerical analysis confirmed that compressive stiffness increases as strand-to-strand contact area increases. Furthermore, in vitro cell proliferation assays demonstrated no significant difference in cell proliferation compared to conventional structures (grid-structure scaffold), indicating that the proposed design does not inhibit cellular growth. These results highlight the potential of the proposed Bead-Chain-Shaped (BCS) scaffold as a promising candidate for bone tissue engineering, offering both enhanced mechanical stiffness and fabrication efficiency."
216,A4_tissue,39654704,PMC11625131,10.1016/j.heliyon.2024.e38834,2024,Heliyon,research-article; Journal Article,"Environmentally friendly synthesis of gelatin hydrogel nanoparticles for gastric cancer treatment, bisphenol A sensing and nursing applications: Fabrication, characterization and ANN modeling.","This study presents a dual application approach for the environmentally friendly synthesis of gelatin hydrogel nanoparticles with potential applications in gastric cancer treatment, bisphenol A (BPA) sensing, and nursing. Gelatin hydrogel nanoparticles were synthesized using a green and freeze-drying method, avoiding the use of toxic chemicals and solvents. The nanoparticles showed excellent biocompatibility and promising potential for drug delivery system (DDS) in gastric cancer treatment. The controlled release of anticancer drugs from the gelatin nanoparticles was showed, highlighting their potential in targeted therapy. Additionally, the gelatin hydrogel nanoparticles were explored for BPA sensing. BPA is a widely used chemical known for its adverse effects on human health. The gelatin nanoparticles showed high selectivity and sensitivity towards BPA detection, making them suitable for environmental monitoring and health applications using scanning electron microscope (SEM). Also, in this study, an artificial neural network (ANN) was used to estimate the release of docetaxel (%) at 72 h, the release of paclitaxel (%) at 72 h, tensile strength with sample (wt%), and porosity (%) in broader ranges than the experimental samples. The environmentally friendly synthesis of gelatin hydrogel nanoparticles presented in this study offers a versatile platform with dual applications in gastric cancer treatment and sensing of harmful chemicals. The obtained results show the potential of these nanoparticles for innovative therapeutic and diagnostic strategies in healthcare and environmental monitoring. The study showed the development of sustainable and multifunctional nanomaterials for various biomedical applications. The modeling of the neural network predictions shows that increasing the sample (wt%) and porosity (%) leads to an increase in the release of docetaxel (%) at 72 h, the release of paclitaxel (%) at 72 h, and tensile strength. As porosity decreases, the release of docetaxel increases, and the release of paclitaxel and tensile strength also increase. Additionally, the prediction errors of the ANN in this study were evaluated using linear regression, showing acceptable error rates compared to the target results obtained from the experimental tests."
217,A4_tissue,36235878,PMC9570729,10.3390/polym14193930,2022,Polymers,research-article; Journal Article,Soft Conductive Hydrogel-Based Electronic Skin for Robot Finger Grasping Manipulation.,"Electronic skin with human-like sensory capabilities has been widely applied to artificial intelligence, biomedical engineering, and the prosthetic hand for expanding the sensing ability of robots. Robotic electronic skin (RES) based on conductive hydrogel is developed to collect strain and pressure data for improving the grasping capability of the robot finger. RES is fabricated and assembled by the soft functional materials through a sol-gel process for guaranteeing the overall softness. The strain sensor based on piezoresistive hydrogel (gauge factor ~9.98) is integrated onto the back surface of the robot finger to collect the bending angle of the robot finger. The capacitive pressure sensor based on a hydrogel electrode (sensitivity: 0.105 kPa-1 below 3.61 kPa, and 0.0327 kPa-1 in the range from 4.12 to 15 kPa.) is adhered onto the fingertip to collect the pressure data when touching the objects. A robot-finger-compatible RES with strain and pressure sensing function is designed for finger gesture detection and grasping manipulation. The negative force feedback control framework is built to improve grasping manipulation of the robot finger with RES, which would provide a self-adaptive control method to determine whether the objects are grasped successfully or not. Robot fingers integrated with soft sensors would promote the development of sensing and grasping abilities of the robot finger and interaction with human beings."
218,A4_tissue,40439842,PMC12122957,10.1007/s40820-025-01780-7,2025,Nano-micro letters,research-article; Journal Article,"Machine Learning Enabled Reusable Adhesion, Entangled Network-Based Hydrogel for Long-Term, High-Fidelity EEG Recording and Attention Assessment.","Due to their high mechanical compliance and excellent biocompatibility, conductive hydrogels exhibit significant potential for applications in flexible electronics. However, as the demand for high sensitivity, superior mechanical properties, and strong adhesion performance continues to grow, many conventional fabrication methods remain complex and costly. Herein, we propose a simple and efficient strategy to construct an entangled network hydrogel through a liquid-metal-induced cross-linking reaction, hydrogel demonstrates outstanding properties, including exceptional stretchability (1643%), high tensile strength (366.54 kPa), toughness (350.2 kJ m-3), and relatively low mechanical hysteresis. The hydrogel exhibits long-term stable reusable adhesion (104 kPa), enabling conformal and stable adhesion to human skin. This capability allows it to effectively capture high-quality epidermal electrophysiological signals with high signal-to-noise ratio (25.2 dB) and low impedance (310 ohms). Furthermore, by integrating advanced machine learning algorithms, achieving an attention classification accuracy of 91.38%, which will significantly impact fields like education, healthcare, and artificial intelligence."
219,A4_tissue,39512323,PMC11541681,10.1016/j.heliyon.2024.e38762,2024,Heliyon,research-article; Journal Article,Research trends and hot topics of wearable sensors in wound care over past 18 years: A bibliometric analysis.,"ObjectiveThis study determined the development trends, analyzed collaboration networks, and identified research hotspots in the field of wearable sensors for wound care from 2007 to 2024 using a rigorous bibliometric analysis approach.MethodsBibliometric and scientometric analyses were performed utilizing data sourced from the Web of Science Core Collection database. This study examined publication trends, contributions from various countries and institutions, author productivity, keyword prevalence, and citation patterns to discern research hotspots and potential future avenues in the application of wearable sensors for wound care.ResultsThis study included 1177 articles, which demonstrated a marked increase in publications since 2016 and underscores the burgeoning interest in wearable sensors for wound care. China and the United States have emerged as prominent contributors to the research field, exhibiting numerous international collaborations. An analysis of keywords and citation bursts highlighted wound healing, hydrogels, and sensors as the key research foci with recent trends shifting towards the integration of wearable technology with advanced materials and artificial intelligence for advanced wound management. The research landscape is characterized by a diverse network of international collaborations and an emphasis on interdisciplinary approaches that integrate materials science, sensor technology, and clinical applications.ConclusionThe utilization of wearable sensors in wound care constitutes a rapidly progressing area of research, garnering significant interest and promising avenues for future advances. The integration of wearable sensors with advanced materials and AI technologies presents a frontier of opportunity for innovating wound care methodologies, enhancing patient outcomes, and optimizing the allocation of healthcare resources."
220,A4_tissue,35884839,PMC9313127,10.3390/biomedicines10071534,2022,Biomedicines,research-article; Journal Article,Optogenetically Engineered Neurons Differentiated from Human SH-SY5Y Cells Survived and Expressed ChR2 in 3D Hydrogel.,"The cases of brain degenerative disease will rise as the human population ages. Current treatments have a transient effect and lack an investigative system that is physiologically relevant for testing. There is evidence suggesting optogenetic stimulation is a potential strategy; however, an in vitro disease and optogenetic model requires a three-dimensional microenvironment. Alginate is a promising material for tissue and optogenetic engineering. Although it is bioinert, alginate hydrogel is transparent and therefore allows optical penetration for stimulation. In this study, alginate was functionalized with arginine-glycine-aspartate acid (RGD) to serve as a 3D platform for encapsulation of human SH-SY5Y cells, which were optogenetically modified and characterized. The RGD-alginate hydrogels were tested for swelling and degradation. Prior to encapsulation, the cells were assessed for neuronal expression and optical-stimulation response. The results showed that RGD-alginate possessed a consistent swelling ratio of 18% on day 7, and degradation remained between 3.7−5% throughout 14 days. Optogenetically modified SH-SY5Y cells were highly viable (>85%) after lentiviral transduction and neuronal differentiation. The cells demonstrated properties of functional neurons, developing beta III tubulin (TuJ1)-positive long neurites, forming neural networks, and expressing vGlut2. Action potentials were produced upon optical stimulation. The neurons derived from human SH-SY5Y cells were successfully genetically modified and encapsulated; they survived and expressed ChR2 in an RGD-alginate hydrogel system."
221,A4_tissue,39081280,PMC11284256,10.2478/jtim-2023-0117,2024,Journal of translational internal medicine,research-article; Journal Article,Analysis and prediction of research hotspots and trends in heart failure research.,"Background and objectivesComprehensive data analyses in heart failure research can provide academics with information and help policymakers formulate relevant policies. We collected data from reports published between 1945 and 2021 to identify research topics, trends, and cross-domains in the heart failure disease literature.MethodsText fragments were extracted and clustered from the titles and abstracts in 270617 publications using artificial intelligence techniques. Two algorithms were used to corroborate the results and ensure that they were reliable. Experts named themes and document clusters based on the results of these semiautomated methods. Using consistent methods, we identified and flagged 107 heart failure topics and 16 large document clusters (divided into two groups by time). The annual vocabularies of research hotspots were calculated to draw attention to niche research fields.ResultsClinical research is an expanding field, followed by basic research and population research. The most frequently raised issues were intensive care treatment for heart failure, applications of artificial intelligence technologies, cardiac assist devices, stem cells, genetics, and regional distribution and use of heart failure-related health care. Risk scoring and classification, care for patients, readmission, health economics of treatment and care, and cell regeneration and signaling pathways were among the fastest-growing themes. Drugs, signaling pathways, and biomarkers were all crucial issues for clinical and basic research in the entire population. Studies on intelligent medicine and telemedicine, interventional therapy for valvular disease, and novel coronavirus have emerged recently.ConclusionClinical and population research is increasingly focusing on the customization of intelligent treatments, improving the quality of patients' life, and developing novel treatments. Basic research is increasingly focusing on regenerative medicine, translational medicine, and signaling pathways. Additionally, each research field exhibits mutual fusion characteristics. Medical demands, new technologies, and social support are all potential drivers for these changes."
222,A4_tissue,41148847,PMC12562428,10.3390/cells14201632,2025,Cells,research-article; Journal Article,Identification of Regulatory RNA-Binding Genes in Spermatogonial Stem Cell Reprogramming to ES-like Cells Using Machine Learning-Integrated Transcriptomic and Network Analysis.,"Spermatogonial stem cells (SSCs) are unipotent germline cells with emerging pluripotent potential under specific in vitro conditions. Understanding their capacity for reprogramming and the molecular mechanisms involved offers valuable insights into regenerative medicine and fertility preservation. SSCs were isolated from Oct4-GFP C57BL/6 transgenic mice using enzymatic digestion and cultured in defined media. Under these conditions, ES-like colonies emerged expressing pluripotency markers. These cells were characterized by immunocytochemistry, teratoma assays, and transcriptomic analyses using bulk and single-cell RNA sequencing datasets. Gene expression profiles were compared with ESCs and SSCs using datasets from GEO (GSE43850, GSE38776, GSE149512). Protein-protein interaction (PPI) networks and co-expression modules were explored through STRING, Cytoscape, and WGCNA. ES-like cells derived from SSCs exhibited strong expression of OCT4, DAZL, and VASA. Transcriptomic analysis revealed key differentially expressed genes and shared regulatory networks with ESCs. WGCNA identified key co-expression modules and hub regulatory RNA binding genes (Ctdsp1, Rest, and Stra8) potentially responsible for the reprogramming process. Teratoma assays confirmed pluripotency, and single-cell RNA-seq validated expression of critical markers in cultured SSCs. This study demonstrates that SSCs can acquire pluripotency features and be reprogrammed into ES-like cells. The integration of transcriptomic and network-based analyses reveals novel insights into the molecular drivers of SSC reprogramming, highlighting their potential utility in stem cell-based therapies and male fertility preservation."
223,A4_tissue,35145950,PMC8821153,10.3389/fchem.2022.839093,2022,Frontiers in chemistry,research-article; Journal Article,Potassium Titanate Assembled Titanium Dioxide Nanotube Arrays Endow Titanium Implants Excellent Osseointegration Performance and Nerve Formation Potential.,"Titanium based materials have been widely applied in bone-tissue engineering. However, inefficient bone repair remains to be solved due to the lack of neural network reconstruction at the bone-implant interface. Herein, we propose a functional surface modification approach to promote neurogenesis. Using an electrochemical technique and a hydrothermal approach, a potassium titanate nanorod-decorated titanium oxide (K2Ti6O13-TiO2) nanotube array is constructed on the surface of titanium implants. The K2Ti6O13-TiO2 hybrid nanotube array on titanium implants can enhance the osteogenic differentiation of mesenchymal stem cells due to the special nanostructures of titanium oxide nanorods. Meanwhile, the release of potassium ions is able to accelerate the neural differentiation of neural stem cells. This study provides a new approach to promote neuralization on the surface of implants, which is promising for future applications in constructing a fully functional interface in bone repair."
224,A4_tissue,33391504,PMC7738861,10.7150/thno.50540,2021,Theranostics,"Research Support, Non-U.S. Gov't; research-article; Journal Article",Implantation of regenerative complexes in traumatic brain injury canine models enhances the reconstruction of neural networks and motor function recovery.,"Rationale: The combination of medical and tissue engineering in neural regeneration studies is a promising field. Collagen, silk fibroin and seed cells are suitable options and have been widely used in the repair of spinal cord injury. In this study, we aimed to determine whether the implantation of a complex fabricated with collagen/silk fibroin (SF) and the human umbilical cord mesenchymal stem cells (hUCMSCs) can promote cerebral cortex repair and motor functional recovery in a canine model of traumatic brain injury (TBI). Methods: A porous scaffold was fabricated with cross-linked collagen and SF. Its physical properties and degeneration rate were measured. The scaffolds were co-cultured with hUCMSCs after which an implantable complex was formed. After complex implantation to a canine model of TBI, the motor evoked potential (MEP) and magnetic resonance imaging (MRI) were used to evaluate the integrity of the cerebral cortex. The neurologic score, motion capture, surface electromyography (sEMG), and vertical ground reaction force (vGRF) were measured in the analysis of motor functions. In vitro analysis of inflammation levels was performed by Elisa while immunohistochemistry was used in track the fate of hUCMSCs. In situ hybridization, transmission electron microscope, and immunofluorescence were used to assess neural and vascular regeneration. Results: Favorable physical properties, suitable degradation rate, and biocompatibility were observed in the collagen/SF scaffolds. The group with complex implantation exhibited the best cerebral cortex integrity and motor functions. The implantation also led to the regeneration of more blood vessels and nerve fibers, less glial fibers, and inflammatory factors. Conclusion: Implantation of this complex enhanced therapy in traumatic brain injury (TBI) through structural repair and functional recovery. These effects exhibit the translational prospects for the clinical application of this complex."
225,A4_tissue,35702333,PMC9186384,10.18063/ijb.v8i2.528,2022,International journal of bioprinting,other; Journal Article,Deep Learning-Assisted Nephrotoxicity Testing with Bioprinted Renal Spheroids.,"We used arrays of bioprinted renal epithelial cell spheroids for toxicity testing with cisplatin. The concentration-dependent cell death rate was determined using a lactate dehydrogenase assay. Bioprinted spheroids showed enhanced sensitivity to the treatment in comparison to monolayers of the same cell type. The measured dose-response curves revealed an inhibitory concentration of the spheroids of IC 50 = 9 ± 3 μM in contrast to the monolayers with IC 50 = 17 ± 2 μM. Fluorescent labeling of a nephrotoxicity biomarker, kidney injury molecule 1 indicated an accumulation of the molecule in the central lumen of the spheroids. Finally, we tested an approach for an automatic readout of toxicity based on microscopic images with deep learning. Therefore, we created a dataset comprising images of single spheroids, with corresponding labels of the determined cell death rates for training. The algorithm was able to distinguish between three classes of no, mild, and severe treatment effects with a balanced accuracy of 78.7%."
226,A4_tissue,40134771,PMC11933076,10.3389/fbioe.2025.1493194,2025,Frontiers in bioengineering and biotechnology,research-article; Journal Article,A supervised machine-learning analysis of doxorubicin-loaded electrospun nanofibers and their anticancer activity capabilities.,"Thanks to the diverse advantages of electrospun nanofibers, multiple drugs have been loaded in these nanoplatforms to be delivered healthily and effectively. Doxorubicin is a drug used in chemotherapy, and its various delivery and efficacy parameters encounter challenges, leading to the seeking of novel delivery methods. Researchers have conducted numerous laboratory investigations on the encapsulation of doxorubicin within nanofiber materials. This method encompasses various parameters for the production of fibers and drug loading, categorized into device-related, material-related, and study design parameters. This study employed a supervised machine-learning analysis to extract the influencing parameters of the input from quantitative data for doxorubicin-loaded electrospun nanofibers. The study also determined the significance coefficient of each parameter that influences the output results and identified the optimum points and intervals for each parameter. Our Support Vector Machine (SVM) analysis findings showed that doxorubicin-loaded electrospun nanofibers could be optimized through employing a machine learning-based investigation on the polymer solution parameters (such as density, solvent, electrical conductivity, and concentration of polymer), electrospinning parameters (such as voltage, flow rate, and distance between the needle tip and collector), and our study parameters, i.e., drug release and anticancer activity, which affect the properties of the drug-loaded nanofibers, such as the average diameter of fiber, anticancer activity, drug release percentage, and encapsulation efficiency. Our findings indicated the importance of factors like distance, polymer density, and polymer concentration, respectively, in optimizing the fabrication of drug-loaded electrospun nanofibers. The smallest diameter, highest encapsulation efficiency, highest drug release percentage, and highest anticancer activity are obtained at a molecular weight between 80 and 474 kDa and a doxorubicin concentration of at least 3.182 wt% with the polymer density in the range of 1.2-1.52 g/cm3, polymer concentration of 6.618-9 wt%, and dielectric constant of solvent more than 30. Also, the optimal distance of 14-15 cm, the flow rate of 3.5-5 mL/h, and the voltage in the range of 20-25 kV result in the highest release rate, the highest encapsulation efficiency, and the lowest average diameter for fibers. Therefore, to achieve optimal conditions, these values should be considered. These findings open up new roads for future design and production of drug-loaded polymeric nanofibers with desirable properties and performances by machine learning methods."
227,A4_tissue,40809973,PMC12339308,10.1364/boe.563643,2025,Biomedical optics express,research-article; Journal Article,Learning-enhanced 3D fiber orientation mapping in thick cardiac tissues.,"Fibrous proteins, such as elastin and collagen, are crucial for the structural integrity of the cardiovascular system. For thin tissue-engineered heart valves and surgical patches, the two-dimensional mapping of fiber orientation is well-established. However, for three-dimensional (3D) thick tissue samples, e.g., the embryonic whole heart, robust 3D fiber analysis tools are not available. This information is essential for computational vascular modeling and tissue microstructure characterization. Therefore, this study employs machine learning (ML) and deep learning (DL) techniques to analyze the 3D cardiovascular fiber structures in thick samples of porcine pericardium and embryonic whole hearts. It is hypothesized that ML/DL-based fiber orientation analysis will outperform traditional Fourier transform and directional filter methods by offering higher spatial accuracy and reduced dependency on manual preprocessing. We trained our ML/DL models on both synthetic and real-world cardiovascular datasets obtained from confocal imaging. The evaluation used a mixed dataset of 1200 samples and a porcine/bovine dataset of 400 samples. Support vector regression (SVR) demonstrated the highest accuracy, achieving a normalized mean absolute error (nMAE) of 5.0% on the mixed dataset and 13.0% on the biological dataset. Among DL models, convolutional neural network (CNN) and residual network-50 (ResNet50) had an nMAE of 12.0% and 11.0% on the mixed dataset and 23.0% and 22.0% on the biological dataset, respectively. Attention mechanisms improved performance further, with the channel attention ResNet50 achieving an nMAE of 5.8% on the mixed dataset and 21.0% on the biological dataset. These findings highlight the potential of ML and DL techniques in improving 3D fiber orientation detection, enabling detailed cardiovascular microstructural assessment."
228,A4_tissue,39468211,PMC11519650,10.1038/s41598-024-76924-7,2024,Scientific reports,research-article; Journal Article,Machine learning-guided synthesis of nanomaterials for breast cancer therapy.,"Breast cancer is a common malignant tumor, which mostly occurs in female population and is caused by excessive proliferation of breast epithelial cells. Breast cancer can cause nipple discharge, breast lumps and other symptoms, but these symptoms lack certain specificity and are easily confused with other diseases, thus affecting the early treatment of the disease. Once the tumor progresses to the advanced stage, distant metastasis can occur, leading to dysfunction of the affected organs, and even threatening the patients' lives. In this study, we synthesized high drug-loading gel particles and applied them to control the release of insoluble drugs. This method is simple to prepare, cost-effective, and validates their potential in breast cancer therapy. We first characterized the morphology and physicochemical properties of gel loaded with newly synthesized compound 1 by scanning electron microscopy (SEM), Fourier-transform infrared spectroscopy (FT-IR), and thermal gravimetric analysis (TGA). Using newly synthesized insoluble compound 1 as a model drug, its efficacy in treating breast cancer was investigated. The results showed that hydrogel@compound 1 was able to significantly inhibit the proliferation, migration and invasion of breast cancer cells. Additionally, we utilized machine learning to screen three structurally similar compounds, which showed promising therapeutic effects, providing a new approach for the development of novel small-molecule drugs."
229,A4_tissue,34513937,PMC8427136,10.3389/frobt.2021.692754,2021,Frontiers in robotics and AI,research-article; Journal Article,A Multimodal Hydrogel Soft-Robotic Sensor for Multi-Functional Perception.,"Soft robots, with their unique and outstanding capabilities of environmental conformation, natural sealing against elements, as well as being insensitive to magnetic/electrical effects, are ideal candidates for extreme environment applications. However, sensing for soft robots in such harsh conditions would still be challenging, especially under large temperature change and complex, large deformations. Existing soft sensing approaches using liquid-metal medium compromise between large deformation and environmental robustness, limiting their real-world applicability. In this work, we propose a multimodal solid-state soft sensor using hydrogel and silicone. By exploiting the conductance and transparency of hydrogel, we could deploy both optical and resistive sensing in one sensing component. This novel combination enables us to benefit from the in-situ measurement discrepancies between the optical and electrical signal, to extract multifunctional measurements. Following this approach, prototype solid-state soft sensors were designed and fabricated, a dedicated neural network was built to extract the sensory information. Stretching and twisting were measured using the same sensor even at large deformations. In addition, exploiting the distinctive responses against temperature change, we could estimate environmental temperatures simultaneously. Results are promising for the proposed solid-state multimodal approach of soft sensors for multifunctional perception under extreme conditions."
230,A4_tissue,40835669,PMC12368192,10.1038/s41598-025-15122-5,2025,Scientific reports,research-article; Journal Article,Computational optimization of 3D printed bone scaffolds using orthogonal array-driven FEA and neural network modeling.,"Today, orthopedic surgeons have been continuously focusing on bone tissue engineering for regenerating damaged bone through the use of biomimetic scaffolds and innovative materials. Hence, this study presents a comprehensive investigation into the optimization of PLA + 3D printed lattice scaffolds for bone tissue engineering applications, emphasizing the role of geometric configuration and processing parameters on mechanical performance. Three distinct lattice geometries such as Lidinoid, Diamond, and Gyroid were developed with varying wall thicknesses (1.0 mm, 1.5 mm, and 2.0 mm) and subjected to compressive loads of 3 kN, 6 kN, and 9 kN. A Taguchi L27 Orthogonal Array was employed to evaluate key mechanical responses, including displacement and strain. Among these configurations, the Gyroid lattice exhibited superior mechanical integrity, demonstrating the least displacement (0.36 mm) and strain (1.2 × 10⁻²) at 3 kN with 2.0 mm thickness, whereas the Lidinoid structure showed the highest deformability. A Back-propagation Artificial Neural Network (BPANN) model was developed to predict scaffold behavior with remarkable accuracy (R² = 0.9991 for displacement, R² = 0.9954 for strain), further Finite Element Analysis (FEA) was conducted to validate both experimental and predicted results. The novelty of this work lies in its integrative, multi-modal approach that synergizes experimental design, machine learning-based predictive modeling, and simulation. The focus of this study is to define a robust framework for optimizing scaffold architecture, with significant implications for enhancing mechanical strength and biological performance in bone healing applications."
231,A4_tissue,34134988,PMC8208721,10.1126/sciadv.abf5695,2021,Science advances,"Research Support, Non-U.S. Gov't; research-article; Journal Article","Diving beetle-like miniaturized plungers with reversible, rapid biofluid capturing for machine learning-based care of skin disease.","Recent advances in bioinspired nano/microstructures have received attention as promising approaches with which to implement smart skin-interfacial devices for personalized health care. In situ skin diagnosis requires adaptable skin adherence and rapid capture of clinical biofluids. Here, we report a simple, all-in-one device consisting of microplungers and hydrogels that can rapidly capture biofluids and conformally attach to skin for stable, real-time monitoring of health. Inspired by the male diving beetle, the microplungers achieve repeatable, enhanced, and multidirectional adhesion to human skin in dry/wet environments, revealing the role of the cavities in these architectures. The hydrogels within the microplungers instantaneously absorb liquids from the epidermis for enhanced adhesiveness and reversibly change color for visual indication of skin pH levels. To realize advanced biomedical technologies for the diagnosis and treatment of skin, our suction-mediated device is integrated with a machine learning framework for accurate and automated colorimetric analysis of pH levels."
232,A4_tissue,40010706,PMC11921027,10.1021/acsabm.4c01509,2025,ACS applied bio materials,research-article; Journal Article,Collagen Hybridizing Peptides Promote Collagen Fibril Growth In Vitro.,"Recreating the structural and mechanical properties of native tissues in vitro presents significant challenges, particularly in mimicking the dense fibrillar network of extracellular matrixes such as skin and tendons. This study develops a reversible collagen film through cycling collagen self-assembly and disassembly, offering an innovative approach to address these challenges. We first generated an engineered collagen scaffold by applying plastic compression to the collagen hydrogel. The reversibility of the collagen assembly was explored by treating the scaffold with lactic acid, leading to its breakdown into an amorphous gel─a process termed defibrillogenesis. Subsequent immersion of this gel in phosphate buffer facilitated the reassembly of collagen into fibrils larger than those in the original scaffold yet with the D-banding pattern characteristic of collagen fibrils. Transfer learning of the mobileNetV2 convolutional neural network trained on atomic force microscope images of collagen nanoscale D-banding patterns was created with 99% training and testing accuracy. In addition, extensive external validation was performed, and the model achieved high robustness and generalization with unseen data sets. Further innovation was introduced by applying collagen hybridizing peptides, which significantly accelerated and directed the assembly of collagen fibrils, promoting a more organized and aligned fibrillar structure. This study not only demonstrates the feasibility of creating a reversible collagen film that closely mimics the density and structural properties of the native matrix but also highlights the potential of using collagen hybridizing peptides to control and enhance collagen fibrillogenesis. Our findings offer promising tissue engineering and regenerative medicine strategies by enabling precise manipulation of collagen structures in vitro."
233,A4_tissue,41550662,PMC12709933,10.1016/j.pscia.2025.100079,2025,Pharmaceutical science advances,research-article; Journal Article,Artificial neural network guided optimization of tenofovir and Cyanovirin-N multipurpose preventive hydrogel formulation developed using the Box Behnken design model.,"Tenofovir (TNF) is an antiretroviral drug that has being used as a topical microbicide to prevent human immunodeficiency virus transmission (HIV). Cyanovirin-N (CV-N) is a lectin protein that can bind to the HIV envelope glycoprotein and inhibit viral entry. The combination of TNF and CV-N may have synergistic effects and enhance the efficacy of microbicide. The aim of this study was to develop and optimize composite hydrogel formulations containing 1%TNF and 0.0005% CV-N using Box Behnken Design. A three-factor, three-level Box-Behnken design was employed to investigate the effects of the concentrations of PEG2000, sodium carboxyl methylcellulose (NaCMC), and calcium chloride on the release of Tenofovir, flux, and mucoadhesion. The mucoadhesion was evaluated by measuring the percent mucin adsorption while flux and release kinetics were evaluated using the Franz cell diffusion method. The optimal hydrogel formulation was found to contain 4% NaCMC, 2% PEG2000 and 1% CaCl2. The hydrogel had a pH of 4.5 ​± ​0.017, a viscosity of 275600 ​± ​0.65 ​cP, flux 9806 μg/cm2/h for TNF with a drug release of 119, 205.6 μg/cm2. The TNF gel exhibited a pseudoplastic rheological behavior with 96.3% muco-adhesion. The study successfully developed an optimized TNF/CV-N mucoadhesive hydrogel, highlighting its potential as an on-demand multipurpose prevention technology (MPT) for HIV. The formulation was optimized to ensure good drug release, flux and mucoadhesion. The optimized hydrogel offers a convenient, effective method for preventing sexually transmitted infections (STIs), addressing critical challenges in drug delivery and user adherence while advancing public health strategies for STIs."
234,A4_tissue,35498319,PMC9049038,10.1039/c9ra09475j,2020,RSC advances,research-article; Journal Article,QSAR modeling of the toxicity classification of superparamagnetic iron oxide nanoparticles (SPIONs) in stem-cell monitoring applications: an integrated study from data curation to model development.,"The use of in silico approaches for the prediction of biomedical properties of nano-biomaterials (NBMs) can play a significant role in guiding and reducing wetlab experiments. Computational methods, such as data mining and machine learning techniques, can increase the efficiency and reduce the time and cost required for hazard and risk assesment and for designing new safer NBMs. A major obstacle in developing accurate and well-validated in silico models such as Nano Quantitative Structure-Activity Relationships (Nano-QSARs) is that although the volume of data published in the literature is increasing, the data are fragmented in many different publications and are not sufficiently curated for modelling purposes. Moreover, NBMs exhibit high complexity and heterogeneity in their structures, making data collection and curation and QSAR model development more challenging compared to traditional small molecules. The aim of this study was to construct and fully validate a Nano-QSAR model for the prediction of toxicological properties of superparamagnetic iron oxide nanoparticles (SPIONs), focusing on their application as Magnetic Resonance Imaging (MRI) contrast agents for non-invasive stem cell labelling and tracking. To achieve this goal, we first performed an extensive search through the literature for collecting and curating relevant data and we developed a dataset containing both physicochemical and toxicological properties of SPIONs. The data were analysed next, using Automated machine learning (Auto-ML) approaches for optimising the development and validation of nanotoxicity classification QSAR models of SPIONs. Further analysis of relative attribute importances revealed that physicochemical properties such as the size and the magnetic core are the dominant attributes correlated to the toxicity of SPIONs. Our results suggest that as more systematic information from NBM experimental tests becomes available, computational tools could play an important role in supporting the safety-by-design (SbD) concept in regenerative medicine and disease therapeutics."
235,A4_tissue,33313504,PMC7720078,10.1016/j.mtbio.2020.100084,2020,Materials today. Bio,research-article; Journal Article,A hydrogel-based in vitro assay for the fast prediction of antibiotic accumulation in Gram-negative bacteria.,"The pipeline of antibiotics has been for decades on an alarmingly low level. Considering the steadily emerging antibiotic resistance, novel tools are needed for early and easy identification of effective anti-infective compounds. In Gram-negative bacteria, the uptake of anti-infectives is especially limited. We here present a surprisingly simple in vitro model of the Gram-negative bacterial envelope, based on 20% (w/v) potato starch gel, printed on polycarbonate 96-well filter membranes. Rapid permeability measurements across this polysaccharide hydrogel allowed to correctly predict either high or low accumulation for all 16 tested anti-infectives in living Escherichia coli. Freeze-fracture TEM supports that the macromolecular network structure of the starch hydrogel may represent a useful surrogate of the Gram-negative bacterial envelope. A random forest analysis of in vitro data revealed molecular mass, minimum projection area, and rigidity as the most critical physicochemical parameters for hydrogel permeability, in agreement with reported structural features needed for uptake into Gram-negative bacteria. Correlating our dataset of 27 antibiotics from different structural classes to reported MIC values of nine clinically relevant pathogens allowed to distinguish active from nonactive compounds based on their low in vitro permeability specifically for Gram-negatives. The model may help to identify poorly permeable antimicrobial candidates before testing them on living bacteria."
236,A4_tissue,35098136,PMC8793024,10.1021/acsaelm.1c01010,2022,ACS applied electronic materials,research-article; Journal Article,Skin-Inspired Flexible and Stretchable Electrospun Carbon Nanofiber Sensors for Neuromorphic Sensing.,"During the past few decades, a significant amount of research effort has been dedicated toward developing skin-inspired sensors for real-time human motion monitoring and next-generation robotic devices. Although several flexible and wearable sensors have been developed in the past, the need of the hour is developing accurate, reliable, sophisticated, facile yet inexpensive flexible sensors coupled with neuromorphic systems or spiking neural networks to encode tactile information without the need for complex digital architectures, thus achieving true skin-like sensing with limited resources. In this work, we propose an approach entailing carbon nanofiber-polydimethylsiloxane composite-based piezoresistive sensors, coupled with spiking neural networks, to mimic skin-like sensing. The strain and pressure sensors have been combined with appropriately designed neural networks to encode analog voltages to spikes to recreate bioinspired tactile sensing and proprioception. To further validate the proprioceptive capability of the system, a gesture tracking smart glove, combined with a spiking neural network, was demonstrated. Wearable and flexible sensors with accompanying neural networks such as the ones proposed in this work will pave the way for a future generation of skin-mimetic sensors for advanced prosthetic devices, apparel integrable smart sensors for human motion monitoring, and human-machine interfaces."
237,A4_tissue,39451313,PMC11507415,10.3390/gels10100660,2024,"Gels (Basel, Switzerland)",research-article; Journal Article,Leveraging Deep Learning and Generative AI for Predicting Rheological Properties and Material Compositions of 3D Printed Polyacrylamide Hydrogels.,"Artificial intelligence (AI) has the ability to predict rheological properties and constituent composition of 3D-printed materials with appropriately trained models. However, these models are not currently available for use. In this work, we trained deep learning (DL) models to (1) predict the rheological properties, such as the storage (G') and loss (G"") moduli, of 3D-printed polyacrylamide (PAA) substrates, and (2) predict the composition of materials and associated 3D printing parameters for a desired pair of G' and G"". We employed a multilayer perceptron (MLP) and successfully predicted G' and G"" from seven gel constituent parameters in a multivariate regression process. We used a grid-search algorithm along with 10-fold cross validation to tune the hyperparameters of the MLP, and found the R2 value to be 0.89. Next, we adopted two generative DL models named variational autoencoder (VAE) and conditional variational autoencoder (CVAE) to learn data patterns and generate constituent compositions. With these generative models, we produced synthetic data with the same statistical distribution as the real data of actual hydrogel fabrication, which was then validated using Student's t-test and an autoencoder (AE) anomaly detector. We found that none of the seven generated gel constituents were significantly different from the real data. Our trained DL models were successful in mapping the input-output relationship for the 3D-printed hydrogel substrates, which can predict multiple variables from a handful of input variables and vice versa."
238,A4_tissue,36291012,PMC9599576,10.3390/bios12100875,2022,Biosensors,research-article; Journal Article,Super-Long SERS Active Single Silver Nanowires for Molecular Imaging in 2D and 3D Cell Culture Models.,"Establishing a systematic molecular information analysis strategy for cell culture models is of great significance for drug development and tissue engineering technologies. Here, we fabricated single silver nanowires with high surface-enhanced Raman scattering activity to extract SERS spectra in situ from two-dimensional (2D) and three-dimensional (3D) cell culture models. The silver nanowires were super long, flexible and thin enough to penetrate through multiple cells. A single silver nanowire was used in combination with a four-dimensional microcontroller as a cell endoscope for spectrally analyzing the components in cell culture models. Then, we adopted a machine learning algorithm to analyze the obtained spectra. Our results show that the abundance of proteins differs significantly between the 2D and 3D models, and that nucleic acid-rich and protein-rich regions can be distinguished with satisfactory accuracy."
239,A4_tissue,40583160,PMC12407276,10.1002/advs.202505873,2025,"Advanced science (Weinheim, Baden-Wurttemberg, Germany)",research-article; Journal Article,Bionic Multimodal Augmented Somatosensory Receptor Enabled by Thermogalvanic Hydrogel.,"The emergence of an e-skin receptor is an optimal solution for restoring the hand function of patients with sensation disorder, while constructing an e-skin receptor with high sensitivity, self-supervised capability, and open-environmental stability remains challenging. Here, inspired by the human skin perception mechanism, an ultrasensitive self-powered multimodal fingertip receptor that integrates thermogalvanic hydrogels as active mechanoreceptors and thermoreceptors for entropy-stabilized material fingerprint perception is proposed. A micropatterned and gradient structure strategy is introduced to improve the sensitivity to 53.6 kPa-1 with a low detection limit of 1.9 Pa. By exploiting static thermovoltage and dynamic differential signals to visualize the unsteady interfacial heat conduction, different materials can be determined in 80 ms based on the fast and slow adaptive sensations of the receptor. The self-supervised thermovoltage compensation is realized by self-decoupling contact pressure and thermal contact coefficients of materials, accommodating variations in applied forces. Benefiting from the robust interfacial heat transfer process and thermoelectric conversion, the tactile perception mechanism demonstrates universality under various external surroundings and contact conditions. With the assistance of deep learning, the fingertip receptor can function as an augmented somatosensory receptor to accurately perceive cutaneous cues of objects with an accuracy of 95.5%, which provides the potential of intelligent haptic perception to human-machine interfaces and prosthetics."
240,A4_tissue,39393999,PMC11589459,10.1016/j.bja.2024.09.004,2024,British journal of anaesthesia,research-article; Journal Article,Human dorsal root ganglia are either preserved or completely lost after deafferentation by brachial plexus injury.,"BackgroundPlexus injury results in lifelong suffering from flaccid paralysis, sensory loss, and intractable pain. For this clinical problem, regenerative medicine concepts set high expectations. However, it is largely unknown how dorsal root ganglia (DRG) are affected by accidental deafferentation.MethodsHere, we phenotyped DRG of a clinically and MRI-characterised cohort of 13 patients with plexus injury. Avulsed DRG were collected during reconstructive nerve surgery. For control, we used DRG from forensic autopsy. The cellular composition of the DRG was analysed in histopathological slices with multicolour high-resolution immunohistochemistry, tile microscopy, and deep-learning-based bioimage analysis. We then sequenced the bulk RNA of corresponding DRG slices.ResultsIn about half of the patients we found loss of the typical DRG units consisting of neurones and satellite glial cells. The DRG cells were replaced by mesodermal/connective tissue. In the remaining patients, the cellular units were well preserved. Preoperative plexus MRI neurography was not able to distinguish the two types. Patients with 'neuronal preservation' had less maximum pain than patients with 'neuronal loss'. Arm function improved after nerve reconstruction, but severe pain persisted. Transcriptome analysis of preserved DRGs revealed expression of subtype-specific sensory neurone marker genes, but downregulation of neuronal attributes. Furthermore, they showed signs of ongoing inflammation and connective tissue remodelling.ConclusionsPatients with plexus injury separate into two groups with either neuronal preservation or neuronal loss. The former could benefit from anti-inflammatory therapy. For the latter, studies should explore mechanisms of neuronal loss especially for regenerative approaches.Clinical trial registrationDRKS00017266."
241,A4_tissue,34209404,PMC8305959,10.3390/mi12070780,2021,Micromachines,research-article; Journal Article,Machine Assisted Experimentation of Extrusion-Based Bioprinting Systems.,"Optimization of extrusion-based bioprinting (EBB) parameters have been systematically conducted through experimentation. However, the process is time- and resource-intensive and not easily translatable to other laboratories. This study approaches EBB parameter optimization through machine learning (ML) models trained using data collected from the published literature. We investigated regression-based and classification-based ML models and their abilities to predict printing outcomes of cell viability and filament diameter for cell-containing alginate and gelatin composite bioinks. In addition, we interrogated if regression-based models can predict suitable extrusion pressure given the desired cell viability when keeping other experimental parameters constant. We also compared models trained across data from general literature to models trained across data from one literature source that utilized alginate and gelatin bioinks. The results indicate that models trained on large amounts of data can impart physical trends on cell viability, filament diameter, and extrusion pressure seen in past literature. Regression models trained on the larger dataset also predict cell viability closer to experimental values for material concentration combinations not seen in training data of the single-paper-based regression models. While the best performing classification models for cell viability can achieve an average prediction accuracy of 70%, the cell viability predictions remained constant despite altering input parameter combinations. Our trained models on bioprinting literature data show the potential usage of applying ML models to bioprinting experimental design."
242,A4_tissue,39330168,PMC11431587,10.3390/gels10090565,2024,"Gels (Basel, Switzerland)",research-article; Journal Article,Diffusion Correction in Fricke Hydrogel Dosimeters: A Deep Learning Approach with 2D and 3D Physics-Informed Neural Network Models.,"In this work an innovative approach was developed to address a significant challenge in the field of radiation dosimetry: the accurate measurement of spatial dose distributions using Fricke gel dosimeters. Hydrogels are widely used in radiation dosimetry due to their ability to simulate the tissue-equivalent properties of human tissue, making them ideal for measuring and mapping radiation dose distributions. Among the various gel dosimeters, Fricke gels exploit the radiation-induced oxidation of ferrous ions to ferric ions and are particularly notable due to their sensitivity. The concentration of ferric ions can be measured using various techniques, including magnetic resonance imaging (MRI) or spectrophotometry. While Fricke gels offer several advantages, a significant hurdle to their widespread application is the diffusion of ferric ions within the gel matrix. This phenomenon leads to a blurring of the dose distribution over time, compromising the accuracy of dose measurements. To mitigate the issue of ferric ion diffusion, researchers have explored various strategies such as the incorporation of additives or modification of the gel composition to either reduce the mobility of ferric ions or stabilize the gel matrix. The computational method proposed leverages the power of artificial intelligence, particularly deep learning, to mitigate the effects of ferric ion diffusion that can compromise measurement precision. By employing Physics Informed Neural Networks (PINNs), the method introduces a novel way to apply physical laws directly within the learning process, optimizing the network to adhere to the principles governing ion diffusion. This is particularly advantageous for solving the partial differential equations that describe the diffusion process in 2D and 3D. By inputting the spatial distribution of ferric ions at a given time, along with boundary conditions and the diffusion coefficient, the model can backtrack to accurately reconstruct the original ion distribution. This capability is crucial for enhancing the fidelity of 3D spatial dose measurements, ensuring that the data reflect the true dose distribution without the artifacts introduced by ion migration. Here, multidimensional models able to handle 2D and 3D data were developed and tested against dose distributions numerically evolved in time from 20 to 100 h. The results in terms of various metrics show a significant agreement in both 2D and 3D dose distributions. In particular, the mean square error of the prediction spans the range 1×10-6-1×10-4, while the gamma analysis results in a 90-100% passing rate with 3%/2 mm, depending on the elapsed time, the type of distribution modeled and the dimensionality. This method could expand the applicability of Fricke gel dosimeters to a wider range of measurement tasks, from simple planar dose assessments to intricate volumetric analyses. The proposed technique holds great promise for overcoming the limitations imposed by ion diffusion in Fricke gel dosimeters."
243,A4_tissue,40715577,PMC12297687,10.1038/s41598-025-13159-0,2025,Scientific reports,research-article; Journal Article,Hybrid modeling for optimizing electrospun polyurethane nanofibrous membranes in air filtration applications.,"Nanofibers have gained recognition as promising materials for air filtration due to their high surface area-to-volume ratio, adjustable porosity, and exceptional mechanical properties. However, optimizing their structural characteristics to maximize filtration efficiency while minimizing pressure drop remains challenging due to the complexity of the electrospinning process. This study presents an artificial intelligence-based methodology to establish relationships between electrospinning parameters, nanofiber morphology, and filtration performance. An advanced statistical approach is used to systematically collect and analyze data, followed by modeling these relationships using artificial neural networks (ANN) and analytical formulas to enhance predictive accuracy. A genetic algorithm (GA) is subsequently utilized to refine electrospinning parameters, facilitating the production of nanofibers with enhanced filtration efficiency and optimized airflow resistance. The optimized nanofiber membranes are validated experimentally to assess their real-world performance. The findings demonstrate the potential of AI-driven design in fine-tuning nanofiber structures for advanced air filtration applications. The optimized sample achieved a filtration efficiency of 96%, a pressure drop of 110.23 Pa, and a quality factor of 0.0297. This study underscores the effectiveness of combining AI with electrospinning to develop high-performance air filtration materials."
244,A4_tissue,38918798,PMC11201320,10.1186/s13227-024-00228-0,2024,EvoDevo,research-article; Journal Article,"See-Star: a versatile hydrogel-based protocol for clearing large, opaque and calcified marine invertebrates.","Studies of morphology and developmental patterning in adult stages of many invertebrates are hindered by opaque structures, such as shells, skeletal elements, and pigment granules that block or refract light and necessitate sectioning for observation of internal features. An inherent challenge in studies relying on surgical approaches is that cutting tissue is semi-destructive, and delicate structures, such as axonal processes within neural networks, are computationally challenging to reconstruct once disrupted. To address this problem, we developed See-Star, a hydrogel-based tissue clearing protocol to render the bodies of opaque and calcified invertebrates optically transparent while preserving their anatomy in an unperturbed state, facilitating molecular labeling and observation of intact organ systems. The resulting protocol can clear large (> 1 cm3) specimens to enable deep-tissue imaging, and is compatible with molecular techniques, such as immunohistochemistry and in situ hybridization to visualize protein and mRNA localization. To test the utility of this method, we performed a whole-mount imaging study of intact nervous systems in juvenile echinoderms and molluscs and demonstrate that See-Star allows for comparative studies to be extended far into development, facilitating insights into the anatomy of juveniles and adults that are usually not amenable to whole-mount imaging."
245,A4_tissue,40150779,PMC11939716,10.3390/bioengineering12030315,2025,"Bioengineering (Basel, Switzerland)",research-article; Journal Article,Investigation of the Effects of 3D Printing Parameters on the Mechanical Properties of Bone Scaffolds: Experimental Study Integrated with Artificial Neural Networks.,"Scaffolds are critical in regenerative medicine, particularly in bone tissue engineering, where they mimic the extracellular matrix to support tissue regeneration. Scaffold efficacy depends on precise control of 3D printing parameters, which determine geometric and mechanical properties, including Young's modulus. This study examines the impact of nozzle temperature, printing speed, and feed rate on the Young's modulus of polylactic acid (PLA) scaffolds. Using a Prusa MINI+ 3D printer (Prusa Research a.s., Prague, Czech Republic), systematic experiments are conducted to explore these correlations. Results show that higher nozzle temperatures decrease Young's modulus due to reduced viscosity and weaker interlayer bonding, likely caused by thermal degradation and reduced crystallinity. Printing speed exhibits an optimal range, with Young's modulus peaking at moderate speeds (around 2100 mm/min), suggesting a balance that enhances crystallinity and bonding. Material feed rate positively correlates with Young's modulus, with increased material deposition improving scaffold density and strength. The integration of an Artificial Neural Network (ANN) model further optimized the printing parameters, successfully predicting the maximum Young's modulus while maintaining geometric constraints. Notably, the Young's modulus achieved falls within the typical range for cancellous bone, indicating the model's potential to meet specific clinical requirements. These findings offer valuable insights for designing patient-specific bone scaffolds, potentially improving clinical outcomes in bone repair."
246,A4_tissue,38543384,PMC10974077,10.3390/polym16060778,2024,Polymers,research-article; Journal Article,Non-Woven Fabric Thermal-Conductive Triboelectric Nanogenerator via Compositing Zirconium Boride.,"With the vigorous development of the Internet of Things, 5G technology, and artificial intelligence, flexible wearable sensors have received great attention. As a simple and low-cost power supply in wearable sensors, the triboelectric nanogenerator (TENG) has a wide range of applications in the field of flexible electronics. However, most polymers are thermally poor conductors (less than 0.1 W/(m·K)), resulting in insufficient heat dissipation performance and limiting the development of TENG. In this study, a high-performance non-woven fabric TENG with strong thermal conductivity (0.26 W/m·K) was achieved by introducing ZrB2 into the polyurethane (PU) matrix. The excellent output performance with an open circuit voltage (Voc) of 347.6 V, a short circuit current (Isc) of 3.61 μA, and an accumulated charge of 142.4 nC endows it with good sensitivity. The electrospun PU/ZrB2 composites exhibit excellent sensing performance to detect body movements in situ, such as pressing, clapping, running, and walking. Moreover, the generated power can light up 224 LED bulbs as a demonstration of self-powering ability."
247,A4_tissue,40089854,PMC12079439,10.1002/advs.202500859,2025,"Advanced science (Weinheim, Baden-Wurttemberg, Germany)",research-article; Journal Article,Replicating PET Hydrolytic Activity by Positioning Active Sites with Smaller Synthetic Protein Scaffolds.,"Evolutionary constraints significantly limit the diversity of naturally occurring enzymes, thereby reducing the sequence repertoire available for enzyme discovery and engineering. Recent breakthroughs in protein structure prediction and de novo design, powered by artificial intelligence, now enable to create enzymes with desired functions without solely relying on traditional genome mining. Here, a computational strategy is demonstrated for creating new-to-nature polyethylene terephthalate hydrolases (PET hydrolases) by leveraging the known catalytic mechanisms and implementing multiple deep learning algorithms and molecular computations. This strategy includes the extraction of functional motifs from a template enzyme (here leaf-branch compost cutinase, LCC, is used), regeneration of new protein sequences, computational screening, experimental validation, and sequence refinement. PET hydrolytic activity is successfully replicated with designer enzymes that are at least 30% shorter in sequence length than LCC. Among them, RsPETase1 stands out due to its robust expressibility. It exhibits comparable catalytic efficiency (kcat/Km) to LCC and considerable thermostability with a melting temperature of 56 °C, despite sharing only 34% sequence similarity with LCC. This work suggests that enzyme diversity can be expanded by recapitulating functional motifs with computationally built protein scaffolds, thus generating opportunities to acquire highly active and robust enzymes that do not exist in nature."
248,A4_tissue,39501063,PMC11538274,10.1038/s44172-024-00302-4,2024,Communications engineering,research-article; Journal Article,Towards industry-ready additive manufacturing: AI-enabled closed-loop control for 3D melt electrowriting.,"Melt electrowriting (MEW) is an emerging high-resolution 3D printing technology used in biomedical engineering, regenerative medicine, and soft robotics. Its transition from academia to industry faces challenges such as slow experimentation, low printing throughput, poor reproducibility, and user-dependent operation, largely due to the nonlinear and multiparametric nature of the MEW process. To address these challenges, we applied computer vision and machine learning to monitor and analyze the process in real-time through imaging of the MEW jet between the nozzle-collector gap. To collect data for training we developed an automated data collection methodology that eases the experimental time from days to hours. A feedforward neural network, working in concert with optimization methods and a feedback loop, is used to develop closed-loop control ensuring reproducibility of the printed parts. We demonstrate that machine learning allows streamlining the MEW operation via closed-loop control of the highly nonlinear 3D printing technology."
249,A4_tissue,38665812,PMC11044700,10.3389/fbioe.2024.1364553,2024,Frontiers in bioengineering and biotechnology,research-article; Journal Article,Deep learning-assisted concentration gradient generation for the study of 3D cell cultures in hydrogel beads of varying stiffness.,"The study of dose-response relationships underpins analytical biosciences. Droplet microfluidics platforms can automate the generation of microreactors encapsulating varying concentrations of an assay component, providing datasets across a large chemical space in a single experiment. A classical method consists in varying the flow rate of multiple solutions co-flowing into a single microchannel (producing different volume fractions) before encapsulating the contents into water-in-oil droplets. This process can be automated through controlling the pumping elements but lacks the ability to adapt to unpredictable experimental scenarios, often requiring constant human supervision. In this paper, we introduce an image-based, closed-loop control system for assessing and adjusting volume fractions, thereby generating unsupervised, uniform concentration gradients. We trained a shallow convolutional neural network to assess the position of the laminar flow interface between two co-flowing fluids and used this model to adjust flow rates in real-time. We apply the method to generate alginate microbeads in which HEK293FT cells could grow in three dimensions. The stiffnesses ranged from 50 Pa to close to 1 kPa in Young modulus and were encoded with a fluorescent marker. We trained deep learning models based on the YOLOv4 object detector to efficiently detect both microbeads and multicellular spheroids from high-content screening images. This allowed us to map relationships between hydrogel stiffness and multicellular spheroid growth."
250,A4_tissue,39877155,PMC11772149,10.1016/j.bioactmat.2024.12.031,2025,Bioactive materials,research-article; Journal Article,Graphene oxide scaffolds promote functional improvements mediated by scaffold-invading axons in thoracic transected rats.,"Millions of patients and their caretakers live and deal with the devastating consequences of spinal cord injury (SCI) worldwide. Despite outstanding advances in the field to both understand and tackle these pathologies, a cure for SCI patients, with their peculiar characteristics, is still a mirage. One of the most promising therapeutic strategies to date for these patients involves the use of epidural electrical stimulation. In this context, electrically active materials such as graphene and its derivates become particularly interesting. Indeed, solid evidence of their capacity to closely interact with neural cells and networks is growing. Encouraged by previous findings in our laboratory on the exploration of 3D porous reduced graphene oxide (rGO) scaffolds in chronic cervical hemisected rats (C6), herein we report their neuro-reparative properties when chronically implanted in complete transected rats (T9-T10), in which no preserved contralateral neural networks can assist in any observed recovery. Electrophysiological recordings from brainstem regions show antidromic activation of a small population of neurons in response to electrical stimulation caudal to the injury. These neurons are located in the Gigantocellular nucleus of reticular formation and vestibular nuclei, both regions directly related to motor functions. Together with histological features at the lesion site, such as more abundant and larger blood vessels and more abundant, longer and more homogeneously distributed axons, our results corroborate that rGO scaffolds create a permissive environment that allows the invasion of functional axonic processes from neurons located in brainstem nuclei with motor function in a rat model of complete thoracic transection. Additionally, behavioral tests evidence that these scaffolds play an important role in whole-body mechanical stabilization (postural control) proved by the absence of scoliosis, a higher trunk stability and a larger cervico-thoraco-lumbar movement range in rGO-implanted rats."
251,A4_tissue,37863640,PMC10699105,10.1002/2211-5463.13719,2023,FEBS open bio,"Research Support, Non-U.S. Gov't; research-article; Journal Article","Three-dimensional, PEG-based hydrogels induce spheroid formation and enhance viability of A2058 melanoma cells.","Traditional drug screening methods use monolayer (2D) tumor cell cultures, which lack basic features of tumor complexity. As an alternative, 3D hydrogels have begun to emerge as simple, time-, and cost-saving systems. One of the most promising candidates, synthetic alkoxysilane-PEG (polyethylene glycol)-based hydrogels, are formed by ""sol-gel"" polymerization in an aqueous medium, which allows control over the incorporated elements. Our aims were to optimize siloxane-PEG hydrogels for three different cell lines of skin origin and utilize these 3D hydrogels as a feasible drug (e.g., daunorubicin) screening assay. A drastic increase in survival and the formation of cellular aggregates (spheroids) could be observed in A2058 melanoma cells, but not in keratinocyte and endothelial cell lines. A deep-learning neural network was trained to recognize and distinguish between the cellular formations and allowed the fast processing of hundreds of microscopic images. We developed an artificial intelligence (AI)-assisted application (https://github.com/enyecz/CancerDetector2), which indicated that, in terms of average area of the spheroids treated with daunorubicin, A2058 melanoma cell 3D aggregates have better survival in a hydrogel containing 15% bis-mono-ethoxysilane-PEG."
252,A4_tissue,41769200,PMC12948305,10.1631/bdm.2400454,2025,Bio-design and manufacturing,research-article; Journal Article,Machine learning-assisted stiffness prediction in high-cell-density bioprinting.,"Bioprinting of cell-laden hydrogels is a rapidly growing field in tissue engineering. The advent of digital light processing (DLP) three-dimensional (3D) bioprinting technique has revolutionized the fabrication of complex 3D structures. By adjusting light exposure, it becomes possible to control the mechanical properties of the structure, a critical factor in modulating cell activities. To better mimic cell densities in real tissues, recent progress has been made in achieving high-cell-density (HCD) printing with high resolution. However, regulating the stiffness in HCD constructs remains challenging. The large volume of cells greatly affects the light-based DLP bioprinting by causing light absorption, reflection, and scattering. Here, we introduce a neural network-based machine learning technique to predict the stiffness of cell-laden hydrogel scaffolds. Using comprehensive mechanical testing data from 3D bioprinted samples, the model was trained to deliver accurate predictions. To address the demand of working with precious and costly cell types, we employed various methods to ensure the generalizability of the model, even with limited datasets. We demonstrated a transfer learning method to achieve good performance for a precious cell type with a reduced amount of data. The chosen method outperformed many other machine learning techniques, offering a reliable and efficient solution for stiffness prediction in cell-laden scaffolds. This breakthrough paves the way for the next generation of precision bioprinting and more customized tissue engineering."
253,A4_tissue,40479052,PMC12143354,10.1126/sciadv.adu2695,2025,Science advances,research-article; Journal Article,Determining sex differences in aortic valve myofibroblast responses to drug combinations identified using a digital medicine platform.,"Aortic valve stenosis (AVS) is a sexually dimorphic disease where aortic valve leaflets develop fibrosis and calcification, leading to heart failure if untreated. Sex differences in AVS progression depend on valvular interstitial cells (VICs) activating to myofibroblasts that drive aberrant extracellular matrix remodeling. To date, no treatment strategies have leveraged cellular sex differences to determine drug combinations that target VIC myofibroblast activation. Here, we harnessed IDentif.AI, an artificial intelligence (AI)-derived platform, to optimize sex-biased synergistic drug combinations that may prevent and reverse VIC myofibroblast activation on hydrogel biomaterials. The results reveal that sex-specific drug response models can be used to predict sex biases in drug efficacy and combinatorial interactions. This study provides a framework for developing AVS treatments through the integration of high-throughput hydrogel cell culture platforms and AI-driven drug optimization. Designing targeted AVS drug combinations may help accelerate AVS drug development and address health disparities in AVS treatment outcomes."
254,A4_tissue,40303933,PMC12040340,10.26502/josm.511500193,2025,Journal of orthopaedics and sports medicine,research-article; Journal Article,"Risk Factors, Incidence, and Management of Re-Injury following Repair of Shoulder Rotator Cuff.","Rotator cuff tears are among the most common musculoskeletal injuries worldwide, often requiring surgical intervention to restore shoulder function. Despite improvements in surgical techniques, rotator cuff re-injury remains a significant challenge, influenced by a combination of patient-related and procedural factors. The incidence of re-injury after surgery ranges from 15% to 21%, varying based on the severity of the initial injury and adherence to rehabilitation. In this article, we critically examine the risk factors, incidence, and management strategies associated with rotator cuff re-injury. Key risk factors include advanced age, larger tear size, poor tissue quality, high activity levels, and comorbid conditions like diabetes and hyperlipidemia. Age-related degenerative changes, muscle atrophy, and fatty infiltration impair tendon healing, increasing the risk of re-injury. Emerging geometric classifications of rotator cuff tears (Types 1-4) provide valuable insights into prognosis and guide surgical approaches. Management strategies for re-injury include both conservative approaches, such as physical therapy and activity modification, and surgical revisions, including tendon transfers and superior capsular reconstruction. Novel interventions like biological scaffolds, mesenchymal stem cell therapy, and machine learning-driven rehabilitation protocols are being explored to enhance tendon healing and reduce re-injury rates. However, gaps remain in understanding the biological mechanisms of tendon repair and optimizing personalized treatment strategies. Future research should focus on integrating biomolecular insights with clinical practice to improve outcomes and reduce the burden of rotator cuff re-injury."
255,A4_tissue,37006302,PMC10050687,10.3389/fimmu.2023.1127879,2023,Frontiers in immunology,"Research Support, Non-U.S. Gov't; research-article; Journal Article",Establishing a human bone marrow single cell reference atlas to study ageing and diseases.,"IntroductionAgeing in the human bone marrow is associated with immune function decline that results in the elderly being vulnerable to illnesses. A comprehensive healthy bone marrow consensus atlas can serve as a reference to study the immunological changes associated with ageing, and to identify and study abnormal cell states.MethodsWe collected publicly available single cell transcriptomic data of 145 healthy samples encompassing a wide spectrum of ages ranging from 2 to 84 years old to construct our human bone marrow atlas. The final atlas has 673,750 cells and 54 annotated cell types.ResultsWe first characterised the changes in cell population sizes with respect to age and the corresponding changes in gene expression and pathways. Overall, we found significant age-associated changes in the lymphoid lineage cells. The naïve CD8+ T cell population showed significant shrinkage with ageing while the effector/memory CD4+ T cells increased in proportion. We also found an age-correlated decline in the common lymphoid progenitor population, in line with the commonly observed myeloid skew in haematopoiesis among the elderly. We then employed our cell type-specific ageing gene signatures to develop a machine learning model that predicts the biological age of bone marrow samples, which we then applied to healthy individuals and those with blood diseases. Finally, we demonstrated how to identify abnormal cell states by mapping disease samples onto the atlas. We accurately identified abnormal plasma cells and erythroblasts in multiple myeloma samples, and abnormal cells in acute myeloid leukaemia samples.DiscussionThe bone marrow is the site of haematopoiesis, a highly important bodily process. We believe that our healthy bone marrow atlas is a valuable reference for studying bone marrow processes and bone marrow-related diseases. It can be mined for novel discoveries, as well as serve as a reference scaffold for mapping samples to identify and investigate abnormal cells."
256,A4_tissue,34963817,PMC8651774,10.1038/s41378-021-00329-z,2021,Microsystems & nanoengineering,research-article; Journal Article,Touchable cell biophysics property recognition platforms enable multifunctional blood smart health care.,"As a crucial biophysical property, red blood cell (RBC) deformability is pathologically altered in numerous disease states, and biochemical and structural changes occur over time in stored samples of otherwise normal RBCs. However, there is still a gap in applying it further to point-of-care blood devices due to the large external equipment (high-resolution microscope and microfluidic pump), associated operational difficulties, and professional analysis. Herein, we revolutionarily propose a smart optofluidic system to provide a differential diagnosis for blood testing via precise cell biophysics property recognition both mechanically and morphologically. Deformation of the RBC population is caused by pressing the hydrogel via an integrated mechanical transfer device. The biophysical properties of the cell population are obtained by the designed smartphone algorithm. Artificial intelligence-based modeling of cell biophysics properties related to blood diseases and quality was developed for online testing. We currently achieve 100% diagnostic accuracy for five typical clinical blood diseases (90 megaloblastic anemia, 78 myelofibrosis, 84 iron deficiency anemia, 48 thrombotic thrombocytopenic purpura, and 48 thalassemias) via real-world prospective implementation; furthermore, personalized blood quality (for transfusion in cardiac surgery) monitoring is achieved with an accuracy of 96.9%. This work suggests a potential basis for next-generation blood smart health care devices."
257,A4_tissue,34541417,PMC8433058,10.1016/j.bioactmat.2021.06.013,2022,Bioactive materials,research-article; Journal Article,A practical guide to promote informatics-driven efficient biotopographic material development.,"Micro/nano topographic structures have shown great utility in many biomedical areas including cell therapies, tissue engineering, and implantable devices. Computer-assisted informatics methods hold great promise for the design of topographic structures with targeted properties for a specific medical application. To benefit from these methods, researchers and engineers require a highly reusable ""one structural parameter - one set of cell responses"" database. However, existing confounding factors in topographic cell culture devices seriously impede the acquisition of this kind of data. Through carefully dissecting the confounding factors and their possible reasons for emergence, we developed corresponding guideline requirements for topographic cell culture device development to remove or control the influence of such factors. Based on these requirements, we then suggested potential strategies to meet them. In this work, we also experimentally demonstrated a topographic cell culture device with controlled confounding factors based on these guideline requirements and corresponding strategies. A ""guideline for the development of topographic cell culture devices"" was summarized to instruct researchers to develop topographic cell culture devices with the confounding factors removed or well controlled. This guideline aims to promote the establishment of a highly reusable ""one structural parameter - one set of cell responses"" database that could facilitate the application of informatics methods, such as artificial intelligence, in the rational design of future biotopographic structures with high efficacy."
258,A4_tissue,35879391,PMC9314366,10.1038/s42003-022-03699-w,2022,Communications biology,"Research Support, Non-U.S. Gov't; research-article; Journal Article",Solution structure of recombinant Pvfp-5β reveals insights into mussel adhesion.,"Some marine organisms can resist to aqueous tidal environments and adhere tightly on wet surface. This behavior has raised increasing attention for potential applications in medicine, biomaterials, and tissue engineering. In mussels, adhesive forces to the rock are the resultant of proteinic fibrous formations called byssus. We present the solution structure of Pvfp-5β, one of the three byssal plaque proteins secreted by the Asian green mussel Perna viridis, and the component responsible for initiating interactions with the substrate. We demonstrate that Pvfp-5β has a stably folded structure in agreement with the presence in the sequence of two EGF motifs. The structure is highly rigid except for a few residues affected by slow local motions in the µs-ms time scale, and differs from the model calculated by artificial intelligence methods for the relative orientation of the EGF modules, which is something where computational methods still underperform. We also show that Pvfp-5β is able to coacervate even with no DOPA modification, giving thus insights both for understanding the adhesion mechanism of adhesive mussel proteins, and developing of biomaterials."
259,A4_tissue,38534378,PMC10969030,10.3390/cells13060534,2024,Cells,"research-article; Journal Article; Research Support, N.I.H., Extramural",Deep Learning Powered Identification of Differentiated Early Mesoderm Cells from Pluripotent Stem Cells.,"Pluripotent stem cells can be differentiated into all three germ-layers including ecto-, endo-, and mesoderm in vitro. However, the early identification and rapid characterization of each germ-layer in response to chemical and physical induction of differentiation is limited. This is a long-standing issue for rapid and high-throughput screening to determine lineage specification efficiency. Here, we present deep learning (DL) methodologies for predicting and classifying early mesoderm cells differentiated from embryoid bodies (EBs) based on cellular and nuclear morphologies. Using a transgenic murine embryonic stem cell (mESC) line, namely OGTR1, we validated the upregulation of mesodermal genes (Brachyury (T): DsRed) in cells derived from EBs for the deep learning model training. Cells were classified into mesodermal and non-mesodermal (representing endo- and ectoderm) classes using a convolutional neural network (CNN) model called InceptionV3 which achieved a very high classification accuracy of 97% for phase images and 90% for nuclei images. In addition, we also performed image segmentation using an Attention U-Net CNN and obtained a mean intersection over union of 61% and 69% for phase-contrast and nuclear images, respectively. This work highlights the potential of integrating cell culture, imaging technologies, and deep learning methodologies in identifying lineage specification, thus contributing to the advancements in regenerative medicine. Collectively, our trained deep learning models can predict the mesoderm cells with high accuracy based on cellular and nuclear morphologies."
260,A4_tissue,32782987,PMC7415853,10.18063/ijb.v6i1.253,2020,International journal of bioprinting,research-article; Journal Article,A Perspective on Using Machine Learning in 3D Bioprinting.,"Recently, three-dimensional (3D) printing technologies have been widely applied in industry and our daily lives. The term 3D bioprinting has been coined to describe 3D printing at the biomedical level. Machine learning is currently becoming increasingly active and has been used to improve 3D printing processes, such as process optimization, dimensional accuracy analysis, manufacturing defect detection, and material property prediction. However, few studies have been found to use machine learning in 3D bioprinting processes. In this paper, related machine learning methods used in 3D printing are briefly reviewed and a perspective on how machine learning can also benefit 3D bioprinting is discussed. We believe that machine learning can significantly affect the future development of 3D bioprinting and hope this paper can inspire some ideas on how machine learning can be used to improve 3D bioprinting."
261,A4_tissue,40647847,PMC12252157,10.3390/polym17131838,2025,Polymers,research-article; Journal Article,Enhancing 3D Printing of Gelatin/Siloxane-Based Cellular Scaffolds Using a Computational Model.,"In recent years, extrusion-based 3D printing has been explored for the fabrication of hydrogel-based structures. This work presents an evaluation of the printability of a gelatin/siloxane hybrid material under defined extrusion conditions by combining rheological characterization, finite-element-based flow simulation in SolidWorks, and image-based analysis of printed meshes. Rheological tests revealed a working region around 50 Pa shear stress, with a maximum viscosity of 3 × 105 Pa·s, a minimum viscosity of 0.089 Pa·s, and a shear rate of 15 s−1. Initial printing conditions using a 27G nozzle, 180 kPa pressure, 32 °C temperature, and 30 mm/s velocity produced mesh images with 54.5% similarity to the CAD target. A FEM-guided parameter set and a binary convolutional neural network trained on microscope images were then used as complementary screening tools to compare printed meshes under the tested conditions. Prints obtained with a 25G nozzle, 170 kPa pressure, 32 °C temperature, and 25 mm/s velocity reached 92.35% image-derived similarity to the CAD target, while the highest similarity observed among the evaluated mesh images was 94.13%. These results support the use of the proposed workflow as a comparative screening strategy for planar printability and CAD similarity in this gelatin/siloxane system. However, the similarity values reported here are derived from 2D image-based metrics and should not be interpreted as direct evidence of full 3D fidelity, generalized process optimization, material superiority, or biological performance."
262,A4_tissue,33762607,PMC7991643,10.1038/s41598-021-85905-z,2021,Scientific reports,"Research Support, Non-U.S. Gov't; research-article; Research Support, U.S. Gov't, Non-P.H.S.; Journal Article; Research Support, N.I.H., Extramural",Investigating heterogeneities of live mesenchymal stromal cells using AI-based label-free imaging.,"Mesenchymal stromal cells (MSCs) are multipotent cells that have great potential for regenerative medicine, tissue repair, and immunotherapy. Unfortunately, the outcomes of MSC-based research and therapies can be highly inconsistent and difficult to reproduce, largely due to the inherently significant heterogeneity in MSCs, which has not been well investigated. To quantify cell heterogeneity, a standard approach is to measure marker expression on the protein level via immunochemistry assays. Performing such measurements non-invasively and at scale has remained challenging as conventional methods such as flow cytometry and immunofluorescence microscopy typically require cell fixation and laborious sample preparation. Here, we developed an artificial intelligence (AI)-based method that converts transmitted light microscopy images of MSCs into quantitative measurements of protein expression levels. By training a U-Net+ conditional generative adversarial network (cGAN) model that accurately (mean [Formula: see text] = 0.77) predicts expression of 8 MSC-specific markers, we showed that expression of surface markers provides a heterogeneity characterization that is complementary to conventional cell-level morphological analyses. Using this label-free imaging method, we also observed a multi-marker temporal-spatial fluctuation of protein distributions in live MSCs. These demonstrations suggest that our AI-based microscopy can be utilized to perform quantitative, non-invasive, single-cell, and multi-marker characterizations of heterogeneous live MSC culture. Our method provides a foundational step toward the instant integrative assessment of MSC properties, which is critical for high-throughput screening and quality control in cellular therapies."
263,A4_tissue,36620090,PMC9815236,10.1080/14686996.2022.2157682,2023,Science and technology of advanced materials,research-article; Journal Article,Deep-learning-based inverse design of three-dimensional architected cellular materials with the target porosity and stiffness using voxelized Voronoi lattices.,"Architected cellular materials are a class of artificial materials with cellular architecture-dependent properties. Typically, designing cellular architectures paves the way to generate architected cellular materials with specific properties. However, most previous studies have primarily focused on a forward design strategy, wherein a geometry is generated using computer-aided design modeling, and its properties are investigated experimentally or via simulations. In this study, we developed an inverse design framework for a disordered architected cellular material (Voronoi lattices) using deep learning. This inverse design framework is a three-dimensional conditional generative adversarial network (3D-CGAN) trained based on supervised learning using a dataset consisting of voxelized Voronoi lattices and their corresponding relative densities and Young's moduli. A well-trained 3D-CGAN adopts variational sampling to generate multiple distinct Voronoi lattices with the target relative density and Young's modulus. Consequently, the mechanical properties of the 3D-CGAN generated Voronoi lattices are validated through uniaxial compression tests and finite element simulations. The inverse design framework demonstrates potential for use in bone implants, where scaffold implants can be automatically generated with the target relative density and Young's modulus."
264,A4_tissue,37592036,PMC11180609,10.1038/s41587-023-01905-6,2024,Nature biotechnology,research-article; Journal Article,Predicting transcriptional outcomes of novel multigene perturbations with GEARS.,"Understanding cellular responses to genetic perturbation is central to numerous biomedical applications, from identifying genetic interactions involved in cancer to developing methods for regenerative medicine. However, the combinatorial explosion in the number of possible multigene perturbations severely limits experimental interrogation. Here, we present graph-enhanced gene activation and repression simulator (GEARS), a method that integrates deep learning with a knowledge graph of gene-gene relationships to predict transcriptional responses to both single and multigene perturbations using single-cell RNA-sequencing data from perturbational screens. GEARS is able to predict outcomes of perturbing combinations consisting of genes that were never experimentally perturbed. GEARS exhibited 40% higher precision than existing approaches in predicting four distinct genetic interaction subtypes in a combinatorial perturbation screen and identified the strongest interactions twice as well as prior approaches. Overall, GEARS can predict phenotypically distinct effects of multigene perturbations and thus guide the design of perturbational experiments."
265,A4_tissue,39770145,PMC11677331,10.3390/molecules29246056,2024,"Molecules (Basel, Switzerland)",research-article; Journal Article,Density Functional Theory Insights into Conduction Mechanisms in Perovskite-Type RCoO3 Nanofibers for Future Resistive Random-Access Memory Applications.,"In the era of artificial intelligence and Internet of Things, data storage has an important impact on the future development direction of data analysis. Resistive random-access memory (RRAM) devices are the research hotspot in the era of artificial intelligence and Internet of Things. Perovskite-type rare-earth metal oxides are common functional materials and considered promising candidates for RRAM devices because their interesting electronic properties depend on the interaction between oxygen ions, transition metals, and rare-earth metals. LaCoO3, NdCoO3, and SmCoO3 are typical rare-earth cobaltates (RCoO3). These perovskite materials were fabricated by electrospinning and the calcination method. The aim of this study was to investigate the resistive switching effect in the RCoO3 structure. The oxygen vacancies in RCoO3 are helpful to form conductive filaments, which dominates the resistance transition mechanism of Pt/RCoO3/Pt. The electronic properties of RCoO3 were investigated, including the barrier height and the shape of the conductive filaments. This study confirmed the potential application of LaCoO3, NdCoO3, and SmCoO3 in memory storage devices."
266,A4_tissue,38935025,PMC11434127,10.1002/advs.202402440,2024,"Advanced science (Weinheim, Baden-Wurttemberg, Germany)",research-article; Journal Article,Multi-Objective Bayesian Optimization for Laminate-Inspired Mechanically Reinforced Piezoelectric Self-Powered Sensing Yarns.,"Piezoelectric fiber yarns produced by electrospinning offer a versatile platform for intelligent devices, demonstrating mechanical durability and the ability to convert mechanical strain into electric signals. While conventional methods involve twisting a single poly(vinylidene fluoride-co-trifluoroethylene)(P(VDF-TrFE)) fiber mat to create yarns, by limiting control over the mechanical properties, an approach inspired by composite laminate design principles is proposed for strengthening. By stacking multiple electrospun mats in various sequences and twisting them into yarns, the mechanical properties of P(VDF-TrFE) yarn structures are efficiently optimized. By leveraging a multi-objective Bayesian optimization-based machine learning algorithm without imposing specific stacking restrictions, an optimal stacking sequence is determined that simultaneously enhances the ultimate tensile strength (UTS) and failure strain by considering the orientation angles of each aligned fiber mat as discrete design variables. The conditions on the Pareto front that achieve a balanced improvement in both the UTS and failure strain are identified. Additionally, applying corona poling induces extra dipole polarization in the yarn state, successfully fabricating mechanically robust and high-performance piezoelectric P(VDF-TrFE) yarns. Ultimately, the mechanically strengthened piezoelectric yarns demonstrate superior capabilities in self-powered sensing applications, particularly in challenging environments and sports scenarios, substantiating their potential for real-time signal detection."
267,A4_tissue,35586336,PMC9092522,10.1089/genbio.2022.0001,2022,GEN biotechnology,research-article; Journal Article,Label-Free Imaging to Track Reprogramming of Human Somatic Cells.,"The process of reprogramming patient samples to human-induced pluripotent stem cells (iPSCs) is stochastic, asynchronous, and inefficient, leading to a heterogeneous population of cells. In this study, we track the reprogramming status of patient-derived erythroid progenitor cells (EPCs) at the single-cell level during reprogramming with label-free live-cell imaging of cellular metabolism and nuclear morphometry to identify high-quality iPSCs. EPCs isolated from human peripheral blood of three donors were used for our proof-of-principle study. We found distinct patterns of autofluorescence lifetime for the reduced form of nicotinamide adenine dinucleotide (phosphate) and flavin adenine dinucleotide during reprogramming. Random forest models classified iPSCs with ∼95% accuracy, which enabled the successful isolation of iPSC lines from reprogramming cultures. Reprogramming trajectories resolved at the single-cell level indicated significant reprogramming heterogeneity along different branches of cell states. This combination of micropatterning, autofluorescence imaging, and machine learning provides a unique, real-time, and nondestructive method to assess the quality of iPSCs in a biomanufacturing process, which could have downstream impacts in regenerative medicine, cell/gene therapy, and disease modeling."
268,A4_tissue,40363163,PMC12074402,10.3390/s25092726,2025,"Sensors (Basel, Switzerland)",research-article; Journal Article,Preliminary Study on Sensor-Based Detection of an Adherent Cell's Pre-Detachment Moment in a MPWM Microfluidic Extraction System.,"The extraction of adherent cells, such as B16 murine melanoma cells, from Petri dish cultures is critical in biomedical applications, including cell reprogramming, transplantation, and regenerative medicine. Traditional detachment methods-enzymatic, mechanical, or chemical-often compromise cell viability by altering membrane integrity and disrupting adhesion proteins. To address these challenges, this study investigated sensor-based detection of the pre-detachment phase in a MPWM (Microfluidic Pulse Width Modulation) extraction system. Our approach integrates a micromechatronic system with a microfluidic suction circuit, real-time CCD imaging, and computational analysis to detect and characterize the pre-detachment moment before full extraction. A precisely controlled hydrodynamic force field progressively disrupts adhesion in multiple stages, reducing mechanical stress and preserving cell integrity. Real-time video analysis enables continuous monitoring of positional dynamics and oscillatory responses. Image processing and deep learning algorithms determine object center coordinates, allowing the MPWM system to dynamically adjust suction parameters. This optimizes detachment while minimizing liquid absorption and reflux volume, ensuring efficient extraction. By combining microfluidics, sensor detection, and AI-driven image processing, this study established a non-invasive method for optimizing adherent cell detachment. These findings have significant implications for single-cell research, regenerative medicine, and high-throughput biotechnology, ensuring maximal viability and minimal perturbation."
269,A4_tissue,36204248,PMC9513834,10.34133/2022/9784273,2022,"Research (Washington, D.C.)",research-article; Journal Article,High-Content Screening and Analysis of Stem Cell-Derived Neural Interfaces Using a Combinatorial Nanotechnology and Machine Learning Approach.,"A systematic investigation of stem cell-derived neural interfaces can facilitate the discovery of the molecular mechanisms behind cell behavior in neurological disorders and accelerate the development of stem cell-based therapies. Nevertheless, high-throughput investigation of the cell-type-specific biophysical cues associated with stem cell-derived neural interfaces continues to be a significant obstacle to overcome. To this end, we developed a combinatorial nanoarray-based method for high-throughput investigation of neural interface micro-/nanostructures (physical cues comprising geometrical, topographical, and mechanical aspects) and the effects of these complex physical cues on stem cell fate decisions. Furthermore, by applying a machine learning (ML)-based analytical approach to a large number of stem cell-derived neural interfaces, we comprehensively mapped stem cell adhesion, differentiation, and proliferation, which allowed for the cell-type-specific design of biomaterials for neural interfacing, including both adult and human-induced pluripotent stem cells (hiPSCs) with varying genetic backgrounds. In short, we successfully demonstrated how an innovative combinatorial nanoarray and ML-based platform technology can aid with the rational design of stem cell-derived neural interfaces, potentially facilitating precision, and personalized tissue engineering applications."
270,A4_tissue,37404322,PMC10315996,10.1039/d3ra02702c,2023,RSC advances,research-article; Journal Article,Gingerol extract-stabilized silver nanoparticles and their applications: colorimetric and machine learning-based sensing of Hg(ii) and antibacterial properties.,"This study focused on synthesizing ginger-stabilized silver nanoparticles (Gin-AgNPs) using a more eco-friendly method that utilized AgNO3 and natural ginger solution. These nanoparticles underwent a color change from yellow to colorless when exposed to Hg2+, enabling the detection of Hg2+ in tap water. The colorimetric sensor had good sensitivity, with a limit of detection (LOD) of 1.46 μM and a limit of quantitation (LOQ) of 3.04 μM. Importantly, the sensor operated accurately without being affected by various other metal ions. To enhance its performance, a machine learning approach was employed and achieved accuracy ranging from 0% to 14.66% when trained with images of Gin-AgNP solutions containing different Hg2+ concentrations. Furthermore, the Gin-AgNPs and Gin-AgNPs hydrogels exhibited antibacterial effects against both Gram-negative and Gram-positive bacteria, indicating potential future applications in the detection of Hg2+ and in wound healing."
271,A4_tissue,41583836,PMC12823833,10.3389/fsurg.2025.1710837,2025,Frontiers in surgery,research-article; Journal Article,Emerging applications and research trends of 3D printing and bioprinting in thoracic surgery: a bibliometric and visualized analysis.,"BackgroundThree-dimensional (3D) printing and bioprinting technologies have rapidly evolved into essential tools in thoracic surgery, enabling personalized anatomical modeling, implant fabrication, and tissue engineering. However, the global research landscape and thematic evolution of this field remain incompletely characterized.MethodsA comprehensive bibliometric and visualized analysis was conducted using the Web of Science Core Collection, Scopus, and PubMed databases, covering studies published between 2008 and 2024. Data visualization and network analyses were performed using CiteSpace (v6.2.4R) and VOSviewer (v1.6.18) to assess publication trends, author and institutional collaborations, co-citation patterns, and keyword evolution.ResultsA total of 740 publications were identified, including 627 original articles and 113 reviews, contributed by 4,077 authors from 1,277 institutions across 71 countries. Annual publications increased steadily, peaking in 2024. China ranked first in publication volume (205 papers, 27.7%), while the United States had the highest citation impact (10,969 citations; 58.66 citations per paper). The most active journals were Journal of Thoracic Disease and Medical Physics. Keyword and co-citation analyses revealed three main research phases (1): anatomical modeling and surgical simulation (2008-2015) (2); prosthetic design and clinical application (2016-2020); and (3) tissue engineering, radiotherapy guidance, and bioprinting innovations (2021-2024). Emerging hotspots included electrospinning, volatile organic compound sensing, and tumor-specific implant customization.ConclusionGlobal research on 3D printing in thoracic surgery has expanded rapidly, with a clear transition from mechanical reconstruction toward biologically functional and regenerative approaches. The integration of bioprinting with advanced imaging, artificial intelligence, and robotics holds promise for personalized, precision thoracic surgery. Continued interdisciplinary collaboration will be essential to accelerate clinical translation and regulatory approval of biofabricated constructs."
272,A4_tissue,41145641,PMC12559411,10.1038/s41598-025-21282-1,2025,Scientific reports,research-article; Journal Article,Predicted peptide scaffolds for drug screening in endometrial cancer organoids.,"AlphaFold, a deep learning-based platform widely used to predict protein and peptide structures, was employed in this study to model the self-assembling peptide RFC, which demonstrated a stable α-helical structure with high confidence. This structural prediction was supported by experimental analyses, which revealed the peptide's ability to form dense fibrillar networks and robust hydrogels, particularly at higher concentrations. These hydrogels effectively supported the 3D culture of endometrial cancer organoids, which retained key tumor characteristics, including high proliferative activity and resistance to platinum-based drugs. Among tested therapeutics, Doxorubicin showed the strongest efficacy, significantly reducing organoid viability. This study highlights the predictive power of AlphaFold in elucidating peptide structures and guiding biomaterial development. The RFC hydrogel, combined with organoid modeling, represents a promising platform for advancing cancer research and precision medicine. These findings demonstrate the synergistic value of computational tools like AlphaFold and experimental approaches in creating innovative solutions for challenging biomedical applications."
273,A4_tissue,40335689,PMC12158774,10.1038/s41586-025-08985-1,2025,Nature,research-article; Journal Article,Light-microscopy-based connectomic reconstruction of mammalian brain tissue.,"The information-processing capability of the brain's cellular network depends on the physical wiring pattern between neurons and their molecular and functional characteristics. Mapping neurons and resolving their individual synaptic connections can be achieved by volumetric imaging at nanoscale resolution1,2 with dense cellular labelling. Light microscopy is uniquely positioned to visualize specific molecules, but dense, synapse-level circuit reconstruction by light microscopy has been out of reach, owing to limitations in resolution, contrast and volumetric imaging capability. Here we describe light-microscopy-based connectomics (LICONN). We integrated specifically engineered hydrogel embedding and expansion with comprehensive deep-learning-based segmentation and analysis of connectivity, thereby directly incorporating molecular information into synapse-level reconstructions of brain tissue. LICONN will allow synapse-level phenotyping of brain tissue in biological experiments in a readily adoptable manner."
274,A4_tissue,36725305,PMC10074104,10.1002/advs.202206872,2023,"Advanced science (Weinheim, Baden-Wurttemberg, Germany)","Research Support, Non-U.S. Gov't; research-article; Journal Article; Research Support, N.I.H., Extramural",CRISPR-Enhanced Hydrogel Microparticles for Multiplexed Detection of Nucleic Acids.,"CRISPR/Cas systems offer a powerful sensing mechanism to transduce sequence-specific information into amplified analytical signals. However, performing multiplexed CRISPR/Cas assays remains challenging and often requires complex approaches for multiplexed assays. Here, a hydrogel-based CRISPR/Cas12 system termed CLAMP (Cas-Loaded Annotated Micro-Particles) is described. The approach compartmentalizes the CRISPR/Cas reaction in spatially-encoded hydrogel microparticles (HMPs). Each HMP is identifiable by its face code and becomes fluorescent when target DNA is present. The assay is further streamlined by capturing HMPs inside a microfluidic device; the captured particles are then automatically recognized by a machine-learning algorithm. The CLAMP assay is fast, highly sensitive (attomolar detection limits with preamplification), and capable of multiplexing in a single-pot assay. As a proof-of-concept clinical application, CLAMP is applied to detect nucleic acid targets of human papillomavirus in cervical brushing samples."
275,A4_tissue,33763978,PMC8193704,10.1111/cns.13638,2021,CNS neuroscience & therapeutics,"Research Support, Non-U.S. Gov't; research-article; Journal Article",Electroacupuncture facilitates the integration of a grafted TrkC-modified mesenchymal stem cell-derived neural network into transected spinal cord in rats via increasing neurotrophin-3.,"AimsThis study was aimed to investigate whether electroacupuncture (EA) would increase the secretion of neurotrophin-3 (NT-3) from injured spinal cord tissue, and, if so, whether the increased NT-3 would promote the survival, differentiation, and migration of grafted tyrosine kinase C (TrkC)-modified mesenchymal stem cell (MSC)-derived neural network cells. We next sought to determine if the latter would integrate with the host spinal cord neural circuit to improve the neurological function of injured spinal cord.MethodsAfter NT-3-modified Schwann cells (SCs) and TrkC-modified MSCs were co-cultured in a gelatin sponge scaffold for 14 days, the MSCs differentiated into neuron-like cells that formed a MSC-derived neural network (MN) implant. On this basis, we combined the MN implantation with EA in a rat model of spinal cord injury (SCI) and performed immunohistochemical staining, neural tracing, electrophysiology, and behavioral testing after 8 weeks.ResultsElectroacupuncture application enhanced the production of endogenous NT-3 in damaged spinal cord tissues. The increase in local NT-3 production promoted the survival, migration, and maintenance of the grafted MN, which expressed NT-3 high-affinity TrkC. The combination of MN implantation and EA application improved cortical motor-evoked potential relay and facilitated the locomotor performance of the paralyzed hindlimb compared with those of controls. These results suggest that the MN was better integrated into the host spinal cord neural network after EA treatment compared with control treatment.ConclusionsElectroacupuncture as an adjuvant therapy for TrkC-modified MSC-derived MN, acted by increasing the local production of NT-3, which accelerated neural network reconstruction and restoration of spinal cord function following SCI."
276,A4_tissue,40967208,PMC12570346,10.1016/j.crmeth.2025.101181,2025,Cell reports methods,research-article; Journal Article,Computational tracking of cell origins using CellSexID from single-cell transcriptomes.,"Cell tracking in chimeric models is essential yet challenging in developmental biology, regenerative medicine, and transplantation research. Current methods like fluorescent labeling and genetic barcoding are technically demanding, costly, and often impractical for dynamic tissues. We present CellSexID, a computational framework that uses sex as a surrogate marker for cell-origin inference. By training machine-learning models on single-cell transcriptomic data, CellSexID accurately predicts individual cell sex, enabling in silico distinction between donor and recipient cells in sex-mismatched settings. The model identifies minimal sex-linked gene sets through ensemble feature selection and has been validated using public datasets and experimental flow sorting, confirming biological relevance. We demonstrate CellSexID's applicability beyond chimeric models, including organ transplantation and sample demultiplexing. As a practical alternative to physical labeling, CellSexID facilitates precise cell tracking and supports diverse biomedical applications where mixed cellular populations need to be distinguished."
277,A4_tissue,38343549,PMC10853338,10.3389/fimmu.2024.1304183,2024,Frontiers in immunology,"Research Support, Non-U.S. Gov't; research-article; Journal Article",ADGRE5-centered Tsurv model in T cells recognizes responders to neoadjuvant cancer immunotherapy.,"BackgroundNeoadjuvant immunotherapy with anti-programmed death-1 (neo-antiPD1) has revolutionized perioperative methods for improvement of overall survival (OS), while approaches for major pathologic response patients' (MPR) recognition along with methods for overcoming non-MPR resistance are still in urgent need.MethodsWe utilized and integrated publicly-available immune checkpoint inhibitors regimens (ICIs) single-cell (sc) data as the discovery datasets, and innovatively developed a cell-communication analysis pipeline, along with a VIPER-based-SCENIC process, to thoroughly dissect MPR-responding subsets. Besides, we further employed our own non-small cell lung cancer (NSCLC) ICIs cohort's sc data for validation in-silico. Afterward, we resorted to ICIs-resistant murine models developed by us with multimodal investigation, including bulk-RNA-sequencing, Chip-sequencing and high-dimensional cytometry by time of flight (CYTOF) to consolidate our findings in-vivo. To comprehensively explore mechanisms, we adopted 3D ex-vivo hydrogel models for analysis. Furthermore, we constructed an ADGRE5-centered Tsurv model from our discovery dataset by machine learning (ML) algorithms for a wide range of tumor types (NSCLC, melanoma, urothelial cancer, etc.) and verified it in peripheral blood mononuclear cells (PBMCs) sc datasets.ResultsThrough a meta-analysis of multimodal sequential sc sequencing data from pre-ICIs and post-ICIs, we identified an MPR-expanding T cells meta-cluster (MPR-E) in the tumor microenvironment (TME), characterized by a stem-like CD8+ T cluster (survT) with STAT5-ADGRE5 axis enhancement compared to non-MPR or pre-ICIs TME. Through multi-omics analysis of murine TME, we further confirmed the existence of survT with silenced function and immune checkpoints (ICs) in MPR-E. After verification of the STAT5-ADGRE5 axis of survT in independent ICIs cohorts, an ADGRE5-centered Tsurv model was then developed through ML for identification of MPR patients pre-ICIs and post-ICIs, both in TME and PBMCs, which was further verified in pan-cancer immunotherapy cohorts. Mechanistically, we unveiled ICIs stimulated ADGRE5 upregulation in a STAT5-IL32 dependent manner in a 3D ex-vivo system (3D-HYGTIC) developed by us previously, which marked Tsurv with better survival flexibility, enhanced stemness and potential cytotoxicity within TME.ConclusionOur research provides insights into mechanisms underlying MPR in neo-antiPD1 and a well-performed model for the identification of non-MPR."
278,A4_tissue,37304146,PMC10250676,10.3389/fbioe.2023.1105377,2023,Frontiers in bioengineering and biotechnology,research-article; Journal Article,Computational approaches for evaluating morphological changes in the corneal stroma associated with decellularization.,"Decellularized corneas offer a promising and sustainable source of replacement grafts, mimicking native tissue and reducing the risk of immune rejection post-transplantation. Despite great success in achieving acellular scaffolds, little consensus exists regarding the quality of the decellularized extracellular matrix. Metrics used to evaluate extracellular matrix performance are study-specific, subjective, and semi-quantitative. Thus, this work focused on developing a computational method to examine the effectiveness of corneal decellularization. We combined conventional semi-quantitative histological assessments and automated scaffold evaluations based on textual image analyses to assess decellularization efficiency. Our study highlights that it is possible to develop contemporary machine learning (ML) models based on random forests and support vector machine algorithms, which can identify regions of interest in acellularized corneal stromal tissue with relatively high accuracy. These results provide a platform for developing machine learning biosensing systems for evaluating subtle morphological changes in decellularized scaffolds, which are crucial for assessing their functionality."
279,A4_tissue,41767930,PMC12945539,10.1364/boe.550401,2025,Biomedical optics express,research-article; Journal Article,Automated cell properties toolbox from 3D bioprinted hydrogel scaffolds via deep learning and optical coherence tomography.,"Accurately assessing cell viability and morphological properties within 3D bioprinted hydrogel scaffolds is essential for tissue engineering but remains challenging due to the limitations of existing invasive and threshold-based methods. We present a computational toolbox that automates cell viability analysis and quantifies key properties such as elongation, flatness, and surface roughness. This framework integrates optical coherence tomography (OCT) with deep learning-based segmentation, achieving a mean segmentation precision of 88.96%. By leveraging OCT's high-resolution imaging with deep learning-based segmentation, our novel approach enables non-invasive, quantitative analysis, which can advance rapid monitoring of 3D cell cultures for regenerative medicine and biomaterial research."
280,A4_tissue,35935046,PMC9348528,10.34172/apb.2022.060,2022,Advanced pharmaceutical bulletin,research-article; Journal Article,5FU-loaded PCL/Chitosan/Fe3O4 Core-Shell Nanofibers Structure: An Approach to Multi-Mode Anticancer System.,"Purpose: 5-Fluorouracil (5FU) and Fe3O4 nanoparticles were encapsulated in core-shell polycaprolactone (PCL)/chitosan (CS) nanofibers as a multi-mode anticancer system to study drug release sustainability. The structure of the core-shell drug delivery system was also optimized according to drug release behavior by artificial intelligence. Methods: The core-shell nanofibers were electrospun by a coaxial syringe. Artificial neural network (ANN) was used for function approximation to estimate release parameters. A genetic algorithm was then used for optimizing the structure. Chemical assay of the optimized sample was performed by Fourier transform infrared spectroscopy (FTIR), X-ray diffraction (XRD), and energy-dispersive X-ray spectroscopy (EDX). vibration sample magnetometer (VSM) test was conducted to measure the real amount of loaded magnetic nanoparticles. HepG2 cell cytotoxicity was studied and the results for the optimized samples with and without Fe3O4 after 72 hours were reported. Results: Feeding ratio of sheath to core and the amount of CS, Fe3O4, and 5FU had a statistical effect on nanofibers diameters, which were 300-450 nm. The drug loading efficiency of these nanofibers was 65-86%. ANN estimated the release parameters with an error of 10%. The temperature increased about 5.6°C in the alternative magnetic field (AMF) of 216 kA.m-1~300 kHz and 4.8°C in the AMF of 154 kA.m-1~400 kHz after 20 minutes. HepG2 cell cytotoxicity for the optimized samples with and without Fe3O4 after 72 hours were 39.7% and 38.8%, respectively. Conclusion: Since this core-shell drug release system was more sustainable compared to the blend structure despite the low half-life of 5FU, it is suggested to utilize it as post-surgical implants for various cancer treatments such as liver or colorectal cancer in the future. This system is capable of providing chemotherapy and hyperthermia simultaneously."
281,A4_tissue,39588857,PMC11756048,10.1002/adma.202411173,2025,"Advanced materials (Deerfield Beach, Fla.)","Research Support, Non-U.S. Gov't; research-article; Journal Article",Bacteriophage-Activated DNAzyme Hydrogels Combined with Machine Learning Enable Point-of-Use Colorimetric Detection of Escherichia coli.,"Developing cost-effective, consumer-accessible platforms for point-of-use environmental and clinical pathogen testing is a priority, to reduce reliance on laborious, time-consuming culturing approaches. Unfortunately, a system offering ultrasensitive detection capabilities in a form that requires little auxiliary equipment or training has remained elusive. Here, a colorimetric DNAzyme-crosslinked hydrogel sensor is presented. In the presence of a target pathogen, DNAzyme cleavage results in hydrogel dissolution, yielding the release of entrapped gold nanoparticles in a manner visible to the naked eye. Recognizing that Escherichia coli holds high relevance within both environmental and clinical environments, an E. coli-responsive DNAzyme is incorporated into this platform. Through the optimization of the hydrogel polymerization process and the discovery of bacteriophage-induced DNAzyme signal amplification, 101 CFU mL-1 E. coli is detected within real-world lake water samples. Subsequent pairing with an artificial intelligence model removed ambiguity in sensor readout, offering 96% true positive and 100% true negative accuracy. Finally, high sensor specificity and stability results supported clinical use, where 100% of urine samples collected from patients with E. coli urinary tract infections are accurately identified. No false positives are observed when testing healthy samples. Ultimately, this platform stands to significantly improve population health by substantially increasing pathogen testing accessibility."
282,A4_tissue,35675298,PMC9176756,10.1371/journal.pone.0268198,2022,PloS one,"Research Support, Non-U.S. Gov't; research-article; Journal Article; Research Support, N.I.H., Extramural",Predicting severity of cartilage damage in a post-traumatic porcine model: Synovial fluid and gait in a support vector machine.,"The inflammatory response to joint injury has been thought to play a key role in the development of osteoarthritis. In this preclinical study, we hypothesized that synovial fluid presence of inflammatory cytokines, as well as altered loading on the injured leg, would be associated with greater development of macroscopic cartilage damage after an ACL injury. Thirty-six Yucatan minipigs underwent ACL transection and were randomized to: 1) no further treatment, 2) ACL reconstruction, or 3) scaffold-enhanced ACL restoration. Synovial fluid samples and gait data were obtained pre-operatively and at multiple time points post-operatively. Cytokine levels were measured using a multiplex assay. Macroscopic cartilage assessments were performed following euthanasia at 52 weeks. General estimating equation modeling found the presence of IL-1α, IL-1RA, IL-2, IL-4, IL-6, and IL-10 and MMP-2, MMP-3, MMP-12, and MMP-13 in the synovial fluid was associated with better cartilage outcomes. Higher peak pressure for the surgical hind leg and contralateral hind leg aligned with worse cartilage outcomes. A support vector machine built with synovial fluid and gait metrics also demonstrated cytokine presence was predictive of better cartilage outcomes. In conclusion, this preclinical analysis suggests that synovial fluid devoid of cytokines may be a possible indicator that cartilage is more at risk of becoming pathologic after joint injury."
283,A4_tissue,37011281,PMC10057937,10.34133/cbsystems.0018,2023,"Cyborg and bionic systems (Washington, D.C.)",research-article; Journal Article,Engineering In vitro Models: Bioprinting of Organoids with Artificial Intelligence.,"In the last decade, organoids have gained popularity for developing mini-organs to support advancements in the study of organogenesis, disease modeling, and drug screening and, subsequently, in the development of new therapies. To date, such cultures have been used to replicate the composition and functionality of organs such as the kidney, liver, brain, and pancreas. However, depending on the experimenter, the culture environment and cell conditions may slightly vary, resulting in different organoids; this factor significantly affects their application in new drug development, especially during quantification. Standardization in this context can be achieved using bioprinting technology-an advanced technology that can print various cells and biomaterials at desired locations. This technology offers numerous advantages, including the manufacturing of complex three-dimensional biological structures. Therefore, in addition to the standardization of organoids, bioprinting technology in organoid engineering can facilitate automation in the fabrication process as well as a closer mimicry of native organs. Further, artificial intelligence (AI) has currently emerged as an effective tool to monitor and control the quality of final developed objects. Thus, organoids, bioprinting technology, and AI can be combined to obtain high-quality in vitro models for multiple applications."
284,A4_tissue,40401519,PMC12128979,10.1172/jci.insight.179246,2025,JCI insight,"Research Support, Non-U.S. Gov't; research-article; Journal Article",iPSC-RPE patch restores photoreceptors and regenerates choriocapillaris in a pig retinal degeneration model.,"Dry age-related macular degeneration (AMD) is a leading cause of untreatable vision loss. In advanced cases, retinal pigment epithelium (RPE) cell loss occurs alongside photoreceptor and choriocapillaris degeneration. We hypothesized that an RPE-patch would mitigate photoreceptor and choriocapillaris degeneration to restore vision. An induced pluripotent stem cell-derived RPE (iRPE) patch was developed using a clinically compatible manufacturing process by maturing iRPE cells on a biodegradable poly(lactic-co-glycolic acid) (PLGA) scaffold. To compare outcomes, we developed a surgical procedure for immediate sequential delivery of PLGA-iRPE and/or PLGA-only patches in the subretinal space of a pig model of laser-induced outer retinal degeneration. Deep learning algorithm-based optical coherence tomography (OCT) image segmentation verified preservation of the photoreceptors over the areas of PLGA-iRPE-transplanted retina and not in laser-injured or PLGA-only-transplanted retina. Adaptive optics imaging of individual cone photoreceptors further supported this finding. OCT-angiography revealed choriocapillaris regeneration in PLGA-iRPE- and not in PLGA-only-transplanted retinas. Our data, obtained using clinically relevant techniques, verified that PLGA-iRPE supports photoreceptor survival and regenerates choriocapillaris in a laser-injured pig retina. Sequential delivery of two 8 mm2 transplants allows for testing of surgical feasibility and safety of the double dose. This work allows one surgery to treat larger and noncontiguous retinal degeneration areas."
285,A4_tissue,36404777,PMC9668573,10.18063/ijb.v8i4.620,2022,International journal of bioprinting,research-article; Journal Article,A Deep Learning Quality Control Loop of the Extrusion-based Bioprinting Process.,"Extrusion-based bioprinting (EBB) represents one of the most used deposition technologies in the field of bioprinting, thanks to key advantages such as the easy-to-use hardware and the wide variety of materials that can be successfully printed. In recent years, research efforts have been focused on implementing a quality control loop for EBB, which can reduce the trial-and-error process necessary to optimize the printing parameters for a specific ink, standardize the results of a print across multiple laboratories, and so accelerate the translation of extrusion bioprinted products to more impactful clinical applications. Due to its capacity to acquire relevant features from a training dataset and generalize to unseen data, machine learning (ML) is currently being studied in literature as a relevant enabling technology for quality control in EBB. In this context, we propose a robust, deep learning-based control loop to automatically optimize the printing parameters and monitor the printing process online. We collected a comprehensive dataset of EBB prints by recording the process with a high-resolution webcam. To model multiple printing scenarios, each video represents a combination of multiple parameters, including printing set-up (either mechanical or pneumatic extrusion), material color, layer height, and infill density. After pre-processing, the collected dataset was used to thoroughly train and evaluate an ad hoc defined convolutional neural network by controlling over-fitting and optimizing the prediction time of the network. Finally, the ML model was used in a control loop to: (i) monitor the printing process and detect if a print with an error could be stopped before completion to save material and time and (ii) automatically optimize the printing parameters by combining the ML model with a previously published mathematical model of the EBB process. Altogether, we demonstrated for the first time how ML techniques can be used to automatize the EBB process, paving the way for a total quality control loop of the printing process."
286,A4_tissue,34422780,PMC8378215,10.3389/fbioe.2021.701778,2021,Frontiers in bioengineering and biotechnology,research-article; Journal Article,Towards the Experimentally-Informed In Silico Nozzle Design Optimization for Extrusion-Based Bioprinting of Shear-Thinning Hydrogels.,"Research in bioprinting is booming due to its potential in addressing several manufacturing challenges in regenerative medicine. However, there are still many hurdles to overcome to guarantee cell survival and good printability. For the 3D extrusion-based bioprinting, cell viability is amongst one of the lowest of all the bioprinting techniques and is strongly influenced by various factors including the shear stress in the print nozzle. The goal of this study is to quantify, by means of in silico modeling, the mechanical environment experienced by the bioink during the printing process. Two ubiquitous nozzle shapes, conical and blunted, were considered, as well as three common hydrogels with material properties spanning from almost Newtonian to highly shear-thinning materials following the power-law behavior: Alginate-Gelatin, Alginate and PF127. Comprehensive in silico testing of all combinations of nozzle geometry variations and hydrogels was achieved by combining a design of experiments approach (DoE) with a computational fluid dynamics (CFD) of the printing process, analyzed through a machine learning approach named Gaussian Process. Available experimental results were used to validate the CFD model and justify the use of shear stress as a surrogate for cell survival in this study. The lower and middle nozzle radius, lower nozzle length and the material properties, alone and combined, were identified as the major influencing factors affecting shear stress, and therefore cell viability, during printing. These results were successfully compared with those of reported experiments testing viability for different nozzle geometry parameters under constant flow rate or constant pressure. The in silico 3D bioprinting platform developed in this study offers the potential to assist and accelerate further development of 3D bioprinting."
287,A4_tissue,36536463,PMC9764714,10.1186/s13287-022-03208-0,2022,Stem cell research & therapy,"Research Support, Non-U.S. Gov't; research-article; Journal Article",3D printing of injury-preconditioned secretome/collagen/heparan sulfate scaffolds for neurological recovery after traumatic brain injury in rats.,"BackgroundThe effects of traumatic brain injury (TBI) can include physical disability and even death. The development of effective therapies to promote neurological recovery is still a challenging problem. 3D-printed biomaterials are considered to have a promising future in TBI repair. The injury-preconditioned secretome derived from human umbilical cord blood mesenchymal stem cells showed better stability in neurological recovery after TBI. Therefore, it is reasonable to assume that a biological scaffold loaded with an injury-preconditioned secretome could facilitate neural network reconstruction after TBI.MethodsIn this study, we fabricated injury-preconditioned secretome/collagen/heparan sulfate scaffolds by 3D printing. The scaffold structure and porosity were examined by scanning electron microscopy and HE staining. The cytocompatibility of the scaffolds was characterized by MTT analysis, HE staining and electron microscopy. The modified Neurological Severity Score (mNSS), Morris water maze (MWM), and motor evoked potential (MEP) were used to examine the recovery of cognitive and locomotor function after TBI in rats. HE staining, silver staining, Nissl staining, immunofluorescence, and transmission electron microscopy were used to detect the reconstruction of neural structures and pathophysiological processes. The biocompatibility of the scaffolds in vivo was characterized by tolerance exposure and liver/kidney function assays.ResultsThe excellent mechanical and porosity characteristics of the composite scaffold allowed it to efficiently regulate the secretome release rate. MTT and cell adhesion assays demonstrated that the scaffold loaded with the injury-preconditioned secretome (3D-CH-IB-ST) had better cytocompatibility than that loaded with the normal secretome (3D-CH-ST). In the rat TBI model, cognitive and locomotor function including mNSS, MWM, and MEP clearly improved when the scaffold was transplanted into the damage site. There is a significant improvement in nerve tissue at the site of lesion. More abundant endogenous neurons with nerve fibers, synaptic structures, and myelin sheaths were observed in the 3D-CH-IB-ST group. Furthermore, the apoptotic response and neuroinflammation were significantly reduced and functional vessels were observed at the injury site. Good exposure tolerance in vivo demonstrated favorable biocompatibility of the scaffold.ConclusionsOur results demonstrated that injury-preconditioned secretome/collagen/heparan sulfate scaffolds fabricated by 3D printing promoted neurological recovery after TBI by reconstructing neural networks, suggesting that the implantation of the scaffolds could be a novel way to alleviate brain damage following TBI."
288,A4_tissue,33783921,PMC8359832,10.1002/stem.3371,2021,"Stem cells (Dayton, Ohio)","Research Support, Non-U.S. Gov't; research-article; Journal Article",Label-free quality control and identification of human keratinocyte stem cells by deep learning-based automated cell tracking.,"Stem cell-based products have clinical and industrial applications. Thus, there is a need to develop quality control methods to standardize stem cell manufacturing. Here, we report a deep learning-based automated cell tracking (DeepACT) technology for noninvasive quality control and identification of cultured human stem cells. The combination of deep learning-based cascading cell detection and Kalman filter algorithm-based tracking successfully tracked the individual cells within the densely packed human epidermal keratinocyte colonies in the phase-contrast images of the culture. DeepACT rapidly analyzed the motion of individual keratinocytes, which enabled the quantitative evaluation of keratinocyte dynamics in response to changes in culture conditions. Furthermore, DeepACT can distinguish keratinocyte stem cell colonies from non-stem cell-derived colonies by analyzing the spatial and velocity information of cells. This system can be widely applied to stem cell cultures used in regenerative medicine and provides a platform for developing reliable and noninvasive quality control technology."
289,A4_tissue,34485258,PMC8415910,10.3389/fbioe.2021.704738,2021,Frontiers in bioengineering and biotechnology,research-article; Journal Article,Unraveling the Local Relation Between Tissue Composition and Human Brain Mechanics Through Machine Learning.,"The regional mechanical properties of brain tissue are not only key in the context of brain injury and its vulnerability towards mechanical loads, but also affect the behavior and functionality of brain cells. Due to the extremely soft nature of brain tissue, its mechanical characterization is challenging. The response to loading depends on length and time scales and is characterized by nonlinearity, compression-tension asymmetry, conditioning, and stress relaxation. In addition, the regional heterogeneity-both in mechanics and microstructure-complicates the comprehensive understanding of local tissue properties and its relation to the underlying microstructure. Here, we combine large-strain biomechanical tests with enzyme-linked immunosorbent assays (ELISA) and develop an extended type of constitutive artificial neural networks (CANNs) that can account for viscoelastic effects. We show that our viscoelastic constitutive artificial neural network is able to describe the tissue response in different brain regions and quantify the relevance of different cellular and extracellular components for time-independent (nonlinearity, compression-tension-asymmetry) and time-dependent (hysteresis, conditioning, stress relaxation) tissue mechanics, respectively. Our results suggest that the content of the extracellular matrix protein fibronectin is highly relevant for both the quasi-elastic behavior and viscoelastic effects of brain tissue. While the quasi-elastic response seems to be largely controlled by extracellular matrix proteins from the basement membrane, cellular components have a higher relevance for the viscoelastic response. Our findings advance our understanding of microstructure - mechanics relations in human brain tissue and are valuable to further advance predictive material models for finite element simulations or to design biomaterials for tissue engineering and 3D printing applications."
290,A4_tissue,40762431,PMC12371690,10.1021/acsami.5c11459,2025,ACS applied materials & interfaces,research-article; Journal Article,Integrating Deep Learning and Real-Time Imaging to Visualize In Situ Self-Assembly of Self-Healing Interpenetrating Polymer Networks Formed by Protein and Polysaccharide Fibers.,"Fibrillar protein hydrogels are promising sustainable biomaterials for biomedical applications, but their practical use is often limited by insufficient mechanical strength and stability. To address these challenges, we transformed native proteins into amyloid fibrils (AFs) and incorporated a fibrillar polysaccharide, phytagel (PHY), to engineer interpenetrating polymer network (IPN) hydrogels. Notably, we report for the first time the formation of an amyloid-based hydrogel from apoferritin (APO), with PHY reinforcing the network's mechanical integrity. In situ self-assembly of APO within the PHY matrix yields fully natural, biopolymer-based IPNs. Rheological analyses confirm synergistic interactions between AF and PHY fibers, with the composite hydrogels exhibiting significantly enhanced viscoelastic moduli compared with individual components. The AF-PHY hydrogels also demonstrate excellent self-healing behavior, rapidly restoring their storage modulus after high-strain deformation. A major advancement of this study is the application of deep learning (DL)-based image analysis, using convolutional neural networks, to automate the identification, segmentation, and quantification of fibrillar components in high-resolution scanning electron microscopy images. This AI-driven method enables precise differentiation between AF and PHY fibers and reveals the three-dimensional microarchitecture of the IPN, overcoming key limitations of traditional image analysis. Complementary real-time confocal laser scanning microscopy, with selective fluorescent labeling of protein and polysaccharide components, further validates the IPN structure of the hybrid hydrogels. Our results demonstrate that DL significantly enhances structural characterization and provides insights into gelation processes. This approach sets a new guide for the analysis of complex soft materials and underlines the potential of AF-PHY hydrogels as mechanically robust, self-healing, and fully sustainable biomaterials for biomedical engineering applications."
291,A4_tissue,36837169,PMC9961090,10.3390/ma16041539,2023,"Materials (Basel, Switzerland)",research-article; Journal Article,Towards a Material-by-Design Approach to Electrospun Scaffolds for Tissue Engineering Based on Statistical Design of Experiments (DOE).,"Electrospinning bears great potential for the manufacturing of scaffolds for tissue engineering, consisting of a porous mesh of ultrafine fibers that effectively mimic the extracellular matrix (ECM) and aid in directing stem cell fate. However, for engineering purposes, there is a need to develop material-by-design approaches based on predictive models. In this methodological study, a rational methodology based on statistical design of experiments (DOE) is discussed in detail, yielding heuristic models that capture the linkage between process parameters (Xs) of the electrospinning and scaffold properties (Ys). Five scaffolds made of polycaprolactone are produced according to a 22-factorial combinatorial scheme where two Xs, i.e., flow rate and applied voltage, are varied between two given levels plus a center point. The scaffolds were characterized to measure a set of properties (Ys), i.e., fiber diameter distribution, porosity, wettability, Young's modulus, and cell adhesion on murine myoblast C1C12 cells. Simple engineering DOE models were obtained for all Ys. Each Y, for example, the biological response, can be used as a driver for the design process, using the process-property model of interest for accurate interpolation within the design domain, enabling a material-by-design strategy and speeding up the product development cycle. The implications are also illustrated in the context of the design of multilayer scaffolds with microstructural gradients and controlled properties of each layer. The possibility of obtaining statistical models correlating between diverse output properties of the scaffolds is highlighted. Noteworthy, the featured DOE approach can be potentially merged with artificial intelligence tools to manage complexity and it is applicable to several fields including 3D printing."
292,A4_tissue,38026689,PMC10679684,10.3389/fncel.2023.1287089,2023,Frontiers in cellular neuroscience,research-article; Journal Article,Spatiotemporal analysis of 3D human iPSC-derived neural networks using a 3D multi-electrode array.,"While there is a growing appreciation of three-dimensional (3D) neural tissues (i.e., hydrogel-based, organoids, and spheroids), shown to improve cellular health and network activity to mirror brain-like activity in vivo, functional assessment using current electrophysiology techniques (e.g., planar multi-electrode arrays or patch clamp) has been technically challenging and limited to surface measurements at the bottom or top of the 3D tissue. As next-generation MEAs, specifically 3D MEAs, are being developed to increase the spatial precision across all three dimensions (X, Y, Z), development of improved computational analytical tools to discern region-specific changes within the Z dimension of the 3D tissue is needed. In the present study, we introduce a novel computational analytical pipeline to analyze 3D neural network activity recorded from a ""bottom-up"" 3D MEA integrated with a 3D hydrogel-based tissue containing human iPSC-derived neurons and primary astrocytes. Over a period of ~6.5 weeks, we describe the development and maturation of 3D neural activity (i.e., features of spiking and bursting activity) within cross sections of the 3D tissue, based on the vertical position of the electrode on the 3D MEA probe, in addition to network activity (identified using synchrony analysis) within and between cross sections. Then, using the sequential addition of postsynaptic receptor antagonists, bicuculline (BIC), 2-amino-5-phosphonovaleric acid (AP-5), and 6-cyano-5-nitroquinoxaline-2,3-dione (CNQX), we demonstrate that networks within and between cross sections of the 3D hydrogel-based tissue show a preference for GABA and/or glutamate synaptic transmission, suggesting differences in the network composition throughout the neural tissue. The ability to monitor the functional dynamics of the entire 3D reconstructed neural tissue is a critical bottleneck; here we demonstrate a computational pipeline that can be implemented in studies to better interpret network activity within an engineered 3D neural tissue and have a better understanding of the modeled organ tissue."
293,A4_tissue,40343205,PMC12058734,10.3389/fbioe.2025.1587546,2025,Frontiers in bioengineering and biotechnology,research-article; Journal Article,High-yield spidroin mimics for bioinspired fibers via computational design.,"The exceptional mechanical properties, biocompatibility, and biodegradability of spider silk make it a promising biomaterial, yet large-scale production remains hindered by challenges in heterologous expression. Existing prokaryotic systems face bottlenecks due to spidroins' high molecular weight, repetitive sequences, and GC-rich motifs, leading to low yields, premature transcription termination, and insoluble inclusion bodies. Addressing these challenges, the study integrates deep learning and bioengineering to design water-soluble, β-sheet-rich spidroin mimics optimized for efficient prokaryotic expression. By replacing polyalanine motifs in Nephila clavipes MaSp1 with computationally screened sequences (e.g., ITVQQ from Burkholderia OspA), five functional spidroins were engineered and solubly expressed in E. coli, achieving yields up to 0.99 g/L. Circular dichroism revealed that modified spidroins (e.g., 3rep-ITVQQ) exhibited β-sheet content up to 81.3% under thermal induction, surpassing unmodified MaSp1 (41.5%). Structural analysis via SEM demonstrated dense, uniform networks in 3rep-ITVQQ, correlating with enhanced mechanical potential. And 24rep-ITVQQ nanofibers were successfully prepared by electrostatic spinning. Coarse-grained molecular dynamics simulations validated progressive self-assembly with reduced solvent-accessible surface area over 1,000 ns. This work bridges the gap between sequence design and scalable production by overcoming expression barriers, simplifying purification, and leveraging β-sheet stacking for tunable mechanical properties. The results provide a blueprint for high-performance biomimetic fibers, advancing applications (e.g., surgical sutures, scaffolds) in tissue engineering and functional materials while addressing the limitations of conventional spidroin production systems."
294,A4_tissue,36316380,PMC9622733,10.1038/s41598-022-22774-0,2022,Scientific reports,"Research Support, Non-U.S. Gov't; research-article; Journal Article",Automated detection of patterned single-cells within hydrogel using deep learning.,"Single-cell analysis has been widely used in various biomedical engineering applications, ranging from cancer diagnostics, and immune response monitoring to drug screening. Single-cell isolation is fundamental for observing single-cell activities and an automatic finding method of accurate and reliable cell detection with few possible human errors is also essential. This paper reports trapping single cells into photo patternable hydrogel microwell arrays and isolating them. Additionally, we present an object detection-based DL algorithm that detects single cells in microwell arrays and predicts the presence of cells in resource-limited environments at the highest possible mAP (mean average precision) of 0.989 with an average inference time of 0.06 s. This algorithm leads to the enhancement of the high-throughput single-cell analysis, establishing high detection precision and reduced experimentation time."
295,A4_tissue,35422850,PMC9005268,10.1155/2022/6003293,2022,Computational intelligence and neuroscience,research-article; Journal Article,"Segmentation, Detection, and Tracking of Stem Cell Image by Digital Twins and Lightweight Deep Learning.","The current work aims to strengthen the research of segmentation, detection, and tracking methods of stem cell image in the fields of regenerative medicine and tissue damage restoration. Firstly, based on the relevant theories of stem cell image segmentation, digital twins (DTs), and lightweight deep learning, a new phase contrast microscope is introduced through the research of optical microscope. Secondly, the results of DTs method and phase contrast imaging principle are compared in stem cell image segmentation and detection. Finally, a lightweight deep learning model is introduced in the segmentation and tracking of stem cell image to observe the gray value and mean value before and after stem cell image movement and stem cell division. The results show that phase contrast microscope can increase the phase contrast and amplitude difference of stem cell image and solve the problem of stem cell image segmentation to a certain extent. The detection results of DTs method are compared with phase contrast imaging principle. It indicates that not only can DTs method make the image contour more accurate and clearer, but also its accuracy, recall, and F1 score are 0.038, 0.024, and 0.043 higher than those of the phase contrast imaging method. The lightweight deep learning model is applied to the segmentation and tracking of stem cell image. It is found that the gray value and mean value of stem cell image before and after movement and stem cell division do not change significantly. Hence, the application of DTs and lightweight deep learning methods in the segmentation, detection, and tracking of stem cell image has great reference significance for the development of biology and medicine."
296,A4_tissue,41026048,PMC12713054,10.1002/advs.202512518,2025,"Advanced science (Weinheim, Baden-Wurttemberg, Germany)",research-article; Journal Article,Multifunctional Fluorescent Microgel-Embedded Hydrogels for Temperature and X-Ray Sensing.,"Stimuli-responsive aggregation-induced emission luminogen (AIEgen)-based hydrogels exhibit tunable fluorescent signals in response to external stimuli, providing a suitable platform for sensing. As the largest sensory organ in the body, the response of skin temperature and X-ray dosage is crucial in predicting and diagnosing a range of diseases, and effective cancer radiotherapy. In this study, dual-responsive hydrogels are prepared by incorporating ratiometric fluorescent AIEgen-based microgels into polyvinyl alcohol (PVA). Experimental and molecular dynamics (MD) simulation results indicate that the AIEgen-based microgels enhance the mechanical and adhesive strength of the PVA hydrogels while maintaining good biocompatibility. Variations in temperature or X-ray exposure affect the chemical structure of the co-monomer or disulfide/diselenium-containing crosslinkers, which influences the molecular motion of the synthesized AIEgen; the other fluorescent molecules are unaffected. Consequently, the ratiometric fluorescent signals emitted by the AIE microgel-embedded hydrogels exhibit spectral and visual variations in response to changes in temperature and X-ray exposure. Applying support vector machine (SVM) regression, the hydrogel can achieve improved spectral accuracy. The hydrogel is shown to accurately sense skin temperature and effectively map radiotherapy dose levels."
297,A4_tissue,34456466,PMC8383920,10.1007/s10460-021-10237-7,2021,Agriculture and human values,research-article; Journal Article,Democratizing ownership and participation in the 4th Industrial Revolution: challenges and opportunities in cellular agriculture.,"The emergence of the ""4th Industrial Revolution,"" i.e. the convergence of artificial intelligence, the Internet of Things, advanced materials, and bioengineering technologies, could accelerate socioeconomic insecurities and anxieties or provide beneficial alternatives to the status quo. In the post-Covid-19 era, the entities that are best positioned to capitalize on these innovations are large firms, which use digital platforms and big data to orchestrate vast ecosystems of users and extract market share across industry sectors. Nonetheless, these technologies also have the potential to democratize ownership, broaden political-economic participation, and reduce environmental harms. We articulate the potential sociotechnical pathways in this high-stakes crossroads by analyzing cellular agriculture, an exemplary 4th Industrial Revolution technology that synergizes computer science, biopharma, tissue engineering, and food science to grow cultured meat, dairy, and egg products from cultured cells and/or genetically modified yeast. Our exploration of this space involved multi-sited ethnographic research in both (a) the cellular agriculture community and (b) alternative economic organizations devoted to open source licensing, member-owned cooperatives, social financing, and platform business models. Upon discussing how these latter approaches could potentially facilitate alternative sociotechnical pathways in cellular agriculture, we reflect upon the broader implications of this work with respect to the 4th Industrial Revolution and the enduring need for public policy reform."
298,A4_tissue,37049275,PMC10096685,10.3390/nano13071181,2023,"Nanomaterials (Basel, Switzerland)",research-article; Journal Article,Electrospun Nanofibers Hybrid Wrinkled Micropyramidal Architectures for Elastic Self-Powered Tactile and Motion Sensors.,"Conformable, sensitive, long-lasting, external power supplies-free multifunctional electronics are highly desired for personal healthcare monitoring and artificial intelligence. Herein, we report a series of stretchable, skin-like, self-powered tactile and motion sensors based on single-electrode mode triboelectric nanogenerators. The triboelectric sensors were composed of ultraelastic polyacrylamide (PAAm)/(polyvinyl pyrrolidone) PVP/(calcium chloride) CaCl2 conductive hydrogels and surface-modified silicon rubber thin films. The significant enhancement of electrospun polyvinylidene fluoride (PVDF) nanofiber-modified hierarchically wrinkled micropyramidal architectures for the friction layer was studied. The mechanism of the enhanced output performance of the electrospun PVDF nanofibers and the single-side/double-side wrinkled micropyramidal architectures-based sensors has been discussed in detail. The as-prepared devices exhibited excellent sensitivity of a maximum of 20.1 V/N (or 8.03 V/kPa) as tactile sensors to recognize a wide range of forces from 0.1 N to 30 N at low frequencies. In addition, multiple human motion monitoring was demonstrated, such as knee, finger, wrist, and neck movement and voice recognition. This work shows great potential for skin-like epidermal electronics in long-term medical monitoring and intelligent robot applications."
299,A4_tissue,39013112,PMC11425275,10.1002/advs.202405374,2024,"Advanced science (Weinheim, Baden-Wurttemberg, Germany)",research-article; Journal Article,"Stretchable Piezoresistive Pressure Sensor Array with Sophisticated Sensitivity, Strain-Insensitivity, and Reproducibility.","This study delves into the development of a novel 10 by 10 sensor array featuring 100 pressure sensor pixels, achieving remarkable sensitivity up to 888.79 kPa-1, through the innovative design of sensor structure. The critical challenge of strain sensitivity inherent is addressed in stretchable piezoresistive pressure sensors, a domain that has seen significant interest due to their potential for practical applications. This approach involves synthesizing and electrospinning polybutadiene-urethane (PBU), a reversible cross-linking polymer, subsequently coated with MXene nanosheets to create a conductive fabric. This fabrication technique strategically enhances sensor sensitivity by minimizing initial current values and incorporating semi-cylindrical electrodes with Ag nanowires (AgNWs) selectively coated for optimal conductivity. The application of a pre-strain method to electrode construction ensures strain immunity, preserving the sensor's electrical properties under expansion. The sensor array demonstrated remarkable sensitivity by consistently detecting even subtle airflow from an air gun in a wind sensing test, while a novel deep learning methodology significantly enhanced the long-term sensing accuracy of polymer-based stretchable mechanical sensors, marking a major advancement in sensor technology. This research presents a significant step forward in enhancing the reliability and performance of stretchable piezoresistive pressure sensors, offering a comprehensive solution to their current limitations."
300,A4_tissue,41002518,PMC12469431,10.3390/gels11090743,2025,"Gels (Basel, Switzerland)",research-article; Journal Article,Deep Learning-Enabled Flexible PVA/CNPs Hydrogel Film Sensor for Abdominal Respiration Monitoring.,"In this study, a flexible hydrogel film sensor based on the intermixing of poly(vinyl alcohol) (PVA) and biomass-derived carbon nanoparticles (CNPs) was prepared and microstructures were constructed by replicating sandpaper templates on its surface. The sensor thus has good overall sensing performance with a sensitivity of 101 kPa-1, a fast response/recovery time of 22 ms and 20,000 fatigue cycles. The sensor was experimentally verified to accurately capture human joint movements, current signals of written letters, and weight differences in the size of spherical objects. Based on this, a breathing phase classification framework was constructed using the 1D-CNN algorithm, achieving a synergistic enhancement effect between environmentally scalable materials and Deep learning algorithms. This approach not only improves the signal discrimination function, but also provides new ideas for wearable medical monitoring, haptic feedback and intelligent robot human-machine interface."
301,A4_tissue,37834457,PMC10573944,10.3390/ijms241915009,2023,International journal of molecular sciences,research-article; Journal Article,Keras/TensorFlow in Drug Design for Immunity Disorders.,"Homeostasis of the host immune system is regulated by white blood cells with a variety of cell surface receptors for cytokines. Chemotactic cytokines (chemokines) activate their receptors to evoke the chemotaxis of immune cells in homeostatic migrations or inflammatory conditions towards inflamed tissue or pathogens. Dysregulation of the immune system leading to disorders such as allergies, autoimmune diseases, or cancer requires efficient, fast-acting drugs to minimize the long-term effects of chronic inflammation. Here, we performed structure-based virtual screening (SBVS) assisted by the Keras/TensorFlow neural network (NN) to find novel compound scaffolds acting on three chemokine receptors: CCR2, CCR3, and one CXC receptor, CXCR3. Keras/TensorFlow NN was used here not as a typically used binary classifier but as an efficient multi-class classifier that can discard not only inactive compounds but also low- or medium-activity compounds. Several compounds proposed by SBVS and NN were tested in 100 ns all-atom molecular dynamics simulations to confirm their binding affinity. To improve the basic binding affinity of the compounds, new chemical modifications were proposed. The modified compounds were compared with known antagonists of these three chemokine receptors. Known CXCR3 compounds were among the top predicted compounds; thus, the benefits of using Keras/TensorFlow in drug discovery have been shown in addition to structure-based approaches. Furthermore, we showed that Keras/TensorFlow NN can accurately predict the receptor subtype selectivity of compounds, for which SBVS often fails. We cross-tested chemokine receptor datasets retrieved from ChEMBL and curated datasets for cannabinoid receptors. The NN model trained on the cannabinoid receptor datasets retrieved from ChEMBL was the most accurate in the receptor subtype selectivity prediction. Among NN models trained on the chemokine receptor datasets, the CXCR3 model showed the highest accuracy in differentiating the receptor subtype for a given compound dataset."
302,A4_tissue,41321635,PMC12662115,10.1016/j.isci.2025.113816,2025,iScience,research-article; Journal Article,Non-invasive microwave detection system for rapid detection of intracerebral hemorrhage based on hydrogel metasurfaces and machine learning.,"To develop a portable microwave-based detection device integrating hydrogel metasurface technology and machine learning for non-invasive rapid detection of intracerebral hemorrhage. By optimizing electromagnetic wave propagation paths through hydrogel metasurfaces to reduce cranial attenuation of electromagnetic signals and enhance transmission efficiency, combined with machine learning algorithms to analyze complex electromagnetic signatures, the system enables accurate diagnosis of intracerebral hemorrhage. In murine models, the system demonstrated 100% sensitivity, 84.21% specificity, and 93.75% accuracy and an AUC of 0.99 for detecting a 30-μL intracerebral hemorrhage. The incorporation of hydrogel metasurface improved the detection accuracy by 7.8%. This research provides a technical approach for early intracerebral hemorrhage diagnosis, demonstrating advantages including portability, rapid response and high sensitivity. The methodology promises to provide clinically effective early diagnostic solutions for cerebral hemorrhage patients."
303,A4_tissue,41374242,PMC12693243,10.3390/ma18235401,2025,"Materials (Basel, Switzerland)",research-article; Journal Article,Physics-Informed Neural Networks for Thermo-Responsive Hydrogel Swelling: Integrating Constitutive Models with Sparse Experimental Data.,"Poly(N-isopropylacrylamide) (PNIPAM) hydrogels are temperature-sensitive materials whose swelling is difficult to predict near the gel collapse temperature (GCT). A physics-informed neural network (PINN) was developed in which a stabilized free-energy model is embedded and sparse data for free and uniaxially constrained swelling are assimilated. Across datasets, the PINN reduces test RMSE by 44% at low crosslink density (Nν = 0.0035) and by 65% at higher density (Nν = 0.02), with coverage inside ±RMSE bands improving from 61.9% to 76.2% for free swelling at Nν = 0.0035. Under constraint, test relative error decreases from 19.95% to 11.86% (n = 1) and from 9.19% to 5.90% (n = 3), while preserving thermodynamic stability. The method sharpens the transition slope near the gel-collapse temperature and narrows prediction intervals without overfitting, capturing cold-regime plateaus and hot-side tails more faithfully. The framework integrates governing equations with data to deliver accurate swelling and stress predictions using only eight anchors and thirteen held-out points per case. These results position PINNs as a reliable surrogate for designing thermo-responsive hydrogels in soft actuators and biomedical systems."
304,A4_tissue,35268999,PMC8911346,10.3390/ma15051769,2022,"Materials (Basel, Switzerland)",research-article; Journal Article,Enhanced Electromechanical Response in PVDF-BNBT Composite Nanofibers for Flexible Sensor Applications.,"Wearable energy harvesters and sensors have recently attracted significant attention with the rapid development of artificial intelligence and the Internet of Things (IoT). Compared to high-output bulk materials, these wearable devices are mainly fabricated by thin-film-based materials that limit their application. Therefore, the enhancement of output voltage and power for these devices has recently become an urgent topic. In this paper, the lead-free bismuth titanate-barium titanate (0.93(Na0.5Bi0.5)TiO3-0.07BaTiO3(BNBT)) nanoparticles and nanofibers were embedded into the PVDF nanofibers. They produced high inorganic electrical voltage coefficients, high electromechanical coupling coefficients, and environmentally friendly properties that enhance the electromechanical performance of pure PVDF nanofibers, and they are all the critical requirements for modern flexible pressure sensors. In detail, PVDF and PVDF-based composites nanofibers were prepared by electrospinning, and different flexible sandwich composite devices were fabricated by the PDMS encapsulation method. As a result, the six-time enhancement maximum output voltage was obtained in a PVDF-BNBT (fiber)-based composite sensor compared to the pure PVDF one. Our results indicate that the output voltage of the pressure sensors has been significantly enhanced, and the development gate is enabled by analyzing the related physical process and influence mechanism."
305,A4_tissue,34820576,PMC8586009,10.1016/j.bioactmat.2021.07.008,2022,Bioactive materials,research-article; Journal Article,Increased connectivity of hiPSC-derived neural networks in multiphase granular hydrogel scaffolds.,"To reflect human development, it is critical to create a substrate that can support long-term cell survival, differentiation, and maturation. Hydrogels are promising materials for 3D cultures. However, a bulk structure consisting of dense polymer networks often leads to suboptimal microenvironments that impedes nutrient exchange and cell-to-cell interaction. Herein, granular hydrogel-based scaffolds were used to support 3D human induced pluripotent stem cell (hiPSC)-derived neural networks. A custom designed 3D printed toolset was developed to extrude hyaluronic acid hydrogel through a porous nylon fabric to generate hydrogel granules. Cells and hydrogel granules were combined using a weaker secondary gelation step, forming self-supporting cell laden scaffolds. At three and seven days, granular scaffolds supported higher cell viability compared to bulk hydrogels, whereas granular scaffolds supported more neurite bearing cells and longer neurite extensions (65.52 ± 11.59 μm) after seven days compared to bulk hydrogels (22.90 ± 4.70 μm). Long-term (three-month) cultures of clinically relevant hiPSC-derived neural cells in granular hydrogels supported well established neuronal and astrocytic colonies and a high level of neurite extension both inside and beyond the scaffold. This approach is significant as it provides a simple, rapid and efficient way to achieve a tissue-relevant granular structure within hydrogel cultures."
306,A4_tissue,39777112,PMC11703396,10.37796/2211-8039.1470,2024,BioMedicine,research-article; Journal Article,Artificial intelligence (AI)-powered bibliometric analysis of global trends in mesenchymal stem cells (MSCs)-derived exosome research: 2014-2023.,"IntroductionIn recent years, significant progress has been made in regenerative medicine, specifically in using mesenchymal stem cells (MSCs) due to their regenerative and differentiating abilities. An exciting development in this area is the utilization of exosomes derived from MSCs, which have shown promise in tissue restoration, immune system modulation, and cancer treatment.ObjectivesThis study aims to analyze global research trends and the academic impact of MSCs-derived exosomes from 2014 to 2023, providing a comprehensive overview of this emerging field.Materials and methodsThe Web of Science database selected 948 relevant publications from 2014 to 2023. Artificial intelligence (AI)-bibliometric tools, including Bibliometrix, CiteSpace, and VOSviewer, were employed to analyze and visualize the data. The focus was on publication quantity, research nations, institutional partnerships, keywords, and research focal points.ResultsThe study revealed that China, Japan, Taiwan, and the United States are the leaders in publication volume and impact in MSCs-derived exosome research. China has the highest number of publications, while the United States and Iran excel in research quality and influence. Primary research themes were identified through keyword and clustering analyses, including tissue repair, immune modulation, bone regeneration, and cancer treatment. The study also emphasized the importance of international collaboration, with China and the United States demonstrating the most robust cooperation.ConclusionMSCs-derived exosome research rapidly expands worldwide, showing promising prospects in regenerative medicine and cell therapy. With continued research and international collaboration, MSCs-derived exosomes are expected to play a vital role in future therapeutic application."
307,A4_tissue,38988863,PMC11233802,10.3389/fbioe.2024.1411680,2024,Frontiers in bioengineering and biotechnology,research-article; Journal Article,ML-driven segmentation of microvascular features during histological examination of tissue-engineered vascular grafts.,"IntroductionThe development of next-generation tissue-engineered medical devices such as tissue-engineered vascular grafts (TEVGs) is a leading trend in translational medicine. Microscopic examination is an indispensable part of animal experimentation, and histopathological analysis of regenerated tissue is crucial for assessing the outcomes of implanted medical devices. However, the objective quantification of regenerated tissues can be challenging due to their unusual and complex architecture. To address these challenges, research and development of advanced ML-driven tools for performing adequate histological analysis appears to be an extremely promising direction.MethodsWe compiled a dataset of 104 representative whole slide images (WSIs) of TEVGs which were collected after a 6-month implantation into the sheep carotid artery. The histological examination aimed to analyze the patterns of vascular tissue regeneration in TEVGs in situ. Having performed an automated slicing of these WSIs by the Entropy Masker algorithm, we filtered and then manually annotated 1,401 patches to identify 9 histological features: arteriole lumen, arteriole media, arteriole adventitia, venule lumen, venule wall, capillary lumen, capillary wall, immune cells, and nerve trunks. To segment and quantify these features, we rigorously tuned and evaluated the performance of six deep learning models (U-Net, LinkNet, FPN, PSPNet, DeepLabV3, and MA-Net).ResultsAfter rigorous hyperparameter optimization, all six deep learning models achieved mean Dice Similarity Coefficients (DSC) exceeding 0.823. Notably, FPN and PSPNet exhibited the fastest convergence rates. MA-Net stood out with the highest mean DSC of 0.875, demonstrating superior performance in arteriole segmentation. DeepLabV3 performed well in segmenting venous and capillary structures, while FPN exhibited proficiency in identifying immune cells and nerve trunks. An ensemble of these three models attained an average DSC of 0.889, surpassing their individual performances.ConclusionThis study showcases the potential of ML-driven segmentation in the analysis of histological images of tissue-engineered vascular grafts. Through the creation of a unique dataset and the optimization of deep neural network hyperparameters, we developed and validated an ensemble model, establishing an effective tool for detecting key histological features essential for understanding vascular tissue regeneration. These advances herald a significant improvement in ML-assisted workflows for tissue engineering research and development."
308,A4_tissue,38009474,PMC10797463,10.1002/advs.202304776,2024,"Advanced science (Weinheim, Baden-Wurttemberg, Germany)",research-article; Journal Article,Bioinspired Multistimuli-Induced Synergistic Changes in Color and Shape of Hydrogel and Actuator Based on Fluorescent Microgels.,"Fluorescent hydrogels have emerged as one of the most promising candidates for developing biomimetic materials and artificial intelligence owing to their unique fluorescence and responsive properties. However, it is still challenging to fabricate hydrogel that exhibits synergistic changes in fluorescence color and shape in response to multistimulus via a simple method. Herein, blue- and orange-emitting fluorescent microgels (MGs) both are designed and synthesized with pH-, thermal-, and cationic-sensitivity via one-step polymerization, respectively. The two fluorescent MGs are incorporated into transparent doubly crosslinked microgel (DX MG) hydrogels with a preset ratio. The DX MG hydrogels can tune the fluorescent color accompanied by size variation via subjecting to external multistimulus. Thus, DX MG hydrogels can be exploited for multiresponsive fluorescent bilayer actuators. The actuators can undergo complex shape deformation and color changes. Inspired by natural organisms, an artificial morning glory with color and size changes are showcased in response to buffer solutions of different pH values. Besides, an intelligent skin hydrogel, imitating natural calotes versicolor, by assembling four layers of DX MG with different ratios of MGs, is tailored. This work serves as an inspiration for the design and fabrication of novel biomimetic smart materials with synergistic functions."
309,A4_tissue,34576503,PMC8471570,10.3390/ma14185278,2021,"Materials (Basel, Switzerland)",research-article; Journal Article,Artificial Intelligence Aided Design of Tissue Engineering Scaffolds Employing Virtual Tomography and 3D Convolutional Neural Networks.,"Design requirements for different mechanical metamaterials, porous constructions and lattice structures, employed as tissue engineering scaffolds, lead to multi-objective optimizations, due to the complex mechanical features of the biological tissues and structures they should mimic. In some cases, the use of conventional design and simulation methods for designing such tissue engineering scaffolds cannot be applied because of geometrical complexity, manufacturing defects or large aspect ratios leading to numerical mismatches. Artificial intelligence (AI) in general, and machine learning (ML) methods in particular, are already finding applications in tissue engineering and they can prove transformative resources for supporting designers in the field of regenerative medicine. In this study, the use of 3D convolutional neural networks (3D CNNs), trained using digital tomographies obtained from the CAD models, is validated as a powerful resource for predicting the mechanical properties of innovative scaffolds. The presented AI-aided or ML-aided design strategy is believed as an innovative approach in area of tissue engineering scaffolds, and of mechanical metamaterials in general. This strategy may lead to several applications beyond the tissue engineering field, as we analyze in the discussion and future proposals sections of the research study."
310,A4_tissue,40072142,PMC11902143,10.3390/nano15050339,2025,"Nanomaterials (Basel, Switzerland)",research-article; Journal Article,An In Situ Characterisation Method for 3-D Electrospun Foams.,"Three-dimensional electrospun foams are emerging in a diversity of applications. However, their characterisation involves procedures to calculate fibre diameter and porosity, which take considerable time. Hence, in this paper, an in situ characterisation method is presented based on signal features of the grounding voltage. These features are combined into the in situ evaluation parameter Sr for each run r. The L9 Taguchi method was utilised to minimise the total number of experiments. Moreover, to prove the accuracy of this method, the traditional post-fabrication analysis was conducted, and the post-fabrication evaluation parameter was retrieved Qr for each run r. The analysis shows that both parameters detected the same experiment run as the optimal one (with an adjusted R2 = 0.84) for polystyrene electrospun foams for two solution concentrations: 15%wv (run 3 with mean S3 = 54.49 and mean Q3 = 0.248) and 20%wv (mean S5 = 2.49 and Q5 = 0.248), respectively. Also, the statistical analysis shows low standard deviations for the optimal and near-optimal runs, proving the method's repeatability. Furthermore, a theoretical explanation is provided for selecting signal features based on the Maxwellian equivalent circuit approach for the electrospun jet. Finally, this fast in situ evaluation method can replace the post-fabrication time-consuming one. It can be used as a fundamental step for an intelligent artificial intelligence tool that predicts optimal foam formation."
311,A4_tissue,36416374,PMC10107930,10.1111/his.14846,2023,Histopathology,research-article; Journal Article,Myelofibrosis progression grading based on type I and type III collagen and fibrillin 1 expression boosted by whole slide image analysis.,"AimsThe progression of primary myelofibrosis is characterised by ongoing extracellular matrix deposition graded based on 'reticulin' and 'collagen' fibrosis, as revealed by Gomori's silver impregnation. Here we studied the expression of the major extracellular matrix proteins of fibrosis in relation to diagnostic silver grading supported by image analysis.Methods and resultsBy using automated immunohistochemistry, in this study we demonstrate that the expression of both types I and III collagens and fibrillin 1 by bone marrow stromal cells can reveal the extracellular matrix scaffolding in line with myelofibrosis progression as classified by silver grading. 'Reticulin' fibrosis indicated by type III collagen expression and 'collagen' fibrosis featured by type I collagen expression were parallel, rather than sequential, events. This is line with the proposed role of type III collagen in regulating type I collagen fibrillogenesis. The uniformly strong fibrillin 1 immune signals offered the best inter-rater agreements and the highest statistical correlations with silver grading of the three markers, which was robustly confirmed by automated whole slide digital image analysis using a machine learning-based algorithm. The progressive up-regulation of fibrillin 1 during myelofibrosis may result from a negative feedback loop as fibrillin microfibrils sequester TGF-β, the major promoter of fibrosis. This can also reduce TGF-β-induced RANKL levels, which would stimulate osteoclastogenesis and thus can support osteosclerosis in advanced myelofibrosis.ConclusionsThrough the in-situ detection of these extracellular matrix proteins, our results verify the molecular pathobiology of fibrosis during myelofibrosis progression. In particular, fibrillin 1 immunohistochemistry, with or without image analysis, can complement diagnostic silver grading at decent cell morphology."
312,A4_tissue,39161809,PMC11332826,10.1016/j.heliyon.2024.e35187,2024,Heliyon,research-article; Journal Article,High stretchable and self-adhesive multifunctional hydrogel for wearable and flexible sensors.,"Ionic conductive hydrogel has recently garnered significant research attention due to its potential applications in the field of wearable and flexible electronics. Nonetheless, the integration of multifunctional and synergistic advantages, including reliable electronic properties, high swelling capacity, exceptional mechanical characteristics, and self-adhesive properties, presents an ongoing challenge. In this study, we have developed an ionic conductive hydrogel through the co-polymerization of 4-Acryloylmorpholine (ACMO) and sodium acrylate using UV curing technology. The hydrogel exhibits excellent mechanical properties, high conductivity, superior swelling capacity, and remarkable self-adhesive attributes. The hydrogel serves as a highly sensitive strain sensor, enabling precise monitoring of both substantial and subtle human motions. Furthermore, the hydrogel demonstrates the capability to adhere to human skin, functioning as a human-machine interface for the detection of physiological signals, including electromyogram (EMG) signals, with low interfacial impedance. This work is anticipated to yield a new class of stretchable and conductive materials with diverse potential applications, ranging from flexible sensors and wearable bio-electronics to contributions in the field of artificial intelligence."
313,A4_tissue,37276437,PMC10427398,10.1002/advs.202301207,2023,"Advanced science (Weinheim, Baden-Wurttemberg, Germany)",research-article; Journal Article,Surgical Sealant with Integrated Shape-Morphing Dual Modality Ultrasound and Computed Tomography Sensors for Gastric Leak Detection.,"Postoperative anastomotic leaks are the most feared complications after gastric surgery. For diagnostics clinicians mostly rely on clinical symptoms such as fever and tachycardia, often developing as a result of an already fully developed, i.e., symptomatic, surgical leak. A gastric fluid responsive, dual modality, electronic-free, leak sensor system integrable into surgical adhesive suture support materials is introduced. Leak sensors contain high atomic number carbonates embedded in a polyacrylamide matrix, that upon exposure to gastric fluid convert into gaseous carbon dioxide (CO2 ). CO2 bubbles remain entrapped in the hydrogel matrix, leading to a distinctly increased echogenic contrast detectable by a low-cost and portable ultrasound transducer, while the dissolution of the carbonate species and the resulting diffusion of the cation produces a markedly reduced contrast in computed tomography imaging. The sensing elements can be patterned into a variety of characteristic shapes and can be combined with nonreactive tantalum oxide reference elements, allowing the design of shape-morphing sensing elements visible to the naked eye as well as artificial intelligence-assisted automated detection. In summary, shape-morphing dual modality sensors for the early and robust detection of postoperative complications at deep tissue sites, opening new routes for postoperative patient surveillance using existing hospital infrastructure is reported."
314,A4_tissue,35257292,PMC8901095,10.1007/s11517-022-02523-1,2022,Medical & biological engineering & computing,research-article; Journal Article,Convolutional neural network-based automatic classification for incomplete antibody reaction intensity in solid phase anti-human globulin test image.,"The precise classification of incomplete antibody reaction intensity (IARI) in hydrogel chromatography medium high density medium solid-phase Coombs test is essential for haemolytic disease screening. However, an automatic and contactless method is required for accurate classification of IARI. Here, we present a deep ensemble learning model that integrates five different convolutional neural networks into a single model for IARI classification. A dataset, including 1628 IARI images and corresponding labels of IARI categories ((-), (1 +), (2 +), (3 +), and (4 +)), was used. We trained our model using 1302 IARIs and validated its performance using 326 IARIs. The proposed model achieved 100%, 99.4%, 99.4%, 100%, and 100% accuracies in the ( -), (1 +), (2 +), (3 +), and (4 +) categories, respectively. The results were compared with those of manual classification by immunologists (average accuracy: 99.8% vs. 88.3%, p -1, whereas that required manually was 5.528 s·image-1. The proposed model can thus substantially improve the accuracy and efficiency of IARI classification and facilitate the automation of haemolytic disease screening equipment."
315,A4_tissue,32446959,PMC8165939,10.1016/j.ymeth.2020.05.017,2021,"Methods (San Diego, Calif.)","Research Support, Non-U.S. Gov't; research-article; Journal Article",An integrated pipeline for high-throughput screening and profiling of spheroids using simple live image analysis of frame to frame variations.,"High-throughput imaging methods can be applied to relevant cell culture models, fostering their use in research and translational applications. Improvements in microscopy, computational capabilities and data analysis have enabled high-throughput, high-content approaches from endpoint 2D microscopy images. Nonetheless, trade-offs in acquisition, computation and storage between content and throughput remain, in particular when cells and cell structures are imaged in 3D. Moreover, live 3D phase contrast microscopy images are not often amenable to analysis because of the high level of background noise. Cultures of Human induced pluripotent stem cells (hiPSC) offer unprecedented scope to profile and screen conditions affecting cell fate decisions, self-organisation and early embryonic development. However, quantifying changes in the morphology or function of cell structures derived from hiPSCs over time presents significant challenges. Here, we report a novel method based on the analysis of live phase contrast microscopy images of hiPSC spheroids. We compare self-renewing versus differentiating media conditions, which give rise to spheroids with distinct morphologies; round versus branched, respectively. These cell structures are segmented from 2D projections and analysed based on frame-to-frame variations. Importantly, a tailored convolutional neural network is trained and applied to predict culture conditions from time-frame images. We compare our results with more classic and involved endpoint 3D confocal microscopy and propose that such approaches can complement spheroid-based assays developed for the purpose of screening and profiling. This workflow can be realistically implemented in laboratories using imaging-based high-throughput methods for regenerative medicine and drug discovery."
316,A4_tissue,39982550,PMC11845634,10.1007/s40820-025-01656-w,2025,Nano-micro letters,research-article; Journal Article,A Flexible-Integrated Multimodal Hydrogel-Based Sensing Patch.,"Sleep monitoring is an important part of health management because sleep quality is crucial for restoration of human health. However, current commercial products of polysomnography are cumbersome with connecting wires and state-of-the-art flexible sensors are still interferential for being attached to the body. Herein, we develop a flexible-integrated multimodal sensing patch based on hydrogel and its application in unconstraint sleep monitoring. The patch comprises a bottom hydrogel-based dual-mode pressure-temperature sensing layer and a top electrospun nanofiber-based non-contact detection layer as one integrated device. The hydrogel as core substrate exhibits strong toughness and water retention, and the multimodal sensing of temperature, pressure, and non-contact proximity is realized based on different sensing mechanisms with no crosstalk interference. The multimodal sensing function is verified in a simulated real-world scenario by a robotic hand grasping objects to validate its practicability. Multiple multimodal sensing patches integrated on different locations of a pillow are assembled for intelligent sleep monitoring. Versatile human-pillow interaction information as well as their evolution over time are acquired and analyzed by a one-dimensional convolutional neural network. Track of head movement and recognition of bad patterns that may lead to poor sleep are achieved, which provides a promising approach for sleep monitoring."
317,A4_tissue,41168176,PMC12575633,10.1038/s41378-025-00999-z,2025,Microsystems & nanoengineering,research-article; Journal Article,Microtube-integrated chips for modular electrical stimulation and 3D confined neural network growth.,"In vitro neural networks offer a simplified model to study brain nervous system functions and represent a vital platform for investigating cerebral neural activities. Microelectrode array (MEA) chips are commonly used to construct modular neural networks and enable electrical stimulation and recording for uncovering signal generation and conduction mechanisms. However, conventional two-dimensional (2D) MEA chips face significant limitations, including restricted neuronal growth dimensions and insufficient neuron density. Herein, we present a novel micro-integrated chip featuring a three-dimensional (3D) physical microtube array that facilitates the regulated, confined growth of neurons. The microtube array not only provides a 3D microenvironment for neuronal growth and differentiation but also enhances neuronal network density and structural organization. Furthermore, by integrating the microtube array with a customized MEA, precise electrical stimulation can be applied to modular neural networks. Experimental results demonstrate that electrical stimulation effectively promotes the formation of connection pathways between adjacent 3D neural networks. Variable-parameter electrical stimulation experiments reveal that increasing voltage enhances the Young's modulus of neurons, highlighting the method's role in supporting the stable development of neuronal networks. This modular culture platform, combined with precise electrical stimulation, paves the way for constructing high-density 3D neuronal networks and enables synchronous control of modular neural activities. The proposed approach holds significant potential for advancing applications in neuroscience, tissue engineering, and organ-on-chip technologies."
318,A4_tissue,38294962,PMC10897927,10.1021/acssensors.3c01938,2024,ACS sensors,"Research Support, Non-U.S. Gov't; research-article; Journal Article",3D Superclusters with Hybrid Bioinks for Early Detection in Breast Cancer.,"The surface-enhanced Raman scattering (SERS) technique has garnered significant interest due to its ultrahigh sensitivity, making it suitable for addressing the growing demand for disease diagnosis. In addition to its sensitivity and uniformity, an ideal SERS platform should possess characteristics such as simplicity in manufacturing and low analyte consumption, enabling practical applications in complex diagnoses including cancer. Furthermore, the integration of machine learning algorithms with SERS can enhance the practical usability of sensing devices by effectively classifying the subtle vibrational fingerprints produced by molecules such as those found in human blood. In this study, we demonstrate an approach for early detection of breast cancer using a bottom-up strategy to construct a flexible and simple three-dimensional (3D) plasmonic cluster SERS platform integrated with a deep learning algorithm. With these advantages of the 3D plasmonic cluster, we demonstrate that the 3D plasmonic cluster (3D-PC) exhibits a significantly enhanced Raman intensity through detection limit down to 10-6 M (femtomole-(10-17 mol)) for p-nitrophenol (PNP) molecules. Afterward, the plasma of cancer subjects and healthy subjects was used to fabricate the bioink to build 3D-PC structures. The collected SERS successfully classified into two clusters of cancer subjects and healthy subjects with high accuracy of up to 93%. These results highlight the potential of the 3D plasmonic cluster SERS platform for early breast cancer detection and open promising avenues for future research in this field."
319,A4_tissue,33047283,PMC7788050,10.1007/s13577-020-00446-3,2021,Human cell,research-article; Journal Article,Identification of an epigenetic signature in human induced pluripotent stem cells using a linear machine learning model.,"The use of human induced pluripotent stem cells (iPSCs), used as an alternative to human embryonic stem cells (ESCs), is a potential solution to challenges, such as immune rejection, and does not involve the ethical issues concerning the use of ESCs in regenerative medicine, thereby enabling developments in biological research. However, comparative analyses from previous studies have not indicated any specific feature that distinguishes iPSCs from ESCs. Therefore, in this study, we established a linear classification-based learning model to distinguish among ESCs, iPSCs, embryonal carcinoma cells (ECCs), and somatic cells on the basis of their DNA methylation profiles. The highest accuracy achieved by the learned models in identifying the cell type was 94.23%. In addition, the epigenetic signature of iPSCs, which is distinct from that of ESCs, was identified by component analysis of the learned models. The iPSC-specific regions with methylation fluctuations were abundant on chromosomes 7, 8, 12, and 22. The method developed in this study can be utilized with comprehensive data and widely applied to many aspects of molecular biology research."
320,A4_tissue,38247948,PMC10813389,10.3390/bioengineering11010071,2024,"Bioengineering (Basel, Switzerland)",research-article; Journal Article,U-Net Convolutional Neural Network for Real-Time Prediction of the Number of Cultured Corneal Endothelial Cells for Cellular Therapy.,"Corneal endothelial decompensation is treated by the corneal transplantation of donor corneas, but donor shortages and other problems associated with corneal transplantation have prompted investigations into tissue engineering therapies. For clinical use, cells used in tissue engineering must undergo strict quality control to ensure their safety and efficacy. In addition, efficient cell manufacturing processes are needed to make cell therapy a sustainable standard procedure with an acceptable economic burden. In this study, we obtained 3098 phase contrast images of cultured human corneal endothelial cells (HCECs). We labeled the images using semi-supervised learning and then trained a model that predicted the cell centers with a precision of 95.1%, a recall of 92.3%, and an F-value of 93.4%. The cell density calculated by the model showed a very strong correlation with the ground truth (Pearson's correlation coefficient = 0.97, p value = 8.10 × 10-52). The total cell numbers calculated by our model based on phase contrast images were close to the numbers calculated using a hemocytometer through passages 1 to 4. Our findings confirm the feasibility of using artificial intelligence-assisted quality control assessments in the field of regenerative medicine."
321,A4_tissue,32483223,PMC7264183,10.1038/s41467-020-16539-4,2020,Nature communications,"Research Support, Non-U.S. Gov't; research-article; Research Support, U.S. Gov't, Non-P.H.S.; Journal Article; Research Support, N.I.H., Extramural",Machine learning uncovers cell identity regulator by histone code.,"Conversion between cell types, e.g., by induced expression of master transcription factors, holds great promise for cellular therapy. Our ability to manipulate cell identity is constrained by incomplete information on cell identity genes (CIGs) and their expression regulation. Here, we develop CEFCIG, an artificial intelligent framework to uncover CIGs and further define their master regulators. On the basis of machine learning, CEFCIG reveals unique histone codes for transcriptional regulation of reported CIGs, and utilizes these codes to predict CIGs and their master regulators with high accuracy. Applying CEFCIG to 1,005 epigenetic profiles, our analysis uncovers the landscape of regulation network for identity genes in individual cell or tissue types. Together, this work provides insights into cell identity regulation, and delivers a powerful technique to facilitate regenerative medicine."
322,A4_tissue,39895194,PMC12747470,10.1002/adma.202412757,2025,"Advanced materials (Deerfield Beach, Fla.)",research-article; Journal Article,Rational Design of Metal-Organic Frameworks for Pancreatic Cancer Therapy: from Machine Learning Screening to In Vivo Efficacy.,"Despite improvements in cancer survival rates, metastatic and surgery-resistant cancers, such as pancreatic cancer, remain challenging, with poor prognoses and limited treatment options. Enhancing drug bioavailability in tumors, while minimizing off-target effects, is crucial. Metal-organic frameworks (MOFs) have emerged as promising drug delivery vehicles owing to their high loading capacity, biocompatibility, and functional tunability. However, the vast chemical diversity of MOFs complicates the rational design of biocompatible materials. This study employed machine learning and molecular simulations to identify MOFs suitable for encapsulating gemcitabine, paclitaxel, and SN-38, and identified PCN-222 as an optimal candidate. Following drug loading, MOF formulations are improved for colloidal stability and biocompatibility. In vitro studies on pancreatic cancer cell lines have shown high biocompatibility, cellular internalization, and delayed drug release. Long-term stability tests demonstrated a consistent performance over 12 months. In vivo studies in pancreatic tumor-bearing mice revealed that paclitaxel-loaded PCN-222, particularly with a hydrogel for local administration, significantly reduced metastatic spread and tumor growth compared to the free drug. These findings underscore the potential of PCN-222 as an effective drug delivery system for the treatment of hard-to-treat cancers."
323,A4_tissue,36987200,PMC10058109,10.3390/polym15061419,2023,Polymers,research-article; Journal Article,Exclusive Biosynthesis of Pullulan Using Taguchi's Approach and Decision Tree Learning Algorithm by a Novel Endophytic Aureobasidium pullulans Strain.,"Pullulan is a biodegradable, renewable, and environmentally friendly hydrogel biopolymer, with potential uses in food, medicine, and cosmetics. New endophytic Aureobasidium pullulans (accession number; OP924554) was used for the biosynthesis of pullulan. Innovatively, the fermentation process was optimized using both Taguchi's approach and the decision tree learning algorithm for the determination of important variables for pullulan biosynthesis. The relative importance of the seven tested variables that were obtained by Taguchi and the decision tree model was accurate and followed each other's, confirming the accuracy of the experimental design. The decision tree model was more economical by reducing the quantity of medium sucrose content by 33% without a negative reduction in the biosynthesis of pullulan. The optimum nutritional conditions (g/L) were sucrose (60 or 40), K2HPO4 (6.0), NaCl (1.5), MgSO4 (0.3), and yeast extract (1.0) at pH 5.5, and short incubation time (48 h), yielding 7.23% pullulan. The spectroscopic characterization (FT-IR and 1H-NMR spectroscopy) confirmed the structure of the obtained pullulan. This is the first report on using Taguchi and the decision tree for pullulan production by a new endophyte. Further research is encouraged for additional studies on using artificial intelligence to maximize fermentation conditions."
324,A4_tissue,38034358,PMC10687303,10.1016/j.isci.2023.108398,2023,iScience,research-article; Journal Article,Information integration during bioelectric regulation of morphogenesis of the embryonic frog brain.,"Spatiotemporal patterns of cellular resting potential regulate several aspects of development. One key aspect of the bioelectric code is that transcriptional and morphogenetic states are determined not by local, single-cell, voltage levels but by specific distributions of voltage across cell sheets. We constructed and analyzed a minimal dynamical model of collective gene expression in cells based on inputs of multicellular voltage patterns. Causal integration analysis revealed a higher-order mechanism by which information about the voltage pattern was spatiotemporally integrated into gene activity, as well as a division of labor among and between the bioelectric and genetic components. We tested and confirmed predictions of this model in a system in which bioelectric control of morphogenesis regulates gene expression and organogenesis: the embryonic brain of the frog Xenopus laevis. This study demonstrates that machine learning and computational integration approaches can advance our understanding of the information-processing underlying morphogenetic decision-making, with a potential for other applications in developmental biology and regenerative medicine."
325,A4_tissue,35877540,PMC9315745,10.3390/gels8070455,2022,"Gels (Basel, Switzerland)",research-article; Journal Article,Mechanical Characteristics and Self-Healing Soil-Cementitious Hydrogel Materials in Mine Backfill Using Hybridized ANFIS-SVM.,"The compressive strength, shrinkage, elasticity, and electrical resistivity of the cement-soil pastes (slag, fly ash) of self-healing of cementitious concrete have been studied while adding hydrogels with nano silica (NSi) in this research. Defining the hydraulic and mechanical properties of these materials requires improvement to motivate more uptake for new buildings. Initially, examining the impact of different synthesized hydrogels on cement-soil pastes showed that solid particles in the mixtures highly affected the absorption capacity of NSi, representing the importance of direct interactions between solid particles and hydrogels in a cementitious matrix. All test results were analyzed by use of a hybridized soft computing model such as the adaptive neuro fuzzy inference system (ANFIS) and support vector regression (SVR) for precise studying and the avoidance of few empirical tests or error percentages. Subsequently, the best RMSE of ANFIS is 0.6568 and the best RMSE of SVM is 1.2564; the RMSE of ANFIS-SVM (0.5643) in the test phase is also close to zero, showing a better performance in hypothesizing self-healing soil-cementitious hydrogel materials in mine backfill. The R2 value for ANFIS-SVM is 0.9547, proving that it is a proper model for predicting the study's goal. Electrical resistivity and compressive strength declined in the cement-soil pastes including hydrogels according to experimental outcomes; it was lowered by the increase of NSi concentration in the hydrogel. There was a decrement in the autogenous shrinkage of cement-soil pastes while adding hydrogel, depending on the NSi concentration in the hydrogels. The findings of this research are pivotal for the internal curing of cementitious materials to define the absorption of hydrogels."
326,A4_tissue,35892727,PMC9332682,10.3390/gels8080468,2022,"Gels (Basel, Switzerland)",research-article; Journal Article,Application of Polyacrylic Hydrogel in Durability and Reduction of Environmental Impacts of Concrete through ANN.,"While adding superabsorbent polymer hydrogel particles to fresh concrete admixtures, they act as internal curing agents that absorb and then release large amounts of water and reduce self-desiccation and volumetric shrinkage of cement that finally result in hardened concrete with increased durability and strength. The entrainment of microscopic air bubbles in the concrete paste can substantially improve the resistance of concrete. When the volume and distribution of entrained air are adequately managed, the microstructure is protected from the pressure produced by freezing water. This study addresses the design and application of hydrogel nanoparticles as internal curing agents in concrete, as well as new findings on crucial hydrogel-ion interactions. When mixed into concrete, hydrogel particles produce their stored water to power the curing reaction, resulting in less volumetric shrinkage and cracking and thereby prolonging the service life of concrete. The mechanical and swelling performance qualities of the hydrogel are very sensitive to multivalent cations found naturally in concrete mixes, such as aluminum and calcium. The interactions between hydrogel nanoparticles and alkaline cementitious mixes are described in this study, while emphasizing how the chemical structure and shape of the hydrogel particles regulate swelling behavior and internal curing efficiency to eliminate voids in the admixture. Moreover, in this study, an artificial neural network (ANN) was utilized to precisely and quickly analyze the test results of the compressive strength and durability of concrete. The addition of multivalent cations reduced swelling capacity and changed swelling kinetics, resulting in fast deswelling behavior and the creation of a mechanically stiff shell in certain hydrogel compositions. Notably, when hydrogel particles were added to a mixture, they reduced shrinkage while encouraged the creation of particular inorganic phases within the void area formerly held by the swelled particle."
327,A4_tissue,32415204,PMC7229181,10.1038/s41598-020-65121-x,2020,Scientific reports,"Research Support, Non-U.S. Gov't; research-article; Journal Article",MLR and ANN Approaches for Prediction of Synthetic/Natural Nanofibers Diameter in the Environmental and Medical Applications.,"Fiber diameter plays an important role in the properties of electrospinning of nanofibers. However, one major problem is the lack of a comprehensive method that can link processing parameters to nanofibers' diameter. The objective of this study is to develope an artificial neural network (ANN) modeling and multiple regression (MLR) analysis approaches to predict the diameter of nanofibers. Processing parameters, including weight ratio, voltage, injection rate, and distance, were considered as independent variables and the nanofiber diameter as the dependent variable of the ANN model. The results of ANN modeling, especially its high accuracy (R2 = 0.959) in comparison with MLR results (R2 = 0.564), introduced the prediction the diameter of nanofibers model (PDNFM) as a comparative model for predicting the diameter of poly (3-caprolactone) (PCL)/gelatin (Gt) nanofibers. According to the result of sensitivity analysis of the model, the values of weight ratio, distance, injection rate, and voltage, respectively, were identified as the most significant parameters which influence PDNFM."
328,A4_tissue,40740853,PMC12308728,10.1021/acs.chemmater.4c00433,2024,Chemistry of materials : a publication of the American Chemical Society,research-article; Journal Article,Exploring the Effects and Interactions of Conducting Polymers in the Volume Phase Transition of Thermosensitive Conducting Hydrogels.,"Conducting polymers (CPs) play a vital role in imparting electrochemical and photothermal properties to thermosensitive conducting hydrogels (TCH). The application of TCH is expanding not only for biomedical applications but also to address water scarcity. While the volume phase transition (VPT) phenomenon in thermosensitive polymers has been extensively studied, the contribution of CPs to this process and the underlying chemical interactions remain unclear and low explored. In this study, we present a novel conducting polymer hydrogel (CPH) utilizing the thermosensitive polymer poly-(N-isopropylacrylamide) (PNIPAAm) enriched with poly-(3,4-ethylenedioxythiophene) (PEDOT) nanoparticles as a model system. This serves as a platform for both experimental and theoretical investigations into the influence of CPs on VPT. Through a comprehensive examination of hydrogel responses to temperature employing Raman spectroscopy, atomistic simulations using advanced hybrid methodologies, and artificial intelligence, we unveil a shielding effect of CP. This effect arises from robust chemical interactions with NIPAAm, inducing a selective dehydration of the hydrogel microenvironment. Remarkably, this mirrors the phenomenon observed during VPT triggered by an increase in the hydrogel temperature. Understanding the intricate interactions between conducting and thermosensitive polymers is imperative for the systematic development and fine-tuning of the performance of future CPHs. This knowledge ensures a more precise adaptation of these materials to their intended end applications."
329,A4_tissue,34208524,PMC8234407,10.3390/bios11060198,2021,Biosensors,research-article; Journal Article,Eye-Movement-Controlled Wheelchair Based on Flexible Hydrogel Biosensor and WT-SVM.,"To assist patients with restricted mobility to control wheelchair freely, this paper presents an eye-movement-controlled wheelchair prototype based on a flexible hydrogel biosensor and Wavelet Transform-Support Vector Machine (WT-SVM) algorithm. Considering the poor deformability and biocompatibility of rigid metal electrodes, we propose a flexible hydrogel biosensor made of conductive HPC/PVA (Hydroxypropyl cellulose/Polyvinyl alcohol) hydrogel and flexible PDMS (Polydimethylsiloxane) substrate. The proposed biosensor is affixed to the wheelchair user's forehead to collect electrooculogram (EOG) and strain signals, which are the basis to recognize eye movements. The low Young's modulus (286 KPa) and exceptional breathability (18 g m-2 h-1 of water vapor transmission rate) of the biosensor ensures a conformal and unobtrusive adhesion between it and the epidermis. To improve the recognition accuracy of eye movements (straight, upward, downward, left, and right), the WT-SVM algorithm is introduced to classify EOG and strain signals according to different features (amplitude, duration, interval). The average recognition accuracy reaches 96.3%, thus the wheelchair can be manipulated precisely."
330,A4_tissue,34957404,PMC8674648,10.34133/2021/9845482,2021,"Research (Washington, D.C.)",research-article; Journal Article,Thermoresponsive Lignin-Reinforced Poly(Ionic Liquid) Hydrogel Wireless Strain Sensor.,"To meet critical requirements on flexible electronic devices, multifunctionalized flexible sensors with excellent electromechanical performance and temperature perception are required. Herein, lignin-reinforced thermoresponsive poly(ionic liquid) hydrogel is prepared through an ultrasound-assisted synthesized method. Benefitting from the electrostatic interaction between lignin and ionic liquid, the hydrogel displays high stretchability (over 1425%), excellent toughness (over 132 kPa), and impressive stress loading-unloading cyclic stability. The hydrogel strain sensor presents excellent electromechanical performance with a high gauge factor (1.37) and rapid response rate (198 ms), which lays the foundation for human body movement detection and smart input. Moreover, owing to the thermal-sensitive feature of poly(ionic liquid), the as-prepared hydrogel displays remarkable thermal response sensitivity (0.217°C-1) in body temperature range and low limit of detection, which can be applied as a body shell temperature indicator. Particularly, the hydrogel can detect dual stimuli of strain and temperature and identify each signal individually, showing the specific application in human-machine interaction and artificial intelligence. By integrating the hydrogel strain sensor into a wireless sensation system, remote motion capture and gesture identification is realized in real-time."
331,A4_tissue,37168370,PMC10164950,10.3389/fonc.2023.1064548,2023,Frontiers in oncology,methods-article; Journal Article,A deep learning model for drug screening and evaluation in bladder cancer organoids.,"Three-dimensional cell tissue culture, which produces biological structures termed organoids, has rapidly promoted the progress of biological research, including basic research, drug discovery, and regenerative medicine. However, due to the lack of algorithms and software, analysis of organoid growth is labor intensive and time-consuming. Currently it requires individual measurements using software such as ImageJ, leading to low screening efficiency when used for a high throughput screen. To solve this problem, we developed a bladder cancer organoid culture system, generated microscopic images, and developed a novel automatic image segmentation model, AU2Net (Attention and Cross U2Net). Using a dataset of two hundred images from growing organoids (day1 to day 7) and organoids with or without drug treatment, our model applies deep learning technology for image segmentation. To further improve the accuracy of model prediction, a variety of methods are integrated to improve the model's specificity, including adding Grouping Cross Merge (GCM) modules at the model's jump joints to strengthen the model's feature information. After feature information acquisition, a residual attentional gate (RAG) is added to suppress unnecessary feature propagation and improve the precision of organoids segmentation by establishing rich context-dependent models for local features. Experimental results show that each optimization scheme can significantly improve model performance. The sensitivity, specificity, and F1-Score of the ACU2Net model reached 94.81%, 88.50%, and 91.54% respectively, which exceed those of U-Net, Attention U-Net, and other available network models. Together, this novel ACU2Net model can provide more accurate segmentation results from organoid images and can improve the efficiency of drug screening evaluation using organoids."
332,A4_tissue,40732799,PMC12298074,10.3390/polym17141919,2025,Polymers,research-article; Journal Article,Novel Core-Shell Aerogel Formulation for Drug Delivery Based on Alginate and Konjac Glucomannan: Rational Design Using Artificial Intelligence Tools.,"This study explores novel alginate-konjac glucomannan core-shell aerogel particles for drug delivery systems fabricated via air-assisted coaxial prilling. A systematic approach is needed for the optimization of this method due to the numerous processing variables involved. This study investigated the influence of six variables: alginate and konjac glucomannan concentrations, compressed airflow, liquid pump pressures, and nozzle configuration. A hybrid software using Artificial Neural Networks and genetic algorithms was used to model and optimize the hydrogel formation, achieving a 100% desirable solution. The optimal formulation identified resulted in particles displaying a log-normal size distribution (R2 = 0.967) with an average diameter of 1.57 mm. Supercritical CO2 drying yielded aerogels with macropores and mesopores and a high specific surface area (201 ± 10 m2/g). The loading of vancomycin hydrochloride (Van) or a dexamethasone base (DX) into the aerogel cores during the process was tested. The aerogels exhibited appropriate structural characteristics, and both drugs showed burst release profiles with ca. 80% release within 10 min for DX and medium-dependent release for Van. This study demonstrates the feasibility of producing konjac aerogel particles for delivery systems and the high potential of AI-driven optimization methods, highlighting the need for coating modifications to achieve the desired release profiles."
333,A4_tissue,38333615,PMC10850738,10.1016/j.bioactmat.2024.01.012,2024,Bioactive materials,research-article; Journal Article,Construction of functional neural network tissue combining CBD-NT3-modified linear-ordered collagen scaffold and TrkC-modified iPSC-derived neural stem cells for spinal cord injury repair.,"Induced pluripotent stem cells (iPSCs) can be personalized and differentiated into neural stem cells (NSCs), thereby effectively providing a source of transplanted cells for spinal cord injury (SCI). To further improve the repair efficiency of SCI, we designed a functional neural network tissue based on TrkC-modified iPSC-derived NSCs and a CBD-NT3-modified linear-ordered collagen scaffold (LOCS). We confirmed that transplantation of this tissue regenerated neurons and synapses, improved the microenvironment of the injured area, enhanced remodeling of the extracellular matrix, and promoted functional recovery of the hind limbs in a rat SCI model with complete transection. RNA sequencing and metabolomic analyses also confirmed the repair effect of this tissue from multiple perspectives and revealed its potential mechanism for treating SCI. Together, we constructed a functional neural network tissue using human iPSCs-derived NSCs as seed cells based on the interaction of receptors and ligands for the first time. This tissue can effectively improve the therapeutic effect of SCI, thus confirming the feasibility of human iPSCs-derived NSCs and LOCS for SCI repair and providing a valuable direction for SCI research."
334,A4_tissue,40737392,PMC12309667,10.1126/sciadv.adt1851,2025,Science advances,research-article; Journal Article,Machine learning-assisted exploration of multidrug-drug administration regimens for organoid arrays.,"Combination therapies enhance the therapeutic effect of cancer treatment; however, identifying effective interdependent doses, durations, and sequences of multidrug administration regimens is a time- and labor-intensive task. Here, we integrated machine learning, automation, and large microfluidic arrays of cancer spheroids or patient-derived organoids formed in a tissue-mimetic hydrogel to achieve notable acceleration of the discovery of effective multidrug administration regimens. For the clinically approved drug combination, we found a sequential administration regimen leading to a substantial reduction in the total drug dose, in comparison with concurrent drug supply, both at comparable drug efficacy. For the drugs that are currently under clinical development, we found a synergistic effect of concurrently administered drugs and showed that the synergy diminishes for the sequential drug supply. The developed strategy holds promise for the discovery of effective combination therapies for advanced cancer treatment, including personalized chemotherapies."
335,A4_tissue,37076933,PMC10265106,10.1002/advs.202300816,2023,"Advanced science (Weinheim, Baden-Wurttemberg, Germany)","Research Support, Non-U.S. Gov't; research-article; Journal Article",3D-Printed Functional Hydrogel by DNA-Induced Biomineralization for Accelerated Diabetic Wound Healing.,"Chronic wounds in diabetic patients are challenging because their prolonged inflammation makes healing difficult, thus burdening patients, society, and health care systems. Customized dressing materials are needed to effectively treat such wounds that vary in shape and depth. The continuous development of 3D-printing technology along with artificial intelligence has increased the precision, versatility, and compatibility of various materials, thus providing the considerable potential to meet the abovementioned needs. Herein, functional 3D-printing inks comprising DNA from salmon sperm and DNA-induced biosilica inspired by marine sponges, are developed for the machine learning-based 3D-printing of wound dressings. The DNA and biomineralized silica are incorporated into hydrogel inks in a fast, facile manner. The 3D-printed wound dressing thus generates provided appropriate porosity, characterized by effective exudate and blood absorption at wound sites, and mechanical tunability indicated by good shape fidelity and printability during optimized 3D printing. Moreover, the DNA and biomineralized silica act as nanotherapeutics, enhancing the biological activity of the dressings in terms of reactive oxygen species scavenging, angiogenesis, and anti-inflammation activity, thereby accelerating acute and diabetic wound healing. These bioinspired 3D-printed hydrogels produce using a DNA-induced biomineralization strategy are an excellent functional platform for clinical applications in acute and chronic wound repair."
336,A4_tissue,40520251,PMC12165852,10.1038/s43246-025-00839-7,2025,Communications materials,research-article; Journal Article,3D printing of self-healing longevous multi-sensory e-skin.,"Electrically conductive hydrogels can simulate the sensory capabilities of natural skin, such that they are well-suited for electronic skin. Unfortunately, currently available electronic skin cannot detect multiple stimuli in a selective manner. Inspired by the deep eutectic solvent chemistry of the frog Lithobates Sylvaticus, we introduce a double network granular organogel capable of simultaneously detecting mechanical deformation, structural damage, changes in ambient temperature, and humidity. The deep eutectic solvent chemistry adds an additional benefit: Thanks to strong hydrogen bonding, our sensor can recover 97% of the Young's modulus after being damaged. The sensing performance and self-healing capacity are maintained within a temperature range of -20 °C to 50 °C for at least 2 weeks. We exploit the granular nature of this system to direct ink to write a cm-sized frog and e-skin wearables. We realize selective tactile perception by training recurrent neural networks to achieve sensory stimulus classification between the temperature and strain with 98% accuracy."
337,A4_tissue,40847404,PMC12372352,10.1186/s12951-025-03659-6,2025,Journal of nanobiotechnology,research-article; Journal Article,Machine learning framework for investigating nano- and micro-scale particle diffusion in colonic mucus.,"Biosimilar artificial mucus models that mimic native mucus facilitate efficient, lab-based drug diffusion studies, addressing the costly and challenging preclinical phase of drug development, especially for nano- and micro-scale particle-based colonic drug delivery. This study presents a machine-learning-driven framework that integrates microrheological features into diffusional fingerprinting to characterize nano- and micro-scale particle diffusion patterns in mucus and assess the effect of mucus microrheology on such movements. We investigated the diffusion of fluorescent-labeled polystyrene particles in native pig mucus and two artificial mucus models. Particles (100, 200, and 1000 nm in diameter) with carboxylate- or amine-modified surfaces were tracked during passive diffusion. From each particle trajectory, 20 features -including microrheology-based parameters- were extracted. Based on these features, seven supervised machine learning models were applied to classify or identify similarities among mucus hydrogels. Of these, gradient boosting achieved the highest accuracy. SHapley Additive exPlanations analysis identified creep compliance as the most influential feature in distinguishing the mucus models. In native mucus, smaller negatively charged nanoparticles exhibited the highest mobility, with fewer particles being in the immobile and subdiffusive states. Microrheology data further indicated that larger particles experienced greater restriction owing to the elastic properties of native mucus. In contrast, smaller particles interacted more with the viscous liquid phase. A comprehensive feature-wide analysis revealed that hydroxyethyl cellulose (HEC)-based artificial mucus more closely resembled native pig mucus than the polyacrylic acid-based model. In conclusion, the machine-learning-driven fingerprinting approach, incorporating microrheological features, successfully differentiated the microstructural characteristics and rheological properties of the three mucus models. It also supported the selection of HEC-based artificial mucus as a viable substitute for native colonic mucus."
338,A4_tissue,40433981,PMC12117433,10.1093/nar/gkaf431,2025,Nucleic acids research,research-article; Journal Article,SCIG: Machine learning uncovers cell identity genes in single cells by genetic sequence codes.,"Deciphering cell identity genes is pivotal to understanding cell differentiation, development, and cell identity dysregulation involving diseases. Here, we introduce SCIG, a machine-learning method to uncover cell identity genes in single cells. In alignment with recent reports that cell identity genes (CIGs) are regulated with unique epigenetic signatures, we found CIGs exhibit distinctive genetic sequence signatures, e.g. unique enrichment patterns of cis-regulatory elements. Using these genetic sequence signatures, along with gene expression information from single-cell RNA-seq data, SCIG uncovers the identity genes of a cell without a need for comparison to other cells. CIG score defined by SCIG surpassed expression value in network analysis to reveal the master transcription factors (TFs) regulating cell identity. Applying SCIG to the human endothelial cell atlas revealed that the tissue microenvironment is a critical supplement to master TFs for cell identity refinement. SCIG is publicly available at https://doi.org/10.5281/zenodo.14726426  , offering a valuable tool for advancing cell differentiation, development, and regenerative medicine research."
339,A4_tissue,34073438,PMC8161448,10.3390/biomimetics6020032,2021,"Biomimetics (Basel, Switzerland)",research-article; Journal Article,Neuro-Inspired Signal Processing in Ferromagnetic Nanofibers.,"Computers nowadays have different components for data storage and data processing, making data transfer between these units a bottleneck for computing speed. Therefore, so-called cognitive (or neuromorphic) computing approaches try combining both these tasks, as is done in the human brain, to make computing faster and less energy-consuming. One possible method to prepare new hardware solutions for neuromorphic computing is given by nanofiber networks as they can be prepared by diverse methods, from lithography to electrospinning. Here, we show results of micromagnetic simulations of three coupled semicircle fibers in which domain walls are excited by rotating magnetic fields (inputs), leading to different output signals that can be used for stochastic data processing, mimicking biological synaptic activity and thus being suitable as artificial synapses in artificial neural networks."
340,A4_tissue,33585718,PMC7875058,10.18063/ijb.v7i1.342,2021,International journal of bioprinting,research-article; Journal Article,Application of Machine Learning in 3D Bioprinting: Focus on Development of Big Data and Digital Twin.,"The application of machine learning (ML) in bioprinting has attracted considerable attention recently. Many have focused on the benefits and potential of ML, but a clear overview of how ML shapes the future of three-dimensional (3D) bioprinting is still lacking. Here, it is proposed that two missing links, Big Data and Digital Twin, are the key to articulate the vision of future 3D bioprinting. Creating training databases from Big Data curation and building digital twins of human organs with cellular resolution and properties are the most important and urgent challenges. With these missing links, it is envisioned that future 3D bioprinting will become more digital and in silico, and eventually strike a balance between virtual and physical experiments toward the most efficient utilization of bioprinting resources. Furthermore, the virtual component of bioprinting and biofabrication, namely, digital bioprinting, will become a new growth point for digital industry and information technology in future."
341,A4_tissue,39100623,PMC11294195,10.3389/fbioe.2024.1392269,2024,Frontiers in bioengineering and biotechnology,research-article; Journal Article,Embedded-deep-learning-based sample-to-answer device for on-site malaria diagnosis.,"Improvements in digital microscopy are critical for the development of a malaria diagnosis method that is accurate at the cellular level and exhibits satisfactory clinical performance. Digital microscopy can be enhanced by improving deep learning algorithms and achieving consistent staining results. In this study, a novel miLab™ device incorporating the solid hydrogel staining method was proposed for consistent blood film preparation, eliminating the use of complex equipment and liquid reagent maintenance. The miLab™ ensures consistent, high-quality, and reproducible blood films across various hematocrits by leveraging deformable staining patches. Embedded-deep-learning-enabled miLab™ was utilized to detect and classify malarial parasites from autofocused images of stained blood cells using an internal optical system. The results of this method were consistent with manual microscopy images. This method not only minimizes human error but also facilitates remote assistance and review by experts through digital image transmission. This method can set a new paradigm for on-site malaria diagnosis. The miLab™ algorithm for malaria detection achieved a total accuracy of 98.86% for infected red blood cell (RBC) classification. Clinical validation performed in Malawi demonstrated an overall percent agreement of 92.21%. Based on these results, miLab™ can become a reliable and efficient tool for decentralized malaria diagnosis."
342,A4_tissue,39893044,PMC11948029,10.1002/advs.202407825,2025,"Advanced science (Weinheim, Baden-Wurttemberg, Germany)",research-article; Journal Article,Fast Reverse Design of 4D-Printed Voxelized Composite Structures Using Deep Learning and Evolutionary Algorithm.,"Designing voxelized composite structures via 4D printing involves creating voxel units with distinct material properties that transform in response to stimuli; however, optimally distributing these properties to achieve specific target shapes remains a significant challenge. This study introduces an optimization method combining deep learning (DL) and an evolutionary algorithm, focusing on a solvent-responsive hydrogel as the target material. A sequence-enhanced parallel convolutional neural network is developed and generated a dataset through finite element simulations. This DL model enables high-precision prediction of hydrogel deformation. Furthermore, a progressive evolutionary algorithm (PEA) is proposed by integrating the DL model to construct a DL-PEA framework. This framework supports rapid reverse engineering of the desired shape, and the average design time for specified target shapes is reduced to ≈3.04 s. The present findings illustrate how 4D printing of optimized hydrogel designs can effectively transform in response to environmental stimuli. This work provides a new perspective on the application of hydrogels in 4D printing and presents an efficient tool for optimizing 4D-printed voxelized composite structures."
343,A4_tissue,35725577,PMC9209484,10.1038/s41540-022-00231-y,2022,NPJ systems biology and applications,"Research Support, Non-U.S. Gov't; research-article; Journal Article",NETISCE: a network-based tool for cell fate reprogramming.,"The search for effective therapeutic targets in fields like regenerative medicine and cancer research has generated interest in cell fate reprogramming. This cellular reprogramming paradigm can drive cells to a desired target state from any initial state. However, methods for identifying reprogramming targets remain limited for biological systems that lack large sets of experimental data or a dynamical characterization. We present NETISCE, a novel computational tool for identifying cell fate reprogramming targets in static networks. In combination with machine learning algorithms, NETISCE estimates the attractor landscape and predicts reprogramming targets using signal flow analysis and feedback vertex set control, respectively. Through validations in studies of cell fate reprogramming from developmental, stem cell, and cancer biology, we show that NETISCE can predict previously identified cell fate reprogramming targets and identify potentially novel combinations of targets. NETISCE extends cell fate reprogramming studies to larger-scale biological networks without the need for full model parameterization and can be implemented by experimental and computational biologists to identify parts of a biological system relevant to the desired reprogramming task."
