rank,area,epmc_id,pmcid,doi,year,journal,pub_types,title,abstract
1,A5_autonomous,41080894,PMC12511971,10.1021/acspolymersau.5c00071,2025,ACS polymers Au,research-article; Journal Article,Exploiting Machine Learning and Automated Synthesis in Continuous Flow for Process Optimization of the Organocatalyzed Ring-Opening Polymerization of l‑Lactide.,"The ring-opening polymerization (ROP) of lactide is a well-established route for the synthesis of polylactide (PLA), a degradable and biobased polymer with applications in biomedical materials, packaging, and additive manufacturing. However, optimizing reaction conditions for efficient PLA synthesis remains challenging, with its production currently dwarfed by traditional petrochemical derived commodity polymers. In this work, we employ a continuous flow reactor to systematically explore a reaction space defined by catalyst concentration, residence time, and initiator concentration for the organocatalyzed ROP of l-lactide performed at room temperature, using 1,8-diaza-bicyclo​[5.4.0]​undec-7-ene (DBU) as catalyst, benzyl alcohol as initiator and dichloromethane as solvent. Through high-throughput experimentation coupled with online characterization, a robust data set was generated and processed with a Kernel-Based Regularized Least Squares (KRLS) model to capture system kinetics and the dependencies between initial conditions and polymer characteristics. Multiobjective Pareto optimization was subsequently used to identify conditions that maximize polymer production rate, and these conditions were experimentally validated to confirm the model accurately predicts optimal reaction conditions. Pareto-optimized parameters yield a high conversion and well-controlled PLA with low dispersities. This study highlights the advantages of continuous flow polymerization for precise control over reaction kinetics and demonstrates the potential of machine-learning-assisted optimization for efficient and scalable PLA-based materials' exploration."
2,A5_autonomous,41002022,PMC12587402,10.1021/acs.molpharmaceut.5c00591,2025,Molecular pharmaceutics,research-article; Journal Article,Bayesian Optimization for Efficient Multiobjective Formulation Development of Biologics.,"Biologics, including emerging engineered formats, can often exhibit poor developability profiles, complicating their translation into successful therapeutics. While formulation design can substantially mitigate some developability issues, it represents a highly complex optimization challenge due to the need to simultaneously improve multiple biophysical properties, navigate a vast design space, and account for nonlinear or synergistic interactions among excipients. Traditional design of experiments methods can reduce experimental effort but are limited by difficulties in managing high-order complexities and a propensity to become trapped in local optima. In response, machine learning techniques combined with (high-throughput) screenings have emerged as powerful strategies to overcome these limitations, dramatically reducing the number of required experiments. The ability of these models to capture nonlinear relationships and interactions among multiple features enables efficient navigation in a high-dimensional design space. We present a combined Bayesian optimization and experimental screening method that concurrently optimizes three key biophysical properties of a monoclonal antibody─melting temperature Tm, diffusion interaction parameter kD, and stability against air-water interfaces. We demonstrate its effectiveness through the identification of highly optimized formulation conditions in just 33 experiments. Furthermore, our approach can account for essential formulation constraints such as osmolality and pH, ensuring practical applicability. We show that beyond optimization, our method provides valuable insights into the influence of individual excipients on each biophysical property across formulations. Furthermore, it highlights the need to balance trade-offs between conflicting properties, such as the opposing effects of pH on Tm and kD."
3,A5_autonomous,40860982,PMC12376025,10.1063/5.0271073,2025,APL machine learning,research-article; Journal Article,AutoSAS: A new human-aside-the-loop paradigm for automated SAS fitting for high throughput and autonomous experimentation.,"The advancement of artificial-intelligence driven autonomous experiments demands physics-based modeling and decision-making processes, not only to improve the accuracy of the experimental trajectory but also to increase trust by allowing transparent human-machine collaboration. High-quality structural characterization techniques (e.g., x ray, neutron, or static light scattering) are a particularly relevant example of this need: they provide invaluable information but are challenging to analyze without expert oversight. Here, we introduce AutoSAS, a novel framework for human-aside-the-loop automated data classification. AutoSAS leverages human-defined candidate models, high-throughput combinatorial fitting, and information-theoretic model selection to generate both classification results and quantitative structural descriptors. We implement AutoSAS in an open-source package designed for use with the Autonomous Formulation Laboratory for x-ray and neutron scattering-based optimization of multi-component liquid formulations. In a first application, we leveraged a set of expert defined candidate models to classify, refine the structure, and track transformations in a model injectable drug carrier system. We evaluated four model selection methods and benchmarked them against an optimized machine learning classifier, and the best approach was one that balanced quality of the fit and complexity of the model. AutoSAS not only corroborated the critical micelle concentration boundary identified in previous experiments but also discovered a second structural transition boundary not identified by the previous methods. These results demonstrate the potential of AutoSAS to enhance autonomous experimental workflows by providing robust, interpretable model selection, paving the way for more reliable and insightful structural characterization in complex formulations."
4,A5_autonomous,40363126,PMC12074357,10.3390/s25092688,2025,"Sensors (Basel, Switzerland)",research-article; Journal Article,C2L3-Fusion: An Integrated 3D Object Detection Method for Autonomous Vehicles.,"Accurate 3D object detection is crucial for autonomous vehicles (AVs) to navigate safely in complex environments. This paper introduces a novel fusion framework that integrates Camera image-based 2D object detection using YOLOv8 and LiDAR data-based 3D object detection using PointPillars, hence named C2L3-Fusion. Unlike conventional fusion approaches, which often struggle with feature misalignment, C2L3-Fusion enhances spatial consistency and multi-level feature aggregation, significantly improving detection accuracy. Our method outperforms state-of-the-art approaches such as YoPi-CLOCs Fusion Network, standalone YOLOv8, and standalone PointPillars, achieving mean Average Precision (mAP) scores of 89.91% (easy), 79.26% (moderate), and 78.01% (hard) on the KITTI dataset. Successfully implemented on the Nvidia Jetson AGX Xavier embedded platform, C2L3-Fusion maintains real-time performance while enhancing robustness, making it highly suitable for self-driving vehicles. This paper details the methodology, mathematical formulations, algorithmic advancements, and real-world testing of C2L3-Fusion, offering a comprehensive solution for 3D object detection in autonomous navigation."
5,A5_autonomous,39776654,PMC11701726,10.1039/d4sc06837h,2025,Chemical science,research-article; Journal Article,Late-stage installation and functionalization of alkyl pyridiniums: a general HTE amenable strategy to access diverse aryl alanine containing macrocyclic peptides.,"This manuscript describes a strategy to readily access diverse aryl and homoaryl alanine-containing pharmaceutically relevant macrocyclic peptides. A two-step sequence involving the late-stage installation of the pyridinium functionality on macrocyclic peptides followed by reductive couplings was implemented. These transformations are amenable to microscale high-throughput experimentation (HTE) and enable rapid access to aryl alanine-containing macrocyclic peptides that would otherwise be inaccessible via solid-phase peptide synthesis using commercially available amino acids. Numerous aryl and heteroaryl derivatives can be effectively used in these reactions. In addition, a systematic investigation was undertaken using an ""informer"" set of macrocyclic peptides which revealed the compatibility of the late-stage diversification with peptides containing diverse side chain functionalities."
6,A5_autonomous,34476057,PMC8372320,10.1039/d1sc02150h,2021,Chemical science,research-article; Journal Article,Combining machine learning and high-throughput experimentation to discover photocatalytically active organic molecules.,"Light-absorbing organic molecules are useful components in photocatalysts, but it is difficult to formulate reliable structure-property design rules. More than 100 million unique chemical compounds are documented in the PubChem database, and a significant sub-set of these are π-conjugated, light-absorbing molecules that might in principle act as photocatalysts. Nature has used natural selection to evolve photosynthetic assemblies; by contrast, our ability to navigate the enormous potential search space of organic photocatalysts in the laboratory is limited. Here, we integrate experiment, computation, and machine learning to address this challenge. A library of 572 aromatic organic molecules was assembled with diverse compositions and structures, selected on the basis of availability in our laboratory, rather than more sophisticated criteria. This training library was then assessed experimentally for sacrificial photocatalytic hydrogen evolution using a high-throughput, automated method. Quantum chemical calculations and machine learning were used to visualise, interpret, and ultimately to predict the photocatalytic activities of these molecules, covering a much broader chemical space than for previous polymer photocatalyst libraries. By applying unsupervised learning to the molecular structures, we identified structural features that were common in molecules with high catalytic activity. Further analysis using calculated molecular descriptors within a suite of supervised classification algorithms revealed that light absorption, exciton electron affinity, electron affinity, exciton binding energy, and singlet-triplet energy gap had correlations with the photocatalytic performance. These trained predictive models can be used in future studies as filters to deprioritise or discard would-be low-activity candidate molecules from experiments, and to prioritize more favourable candidates. As a demonstration, we used virtual in silico experiments to show that it was possible to halve the experimental cost of finding 50% of the most active photocatalysts by using the machine learning model as an experimental advisor. We further showed that the ML advisor trained on the 572-molecule library could be used to make predictions for an unseen set of 96 molecules, achieving equivalent predictive accuracies to those in the initial training set. This marks a step toward the machine-learning assisted discovery of molecular organic photocatalysts and the approach might also be applied to problems beyond photocatalytic hydrogen evolution, such as CO2 reduction and photoredox chemistry."
7,A5_autonomous,41158981,PMC12557465,10.1039/d5dd00042d,2025,Digital discovery,research-article; Journal Article,"An automated platform for ""on-demand"" high-speed catalyst synthesis by flame spray pyrolysis.","Flame-Spray Pyrolysis (FSP) is a versatile synthetic aerosol method to produce inorganic mixed-metal nanoparticles, frequently used for catalysts, battery materials, or chromophores. This work introduces a novel automated robotic platform based on FSP - AutoFSP - to accelerate materials discovery and optimization while providing standardized, machine-readable documentation of all synthesis steps. The manuscript outlines the design considerations for both hardware and software of AutoFSP, as well as the platform's performance in terms of speed, accuracy, and repeatability. AutoFSP has demonstrated significant time savings by reducing operator workload by a factor of two to three, while also improving documentation and decreasing the chance of human experimental error. AutoFSP achieves high compositional accuracy and precision across two orders of magnitude. The relative error of the effective molar metal loading x in Zn x Zr1-x O y and In x Zr1-x O y nanoparticles produced with the setup remains within ± 5%. The platform showcases the potential of automation in chemical discovery and exemplifies how established manual synthetic methods can be adapted for robotic processes before integration into a materials acceleration platform (MAP)."
8,A5_autonomous,40575310,PMC12188418,10.1021/jacsau.5c00377,2025,JACS Au,research-article; Journal Article,Inverse Design of Block Polymer Materials with Desired Nanoscale Structure and Macroscale Properties.,"The rational design of novel polymers with tailored material properties has been a long-standing challenge in the field due to the large number of possible polymer design variables. To accelerate this design process, there is a critical need to develop novel tools to aid in the inverse design process and to efficiently explore the high-dimensional polymer design space. Optimizing macroscale material properties for polymeric systems is even more challenging than inorganics and small molecules as these properties are dictated by features on a multitude of length scales, ranging from the chosen monomer chemistries to the chain level design to larger-scale (nm to microns) domain structures. In this work, we present an efficient high-throughput in-silico based framework to effectively design high-performance polymers (blends, copolymers) with desired multiscale nanostructure and macroscale properties which we call RAPSIDY 2.0 - Rapid Analysis of Polymer Structure and Inverse Design strategY 2.0. This new version of RAPSIDY builds upon our previous work, RAPSIDY 1.0, which focused purely on identifying polymer designs that stabilized a desired nanoscale morphology. In RAPSIDY 2.0 we use a combination of molecular dynamics (MD) simulations and Bayesian optimization driven active learning to optimally query high-dimensional polymer design spaces and propose promising design candidates that simultaneously stabilize a selected nanoscale morphology and exhibit desired macroscale material properties (e.g., tensile strength, thermal conductivity). We utilize MD simulations with polymer chains preplaced into selected nanoscale morphologies and perform virtual experiments to determine the stability of the chosen polymer design within the target morphology and calculate the desired macroscale material properties. Our methodology directly addresses the unique challenge associated with copolymers whose macroscale properties are a function of both their chain design and mesoscale morphology, which are coupled. We showcase the efficacy of our methodology in engineering high-performance blends of block copolymers that exhibit (1) high thermal conductivity and (2) high tensile strength. We also discuss the impact of our work in accelerating the design of novel polymeric materials for targeted applications."
9,A5_autonomous,40078899,PMC11896811,10.1002/hsr2.70562,2025,Health science reports,research-article; Journal Article,Project-Based Approach as Methodology to Improve Academic Performance of Medical School Students Within the Research Line Teaching Course: A Quasi-Experimental Study.,"Background and aimsTraditional teaching methods in medical education often fail to engage students or foster critical research skills required for evidence-based medicine. Project-based learning (PBL) is widely recognized for promoting active learning and improving academic performance, although its application in research-focused medical courses remains underexplored, especially in low-resource settings. This study aimed to evaluate the effectiveness of PBL in enhancing academic performance and originality compared to traditional literature review-based assessments.MethodsA quasi-experimental study was conducted between March 11, 2024 and May 31, 2024, with 179 twelfth-semester medical students divided into two groups: the experimental group (PBL approach, n = 108) and the control group (literature review-based approach, n = 71). Students in the PBL group completed the full research cycle, including topic selection, data collection, analysis, research paper formulation, while the control group focused on synthesizing existing literature. Academic performance (course grades) and originality (Turnitin similarity percentage) were measured. Data were analyzed using descriptive statistics and independent samples t-tests, with a significance threshold of p ResultsThe PBL group demonstrated significantly higher academic performance (mean: 82.5, median: 85) compared to the control group (mean: 66.5, median: 63.75; t(177) = -20.53, p t(177) = 13.74, p . 4.81), reflecting the individualized nature of PBL.ConclusionThis study confirms that PBL significantly enhances academic performance and fosters originality among medical students, particularly in research-focused courses. The findings underscore the potential of PBL as a transformative approach to medical education, addressing gaps in traditional methods while aligning with global trends in evidence-based practice and academic integrity. PBL is recommended as an adaptable and effective strategy, especially in resource-limited educational settings."
10,A5_autonomous,40473909,PMC12391189,10.1007/s10439-025-03752-9,2025,Annals of biomedical engineering,Comparative Study; research-article; Journal Article,Enhancing Bone Scaffold Fabrication: A Comparative Study of Manual Casting and Automated 3D Bioprinting.,"While fabrication of bone scaffolds is important for the development of tissue engineering, traditional techniques have typically been prone to either scaling or reproducibility issues. This paper highlights a strategy for automated 3D printing and bioprinting techniques that enhance precision and efficiency in the production of PLGA-HA scaffolds. We realized significant improvements in efficiency, reproducibility, and scalability through optimization of 3D printing parameters, improvement of material handling, and refinement of the fabrication process. Precise measurement consequently minimized material waste; the introduction of a mesh filter allowed for high-throughput experimentation without compromising the integrity of individual scaffolds, streamlining the workflow. Combining automated casting with state-of-the-art 3D bioprinting, our experimental methodology precisely applied the bioactive materials, reducing the processing time fivefold and enhancing precision. Besides, automated casting produced thicker, better-quality scaffolds averaging 0.02354 g, which is against 0.01169 g using the manual approach, effectively doubling the retention of the PLGA-HA coating on a PVA mold. Excellent cell viability and adhesion on automated scaffolds have been further underlined for application in tissue engineering during in vitro studies using multipotent mesenchymal stromal cells. Although conventional techniques, such as injection molding, are standard for large lots, 3D printing has advantages in scaffold fabrication regarding control over geometry and homogeneous material properties. Equally important, these characteristics are necessary to achieve repeatable and up-scaled experimental results."
11,A5_autonomous,39323746,PMC11422183,10.1093/rb/rbae109,2024,Regenerative biomaterials,research-article; Journal Article,Integrating machine learning for the optimization of polyacrylamide/alginate hydrogel.,"Hydrogels are highly promising due to their soft texture and excellent biocompatibility. However, the designation and optimization of hydrogels involve numerous experimental parameters, posing challenges in achieving rapid optimization through conventional experimental methods. In this study, we leverage machine learning algorithms to optimize a dual-network hydrogel based on a blend of acrylamide (AM) and alginate, targeting applications in flexible electronics. By treating the concentrations of components as experimental parameters and utilizing five material properties as evaluation criteria, we conduct a comprehensive property assessment of the material using a linear weighting method. Subsequently, we design a series of experimental plans using the Bayesian optimization algorithm and validate them experimentally. Through iterative refinement, we optimize the experimental parameters, resulting in a hydrogel with superior overall properties, including heightened strain sensitivity and flexibility. Leveraging the available experimental data, we employ a classification algorithm to separate the cutoff data. The feature importance identified by the classification model highlights the pronounced impact of AM, ammonium persulfate, and N,N-methylene on the classification outcomes. Additionally, we develop a regression model and demonstrate its utility in predicting and analyzing the relationship between experimental parameters and hydrogel properties through experimental validation."
12,A5_autonomous,40498693,PMC12157168,10.1371/journal.pone.0324205,2025,PloS one,research-article; Journal Article,Bayesian optimization and machine learning for vaccine formulation development.,"Developing vaccines with a better stability is an area of improvement to meet the global health needs of preventing infectious diseases. With the advancement of data science and artificial intelligence, innovative approaches have emerged. This manuscript highlights the applications of machine learning through two cases in which Bayesian optimization was used to develop viral vaccine formulations. The two case studies monitored the critical quality attributes of virus A in liquid form by infectious titer loss and virus B in freeze-dried form by glass transition temperature. Stepwise analysis and model optimization demonstrated progressive improvements of model quality and prediction accuracy. The cross-validation matrices of the models' predictions showed high R² and low root mean square errors, indicating their reliability. The prediction accuracy of models was further validated by using test datasets. Model analysis using prediction error plot, Shapeley Additive exPlanations, permutation importance, etc. can provide additional insights into relations between model and experimental design, the influence of features of interest, and non-linear responses. Overall, Bayesian optimization is a useful complementary tool in formulation development that can help scientists make effective data-driven decisions."
13,A5_autonomous,37012610,PMC10288256,10.1002/advs.202301365,2023,"Advanced science (Weinheim, Baden-Wurttemberg, Germany)","Research Support, Non-U.S. Gov't; research-article; Journal Article",Wake-Riding Effect-Inspired Opto-Hydrodynamic Diatombot for Non-Invasive Trapping and Removal of Nano-Biothreats.,"Contamination of nano-biothreats, such as viruses, mycoplasmas, and pathogenic bacteria, is widespread in cell cultures and greatly threatens many cell-based bio-analysis and biomanufacturing. However, non-invasive trapping and removal of such biothreats during cell culturing, particularly many precious cells, is of great challenge. Here, inspired by the wake-riding effect, a biocompatible opto-hydrodynamic diatombot (OHD) based on optical trapping navigated rotational diatom (Phaeodactylum tricornutum Bohlin) for non-invasive trapping and removal of nano-biothreats is reported. Combining the opto-hydrodynamic effect and optical trapping, this rotational OHD enables the trapping of bio-targets down to sub-100 nm. Different nano-biothreats, such as adenoviruses, pathogenic bacteria, and mycoplasmas, are first demonstrated to be effectively trapped and removed by the OHD, without affecting culturing cells including precious cells such as hippocampal neurons. The removal efficiency is greatly enhanced via reconfigurable OHD array construction. Importantly, these OHDs show remarkable antibacterial capability, and further facilitate targeted gene delivery. This OHD serves as a smart micro-robotic platform for effective trapping and active removal of nano-biothreats in bio-microenvironments, and especially for cell culturing of many precious cells, with great promises for benefiting cell-based bio-analysis and biomanufacturing."
14,A5_autonomous,39468626,PMC11520512,10.1186/s13321-024-00911-3,2024,Journal of cheminformatics,research-article; Journal Article,Towards the prediction of drug solubility in binary solvent mixtures at various temperatures using machine learning.,"Drug solubility is an important parameter in the drug development process, yet it is often tedious and challenging to measure, especially for expensive drugs or those available in small quantities. To alleviate these challenges, machine learning (ML) has been applied to predict drug solubility as an alternative approach. However, the majority of existing ML research has focused on the predictions of aqueous solubility and/or solubility at specific temperatures, which restricts the model applicability in pharmaceutical development. To bridge this gap, we compiled a dataset of 27,000 solubility datapoints, including solubility of small molecules measured in a range of binary solvent mixtures under various temperatures. Next, a panel of ML models were trained on this dataset with their hyperparameters tuned using Bayesian optimization. The resulting top-performing models, both gradient boosted decision trees (light gradient boosting machine and extreme gradient boosting), achieved mean absolute errors (MAE) of 0.33 for LogS (S in g/100 g) on the holdout set. These models were further validated through a prospective study, wherein the solubility of four drug molecules were predicted by the models and then validated with in-house solubility experiments. This prospective study demonstrated that the models accurately predicted the solubility of solutes in specific binary solvent mixtures under different temperatures, especially for drugs whose features closely align within the solutes in the dataset (MAE < 0.5 for LogS). To support future research and facilitate advancements in the field, we have made the dataset and code openly available. Scientific contribution Our research advances the state-of-the-art in predicting solubility for small molecules by leveraging ML and a uniquely comprehensive dataset. Unlike existing ML studies that predominantly focus on solubility in aqueous solvents at fixed temperatures, our work enables prediction of drug solubility in a variety of binary solvent mixtures over a broad temperature range, providing practical insights on the modeling of solubility for realistic pharmaceutical applications. These advancements along with the open access dataset and code support significant steps in the drug development process including new molecule discovery, drug analysis and formulation."
15,A5_autonomous,40750635,PMC12316898,10.1038/s41598-025-13028-w,2025,Scientific reports,research-article; Journal Article,Advanced hybrid intelligence evaluation of nanomedicine delivery to various organs using machine learning and adaptive tree structured Parzen estimator.,"We have examined the efficiency of drug delivery for targeted therapy by theoretical models. Machine learning strategy was tested to analyze the drug delivery of nanomedicines to the desired sites for efficient treatment. The inputs to the models are properties of nanoparticles, tumor model, cancer type, administration dose of drug, while the outputs are delivery efficiency of drug in various organs. The ML models employed include Elastic Net Regression (EN), K-Nearest Neighbors (KNN), Polynomial Regression (PR), and an ensemble method using Boosting to leverage the strengths of these individual models. The dataset includes both categorical and numerical variables related to nanoparticle properties and their distribution across organs like the tumor, spleen, heart, liver, lung, and kidney. Hyperparameter optimization was enhanced using the Adaptive Tree-Structured Parzen Estimator (ATPE), which improves upon traditional Bayesian optimization methods. The results demonstrated that the AdaBoost KNN model consistently outperformed other models in predicting nanoparticle biodistribution, with high R² values and low RMSE across multiple organ targets, thus proving effective in capturing complex input-output relationships. This approach offers a robust framework for advancing predictive modeling in biomedical applications involving nanoparticles."
16,A5_autonomous,38132817,PMC10744304,10.3390/jfb14120563,2023,Journal of functional biomaterials,research-article; Journal Article,Model-Based Design to Enhance Neotissue Formation in Additively Manufactured Calcium-Phosphate-Based Scaffolds.,"In biomaterial-based bone tissue engineering, optimizing scaffold structure and composition remains an active field of research. Additive manufacturing has enabled the production of custom designs in a variety of materials. This study aims to improve the design of calcium-phosphate-based additively manufactured scaffolds, the material of choice in oral bone regeneration, by using a combination of in silico and in vitro tools. Computer models are increasingly used to assist in design optimization by providing a rational way of merging different requirements into a single design. The starting point for this study was an in-house developed in silico model describing the in vitro formation of neotissue, i.e., cells and the extracellular matrix they produced. The level set method was applied to simulate the interface between the neotissue and the void space inside the scaffold pores. In order to calibrate the model, a custom disk-shaped scaffold was produced with prismatic canals of different geometries (circle, hexagon, square, triangle) and inner diameters (0.5 mm, 0.7 mm, 1 mm, 2 mm). The disks were produced with three biomaterials (hydroxyapatite, tricalcium phosphate, and a blend of both). After seeding with skeletal progenitor cells and a cell culture for up to 21 days, the extent of neotissue growth in the disks' canals was analyzed using fluorescence microscopy. The results clearly demonstrated that in the presence of calcium-phosphate-based materials, the curvature-based growth principle was maintained. Bayesian optimization was used to determine the model parameters for the different biomaterials used. Subsequently, the calibrated model was used to predict neotissue growth in a 3D gyroid structure. The predicted results were in line with the experimentally obtained ones, demonstrating the potential of the calibrated model to be used as a tool in the design and optimization of 3D-printed calcium-phosphate-based biomaterials for bone regeneration."
17,A5_autonomous,36329705,PMC9622803,10.3389/fbioe.2022.959335,2022,Frontiers in bioengineering and biotechnology,research-article; Journal Article,The CaT stretcher: An open-source system for delivering uniaxial strain to cells and tissues (CaT).,"Integration of mechanical cues in conventional 2D or 3D cell culture platforms is an important consideration for in vivo and ex vivo models of lung health and disease. Available commercial and published custom-made devices are frequently limited in breadth of applications, scalability, and customization. Herein we present a technical report on an open-source, cell and tissue (CaT) stretcher, with modularity for different in vitro and ex vivo systems, that includes the following features: 1) Programmability for modeling different breathing patterns, 2) scalability to support low to high-throughput experimentation, and 3) modularity for submerged cell culture, organ-on-chips, hydrogels, and live tissues. The strategy for connecting the experimental cell or tissue samples to the stretching device were designed to ensure that traditional biomedical outcome measurements including, but not limited to microscopy, soluble mediator measurement, and gene and protein expression remained possible. Lastly, to increase the uptake of the device within the community, the system was built with economically feasible and available components. To accommodate diverse in vitro and ex vivo model systems we developed a variety of chips made of compliant polydimethylsiloxane (PDMS) and optimized coating strategies to increase cell adherence and viability during stretch. The CaT stretcher was validated for studying mechanotransduction pathways in lung cells and tissues, with an increase in alpha smooth muscle actin protein following stretch for 24 h observed in independent submerged monolayer, 3D hydrogel, and live lung tissue experiments. We anticipate that the open-source CaT stretcher design will increase accessibility to studies of the dynamic lung microenvironment through direct implementation by other research groups or custom iterations on our designs."
18,A5_autonomous,41209080,PMC12590431,10.1016/j.ijpx.2025.100420,2025,International journal of pharmaceutics: X,research-article; Journal Article,Targeted probiotic tabletting: A hybrid active learning and finite element modelling approach for process optimisation.,"Tablets are an efficient dosage form for delivering probiotics. Prior studies have identified compression pressure, compression speed, and precompression pressure as critical process parameters determining probiotic survival during tabletting. However, due to the labour-intensive and time-consuming nature of experimental investigations, most previous studies focused on evaluating the impact of individual parameters in isolation. Consequently, the rapid and systematic identification of optimal process parameters to maximise probiotic survival remains a significant and unresolved challenge in pharmaceutical formulation research. To address this gap, an integrated approach combining active learning (AL) based Gaussian process regression (GPR) with finite element (FE) modelling was developed to systematically explore the compaction parameter space and identify optimal process conditions. All data utilised in AL were generated using an FE model that was specifically developed to predict viability of probiotics during tabletting. Remarkably, the integrated approach achieved high prediction performance after only 78 iterations, demonstrating a coefficient of determination (R2) of 0.96 across the entire design space for predicting probiotic survival rate during tabletting. Using the well-trained model, a global random sampling strategy combined with threshold filtering was employed to identify regions of the design space likely to yield near-optimal survival rates. Furthermore, the exploration of compression speed and precompression pressure at selected fixed main compression pressures enabled the generation of survival rate maps, providing insights into the interplay between probiotic survival rate and tablet mechanical performance. This study demonstrated the potential of hybrid data-driven and first-principles modelling approaches as a robust strategy for optimising probiotic tabletting processes and accelerating pharmaceutical development."
19,A5_autonomous,38013903,PMC10561544,10.1039/d3dd00109a,2023,Digital discovery,research-article; Journal Article,Go with the flow: deep learning methods for autonomous viscosity estimations.,"Closed-loop experiments can accelerate material discovery by automating both experimental manipulations and decisions that have traditionally been made by researchers. Fast and non-invasive measurements are particularly attractive for closed-loop strategies. Viscosity is a physical property for fluids that is important in many applications. It is fundamental in application areas such as coatings; also, even if viscosity is not the key property of interest, it can impact our ability to do closed-loop experimentation. For example, unexpected increases in viscosity can cause liquid-handling robots to fail. Traditional viscosity measurements are manual, invasive, and slow. Here we use convolutional neural networks (CNNs) as an alternative to traditional viscometry by non-invasively extracting the spatiotemporal features of fluid motion under flow. To do this, we built a workflow using a dual-armed collaborative robot that collects video data of fluid motion autonomously. This dataset was then used to train a 3-dimensional convolutional neural network (3D-CNN) for viscosity estimation, either by classification or by regression. We also used these models to identify unknown laboratory solvents, again based on differences in fluid motion. The 3D-CNN model performance was compared with the performance of a panel of human participants for the same classification tasks. Our models strongly outperformed human classification in both cases. For example, even with training on fewer than 50 videos for each liquid, the 3D-CNN model gave an average accuracy of 88% for predicting the identity of five different laboratory solvents, compared to an average accuracy of 32% for human observation. For comparison, random category selection would give an average accuracy of 20%. Our method offers an alternative to traditional viscosity measurements for autonomous chemistry workflows that might be used both for process control (e.g., choosing not to pipette liquids that are too viscous) or for materials discovery (e.g., identifying new polymerization catalysts on the basis of viscosification)."
20,A5_autonomous,35762203,PMC9239686,10.7554/elife.77007,2022,eLife,"Research Support, Non-U.S. Gov't; research-article; Journal Article",Robotic search for optimal cell culture in regenerative medicine.,"Induced differentiation is one of the most experience- and skill-dependent experimental processes in regenerative medicine, and establishing optimal conditions often takes years. We developed a robotic AI system with a batch Bayesian optimization algorithm that autonomously induces the differentiation of induced pluripotent stem cell-derived retinal pigment epithelial (iPSC-RPE) cells. From 200 million possible parameter combinations, the system performed cell culture in 143 different conditions in 111 days, resulting in 88% better iPSC-RPE production than that obtained by the pre-optimized culture in terms of the pigmentation scores. Our work demonstrates that the use of autonomous robotic AI systems drastically accelerates systematic and unbiased exploration of experimental search space, suggesting immense use in medicine and research."
21,A5_autonomous,39650094,PMC7616994,10.1039/d2dd00100d,2023,Digital discovery,research-article; Journal Article,A fully automated platform for photoinitiated RAFT polymerization.,"Oxygen tolerant polymerizations including Photoinduced Electron/Energy Transfer-Reversible Addition-Fragmentation Chain-Transfer (PET-RAFT) polymerization allow for high-throughput synthesis of diverse polymer architectures on the benchtop in parallel. Recent developments have further increased throughput using liquid handling robotics to automate reagent handling and dispensing into well plates thus enabling the combinatorial synthesis of large polymer libraries. Although liquid handling robotics can enable automated polymer reagent dispensing in well plates, photoinitiation and reaction monitoring require automation to provide a platform that enables the reliable and robust synthesis of various polymer compositions in high-throughput where polymers with desired molecular weights and low dispersity are obtained. Here, we describe the development of a robotic platform to fully automate PETRAFT polymerizations and provide individual control of reactions performed in well plates. On our platform, reagents are automatically dispensed in well plates, photoinitiated in individual wells with a custom-designed lightbox until the polymerizations are complete, and monitored online in real-time by tracking fluorescence intensities on a fluorescence plate reader, with well plate transfers between instruments occurring via a robotic arm. We found that this platform enabled robust parallel polymer synthesis of both acrylate and acrylamide homopolymers and copolymers, with high monomer conversions and low dispersity. The successful polymerizations obtained on this platform make it an efficient tool for combinatorial polymer chemistry. In addition, with the inclusion of machine learning protocols to help navigate the polymer space towards specific properties of interest, this robotic platform can ultimately become a self-driving lab that can dispense, synthesize, and monitor large polymer libraries."
22,A5_autonomous,34936439,PMC8694626,10.1126/sciadv.abj5505,2021,Science advances,research-article; Journal Article,Machine learning-accelerated design and synthesis of polyelemental heterostructures.,"In materials discovery efforts, synthetic capabilities far outpace the ability to extract meaningful data from them. To bridge this gap, machine learning methods are necessary to reduce the search space for identifying desired materials. Here, we present a machine learning–driven, closed-loop experimental process to guide the synthesis of polyelemental nanomaterials with targeted structural properties. By leveraging data from an eight-dimensional chemical space (Au-Ag-Cu-Co-Ni-Pd-Sn-Pt) as inputs, a Bayesian optimization algorithm is used to suggest previously unidentified nanoparticle compositions that target specific interfacial motifs for synthesis, results of which are iteratively shared back with the algorithm. This feedback loop resulted in successful syntheses of 18 heterojunction nanomaterials that are too complex to discover by chemical intuition alone, including extremely chemically complex biphasic nanoparticles reported to date. Platforms like the one developed here are poised to transform materials discovery across a wide swath of applications and industries."
23,A5_autonomous,38930235,PMC11204689,10.3390/ma17122866,2024,"Materials (Basel, Switzerland)",research-article; Journal Article,Multi-Objective Optimization of Adhesive Joint Strength and Elastic Modulus of Adhesive Epoxy with Active Learning.,"Studying multiple properties of a material concurrently is essential for obtaining a comprehensive understanding of its behavior and performance. However, this approach presents certain challenges. For instance, simultaneous examination of various properties often necessitates extensive experimental resources, thereby increasing the overall cost and time required for research. Furthermore, the pursuit of desirable properties for one application may conflict with those needed for another, leading to trade-off scenarios. In this study, we focused on investigating adhesive joint strength and elastic modulus, both crucial properties directly impacting adhesive behavior. To determine elastic modulus, we employed a non-destructive indentation method for converting hardness measurements. Additionally, we introduced a specimen apparatus preparation method to ensure the fabrication of smooth surfaces and homogeneous polymeric specimens, free from voids and bubbles. Our experiments utilized a commercially available bisphenol A-based epoxy resin in combination with a Poly(propylene glycol) curing agent. We generated an initial dataset comprising experimental results from 32 conditions, which served as input for training a machine learning model. Subsequently, we used this model to predict outcomes for a total of 256 conditions. To address the high deviation in prediction results, we implemented active learning approaches, achieving a 50% reduction in deviation while maintaining model accuracy. Through our analysis, we observed a trade-off boundary (Pareto frontier line) between adhesive joint strength and elastic modulus. Leveraging Bayesian optimization, we successfully identified experimental conditions that surpassed this boundary, yielding an adhesive joint strength of 25.2 MPa and an elastic modulus of 182.5 MPa."
24,A5_autonomous,39962040,PMC11833048,10.1038/s41467-024-55655-3,2025,Nature communications,research-article; Journal Article,Autonomous platform for solution processing of electronic polymers.,"The manipulation of electronic polymers' solid-state properties through processing is crucial in electronics and energy research. Yet, efficiently processing electronic polymer solutions into thin films with specific properties remains a formidable challenge. We introduce Polybot, an artificial intelligence (AI) driven automated material laboratory designed to autonomously explore processing pathways for achieving high-conductivity, low-defect electronic polymers films. Leveraging importance-guided Bayesian optimization, Polybot efficiently navigates a complex 7-dimensional processing space. In particular, the automated workflow and algorithms effectively explore the search space, mitigate biases, employ statistical methods to ensure data repeatability, and concurrently optimize multiple objectives with precision. The experimental campaign yields scale-up fabrication recipes, producing transparent conductive thin films with averaged conductivity exceeding 4500 S/cm. Feature importance analysis and morphological characterizations reveal key design factors. This work signifies a significant step towards transforming the manufacturing of electronic polymers, highlighting the potential of AI-driven automation in material science."
25,A5_autonomous,37237631,PMC10215654,10.3390/bioengineering10050560,2023,"Bioengineering (Basel, Switzerland)",research-article; Journal Article,Analysis of the Robotic-Based In Situ Bioprinting Workflow for the Regeneration of Damaged Tissues through a Case Study.,"This study aims to critically analyse the workflow of the in situ bioprinting procedure, presenting a simulated neurosurgical case study, based on a real traumatic event, for collecting quantitative data in support of this innovative approach. After a traumatic event involving the head, bone fragments may have to be removed and a replacement implant placed through a highly demanding surgical procedure in terms of surgeon dexterity. A promising alternative to the current surgical technique is the use of a robotic arm to deposit the biomaterials directly onto the damaged site of the patient following a planned curved surface, which can be designed pre-operatively. Here we achieved an accurate planning-patient registration through pre-operative fiducial markers positioned around the surgical area, reconstructed starting from computed tomography images. Exploiting the availability of multiple degrees of freedom for the regeneration of complex and also overhanging parts typical of anatomical defects, in this work the robotic platform IMAGObot was used to regenerate a cranial defect on a patient-specific phantom. The in situ bioprinting process was then successfully performed showing the great potential of this innovative technology in the field of cranial surgery. In particular, the accuracy of the deposition process was quantified, as well as the duration of the whole procedure was compared to a standard surgical practice. Further investigations include a biological characterisation over time of the printed construct as well as an in vitro and in vivo analysis of the proposed approach, to better analyse the biomaterial performances in terms of osteo-integration with the native tissue."
26,A5_autonomous,40389662,PMC12089501,10.1038/s41598-025-98917-w,2025,Scientific reports,research-article; Journal Article,Multi-task feature integration and interactive active learning for scene image resizing.,"In the realm of artificial intelligence (AI), recomposing the semantic segments of intricate scenes is pivotal. This study attempts to seamlessly combine multi-channel perceptual visual features for the adaptive retargeting of images characterized by complex spatial configurations. The key of our approach is the formulation of an in-depth hierarchical model dedicated to the precise capture of human gaze dynamics. Utilizing the BING objectness metric, we swiftly and accurately acquire patches within scenes that hold semantic and visual significance by identifying objects and their components across varying scales. Subsequent to this, we introduce a multi-task feature selector for the dynamic integration of multi-channel features across disparate scene patches. To capture human perception in recognizing critical scenic patches, we introduce a strategy known as locality-preserved and interactive active learning (LIAL). This technique incrementally crafts gaze shift paths (GSP) for each scene. The primary advantages of LIAL are twofold: firstly, it maintains the local coherence of varied scenes efficiently, and secondly, it allows for the active selection process to be shaped by human interaction. By employing LIAL, we methodically represent a GSP for every scene and calculate its corresponding deep features by a multi-layer aggregating algorithm. The deeply-learned GSP representations are subsequently encoded to a Gaussian mixture model (GMM), serving as the basis for scenic image retargeting. Our empirical analyses affirm the effectiveness of our proposed methodology. Statistics of our designed user study showed that our retargeting outperforms the five counterparts. Besides, compared to other 17 popular visual recognizers, our method's precision exceeds the second best performer by 3%, and the testing time consumption is only 49.8% of the second best performer."
27,A5_autonomous,35160352,PMC8838243,10.3390/polym14030361,2022,Polymers,research-article; Journal Article,Improvement of High-Throughput Experimentation Using Synthesis Robots by the Implementation of Tailor-Made Sensors.,"A small, low-cost, self-produced photometer is implemented into a synthesis robot and combined with a modified UV chamber to enable automated sampling and online characterization. In order to show the usability of the new approach, two different reversible addition-fragmentation chain transfer (RAFT) polymers were irradiated with UV light. Automated sampling and subsequent characterization revealed different reaction kinetics depending on polymer type. Thus, a long initiation time (20 min) is required for the end-group degradation of poly(ethylene glycol) ether methyl methacrylate (poly(PEGMEMA)), whereas poly(methyl methacrylate) (PMMA) is immediately converted. Lastly, all photometric samples are characterized via size-exclusion chromatography using UV and RI detectors to prove the results of the self-produced sensor and to investigate the molar mass shift during the reaction."
28,A5_autonomous,33528245,PMC7893702,10.1021/acs.accounts.0c00785,2021,Accounts of chemical research,"Research Support, Non-U.S. Gov't; research-article; Research Support, U.S. Gov't, Non-P.H.S.; Journal Article",Data-Driven Strategies for Accelerated Materials Design.,"The ongoing revolution of the natural sciences by the advent of machine learning and artificial intelligence sparked significant interest in the material science community in recent years. The intrinsically high dimensionality of the space of realizable materials makes traditional approaches ineffective for large-scale explorations. Modern data science and machine learning tools developed for increasingly complicated problems are an attractive alternative. An imminent climate catastrophe calls for a clean energy transformation by overhauling current technologies within only several years of possible action available. Tackling this crisis requires the development of new materials at an unprecedented pace and scale. For example, organic photovoltaics have the potential to replace existing silicon-based materials to a large extent and open up new fields of application. In recent years, organic light-emitting diodes have emerged as state-of-the-art technology for digital screens and portable devices and are enabling new applications with flexible displays. Reticular frameworks allow the atom-precise synthesis of nanomaterials and promise to revolutionize the field by the potential to realize multifunctional nanoparticles with applications from gas storage, gas separation, and electrochemical energy storage to nanomedicine. In the recent decade, significant advances in all these fields have been facilitated by the comprehensive application of simulation and machine learning for property prediction, property optimization, and chemical space exploration enabled by considerable advances in computing power and algorithmic efficiency.In this Account, we review the most recent contributions of our group in this thriving field of machine learning for material science. We start with a summary of the most important material classes our group has been involved in, focusing on small molecules as organic electronic materials and crystalline materials. Specifically, we highlight the data-driven approaches we employed to speed up discovery and derive material design strategies. Subsequently, our focus lies on the data-driven methodologies our group has developed and employed, elaborating on high-throughput virtual screening, inverse molecular design, Bayesian optimization, and supervised learning. We discuss the general ideas, their working principles, and their use cases with examples of successful implementations in data-driven material discovery and design efforts. Furthermore, we elaborate on potential pitfalls and remaining challenges of these methods. Finally, we provide a brief outlook for the field as we foresee increasing adaptation and implementation of large scale data-driven approaches in material discovery and design campaigns."
29,A5_autonomous,39922810,PMC11807174,10.1038/s41467-025-56788-9,2025,Nature communications,research-article; Journal Article,Self-driving lab for the photochemical synthesis of plasmonic nanoparticles with targeted structural and optical properties.,"Many applications of plasmonic nanoparticles require precise control of their optical properties that are governed by nanoparticle dimensions, shape, morphology and composition. Finding reaction conditions for the synthesis of nanoparticles with targeted characteristics is a time-consuming and resource-intensive trial-and-error process, however closed-loop nanoparticle synthesis enables the accelerated exploration of large chemical spaces without human intervention. Here, we introduce the Autonomous Fluidic Identification and Optimization Nanochemistry (AFION) self-driving lab that integrates a microfluidic reactor, in-flow spectroscopic nanoparticle characterization, and machine learning for the exploration and optimization of the multidimensional chemical space for the photochemical synthesis of plasmonic nanoparticles. By targeting spectroscopic nanoparticle properties, the AFION lab identifies reaction conditions for the synthesis of different types of nanoparticles with designated shapes, morphologies, and compositions. Data analysis provides insight into the role of reaction conditions for the synthesis of the targeted nanoparticle type. This work shows that the AFION lab is an effective exploration platform for on-demand synthesis of plasmonic nanoparticles."
30,A5_autonomous,36399561,PMC9674283,10.1126/sciadv.abq8545,2022,Science advances,research-article; Journal Article,Multifunctional microrobot with real-time visualization and magnetic resonance imaging for chemoembolization therapy of liver cancer.,"Microrobots that can be precisely guided to target lesions have been studied for in vivo medical applications. However, existing microrobots have challenges in vivo such as biocompatibility, biodegradability, actuation module, and intra- and postoperative imaging. This study reports microrobots visualized with real-time x-ray and magnetic resonance imaging (MRI) that can be magnetically guided to tumor feeding vessels for transcatheter liver chemoembolization in vivo. The microrobots, composed of a hydrogel-enveloped porous structure and magnetic nanoparticles, enable targeted delivery of therapeutic and imaging agents via magnetic guidance from the actuation module under real-time x-ray imaging. In addition, the microrobots can be tracked using MRI as postoperative imaging and then slowly degrade over time. The in vivo validation of microrobot system-mediated chemoembolization was demonstrated in a rat liver with a tumor model. The proposed microrobot provides an advanced medical robotic platform that can overcome the limitations of existing microrobots and current liver chemoembolization."
31,A5_autonomous,41000128,PMC12459380,10.1039/d5sc03738g,2025,Chemical science,research-article; Journal Article,Synthesis of biodegradable vinyl copolymers via enforced regular sequence distribution from automated radical ring opening polymerisation.,"A method based on continuous Bayesian optimization of monomer feed in a semi-batch copolymerization is demonstrated that allows countering the composition drift in copolymerizations stemming from disparate reactivity ratios. The method requires online monitoring of the reaction, but requires no prior kinetic knowledge on the copolymerization or any modelling of the polymerizations, making this the first method generally applicable to any copolymerization system to achieve this aim. Copolymerizations between acrylates, methacrylates and styrene are demonstrated to achieve perfectly statistical and homogeneous distributions, and the radical ring opening copolymerisation between a cyclic ketene acetal and methyl methacrylate is showcased as an example of a challenging copolymerization where countering the composition drift results in a completely degradable material, paving a pathway to new sustainable polymers in the future. Next to perfect regulation of the sequence distribution in these copolymers, we also demonstrate how the method can be applied to create non-natural composition drifts in polymers at will."
32,A5_autonomous,39221512,PMC11403549,10.1021/acsami.4c10077,2024,ACS applied materials & interfaces,research-article; Journal Article,"High-Yield WS2 Synthesis through Sulfurization in Custom-Modified Atmospheric Pressure Chemical Vapor Deposition Reactor, Paving the Way for Selective NH3 Vapor Detection.","Nanostructured transition metal dichalcogenides have garnered significant research interest for physical and chemical sensing applications due to their unique crystal structure and large effective surface area. However, the high-yield synthesis of these materials on different substrates and in nanostructured films remains a challenge that hinders their real-world applications. In this work, we demonstrate the synthesis of two-dimensional (2D) tungsten disulfide (WS2) sheets on a hundred-milligram scale by sulfurization of tungsten trioxide (WO3) powder in an atmospheric pressure chemical vapor deposition reactor. The as-synthesized WS2 powders can be formulated into inks and deposited on a broad range of substrates using techniques like screen or inkjet printing, spin-coating, drop-casting, or airbrushing. Structural, morphological, and chemical composition analysis confirm the successful synthesis of edge-enriched WS2 sheets. The sensing performance of the WS2 films prepared with the synthesized 2D material was evaluated for ammonia (NH3) detection at different operating temperatures. The results reveal exceptional gas sensing responses, with the sensors showing a 100% response toward 5 ppm of NH3 at 150 °C. The sensor detection limit was experimentally verified to be below 1 ppm of NH3 at 150 °C. Selectivity tests demonstrated the high selectivity of the edge-enriched WS2 films toward NH3 in the presence of interfering gases like CO, benzene, H2, and NO2. Furthermore, the sensors displayed remarkable stability against high levels of humidity, with only a slight decrease in response from 100% in dry air to 93% in humid environments. Density functional theory and Bayesian optimization simulations were performed, and the theoretical results agree with the experimental findings, revealing that the interaction between gas molecules and WS2 is primarily based on physisorption."
33,A5_autonomous,39988802,PMC11969433,10.1021/acsami.4c19073,2025,ACS applied materials & interfaces,research-article; Journal Article,Computational Micromechanics and Machine Learning-Informed Design of Composite Carbon Fiber-Based Structural Battery for Multifunctional Performance Prediction.,"Integrating load-bearing and energy storage capabilities within a single material system, known as multifunctional structural batteries, holds immense promise for advancing structural energy storage technologies. These systems offer significant weight reduction and enhanced safety, but their commercialization is hindered by challenges due to vast unexplored design spaces and costly trial-and-error processes. In this work, we employ an experimentally validated computational framework to accelerate the design of carbon fiber (CF)-based structural batteries impregnated with solid polymer electrolyte (SPE). To analyze the mechanical behavior, a finite element analysis (FEA) model powered by computational micromechanics was used to investigate the CF/SPE interface and damage mechanisms to predict the macro-effective material properties. To preform accurate forecasts on energy storage, a data-driven machine learning approach based on artificial neural networks (ANN) was optimized via a Bayesian optimization algorithm to predict the structural battery's future capacity. Furthermore, we validate the optimized ANN model in a rapid capacity degradation condition, showcasing the suitability of such algorithms for studying coupled multifunctional structures under mechanical and electrochemical loads, providing promising insights for optimizing the development of multifunctional composites."
34,A5_autonomous,40815654,PMC12356264,10.1126/sciadv.adx2299,2025,Science advances,research-article; Journal Article,Accelerated design of gold nanoparticles with enhanced plasmonic performance.,"Finding the optimal dimensions of metal nanoparticles to maximize their plasmonic performance in targeted applications is a complex and time-consuming process that typically requires a trial-and-error approach. Here, we propose a universal pipeline that integrates Bayesian optimization with electrodynamics simulations to find dimensions of gold bipyramids with superior plasmonic performance in photothermal efficiency, enhancement of Raman scattering and photoluminescence, strong coupling between plasmon and exciton, and aggregation-induced color difference. Our workflow is a straightforward tool for plasmonic nanoparticle design, setting their optimal dimensions for targeted applications."
35,A5_autonomous,40864782,PMC12385062,10.3390/cimb47080628,2025,Current issues in molecular biology,research-article; Journal Article,MvAl-MFP: A Multi-Label Classification Method on the Functions of Peptides with Multi-View Active Learning.,"The rapid expansion of peptide libraries and the increasing functional diversity of peptides have highlighted the significance of predicting the multifunctional properties of peptides in bioinformatics research. Although supervised learning methods have made advancements, they typically necessitate substantial amounts of labeled data for yielding accurate prediction. This study presents MvAl-MFP, a multi-label active learning approach that incorporates multiple feature views of peptides. This method takes advantage of the natural properties of multi-view representation for amino acid sequences, meets the requirement of the query-by-committee (QBC) active learning paradigm, and further significantly diminishes the requirement for labeled samples while training high-performing models. First, MvAl-MFP generates nine distinct feature views for a few labeled peptide amino acid sequences by considering various peptide characteristics, including amino acid composition, physicochemical properties, evolutionary information, etc. Then, on each independent view, a multi-label classifier is trained based on the labeled samples. Next, a QBC strategy based on the average entropy of predictions across all trained classifiers is adopted to select a specific number of most valuable unlabeled samples to submit them to human experts for labeling by wet-lab experiments. Finally, the aforementioned procedure is iteratively conducted with a constantly expanding labeled set and updating classifiers until it meets the default stopping criterion. The experiments are conducted on a dataset of multifunctional therapeutic peptides annotated with eight functional labels, including anti-bacterial properties, anti-inflammatory properties, anti-cancer properties, etc. The results clearly demonstrate the superiority of the proposed MvAl-MFP method, as it can rapidly improve prediction performance while only labeling a small number of samples. It provides an effective tool for more precise multifunctional peptide prediction while lowering the cost of wet-lab experiments."
36,A5_autonomous,39466695,PMC11542659,10.1107/s1600577524008993,2024,Journal of synchrotron radiation,research-article; Journal Article,A general Bayesian algorithm for the autonomous alignment of beamlines.,"Autonomous methods to align beamlines can decrease the amount of time spent on diagnostics, and also uncover better global optima leading to better beam quality. The alignment of these beamlines is a high-dimensional expensive-to-sample optimization problem involving the simultaneous treatment of many optical elements with correlated and nonlinear dynamics. Bayesian optimization is a strategy of efficient global optimization that has proved successful in similar regimes in a wide variety of beamline alignment applications, though it has typically been implemented for particular beamlines and optimization tasks. In this paper, we present a basic formulation of Bayesian inference and Gaussian process models as they relate to multi-objective Bayesian optimization, as well as the practical challenges presented by beamline alignment. We show that the same general implementation of Bayesian optimization with special consideration for beamline alignment can quickly learn the dynamics of particular beamlines in an online fashion through hyperparameter fitting with no prior information. We present the implementation of a concise software framework for beamline alignment and test it on four different optimization problems for experiments on X-ray beamlines at the National Synchrotron Light Source II and the Advanced Light Source, and an electron beam at the Accelerator Test Facility, along with benchmarking on a simulated digital twin. We discuss new applications of the framework, and the potential for a unified approach to beamline alignment at synchrotron facilities."
37,A5_autonomous,39505990,PMC11541781,10.1038/s41598-024-76800-4,2024,Scientific reports,research-article; Journal Article,Performance of uncertainty-based active learning for efficient approximation of black-box functions in materials science.,"Obtaining a fine approximation of a black-box function is important for understanding and evaluating innovative materials. Active learning aims to improve the approximation of black-box functions with fewer training data. In this study, we investigate whether active learning based on uncertainty sampling enables the efficient approximation of black-box functions in regression tasks using various material databases. In cases where the inputs are provided uniformly and defined in a relatively low-dimensional space, the liquidus surfaces of the ternary systems are the focus. The results show that uncertainty-based active learning can produce a better black-box function with higher prediction accuracy than that by random sampling. Furthermore, in cases in which the inputs are distributed discretely and unbalanced in a high-dimensional feature space, datasets extracted from materials databases for inorganic materials, small molecules, and polymers are addressed, and uncertainty-based active learning is occasionally inefficient. Based on the dependency on the material descriptors, active learning tends to produce a better black-box functions than random sampling when the dimensions of the descriptor are small. The results indicate that active learning is occasionally inefficient in obtaining a better black-box function in materials science."
38,A5_autonomous,37772116,PMC10530742,10.1039/d3sc03174h,2023,Chemical science,research-article; Journal Article,Efficient exploration of compositional space for high-performance copolymers via Bayesian optimization.,"The traditional approach employed in copolymer compositional design, which relies on trial-and-error, faces low-efficiency and high-cost obstacles when attempting to simultaneously improve multiple conflicting properties. For example, designing co-cured polycyanurates that exhibit both moisture and thermal resistance, along with high modulus, is a long-term challenge because of the intrinsic trade-offs between these properties. In this work, to surmount these barriers, we developed a Bayesian optimization (BO)-guided method to expedite the discovery of co-cured polycyanurates exhibiting low water uptake, coupled with higher glass transition temperature and Young's modulus. By virtue of the knowledge of molecular simulations, benchmarking studies were carried out to develop an effective BO-guided method. Propelled by the developed method, several copolymers with improved comprehensive properties were obtained experimentally in a few iterations. This work provides guidance for efficiently designing other high-performance copolymers."
39,A5_autonomous,40255674,PMC12009122,10.2147/ijn.s514064,2025,International journal of nanomedicine,research-article; Journal Article,Bacteria-Assisted Celastrol Liposomes for Effective Chemotherapy Against Lung Cancer in Mice Model.,"IntroductionLung cancer has a high resistance rate to current chemotherapies. Therefore, there is an urgent need to develop new anticancer drugs. Celastrol is a promising anticancer bioactive compound for various types of cancers. However, its poor solubility and severe liver damage have limited its clinical application.MethodsBIF@CEL/LF/CMCS-Lipo (Bif@CLC-LP), a self-driving biomotor that targets tumor tissues, was used to deliver celastrol, which was encapsulated in surface-modified lactoferrin liposomes, which were then coated with carboxymethyl chitosan and loaded onto the surface of Bifidobacterium infantis (Bif). Extensive in vitro and in vivo experiments were performed to assess its physicochemical and antitumor properties and safety in treating lung cancer.ResultsBif@CLC-LP responds to pH and is bioselective, precisely targeting hypoxic regions of tumors. In the acidic tumor environment, the carboxymethyl chitosan coating breaks down, releasing liposomes that can specifically target the cancer surface receptor for endocytosis. This process increases the production of reactive oxygen species (ROS) and decreases the mitochondrial membrane potential in lung cancer cells, leading to apoptosis.ConclusionIn our work, Bif@CLC-LP significantly inhibited tumor growth while minimizing celastrol-induced liver damage in a mouse lung cancer model. This bacteria-mediated liposome delivery system is a promising new nanoplatform for treating different types of solid cancer."
40,A5_autonomous,40498829,PMC12154192,10.1126/sciadv.adt9466,2025,Science advances,research-article; Journal Article,Discovery of unconventional and nonintuitive self-assembling peptide materials using experiment-driven machine learning.,"Prediction of peptide secondary structure is challenging because of complex molecular interactions, sequence-specific behavior, and environmental factors. Traditional design strategies, based on hydrophobicity and structural propensity, can be biased and could indeed prevent discovery of interesting, diverse, and unconventional peptides with desired nanostructure assembly. Using β sheet formation in pentapeptides as a case study, we used an integrated high-throughput experimental workflow and an artificial intelligence-driven active learning framework to improve prediction accuracy of self-assembly. By focusing on sequences where machine learning (ML) predictions deviate from conventional design strategies, we synthesized and tested 268 pentapeptides, successfully finding 96 forming β sheet assemblies, including unconventional sequences (e.g., ILFSM, LMISI, MITIY, MISIW, and WKIYI) not predicted by traditional methods. Our ML models outperformed conventional β sheet propensity tables, revealing useful chemical design rules. A web interface is provided to facilitate community access to these models. This work highlights the value of ML-driven approaches in overcoming the limitations of current peptide design strategies."
41,A5_autonomous,38464498,PMC10923610,10.34133/research.0338,2024,"Research (Washington, D.C.)",research-article; Journal Article,Selecting Monoclonal Cell Lineages from Somatic Reprogramming Using Robotic-Based Spatial-Restricting Structured Flow.,"Somatic cell reprogramming generates induced pluripotent stem cells (iPSCs), which serve as a crucial source of seed cells for personalized disease modeling and treatment in regenerative medicine. However, the process of reprogramming often causes substantial lineage manipulations, thereby increasing cellular heterogeneity. As a consequence, the process of harvesting monoclonal iPSCs is labor-intensive and leads to decreased reproducibility. Here, we report the first in-house developed robotic platform that uses a pin-tip-based micro-structure to manipulate radial shear flow for automated monoclonal iPSC colony selection (~1 s) in a non-invasive and label-free manner, which includes tasks for somatic cell reprogramming culturing, medium changes; time-lapse-based high-content imaging; and iPSCs monoclonal colony detection, selection, and expansion. Throughput-wise, this automated robotic system can perform approximately 24 somatic cell reprogramming tasks within 50 days in parallel via a scheduling program. Moreover, thanks to a dual flow-based iPSC selection process, the purity of iPSCs was enhanced, while simultaneously eliminating the need for single-cell subcloning. These iPSCs generated via the dual processing robotic approach demonstrated a purity 3.7 times greater than that of the conventional manual methods. In addition, the automatically produced human iPSCs exhibited typical pluripotent transcriptional profiles, differentiation potential, and karyotypes. In conclusion, this robotic method could offer a promising solution for the automated isolation or purification of lineage-specific cells derived from iPSCs, thereby accelerating the development of personalized medicines."
42,A5_autonomous,35746042,PMC9231346,10.3390/polym14122465,2022,Polymers,research-article; Journal Article,Replica of Bionic Nepenthes Peristome-like and Anti-Fouling Structures for Self-Driving Water and Raman-Enhancing Detection.,"The flexible, anti-fouling, and bionic surface-enhanced Raman scattering (SERS) biochip, which has a Nepenthes peristome-like structure, was fabricated by photolithography, replicated technology, and thermal evaporation. The pattern of the bionic Nepenthes peristome-like structure was fabricated by two layers of photolithography with SU-8 photoresist. The bionic structure was then replicated by polydimethylsiloxane (PDMS) and grafting the zwitterion polymers (2-methacryloyloxyethyl phosphorylcholine, MPC) by atmospheric plasma polymerization (PDMS-PMPC). The phospholipid monomer of MPC immobilization plays an important role; it can not only improve hydrophilicity, anti-fouling and anti-bacterial properties, and biocompatibility, but it also allows for self-driving and unidirectional water delivery. Ag nanofilms (5 nm) were deposited on a PDMS (PDMS-Ag) substrate by thermal evaporation for SERS detection. Characterizations of the bionic SERS chips were measured by a scanning electron microscope (SEM), optical microscope (OM), X-ray photoelectron spectrometer (XPS), Fourier-transform infrared spectroscopy (FTIR), and contact angle (CA) testing. The results show that the superior anti-fouling capability of proteins and bacteria (E. coli) was found on the PDMS-PMPC substrate. Furthermore, the one-way liquid transfer capability of the bionic SERS chip was successfully demonstrated, which provides for the ability to separate samples during the flow channel, and which was detected by Raman spectroscopy. The SERS intensity (adenine, 10-4 M) of PDMS-Ag with a bionic structure is ~4 times higher than PDMS-Ag without a bionic structure, due to the multi-reflection of the 3D bionic structure. The high-sensitivity bionic SERS substrate, with its self-driving water capability, has potential for biomolecule separation and detection."
43,A5_autonomous,38534124,PMC11009904,10.1021/acsami.4c00759,2024,ACS applied materials & interfaces,research-article; Journal Article,Machine-Guided Discovery of Acrylate Photopolymer Compositions.,"Additive manufacturing (AM) can be advanced by the diverse characteristics offered by thermoplastic and thermoset polymers and the further benefits of copolymerization. However, the availability of suitable polymeric materials for AM is limited and may not always be ideal for specific applications. Additionally, the extensive number of potential monomers and their combinations make experimental determination of resin compositions extremely time-consuming and costly. To overcome these challenges, we develop an active learning (AL) approach to effectively choose compositions in a ternary monomer space ranging from rigid to elastomeric. Our AL algorithm dynamically suggests monomer composition ratios for the subsequent round of testing, allowing us to efficiently build a robust machine learning (ML) model capable of predicting polymer properties, including Young's modulus, peak stress, ultimate strain, and Shore A hardness based on composition while minimizing the number of experiments. As a demonstration of the effectiveness of our approach, we use the ML model to drive material selection for a specific property, namely, Young's modulus. The results indicate that the ML model can be used to select material compositions within at least 10% of a targeted value of Young's modulus. We then use the materials designed by the ML model to 3D print a multimaterial ""hand"" with soft ""skin"" and rigid ""bones"". This work presents a promising tool for enabling informed AM material selection tailored to user specifications and accelerating material discovery using a limited monomer space."
44,A5_autonomous,34568678,PMC8459422,10.1021/acsomega.1c03132,2021,ACS omega,research-article; Journal Article,Active Semisupervised Model for Improving the Identification of Anticancer Peptides.,"Cancer is one of the most dangerous threats to human health. Accurate identification of anticancer peptides (ACPs) is valuable for the development and design of new anticancer agents. However, most machine-learning algorithms have limited ability to identify ACPs, and their accuracy is sensitive to the amount of label data. In this paper, we construct a new technology that combines active learning (AL) and label propagation (LP) algorithm to solve this problem, called (ACP-ALPM). First, we develop an efficient feature representation method based on various descriptor information and coding information of the peptide sequence. Then, an AL strategy is used to filter out the most informative data for model training, and a more powerful LP classifier is cast through continuous iterations. Finally, we evaluate the performance of ACP-ALPM and compare it with that of some of the state-of-the-art and classic methods; experimental results show that our method is significantly superior to them. In addition, through the experimental comparison of random selection and AL on three public data sets, it is proved that the AL strategy is more effective. Notably, a visualization experiment further verified that AL can utilize unlabeled data to improve the performance of the model. We hope that our method can be extended to other types of peptides and provide more inspiration for other similar work."
45,A5_autonomous,40394051,PMC12092634,10.1038/s41467-025-59848-2,2025,Nature communications,research-article; Journal Article,Additive manufacturing of carbon fiber-reinforced thermoset composites via in-situ thermal curing.,"Fiber-reinforced polymer composites are lightweight structural materials widely used in the transportation and energy industries. Current approaches for the manufacture of composites require expensive tooling and long, energy-intensive processing, resulting in a high cost of manufacturing, limited design complexity, and low fabrication rates. Here, we report rapid, scalable, and energy-efficient additive manufacturing of fiber-reinforced thermoset composites, while eliminating the need for tooling or molds. Use of a thermoresponsive thermoset resin as the matrix of composites and localized, remote heating of carbon fiber reinforcements via photothermal conversion enables rapid, in-situ curing of composites without further post-processing. Rapid curing and phase transformation of the matrix thermoset, from a liquid or viscous resin to a rigid polymer, immediately upon deposition by a robotic platform, allows for the high-fidelity, freeform manufacturing of discontinuous and continuous fiber-reinforced composites without using sacrificial support materials. This method is applicable to a variety of industries and will enable rapid and scalable manufacture of composite parts and tooling as well as on-demand repair of composite structures."
46,A5_autonomous,39994271,PMC11850614,10.1038/s41598-025-89069-y,2025,Scientific reports,research-article; Journal Article,Development of the autonomous lab system to support biotechnology research.,"In this study, we developed the autonomous lab (ANL), which is a system based on robotics and artificial intelligence (AI) to conduct biotechnology experiments and formulate scientific hypotheses. This system was designed with modular devices and Bayesian optimization algorithms, allowing it to effectively run a closed loop from culturing to preprocessing, measurement, analysis, and hypothesis formulation. As a case study, we used the ANL to optimize medium conditions for a recombinant Escherichia coli strain, which overproduces glutamic acid. The results demonstrated that our autonomous system successfully replicated the experimental techniques, such as sample preparation and data measurement, and improved both the cell growth rate and the maximum cell growth. The ANL offers a versatile and scalable solution for various applications in the field of bioproduction, with the potential to improve efficiency and reliability of experimental processes in the future."
47,A5_autonomous,40457498,PMC12131582,10.1186/s13287-025-04408-0,2025,Stem cell research & therapy,research-article; Journal Article,Engineering a controlled cardiac multilineage co-differentiation process using statistical design of experiments.,"BACKGROUND: The heart is a complex organ composed of diverse cell types, whose interplay is crucial for development, tissue homeostasis, and disease progression. A potential approach to recapitulate this heterotypic multicellular environment is the co-differentiation of induced pluripotent stem cells (iPSCs) into multiple cardiac cell types, facilitating the unlocking of their full potential for regenerative medicine and drug development. However, the inherent complexity of co-differentiation, where multiple differentiation factors simultaneously influence the induction of multiple cell types, presents a significant challenge in achieving high controllability over the process toward the desired outcome. Thus, a robust strategy is essential for engineering a controlled co-differentiation process with broader applicability. METHODS: Given the importance of heterotypic cellular proportions in facilitating proper interactions, we present a new strategy to engineer a controlled cardiac co-differentiation process from iPSCs using statistical design of experiments to simultaneously generate cardiomyocytes, mural cells, and endothelial cells, which are major constituents of the heart. RESULTS: We divided the process into two stages: progenitor cell induction and the subsequent trilineage co-differentiation, allowing for stage-specific optimization. Given that the performance of progenitor cell induction may critically influence the overall process performance, we carefully optimized activin A and CHIR-99021 using the sequential design of experiments to achieve approximately 95% induction efficiency of KDR+/PDGFR-α+ cardiogenic mesoderm cells from iPSCs with minimal batch-to-batch variability. In the trilineage co-differentiation stage, we developed unique multi-response models to delineate trilineage co-differentiation ratios within a defined parameter space of WNT signal inhibitor and vascular endothelial growth factor. This enabled the identification of potential conditions that steer co-differentiation toward desired cellular constitutions, a critical factor of effective cellular interplays. Repeated trilineage co-differentiation experiments confirmed the high process controllability, with a close match between actual and predicted differentiation ratios. Furthermore, cardiomyocytes from trilineage co-differentiation exhibited a more mature sarcomere gene expression profile than those from monolineage differentiation. CONCLUSIONS: These results highlight the effectiveness of our strategy for engineering a stem cell co-differentiation process and its applicability where multicellular interactions are crucial."
48,A5_autonomous,36015950,PMC9414851,10.3390/s22166183,2022,"Sensors (Basel, Switzerland)",research-article; Journal Article,Microfluidic-Assisted Human Cancer Cells Culturing Platform for Space Biology Applications.,"In the paper, the lab-on-chip platform applicable for the long-term cultivation of human cancer cells, as a solution meeting the demands of the CubeSat biological missions, is presented. For the first time, the selected cancer cell lines-UM-UC-3 and RT 112 were cultured on-chip for up to 50 days. The investigation was carried out in stationary conditions (without medium microflow) in ambient temperature and utilizing the microflow perfusion system in the incubation chamber assuring typical cultivation atmosphere (37 °C). All the experiments were performed to imitate the conditions that are provided before the biological mission starts (waiting for the rocket launch) and when the actual experiment is initialized on a CubeSat board in space microgravity. The results of the tests showed appropriate performance of the lab-on-chip platform, especially in the context of material and technological biocompatibility. Cultured cells were characterized by adequate morphology-high attachment rate and visible signs of proliferation in each of the experimental stage. These results are a good basis for further tests of the lab-on-chip platform in both terrestrial and space conditions. At the end of the manuscript, the authors provide some considerations regarding a potential 3-Unit CubeSat biological mission launched with Virgin Orbit company. The lab-on-chip platform was modelled to fit a 2-Unit autonomous laboratory payload."
49,A5_autonomous,38666057,PMC11041776,10.1038/s41524-023-01104-6,2023,npj computational materials,research-article; Journal Article,Hyperactive learning for data-driven interatomic potentials.,"Data-driven interatomic potentials have emerged as a powerful tool for approximating ab initio potential energy surfaces. The most time-consuming step in creating these interatomic potentials is typically the generation of a suitable training database. To aid this process hyperactive learning (HAL), an accelerated active learning scheme, is presented as a method for rapid automated training database assembly. HAL adds a biasing term to a physically motivated sampler (e.g. molecular dynamics) driving atomic structures towards uncertainty in turn generating unseen or valuable training configurations. The proposed HAL framework is used to develop atomic cluster expansion (ACE) interatomic potentials for the AlSi10 alloy and polyethylene glycol (PEG) polymer starting from roughly a dozen initial configurations. The HAL generated ACE potentials are shown to be able to determine macroscopic properties, such as melting temperature and density, with close to experimental accuracy."
50,A5_autonomous,37312805,PMC10259616,10.5195/jmla.2023.1529,2023,Journal of the Medical Library Association : JMLA,research-article; Randomized Controlled Trial; Journal Article,Effectiveness of a question formulation rubric with second-year medical students: a randomized controlled trial.,"ObjectiveThe FAC (Focus, Amplify, Compose) rubric for assessing medical students' question formulation skills normally accompanies our Evidence Based Practice (EBP) training. The combined training and assessment rubric have improved student scores significantly. How much does the rubric itself contribute to improved student scores? This study sought to measure student improvement using the rubric either with or without a linked 25-minute training session.MethodsRandomized Controlled Trial. The authors tested the hypothesis that a 25-minute training session combined with use of a rubric would lead to higher scores than a brief explanation of this rubric alone. All 72 participating second-year medical students had a question formulation rubric briefly explained to them following a pre-test. Students in the intervention groups were taught how to formulate EBP questions for 25 minutes using the rubric followed with another 30 minutes of EBP search training. Students in the control group only received the 30 minutes of EBP search training in their small group labs. All 72 students took the post-test in which they formulated a question in response to a clinical vignette. Statistical analysis to test the hypothesis consisted of a two-sample paired t-test to measure between-group differences.DiscussionBoth the intervention and control groups performed significantly better on the post-test for question formulation skills than on the pre-test. When analyzed by extent of individual improvement between pre- and post-tests using a two-sample paired t-test for between group differences, the control group students receiving only a brief explanation of the rubric performed the same statistically (intervention 37.7 versus 37.4 control) as the intervention group students who received the same brief explanation followed by a 25-minute active learning training session. Thus, the results provided no support of the hypothesis that the extra 25-minute training improved post-test scores. The rubric itself contributed similarly to the intervention groups students' improvement as the combined rubric and training for control group students. This finding could potentially save scarce curricular time.Key messagesThe FAC question formulation rubric and training significantly improves medical students' EBP question quality. The FAC rubric coupled with only a 5-minute explanation can be effective. In a crowded medical school curriculum, the rubric and brief explanation might save valued time for other purposes."
51,A5_autonomous,39863620,PMC11762284,10.1038/s41598-024-85040-5,2025,Scientific reports,research-article; Journal Article,Atmospheric air plasma pre-activation and customizable covalent functionalization of PVDF-membranes of microtiter filter plates.,"Microtiter-plate-based systems are unified platforms of high-throughput experimentation (HTE). These polymeric devices are used worldwide on a daily basis-mainly in the pharmaceutical industry-for parallel syntheses, reaction optimization, various preclinical studies and high-throughput screening methods. Accordingly, laboratory automation today aims to handle these commercially available multiwell plates, making developments focused on their modifications a priority area of modern applied research. We performed the covalent functionalization of the porous PVDF-membrane of microtiter filter plates as the essence of conventional and common sandwich plate systems by introducing a generalizable method. After surface-activation of the indifferent membrane polymer, customizable functionalization becomes feasible by covalently attached monofunctional molecular linkers. The study was designed with future adaptability, and thus, industrially widespread atmospheric plasma and two different chemical treatments were investigated and compared in terms of practical implementation, polarization effects, extent of labeling, effects on morphology and porosity as well as on permeability. For critical comparison, contact angle measurements, surface ATR-FTIR, 1H-NMR, 19F-NMR, UV-Vis spectroscopy, scanning electron microscopy and permeability tests were used."
52,A5_autonomous,41285969,PMC12644807,10.1038/s41598-025-25621-0,2025,Scientific reports,research-article; Journal Article,Ranking-enhanced anomaly detection using Active Learning-assisted Attention Adversarial Dual AutoEncoder.,"Advanced Persistent Threats (APTs) pose a significant challenge in cybersecurity due to their stealthy and long-term nature. Modern supervised learning methods require extensive labeled data, which is often scarce in real-world cybersecurity environments. In this paper, we propose an innovative approach that leverages AutoEncoders for unsupervised anomaly detection, augmented by active learning to iteratively improve the detection of APT anomalies. By selectively querying an oracle for labels on uncertain or ambiguous samples, we minimize labeling costs while improving detection rates, enabling the model to improve its detection accuracy with minimal data while reducing the need for extensive manual labeling. We provide a detailed formulation of the proposed Attention Adversarial Dual AutoEncoder-based anomaly detection framework and show how the active learning loop iteratively enhances the model. The framework is evaluated on real-world imbalanced provenance trace databases produced by the DARPA Transparent Computing program, where APT-like attacks constitute as little as 0.004% of the data. The datasets span multiple operating systems, including Android, Linux, BSD, and Windows, and cover two attack scenarios. The results have shown significant improvements in detection rates during active learning and better performance compared to other existing approaches."
53,A5_autonomous,40831250,PMC12622557,10.1002/advs.202508702,2025,"Advanced science (Weinheim, Baden-Wurttemberg, Germany)",research-article; Journal Article,Active Learning-Assisted Exploration of [PO40Mo12]3- for Alzheimer's Therapy Insights.,"Alzheimer's disease (AD), involving amyloid-β (Aβ) aggregation, has potential therapeutic modulators in polyoxometalates (POMs) like [PMo12O40]3-. To clarify their inhibitory mechanisms, a multiscale computational strategy integrating active-learning Bayesian Optimization (BO) and density functional theory (DFT) is employed to explore low-energy configurations of isolated amino acids, [PMo12O40]3 --amino acid complexes, and [PMo12O40]3 --peptide systems. Hydrogen bonding and Coulombic repulsion dominate adsorption stability. Crucially, oxygen atoms in the [PMo12O40]3 - cluster form multiple weak interactions (e.g., van der Waals, hydrophobic) with alkyl side-chain hydrogens in Aβ peptides. The synergistic effect of these weak interactions induces robust binding between the POM and peptide chains, stabilizing a tightly bound complex that sterically hinders Aβ self-assembly. Notably, simulations predict that the cluster preferentially targets hydrophobic amino acids with alkyl chains (valine, lysine, leucine, isoleucine) located in Aβ regions critical for aggregation-specifically, namely Aβ12, Aβ16-18, Aβ24, Aβ28, Aβ31-32, Aβ34-36, and Aβ39-41. These insights highlight the role of multivalent weak interactions in POM-mediated inhibition and identify key interfacial residues for therapeutic targeting."
54,A5_autonomous,37227493,PMC10209569,10.1007/s00277-023-05240-3,2023,Annals of hematology,"Clinical Trial, Phase II; research-article; Journal Article",Patient preference for deferasirox film-coated versus dispersible tablet formulation: a sequential-design phase 2 study in patients with thalassemia.,"Iron chelation therapy (ICT) is the mainstay of treatment in patients with thalassemia requiring blood transfusions. This phase 2 JUPITER study evaluated patient preference between film-coated tablet (FCT) and dispersible tablet (DT) in transfusion-dependent thalassemia (TDT) or non-TDT (NTDT) patients treated with both formulations in a sequential manner. The primary endpoint was patient-reported preference for FCT over DT, while secondary outcomes included patient reported outcomes (PROs) evaluated by overall preference, and by age, thalassemia transfusion status, and previous ICT status. Out of 183 patients screened, 140 and 136 patients completed the treatment periods 1 and 2 of the core study, respectively. At week 48, the majority of patients preferred FCT over DT (90.3 vs. 7.5%; difference of percentage: 0.83 [95% confidence interval (CI), 0.75-0.89; P < 0.0001]). FCT scored better on secondary PROs and showed less severe gastrointestinal symptoms than DT, except in the change of modified Satisfaction with Iron Chelation Therapy (mSICT) preference scores, which were similar for both the formulations. Patients with TDT had stable ferritin levels, while it showed a downward trend up to week 48 in patients with NTDT on deferasirox treatment. Overall, 89.9% of patients reported ≥ 1 adverse event (AE), of which 20.3% experienced ≥ 1 serious AE. The most common treatment-emergent AEs were proteinuria, pyrexia, urine protein/creatinine ratio increase, diarrhea, upper respiratory tract infections, transaminase increase, and pharyngitis. Overall, this study reinforced the observations from the previous study by showing a distinct patient preference for FCT over DT formulation and further supported the potential benefits of life-long compliance with ICT."
55,A5_autonomous,34630415,PMC8500473,10.3389/fimmu.2021.733317,2021,Frontiers in immunology,"Research Support, Non-U.S. Gov't; research-article; Journal Article",High-Throughput 3D In Vitro Tumor Vasculature Model for Real-Time Monitoring of Immune Cell Infiltration and Cytotoxicity.,"Recent advances in anticancer therapy have shown dramatic improvements in clinical outcomes, and adoptive cell therapy has emerged as a type of immunotherapy that can modulate immune responses by transferring engineered immune cells. However, a small percentage of responders and their toxicity remain as challenges. Three-dimensional (3D) in vitro models of the tumor microenvironment (TME) have the potential to provide a platform for assessing and predicting responses to therapy. This paper describes an in vitro 3D tumor model that incorporates clusters of colorectal cancer (CRC) cells around perfusable vascular networks to validate immune-cell-mediated cytotoxicity against cancer cells. The platform is based on an injection-molded 3D co-culture model and composed of 28 microwells where separate identical vascularized cancer models can be formed. It allows robust hydrogel patterning for 3D culture that enables high-throughput experimentation. The uniformity of the devices resulted in reproducible experiments that allowed 10× more experiments to be performed when compared to conventional polydimethylsiloxane (PDMS)-based microfluidic devices. To demonstrate its capability, primary natural killer (NK) cells were introduced into the vascularized tumor network, and their activities were monitored using live-cell imaging. Extravasation, migration, and cytotoxic activity against six types of CRC cell lines were tested and compared. The consensus molecular subtypes (CMS) of CRC with distinct immune responses resulted in the highest NK cell cytotoxicity against CMS1 cancer cells. These results show the potential of our vascularized tumor model for understanding various steps involved in the immune response for the assessment of adoptive cell therapy."
56,A5_autonomous,36165338,PMC9828508,10.1002/jcc.27006,2022,Journal of computational chemistry,"Research Support, Non-U.S. Gov't; research-article; Journal Article",Producing chemically accurate atomic Gaussian process regression models by active learning for molecular simulation.,Machine learning is becoming increasingly more important in the field of force field development. Never has it been more vital to have chemically accurate machine learning potentials because force fields become more sophisticated and their applications expand. In this study a method for developing chemically accurate Gaussian process regression models is demonstrated for an increasingly complex set of molecules. This work is an extension to previous work showing the progression of the active learning technique in producing more accurate models in much less CPU time than ever before. The per-atom active learning approach has unlocked the potential to generate chemically accurate models for molecules such as peptide-capped glycine.
57,A5_autonomous,37821501,PMC10567837,10.1038/s41598-023-43804-5,2023,Scientific reports,research-article; Journal Article,Development of scalable and generalizable machine learned force field for polymers.,"Understanding and predicting the properties of polymers is vital to developing tailored polymer molecules for desired applications. Classical force fields may fail to capture key properties, for example, the transport properties of certain polymer systems such as polyethylene glycol. As a solution, we present an alternative potential energy surface, a charge recursive neural network (QRNN) model trained on DFT calculations made on smaller atomic clusters that generalizes well to oligomers comprising larger atomic clusters or longer chains. We demonstrate the validity of the polymer QRNN workflow by modeling the oligomers of ethylene glycol. We apply two rounds of active learning (addition of new training clusters based on current model performance) and implement a novel model training approach that uses partial charges from a semi-empirical method. Our developed QRNN model for polymers produces stable molecular dynamics (MD) simulation trajectory and captures the dynamics of polymer chains as indicated by the striking agreement with experimental values. Our model allows working on much larger systems than allowed by DFT simulations, at the same time providing a more accurate force field than classical force fields which provides a promising avenue for large-scale molecular simulations of polymeric systems."
58,A5_autonomous,40017372,PMC11912195,10.1021/acsami.4c20371,2025,ACS applied materials & interfaces,research-article; Journal Article,Accelerated Development of Novel Biomass-Based Polyurethane Adhesives via Machine Learning.,"2-Pyrone-4,6-dicarboxylic acid (PDC) can be produced on a large scale from lignin by transformed bacteria, and its use as a bifunctional monomer to synthesize biomass-based polymers has been reported. Recently, excellent adhesive properties of the resulting biomass-based polymers were also reported, but their performance has not yet been optimized. In this study, we focus on improving the adhesive properties of PDC-based polyurethanes (PUs) by combining experiments and machine learning (ML). We synthesized an initial data set of 25 adhesive samples from different polyols and isocyanates with different isocyanate-to-hydroxyl ratios (r). Adhesive strengths were measured after hot-pressing at varying temperatures (Theat, °C) and durations (theat, h), following a Taguchi L25 orthogonal design. Gaussian process-based Bayesian optimization (BO) was employed to identify an optimal PDC-based PU adhesive as a function of polyol type, isocyanate type, r ratio, heating temperature, and time with an improved adhesive strength of 10.04 ± 1.26 MPa after only five iterations. This approach highlights the effectiveness of BO in guiding experimental conditions for an enhanced performance. Random Forest regression was also used as an alternative ML approach and supported the conclusions. Overall, this study demonstrates the potential of the BO in accelerating the development and optimization of novel adhesive materials."
59,A5_autonomous,33807028,PMC8004723,10.3390/e23030380,2021,"Entropy (Basel, Switzerland)",research-article; Journal Article,Non Stationary Multi-Armed Bandit: Empirical Evaluation of a New Concept Drift-Aware Algorithm.,"The Multi-Armed Bandit (MAB) problem has been extensively studied in order to address real-world challenges related to sequential decision making. In this setting, an agent selects the best action to be performed at time-step t, based on the past rewards received by the environment. This formulation implicitly assumes that the expected payoff for each action is kept stationary by the environment through time. Nevertheless, in many real-world applications this assumption does not hold and the agent has to face a non-stationary environment, that is, with a changing reward distribution. Thus, we present a new MAB algorithm, named f-Discounted-Sliding-Window Thompson Sampling (f-dsw TS), for non-stationary environments, that is, when the data streaming is affected by concept drift. The f-dsw TS algorithm is based on Thompson Sampling (TS) and exploits a discount factor on the reward history and an arm-related sliding window to contrast concept drift in non-stationary environments. We investigate how to combine these two sources of information, namely the discount factor and the sliding window, by means of an aggregation function f(.). In particular, we proposed a pessimistic (f=min), an optimistic (f=max), as well as an averaged (f=mean) version of the f-dsw TS algorithm. A rich set of numerical experiments is performed to evaluate the f-dsw TS algorithm compared to both stationary and non-stationary state-of-the-art TS baselines. We exploited synthetic environments (both randomly-generated and controlled) to test the MAB algorithms under different types of drift, that is, sudden/abrupt, incremental, gradual and increasing/decreasing drift. Furthermore, we adapt four real-world active learning tasks to our framework-a prediction task on crimes in the city of Baltimore, a classification task on insects species, a recommendation task on local web-news, and a time-series analysis on microbial organisms in the tropical air ecosystem. The f-dsw TS approach emerges as the best performing MAB algorithm. At least one of the versions of f-dsw TS performs better than the baselines in synthetic environments, proving the robustness of f-dsw TS under different concept drift types. Moreover, the pessimistic version (f=min) results as the most effective in all real-world tasks."
60,A5_autonomous,37872620,PMC10594909,10.1186/s40824-023-00430-6,2023,Biomaterials research,research-article; Journal Article,GM-CSF augmented the photothermal immunotherapeutic outcome of self-driving gold nanoparticles against a mouse CT-26 colon tumor model.,"BackgroundHypoxia is a frequent characteristic observed in solid tumors and is strongly associated with tumor metastasis, angiogenesis, and drug resistance. While the vasculature of hypoxic tumor tissues poses obstacles to the efficient administration of conventional drugs, it may prove advantageous in sustaining hyperthermia. Photothermal therapy (PTT) offers a promising treatment strategy that utilizes the activation of photosensitizers to produce heat, thus facilitating the selective ablation of tumor tissues.MethodTo enhance the accumulation of photothermal agents in tumor tissue and improve the effectiveness of PTT, we developed a self-propelled hybrid called Bif@PAu-NPs. This hybrid consists of polydopamine (PDA)-coated gold nanoparticles (Au-NPs) loaded onto the anaerobic Bifidobacterium infantis (Bif).ResultsThe Bif@PAu-NPs actively aggregated at the tumor site because the ability of Bif can target hypoxic regions, and PAu-NPs achieved precise PTT due to their high photothermal conversion efficiency (η = 67.8%). The tumor tissues were ablated by PTT, resulting in the release of antigens through immunogenic cell death (ICD), which stimulates an immune response. The inclusion of GM-CSF enhanced the immune response by recruiting dendritic cells and initiating long-term anti-tumor immunity.ConclusionThe Bif@PAu-NPs hybrid effectively suppressed the growth of both primary tumors and re-challenged tumors. The utilization Bif@PAu-NPs in conjunction with GM-SCF exhibits great potential as a photothermal-immunotherapeutic strategy for precisely treating solid tumors. In this study, the bacterial Bif@PAu-NPs biohybrid is exploited the self-driving ability of anaerobic Bifidobacterium infantis to deliver polydopamine-modified gold nanoparticles to hypoxic region of tumor. Under irradiation with 808 nm NIR laser, the hybrid exerts precise photothermal therapy to stimulate the immune response, which is further enhanced by GM-CSF, leading to recruitment of dendritic cells and initiation of a long-term anti-tumor immunity remember to prevent tumor recurrence."
61,A5_autonomous,32581233,PMC7314858,10.1038/s41598-020-67012-7,2020,Scientific reports,"Research Support, Non-U.S. Gov't; research-article; Journal Article",Hydrogel-based milliwell arrays for standardized and scalable retinal organoid cultures.,"The development of improved methods to culture retinal organoids is relevant for the investigation of mechanisms of retinal development under pathophysiological conditions, for screening of neuroprotective compounds, and for providing a cellular source for clinical transplantation. We report a tissue-engineering approach to accelerate and standardize the production of retinal organoids by culturing mouse embryonic stem cells (mESC) in optimal physico-chemical microenvironments. Arrayed round-bottom milliwells composed of biomimetic hydrogels, combined with an optimized medium formulation, promoted the rapid generation of retina-like tissue from mESC aggregates in a highly efficient and stereotypical manner: ∼93% of the aggregates contained retinal organoid structures. 26 day-old retinal organoids were composed of ∼80% of photoreceptors, of which ∼22% are GNAT2-positive cones, an important and rare sensory cell type that is difficult to study in rodent models. The compartmentalization of retinal organoids into predefined locations on a two-dimensional array not only allowed us to derive almost all aggregates into retinal organoids, but also to reliably capture the dynamics of individual organoids, an advantageous requirement for high-throughput experimentation. Our improved retinal organoid culture system should be useful for applications that require scalability and single-organoid traceability."
62,A5_autonomous,36260553,PMC9581417,10.1371/journal.pone.0275686,2022,PloS one,"Research Support, Non-U.S. Gov't; research-article; Journal Article",Modular robotic platform for precision neurosurgery with a bio-inspired needle: System overview and first in-vivo deployment.,"Over the past 10 years, minimally invasive surgery (MIS) has shown significant benefits compared to conventional surgical techniques, with reduced trauma, shorter hospital stays, and shorter patient recovery times. In neurosurgical MIS procedures, inserting a straight tool (e.g. catheter) is common practice in applications ranging from biopsy and laser ablation, to drug delivery and fluid evacuation. How to handle tissue deformation, target migration and access to deep-seated anatomical structures remain an open challenge, affecting both the preoperative planning phase and eventual surgical intervention. Here, we present the first neurosurgical platform in the literature, able to deliver an implantable steerable needle for a range of diagnostic and therapeutic applications, with a short-term focus on localised drug delivery. This work presents the system's architecture and first in vivo deployment with an optimised surgical workflow designed for pre-clinical trials with the ovine model, which demonstrate appropriate function and safe implantation."
63,A5_autonomous,40846706,PMC12373857,10.1038/s41467-025-63209-4,2025,Nature communications,research-article; Journal Article,Autonomous multi-robot synthesis and optimization of metal halide perovskite nanocrystals.,"Metal halide perovskite (MHP) nanocrystals (NCs) offer extraordinary tunability in their optical properties, yet fully exploiting this potential is challenged by a vast and complex synthesis parameter space. Herein, we introduce Rainbow, a multi-robot self-driving laboratory that integrates automated NC synthesis, real-time characterization, and machine learning (ML)-driven decision-making to efficiently navigate MHP NCs' mixed-variable high-dimensional landscape. Using parallelized, miniaturized batch reactors, robotic sample handling, and continuous spectroscopic feedback, Rainbow autonomously optimizes MHP NC optical performance-including photoluminescence quantum yield and emission linewidth at a targeted emission energy-through closed-loop experimentation. By systematically exploring varying ligand structures and precursor conditions, Rainbow elucidates critical structure-property relationships and identifies scalable Pareto-optimal formulations for targeted spectral outputs. Rainbow provides a versatile blueprint for accelerated, data-driven discovery and retrosynthesis of high-performance metal halide perovskite nanocrystals, facilitating the on-demand realization of next-generation photonic materials and technologies."
64,A5_autonomous,39316586,PMC11421814,10.1371/journal.pone.0310044,2024,PloS one,research-article; Journal Article,Analysis of influencing factors of traffic accidents on urban ring road based on the SVM model optimized by Bayesian method.,"Based on small scale sample of accident data from specific scenarios, fully exploring the potential influencing factors of the severity of traffic accidents has become a key and effective research method. In order to analyze the factors mentioned above in the scenario of urban ring roads, this paper collected data records of 1250 traffic accidents involving different severity on urban ring road of a central city in northwest China in the past 3 years. Firstly, the Support Vector Machine (SVM) model of non-parametric method is utilized to analyze the data above, and three kernel functions of linear, inhomogeneous polynomial and Gaussian radial basis are constructed respectively. Considering comprehensively 16 potential influencing factors covering the driver-vehicle-road-environment integrated system, the SVM models of above three kernel functions are verified, accuracy reaches 0.771 and F1 reaches 0.841. Then, Bayesian Optimization (BO), Grids Search (GS) and Rough Set (RS) are utilized as optimizer to adjust the parameters of Gaussian radial basis function SVM model, the performance of BO-SVM is further improved and reaches the optimum, with an average accuracy of 0.875 on the test set and a F1 of 0.886, completely outperforming the benchmark models of GS-SVM, RS-SVM, Bilayer-LSTM and BP. Finally, the sensitivity analysis method is utilized to quantify the sensitivity of the potential influencing factors to the severity of road accidents, and the backward selection method is utilized to screen the core influencing factors that influence the severity of accident, concluded that core influencing factors are age, driving mileage and vehicle type. This paper will provide reference for the analysis of the significant influencing factors for road accidents severity, and to provide theoretical support for the precise formulation of accident improvement strategies."
65,A5_autonomous,40076151,PMC11902718,10.3390/polym17050660,2025,Polymers,research-article; Journal Article,Deep-Neural-Networks-Based Data-Driven Methods for Characterizing the Mechanical Behavior of Hydroxyl-Terminated Polyether Propellants.,"Hydroxyl-terminated polyether (HTPE) propellants are attractive in the weapons materials and equipment industry for their insensitive properties. Storage, combustion, and explosion of solid propellants are affected by their mechanical properties, so accurate mechanical modeling is vital. In this study, deep neural networks are applied to model composite solid-propellant mechanical behavior for the first time. A data-driven framework incorporating a novel training-testing splitting strategy is proposed. By building Neural Networks (FFNNs), Kolmogorov-Arnold Networks (KANs) and Long Short-Term Memory (LSTM) networks and optimizing the model framework and parameters using a Bayesian optimization algorithm, the results show that the LSTM model predicts the stress-strain curve of HTPE propellant with an RMSE of 0.053 MPa, which is 62.7% and 48.5% higher than the FFNNs and the KANs, respectively. The R2 values of the LSTM model for the testing set exceed 0.99, which can effectively capture the effects of tensile rate and temperature changes on tensile strength, and accurately predict the yield point and the slope change of the stress-strain curve. Using the interpretable Shapley Additive Explanations (SHAP) method, fine-grained ammonium perchlorate (AP) can increase its tensile strength, and plasticizers can increase their elongation at break; this method provides an effective approach for HTPE propellant formulation."
66,A5_autonomous,37038183,PMC10088218,10.1186/s12931-023-02410-9,2023,Respiratory research,research-article; Journal Article,Electronic cigarette menthol flavoring is associated with increased inhaled micro and sub-micron particles and worse lung function in combustion cigarette smokers.,"Flavored electronic cigarettes (ECs) present a serious health challenge globally. Currently, it is unknown whether the addition of highly popular menthol flavoring to e-liquid is associated with changes in the number of aerosolized particles generated or altered lung function. Here, we first performed preclinical studies using our novel robotic platform Human Vaping Mimetic Real-Time Particle Analyzer (HUMITIPAA). HUMITIPAA generates fresh aerosols for any desired EC in a very controlled and user-definable manner and utilizes an optical sensing system to quantitate and analyze sub-micron and microparticles from every puff over the course of vaping session in real-time while emulating clinically relevant breathing mechanics and vaping topography. We discovered that addition of menthol flavoring to freshly prepared e-liquid base propylene glycol-vegetable glycerin leads to enhanced particle counts in all tested size fractions, similar to the effect of adding vitamin E acetate to e-liquid we previously reported. Similarly, we found that menthol vs. non-menthol (tobacco) flavored pods from commercially available ECs leads to generation of significantly higher quantities of 1-10 µm particles upon inhalation. We then retrospectively analyzed data from the COPDGene study and identified an association between the use of menthol flavored ECs and reduced FEV1% predicted and FEV1/FVC independent of age, gender, race, pack-years of smoking, and use of nicotine or cannabis-containing vaping products. Our results reveal an association between enhanced inhaled particle due to menthol addition to ECs and worse lung function indices. Detailed causal relation remains to be demonstrated in future large-scale prospective clinical studies. Importantly, here we demonstrate utility of the HUMITIPAA as a predictive enabling technology to identify inhalation toxicological potential of emerging ECs as the chemical formulation of e-liquid gets modified."
67,A5_autonomous,39459790,PMC11509232,10.3390/ma17205086,2024,"Materials (Basel, Switzerland)",research-article; Journal Article,Optimized Machine Learning Model for Predicting Compressive Strength of Alkali-Activated Concrete Through Multi-Faceted Comparative Analysis.,"Alkali-activated concrete (AAC), produced from industrial by-products like fly ash and slag, offers a promising alternative to traditional Portland cement concrete by significantly reducing carbon emissions. Yet, the inherent variability in AAC formulations presents a challenge for accurately predicting its compressive strength using conventional approaches. To address this, we leverage machine learning (ML) techniques, which enable more precise strength predictions based on a combination of material properties and cement mix design parameters. In this study, we curated an extensive dataset comprising 1756 unique AAC mixtures to support robust ML-based modeling. Four distinct input variable schemes were devised to identify the optimal predictor set, and a comparative analysis was performed to evaluate their effectiveness. After this, we investigated the performance of several popular ML algorithms, including random forest (RF), adaptive boosting (AdaBoost), gradient boosting regression trees (GBRTs), and extreme gradient boosting (XGBoost). Among these, the XGBoost model consistently outperformed its counterparts. To further enhance the predictive accuracy of the XGBoost model, we applied four state-of-the-art optimization techniques: the Gray Wolf Optimizer (GWO), Whale Optimization Algorithm (WOA), beetle antennae search (BAS), and Bayesian optimization (BO). The optimized XGBoost model delivered superior performance, achieving a remarkable coefficient of determination (R2) of 0.99 on the training set and 0.94 across the entire dataset. Finally, we employed SHapely Additive exPlanations (SHAP) to imbue the optimized model with interpretability, enabling deeper insights into the complex relationships governing AAC formulations. Through the lens of ML, we highlight the benefits of the multi-faceted synergistic approach for AAC strength prediction, which combines careful input parameter selection, optimal hyperparameter tuning, and enhanced model interpretability. This integrated strategy improves both the robustness and scalability of the model, offering a clear and reliable prediction of AAC performance."
68,A5_autonomous,40942208,PMC12431525,10.3390/polym17172290,2025,Polymers,research-article; Journal Article,Comonomer Reactivity Trends in Catalytic Ethene/1-Alkene Copolymerizations to Linear Low-Density Polyethylene.,"Linear Low-Density Polyethylene (LLDPE) is a versatile polyolefin made by copolymerizing ethene with minor amounts of a 1-alkene. The short side chain branches in the comonomer units partly hinder the ability of the polyethylene main chain to crystallize, thus providing a way to fine-tune material properties between the extremes of a thermoplastic and a moderate elastomer. In this function, higher 1-alkenes such as 1-hexene or 1-octene are more effective than shorter homologs like propene or 1-butene, because their alkyl substituents are fully incompatible with the polyethylene lattice. On the other hand, the former comonomers are also more expensive and, above all, poorly reactive with heterogeneous Ziegler-Natta (ZN) catalysts, the workhorses of the polyolefin industry; as a matter of fact, they can only be used with technologically more demanding molecular catalysts. The molecular kinetic factors governing this important and complicated catalytic reactivity are still poorly understood, and perusal of the literature led us to conclude that data reliability is often questionable due to experimental limitations in reaction equipment and protocols, particularly in academic laboratories. In this study, we made use of a state-of-the-art High-Throughput Experimentation workflow to measure the reactivity ratios with ethene of two representative higher 1-alkenes, namely 1-hexene and 1-decene, in the presence of a variety of well-defined molecular catalysts of metallocene and post-metallocene nature comparatively with a typical MgCl2/TiCl4 ZN catalyst for polyethylene application. We found that the two comonomers react almost identically with molecular catalysts, whereas a major decrease in reactivity for 1-decene compared with 1-hexene was observed idiosyncratically for the ZN catalyst. In our opinion, the overall results suggest that in the latter case, surface effects can be dominant over direct comonomer interactions with the coordination sphere of the active metal in dictating the observed molecular kinetic behavior."
69,A5_autonomous,40469320,PMC12134885,10.25259/sni_841_2024,2025,Surgical neurology international,research-article; Journal Article,Novel untethered micro-robotic platform developed for minimally invasive ultra-selective microsurgical procedures and targeted drug delivery: Preliminary characterization of tissue response to intraparenchymal navigation in ovine brain.,"BackgroundTo expand surgical options for safe, minimally invasive microsurgical procedures or targeted delivery of diverse therapeutics, a novel untethered micro-robotic platform is presented. This technology enables precision travel to predetermined central nervous system (CNS) parenchymal and complex cerebrospinal fluid pathway targets.MethodsUtilizing an in vivo ovine model, gross pathological and microscopic histopathological brain tissue reactions to the navigation of this micro-robot were compared to inserting standard neurosurgical catheters, routed from an occipital burr hole to the frontal lobe and then returning. Descriptions of the evolving tissue responses were documented at 24 h, 2, 12, and 26 weeks following the procedures.ResultsNo deaths or surgical complications occurred in either group. No neurological or behavioral differences were identified between the groups. No significant differences in gross or microscopic tissue pathology were identified when comparing the channels created by the micro-robot to the catheter control group.ConclusionThese findings support the equivalence of tissue responses to this micro-robot navigation compared to catheter insertion as a preliminary surrogate for addressing the safety and accuracy of this novel platform. This platform may set a new standard for safe, anatomically precise, and minimally invasive therapeutic procedures. The described approach offers untethered navigation, capable of traversing CNS tissues in controlled, complex, curvilinear trajectories. Preliminary results utilizing this micro-robotic capacity to deliver diverse therapeutic payloads are discussed. Novel applications designed to address CNS pathologies, including neurodegenerative diseases, epilepsy, neuro-oncology, and functional and microsurgical procedures, are proposed."
70,A5_autonomous,39203410,PMC11356527,10.3390/microorganisms12081568,2024,Microorganisms,research-article; Journal Article,Design of Fragrance Formulations with Antiviral Activity Using Bayesian Optimization.,"In case of future viral threats, including the proposed Disease X that has been discussed since the emergence of the COVID-19 pandemic in March 2020, our research has focused on the development of antiviral strategies using fragrance compounds with known antiviral activity. Despite the recognized antiviral properties of mixtures of certain fragrance compounds, there has been a lack of a systematic approach to optimize these mixtures. Confronted with the significant combinatorial challenge and the complexity of the compound formulation space, we employed Bayesian optimization, guided by Gaussian Process Regression (GPR), to systematically explore and identify formulations with demonstrable antiviral efficacy. This approach required the transformation of the characteristics of formulations into quantifiable feature values using molecular descriptors, subsequently modeling these data to predict and propose formulations with likely antiviral efficacy enhancements. The predicted formulations underwent experimental testing, resulting in the identification of combinations capable of inactivating 99.99% of viruses, including a notably efficacious formulation of five distinct fragrance types. This model demonstrates high predictive accuracy (coefficient determination Rcv2 > 0.7) and suggests a new frontier in antiviral strategy development. Our findings indicate the powerful potential of computational modeling to surpass human analytical capabilities in the pursuit of complex, fragrance-based antiviral formulations."
71,A5_autonomous,35136097,PMC8826354,10.1038/s41598-022-05784-w,2022,Scientific reports,"Research Support, Non-U.S. Gov't; research-article; Journal Article",Sample-efficient parameter exploration of the powder film drying process using experiment-based Bayesian optimization.,"Parameter optimization is a long-standing challenge in various production processes. Particularly, powder film forming processes entail multiscale and multiphysical phenomena, each of which is usually controlled by a combination of several parameters. Therefore, it is difficult to optimize the parameters either by numerical-model-based analysis or by ""brute force"" experiment-based exploration. In this study, we focus on a Bayesian optimization method that has led to breakthroughs in materials informatics. Specifically, we apply this method to exploration of production-process-parameter for the powder film forming process. To this end, a slurry containing a powder, polymer, and solvent was dropped, the drying temperature and time were controlled as parameters to be explored, and the uniformity of the fabricated film was evaluated. Using this experiment-based Bayesian optimization system, we searched for the optimal parameters among 32,768 (85) parameter sets to minimize defects. This optimization converged at 40 experiments, which is a substantially smaller number than that observed in brute-force exploration and traditional design-of-experiments methods. Furthermore, we inferred the mechanism corresponding to the unknown drying conditions discovered in the parameter exploration that resulted in uniform film formation. This demonstrates that a data-driven approach leads to high-throughput exploration and the discovery of novel parameters, which inspire further research."
72,A5_autonomous,37110754,PMC10142408,10.3390/molecules28083521,2023,"Molecules (Basel, Switzerland)",research-article; Journal Article,Synergy of Small Antiviral Molecules on a Black-Phosphorus Nanocarrier: Machine Learning and Quantum Chemical Simulation Insights.,"Favipiravir (FP) and Ebselen (EB) belong to a broad range of antiviral drugs that have shown active potential as medications against many viruses. Employing molecular dynamics simulations and machine learning (ML) combined with van der Waals density functional theory, we have uncovered the binding characteristics of these two antiviral drugs on a phosphorene nanocarrier. Herein, by using four different machine learning models (i.e., Bagged Trees, Gaussian Process Regression (GPR), Support Vector Regression (SVR), and Regression Trees (RT)), the Hamiltonian and the interaction energy of antiviral molecules in a phosphorene monolayer are trained in an appropriate way. However, training efficient and accurate models for approximating the density functional theory (DFT) is the final step in using ML to aid in the design of new drugs. To improve the prediction accuracy, the Bayesian optimization approach has been employed to optimize the GPR, SVR, RT, and BT models. Results revealed that the GPR model obtained superior prediction performance with an R2 of 0.9649, indicating that it can explain 96.49% of the data's variability. Then, by means of DFT calculations, we examine the interaction characteristics and thermodynamic properties in a vacuum and a continuum solvent interface. These results illustrate that the hybrid drug is an enabled, functionalized 2D complex with vigorous thermostability. The change in Gibbs free energy at different surface charges and temperatures implies that the FP and EB molecules are allowed to adsorb from the gas phase onto the 2D monolayer at different pH conditions and high temperatures. The results reveal a valuable antiviral drug therapy loaded by 2D biomaterials that may possibly open a new way of auto-treating different diseases, such as SARS-CoV, in primary terms."
73,A5_autonomous,38756796,PMC11095369,10.1039/d3sc06920f,2024,Chemical science,research-article; Journal Article,Polymer design via SHAP and Bayesian machine learning optimizes pDNA and CRISPR ribonucleoprotein delivery.,"We present the facile synthesis of a clickable polymer library with systematic variations in length, binary composition, pKa, and hydrophobicity (clog P) to optimize intracellular pDNA and CRISPR-Cas9 ribonucleoprotein (RNP) performance. We couple physicochemical characterization and machine learning to interpret quantitative structure-property relationships within the combinatorial design space. For the first time, we reveal unexpected disparate design parameters for nucleic acid carriers; via explainable machine learning on 432 formulations, we discover that lower polymer pKa and higher percentages of benzimidazole ethanethiol enhance pDNA delivery, yet polymer length and captamine cation identity improve RNP delivery. Closed-loop Bayesian optimization of 552 formulation ratios further enhances in vitro performance. The top three polymers yield a higher signal and stable transgene expression over 20 days in vivo, and a 1.7-fold enhancement over controls. Our facile coupling of synthesis, characterization, and machine analysis provides powerful tools to quantitate performance parameters accelerating next-generation vehicles for nucleic acid medicines."
74,A5_autonomous,37837110,PMC10575043,10.3390/s23198280,2023,"Sensors (Basel, Switzerland)",research-article; Journal Article,"Design, Fabrication, and Characterization of Inkjet-Printed Organic Piezoresistive Tactile Sensor on Flexible Substrate.","In this paper, we propose a novel tactile sensor with a ""fingerprint"" design, named due to its spiral shape and dimensions of 3.80 mm × 3.80 mm. The sensor is duplicated in a four-by-four array containing 16 tactile sensors to form a ""SkinCell"" pad of approximately 45 mm by 29 mm. The SkinCell was fabricated using a custom-built microfabrication platform called the NeXus which contains additive deposition tools and several robotic systems. We used the NeXus' six-degrees-of-freedom robotic platform with two different inkjet printers to deposit a conductive silver ink sensor electrode as well as the organic piezoresistive polymer PEDOT:PSS-Poly (3,4-ethylene dioxythiophene)-poly(styrene sulfonate) of our tactile sensor. Printing deposition profiles of 100-micron- and 250-micron-thick layers were measured using microscopy. The resulting structure was sintered in an oven and laminated. The lamination consisted of two different sensor sheets placed back-to-back to create a half-Wheatstone-bridge configuration, doubling the sensitivity and accomplishing temperature compensation. The resulting sensor array was then sandwiched between two layers of silicone elastomer that had protrusions and inner cavities to concentrate stresses and strains and increase the detection resolution. Furthermore, the tactile sensor was characterized under static and dynamic force loading. Over 180,000 cycles of indentation were conducted to establish its durability and repeatability. The results demonstrate that the SkinCell has an average spatial resolution of 0.827 mm, an average sensitivity of 0.328 mΩ/Ω/N, expressed as the change in resistance per force in Newtons, an average sensitivity of 1.795 µV/N at a loading pressure of 2.365 PSI, and a dynamic response time constant of 63 ms which make it suitable for both large area skins and fingertip human-robot interaction applications."
75,A5_autonomous,35454595,PMC9025529,10.3390/ma15082902,2022,"Materials (Basel, Switzerland)",research-article; Journal Article,Multi-Fidelity Surrogate-Based Process Mapping with Uncertainty Quantification in Laser Directed Energy Deposition.,"A multi-fidelity (MF) surrogate involving Gaussian processes (GPs) is used for designing temporal process maps in laser directed energy deposition (L-DED) additive manufacturing (AM). Process maps are used to establish relationships between the melt pool properties (e.g., melt pool depth) and process parameters (e.g., laser power and scan velocity). The MFGP surrogate involves a high-fidelity (HF) and a low-fidelity (LF) model. The Autodesk Netfabb® finite element model (FEM) is selected as the HF model, while an analytical model developed by Eagar-Tsai is chosen as the LF one. The results show that the MFGP surrogate is capable of successfully blending the information present in different fidelity models for designing the temporal forward process maps (e.g., given a set of process parameters for which the true depth is not known, what would be the melt pool depth?). To expand the newly-developed formulation for establishing the temporal inverse process maps (e.g., to achieve the desired melt pool depth for which the true process parameters are not known, what would be the optimal prediction of the process parameters as a function of time?), a case study is performed by coupling the MFGP surrogate with Bayesian Optimization (BO) under computational budget constraints. The results demonstrate that MFGP-BO can significantly improve the optimization solution quality compared to the single-fidelity (SF) GP-BO, along with incurring a lower computational budget. As opposed to the existing methods that are limited to developing steady-state forward process maps, the current work successfully demonstrates the realization of temporal forward and inverse process maps in L-DED incorporating uncertainty quantification (UQ)."
76,A5_autonomous,34729419,PMC8554824,10.1021/acscentsci.1c00860,2021,ACS central science,research-article; Journal Article,Breaking Scaling Relationships in CO2 Reduction on Copper Alloys with Organic Additives.,"Boundary conditions for catalyst performance in the conversion of common precursors such as N2, O2, H2O, and CO2 are governed by linear free energy and scaling relationships. Knowledge of these limits offers an impetus for designing strategies to alter reaction mechanisms to improve performance. Typically, experimental demonstrations of linear trends and deviations from them are composed of a small number of data points constrained by inherent experimental limitations. Herein, high-throughput experimentation on 14 bulk copper bimetallic alloys allowed for data-driven identification of a scaling relationship between the partial current densities of methane and C2+ products. This strict dependence represents an intrinsic limit to the Faradaic efficiency for C-C coupling. We have furthermore demonstrated that coating the electrodes with a molecular film breaks the scaling relationship to promote C2+ product formation."
77,A5_autonomous,35593444,PMC9339531,10.1002/adma.202201809,2022,"Advanced materials (Deerfield Beach, Fla.)",research-article; Journal Article,Machine Learning on a Robotic Platform for the Design of Polymer-Protein Hybrids.,"Polymer-protein hybrids are intriguing materials that can bolster protein stability in non-native environments, thereby enhancing their utility in diverse medicinal, commercial, and industrial applications. One stabilization strategy involves designing synthetic random copolymers with compositions attuned to the protein surface, but rational design is complicated by the vast chemical and composition space. Here, a strategy is reported to design protein-stabilizing copolymers based on active machine learning, facilitated by automated material synthesis and characterization platforms. The versatility and robustness of the approach is demonstrated by the successful identification of copolymers that preserve, or even enhance, the activity of three chemically distinct enzymes following exposure to thermal denaturing conditions. Although systematic screening results in mixed success, active learning appropriately identifies unique and effective copolymer chemistries for the stabilization of each enzyme. Overall, this work broadens the capabilities to design fit-for-purpose synthetic copolymers that promote or otherwise manipulate protein activity, with extensions toward the design of robust polymer-protein hybrid materials."
78,A5_autonomous,38477440,PMC11109614,10.1002/advs.202401401,2024,"Advanced science (Weinheim, Baden-Wurttemberg, Germany)",research-article; Journal Article,The Future of Material Scientists in an Age of Artificial Intelligence.,"Material science has historically evolved in tandem with advancements in technologies for characterization, synthesis, and computation. Another type of technology to add to this mix is machine learning (ML) and artificial intelligence (AI). Now increasingly sophisticated AI-models are seen that can solve progressively harder problems across a variety of fields. From a material science perspective, it is indisputable that machine learning and artificial intelligence offer a potent toolkit with the potential to substantially accelerate research efforts in areas such as the development and discovery of new functional materials. Less clear is how to best harness this development, what new skill sets will be required, and how it may affect established research practices. In this paper, those question are explored with respect to increasingly more sophisticated ML/AI-approaches. To structure the discussion, a conceptual framework of an AI-ladder is introduced. This AI-ladder ranges from basic data-fitting techniques to more advanced functionalities such as semi-autonomous experimentation, experimental design, knowledge generation, hypothesis formulation, and the orchestration of specialized AI modules as stepping-stones toward general artificial intelligence. This ladder metaphor provides a hierarchical framework for contemplating the opportunities, challenges, and evolving skill sets required to stay competitive in the age of artificial intelligence."
79,A5_autonomous,40906577,PMC12447505,10.1021/jacs.5c08539,2025,Journal of the American Chemical Society,research-article; Journal Article,Bayesian Optimization for Multicomponent Supramolecular Systems.,"The diversity of noncovalent interactions makes the design space of multicomponent molecular systems highly complex. To efficiently explore supramolecular design space, data-driven strategies are needed. Here, we demonstrate a methodological framework for the targeted design of multicomponent molecular systems with noncovalent interactions using Bayesian optimization. Its effective applicability to supramolecular polymers is illustrated by three representative cases that reveal accelerated exploration of diverse multicomponent systems with a universal Bayesian optimization framework. The number of experiments required to arrive at optimal compositions is significantly reduced compared to random or uninformed sampling strategies, enabling the experimental study of high-dimensional design spaces. In this way, we can tune the formulation of intricate mixtures and achieve tailored macroscopic properties with minimal experimental effort. Our results show that Bayesian optimization is a general tool for developing multicomponent supramolecular systems with designed functionality."
80,A5_autonomous,40586004,PMC12199292,10.1021/acs.chemmater.5c00860,2025,Chemistry of materials : a publication of the American Chemical Society,research-article; Journal Article,Autonomous Small-Angle Scattering for Accelerated Soft Material Formulation Optimization.,"The pace of soft material formulation (re)-development and design is rapidly increasing as both consumers and new legislation demand products that do less harm to the environment while maintaining high standards of performance. To meet this need, we have developed the Autonomous Formulation Lab (AFL), a platform that can automatically prepare and measure the microstructure of liquid formulations using small-angle neutron and X-ray scattering and, soon, a variety of other techniques. Here, we describe the design, philosophy, tuning, and validation of our active learning agent that guides the course of AFL experiments. We show how our extensive in silico tuning results in an efficient agent that is robust to both the number of measurements and signal-to-noise variation. Finally, we experimentally validate our virtually tuned agent by addressing a model formulation problem: replacing a petroleum-derived component with a natural analog. We show that the agent efficiently maps both formulations and how post hoc analysis of the measured data reveals the opportunity for further specialization of the agent. With the tuned and proven active learning agent, our autonomously guided AFL platform will accelerate the pace of discovery of liquid formulations and help speed us toward a greener future."
81,A5_autonomous,41131095,PMC12550062,10.1038/s41598-025-24613-4,2025,Scientific reports,research-article; Journal Article,A comprehensive benchmark of active learning strategies with AutoML for small-sample regression in materials science.,"The high cost and difficulty of acquiring labeled data in materials science often limits the scale of data-driven modeling efforts. Experimental synthesis and characterization often require expert knowledge, expensive equipment, and time-consuming procedures, making it critical to develop data-efficient learning strategies. Integrating Automated Machine Learning (AutoML) with active learning enables the construction of robust material-property prediction models while substantially reducing the volume of labeled data required. This benchmark study aims to evaluate various active learning (AL) strategies within AutoML in materials science regression tasks. The performance of each strategy in terms of model accuracy and data efficiency is analyzed. The 9 datasets used are derived from materials formulation design, which are typically small due to high data acquisition costs. 17 active-learning strategies, together with a Random-Sampling baseline, are systematically evaluated and compared for their effectiveness. Early in the acquisition process, uncertainty-driven (LCMD, Tree-based-R) and diversity-hybrid (RD-GS) strategies clearly outperform geometry-only heuristics (GSx, EGAL) and baseline, selecting more informative samples and improving model accuracy. As the labeled set grows, the gap narrows and all 17 methods converge, indicating diminishing returns from AL under AutoML."
82,A5_autonomous,35194074,PMC8863835,10.1038/s41467-022-28580-6,2022,Nature communications,research-article; Journal Article,A self-driving laboratory advances the Pareto front for material properties.,"Useful materials must satisfy multiple objectives, where the optimization of one objective is often at the expense of another. The Pareto front reports the optimal trade-offs between these conflicting objectives. Here we use a self-driving laboratory, Ada, to define the Pareto front of conductivities and processing temperatures for palladium films formed by combustion synthesis. Ada discovers new synthesis conditions that yield metallic films at lower processing temperatures (below 200 °C) relative to the prior art for this technique (250 °C). This temperature difference makes possible the coating of different commodity plastic materials (e.g., Nafion, polyethersulfone). These combustion synthesis conditions enable us to to spray coat uniform palladium films with moderate conductivity (1.1 × 105 S m-1) at 191 °C. Spray coating at 226 °C yields films with conductivities (2.0 × 106 S m-1) comparable to those of sputtered films (2.0 to 5.8 × 106 S m-1). This work shows how a self-driving laboratoy can discover materials that provide optimal trade-offs between conflicting objectives."
83,A5_autonomous,39835533,PMC11801656,10.1021/acs.analchem.4c06290,2025,Analytical chemistry,research-article; Journal Article,Automated Ultra-Fast 13C NMR Analysis of Polyolefin Materials.,"Polyolefins are unique among synthetic polymers because their wide application envelope originates from a finely controlled microstructure of hydrocarbon chains, lacking any distinctive functional groups. This hampers the methods of automated sorting based on vibrational spectroscopies and calls for much more complex 13C NMR elucidations. High-temperature cryoprobes have dramatically shortened the acquisition time of 13C NMR spectra, and few minutes are now enough for polyolefin classification purposes; however, conventional data analysis remains labor and time-consuming. In this paper, we introduce an instrument for automated fast determinations of the 13C NMR microstructure on polyolefin materials, implemented by integrating High-Throughput Experimentation and Data Science tools and methods. From the scientific standpoint, the main interest of the approach is the solution proposed to address the general problem how to rapidly characterize statistically distributed analytes, of which synthetic polymers are a most important case. In practical terms, the instrument represents the first automated tool for microstructural polyolefin analysis: it is readily applicable to monomaterials, whereas extension to multimaterials, including postconsumer streams, is feasible but still requires some work."
84,A5_autonomous,36844483,PMC9951283,10.1021/acscentsci.2c01422,2023,ACS central science,research-article; Journal Article,"High-Throughput Experimentation, Theoretical Modeling, and Human Intuition: Lessons Learned in Metal-Organic-Framework-Supported Catalyst Design.","We have screened an array of 23 metals deposited onto the metal-organic framework (MOF) NU-1000 for propyne dimerization to hexadienes. By a first-of-its-kind study utilizing data-driven algorithms and high-throughput experimentation (HTE) in MOF catalysis, yields on Cu-deposited NU-1000 were improved from 0.4 to 24.4%. Characterization of the best-performing catalysts reveal conversion to hexadiene to be due to the formation of large Cu nanoparticles, which is further supported by reaction mechanisms calculated with density functional theory (DFT). Our results demonstrate both the strengths and weaknesses of the HTE approach. As a strength, HTE excels at being able to find interesting and novel catalytic activity; any a priori theoretical approach would be hard-pressed to find success, as high-performing catalysts required highly specific operating conditions difficult to model theoretically, and initial simple single-atom models of the active site did not prove representative of the nanoparticle catalysts responsible for conversion to hexadiene. As a weakness, our results show how the HTE approach must be designed and monitored carefully to find success; in our initial campaign, only minor catalytic performances (up to 4.2% yield) were achieved, which were only improved following a complete overhaul of our HTE approach and questioning our initial assumptions."
85,A5_autonomous,34672032,PMC9299223,10.1002/chem.202103510,2021,"Chemistry (Weinheim an der Bergstrasse, Germany)",research-article; Journal Article,Late-Stage Amination of Drug-Like Benzoic Acids: Access to Anilines and Drug Conjugates through Directed Iridium-Catalyzed C-H Activation.,"The functionalization of C-H bonds, ubiquitous in drugs and drug-like molecules, represents an important synthetic strategy with the potential to streamline the drug-discovery process. Late-stage aromatic C-N bond-forming reactions are highly desirable, but despite their significance, accessing aminated analogues through direct and selective amination of C-H bonds remains a challenging goal. The method presented herein enables the amination of a wide array of benzoic acids with high selectivity. The robustness of the system is manifested by the large number of functional groups tolerated, which allowed the amination of a diverse array of marketed drugs and drug-like molecules. Furthermore, the introduction of a synthetic handle enabled expeditious access to targeted drug-delivery conjugates, PROTACs, and probes for chemical biology. This rapid access to valuable analogues, combined with operational simplicity and applicability to high-throughput experimentation has the potential to aid and considerably accelerate drug discovery."
86,A5_autonomous,38862641,PMC11321994,10.1038/s41557-024-01546-5,2024,Nature chemistry,research-article; Journal Article,Sequential closed-loop Bayesian optimization as a guide for organic molecular metallophotocatalyst formulation discovery.,"Conjugated organic photoredox catalysts (OPCs) can promote a wide range of chemical transformations. It is challenging to predict the catalytic activities of OPCs from first principles, either by expert knowledge or by using a priori calculations, as catalyst activity depends on a complex range of interrelated properties. Organic photocatalysts and other catalyst systems have often been discovered by a mixture of design and trial and error. Here we report a two-step data-driven approach to the targeted synthesis of OPCs and the subsequent reaction optimization for metallophotocatalysis, demonstrated for decarboxylative sp3-sp2 cross-coupling of amino acids with aryl halides. Our approach uses a Bayesian optimization strategy coupled with encoding of key physical properties using molecular descriptors to identify promising OPCs from a virtual library of 560 candidate molecules. This led to OPC formulations that are competitive with iridium catalysts by exploring just 2.4% of the available catalyst formulation space (107 of 4,500 possible reaction conditions)."
87,A5_autonomous,36757024,PMC9979601,10.1021/acs.jctc.2c00731,2023,Journal of chemical theory and computation,research-article; Journal Article,Gaussian Process Regression Models for Predicting Atomic Energies and Multipole Moments.,"Developing a force field is a difficult task because its design is typically pulled in opposite directions by speed and accuracy. FFLUX breaks this trend by utilizing Gaussian process regression (GPR) to predict, at ab initio accuracy, atomic energies and multipole moments as obtained from the quantum theory of atoms in molecules (QTAIM). This work demonstrates that the in-house FFLUX training pipeline can generate successful GPR models for six representative molecules: peptide-capped glycine and alanine, glucose, paracetamol, aspirin, and ibuprofen. The molecules were sufficiently distorted to represent configurations from an AMBER-GAFF2 molecular dynamics run. All internal degrees of freedom were covered corresponding to 93 dimensions in the case of the largest molecule ibuprofen (33 atoms). Benefiting from active learning, the GPR models contain only about 2000 training points and return largely sub-kcal mol-1 prediction errors for the validation sets. A proof of concept has been reached for transferring the model produced through active learning on one atomic property to that of the remaining atomic properties. The prediction of electrostatic interaction can be assessed at the intermolecular level, and the vast majority of interactions have a root-mean-square error of less than 0.1 kJ mol-1 with a maximum value of ∼1 kJ mol-1 for a glycine and paracetamol dimer."
88,A5_autonomous,37339991,PMC10282063,10.1038/s41467-023-39405-5,2023,Nature communications,research-article; Journal Article,Bayesian-optimization-assisted discovery of stereoselective aluminum complexes for ring-opening polymerization of racemic lactide.,"Stereoselective ring-opening polymerization catalysts are used to produce degradable stereoregular poly(lactic acids) with thermal and mechanical properties that are superior to those of atactic polymers. However, the process of discovering highly stereoselective catalysts is still largely empirical. We aim to develop an integrated computational and experimental framework for efficient, predictive catalyst selection and optimization. As a proof of principle, we have developed a Bayesian optimization workflow on a subset of literature results for stereoselective lactide ring-opening polymerization, and using the algorithm, we identify multiple new Al complexes that catalyze either isoselective or heteroselective polymerization. In addition, feature attribution analysis uncovers mechanistically meaningful ligand descriptors, such as percent buried volume (%Vbur) and the highest occupied molecular orbital energy (EHOMO), that can access quantitative and predictive models for catalyst development."
89,A5_autonomous,37514797,PMC10386185,10.3390/s23146504,2023,"Sensors (Basel, Switzerland)",research-article; Journal Article,Probabilistic Semantic Mapping for Autonomous Driving in Urban Environments.,"Statistical learning techniques and increased computational power have facilitated the development of self-driving car technology. However, a limiting factor has been the high expense of scaling and maintaining high-definition (HD) maps. These maps are a crucial backbone for many approaches to self-driving technology. In response to this challenge, we present an approach that fuses pre-built point cloud map data with images to automatically and accurately identify static landmarks such as roads, sidewalks, and crosswalks. Our pipeline utilizes semantic segmentation of 2D images, associates semantic labels with points in point cloud maps to pinpoint locations in the physical world, and employs a confusion matrix formulation to generate a probabilistic bird's-eye view semantic map from semantic point clouds. The approach has been tested in an urban area with different segmentation networks to generate a semantic map with road features. The resulting map provides a rich context of the environment that is valuable for downstream tasks such as trajectory generation and intent prediction. Moreover, it has the potential to be extended to the automatic generation of HD maps for semantic features. The entire software pipeline is implemented in the robot operating system (ROS), a widely used robotics framework, and made available."
90,A5_autonomous,38181073,PMC10775998,10.1126/sciadv.adj2448,2024,Science advances,"Research Support, Non-U.S. Gov't; research-article; Journal Article",Active learning of the thermodynamics-dynamics trade-off in protein condensates.,"Phase-separated biomolecular condensates exhibit a wide range of dynamic properties, which depend on the sequences of the constituent proteins and RNAs. However, it is unclear to what extent condensate dynamics can be tuned without also changing the thermodynamic properties that govern phase separation. Using coarse-grained simulations of intrinsically disordered proteins, we show that the dynamics and thermodynamics of homopolymer condensates are strongly correlated, with increased condensate stability being coincident with low mobilities and high viscosities. We then apply an ""active learning"" strategy to identify heteropolymer sequences that break this correlation. This data-driven approach and accompanying analysis reveal how heterogeneous amino acid compositions and nonuniform sequence patterning map to a range of independently tunable dynamic and thermodynamic properties of biomolecular condensates. Our results highlight key molecular determinants governing the physical properties of biomolecular condensates and establish design rules for the development of stimuli-responsive biomaterials."
91,A5_autonomous,39958647,PMC11823054,10.1039/d4sc08617a,2025,Chemical science,research-article; Journal Article,Functional monomer design for synthetically accessible polymers.,"Machine learning (ML) has emerged as a powerful tool to navigate polymer structure-property relationships. Despite recent progress, data sparsity is a major obstacle hindering the practical application of ML in polymer science. In this work, we explore functional monomer design by developing the first comprehensive database of monomer-level chemical and physical properties for approximately 12M synthetically accessible polymers. We generated diverse monomer-level properties by integrating quantum chemistry calculations with active learning to efficiently probe a vast chemical space of synthetically feasible polymers. Monomer-level property descriptors are benchmarked against both higher level computational predictions and experimental data to the extent possible, demonstrating their relevance to polymer design. Our results show that many monomer-level properties are weakly correlated, implying a strong freedom for functional design such that multiple physical properties can be simultaneously optimized by monomer selection. Moreover, the synthetically accessible nature of this chemical space allows targeted monomers to be considered by common polymerization mechanisms to facilitate their synthetic realization. Overall, this work opens new avenues for creating synthetically accessible polymers and provides new insights for designing next generation polymeric materials."
92,A5_autonomous,40452784,PMC12126104,10.2147/ijn.s515213,2025,International journal of nanomedicine,research-article; Journal Article,Biohybrids of Anoxia-Targeted Bacteria/MDPP for Enabling Targeted Synergistic Immunotherapy and Chemotherapy Against Breast Tumors.,"BackgroundThe hypoxic tumor microenvironment (TME) significantly impacts the effectiveness of various therapies on breast cancer. Conventional chemotherapeutic agents are unable to target hypoxic tumor tissue specifically, leading to reduced treatment efficacy and severe systemic toxicity. In order to improve drug targeting ability, we developed a bioactive biomotors system (MDPP@Bif) for chemoimmunotherapy against breast cancer. Utilizing the self-driving properties of the anaerobic Bifidobacterium infantis (B. infantis, Bif), both doxorubicin (DOX) and anti-programmed cell death protein ligand-1 (αPD-L1) antibody can be delivered simultaneously to tumor tissues to exert an anti-tumor effect on breast cancer.MethodsThe physicochemical properties of diverse nano-formulations were systematically characterized. In vitro anti-tumor efficacy of the MDPP@Bif biomotors was assessed through comprehensive biological evaluations, including 3-(4,5-dimethylthiazol-2-yl)-2,5-diphenyltetrazolium bromide (MTT) assays, live/dead staining, c cellular uptake analysis, apoptosis quantification, and wound healing assays to evaluate the in vitro anti-tumor activity of the MDPP@Bif biomotors. Furthermore, the therapeutic potential of the MDPP@Bif biohybrids was validated in vivo using a murine breast cancer model by monitoring of tumor growth kinetics, body weight fluctuations, and survival outcomes. Immunofluorescence staining was also used to further validate T-cells infiltration in the tumor tissues.ResultsThe developed MDPP@Bif biomotors can actively colonize hypoxic tumor tissues through Bif's inherent targeting ability, releasing DOX to inhibit tumor growth. The released αPD-L1 antibody specifically binds to PD-L1, reducing immune escape and activating T cells. The concentration of DOX in tumor tissues of the MDPP@Bif group was 2.5 times higher than in tumors treated with free DOX, significantly prolonging the median survival of mice to 62 days and reducing the toxic side effects of DOX.ConclusionThe novel bacteria-propelled biomotor MDPP@Bif shows great potential in treating solid tumors through synergistic chemotherapy and immunotherapy."
93,A5_autonomous,40740490,PMC12308009,10.1016/j.isci.2025.112944,2025,iScience,research-article; Journal Article,Integration of Bayesian optimization and solution thermodynamics to optimize media design for mammalian biomanufacturing.,"Rapid, cost-effective biomanufacturing of products like therapeutics, materials, and lab-grown foods depends on optimizing cell culture media, a complex and expensive task due to the combination of components and processing variables. This is especially important for therapeutic production using mammalian systems like Chinese Hamster Ovary (CHO) cells, where long development timelines contribute to high drug costs. Using Bayesian optimization (BO), adapted for bioprocess applications, our method supports multiple parallel experiments and incorporates thermodynamics-based constraints on media solubility to ensure feasible medium formulations. The approach is validated both in-silico and in experimental bioreactor settings, showing improved product titers compared to classical design of experiments (DOE) methods. This work bridges machine learning and physical modeling to create a more data-efficient process optimization strategy. The integration of this method into biomanufacturing pipelines together with robotics-assisted bioreactors paves the way for automated bioprocess optimization and more rapidly available and affordable biotherapeutics."
94,A5_autonomous,31745180,PMC7234925,10.1038/s41370-019-0190-x,2021,Journal of exposure science & environmental epidemiology,"Research Support, Non-U.S. Gov't; research-article; Journal Article; Research Support, N.I.H., Extramural",Exploring the utility of robots in exposure studies.,"Obtaining valid, reliable quantitative exposure data can be a significant challenge for industrial hygienists, exposure scientists, and other health science professionals. In this proof-of-concept study, a robotic platform was programmed to perform a simple task as a plausible alternative to human subjects in exposure studies for generating exposure data. The use of robots offers several advantages over the use of humans. Research can be completed more efficiently and there is no need to recruit, screen, or train volunteers. In addition, robots can perform tasks repeatedly without getting tired allowing for collection of an unlimited number of measurements using different chemicals to assess exposure impacts from formulation changes and new product development. The use of robots also eliminates concerns with intentional human exposures while removing health research ethics review requirements which are time consuming. In this study, a humanoid robot was programmed to paint drywall, while volatile organic compounds were measured in air for comparison to model estimates. The measured air concentrations generally agreed with more advanced exposure model estimates. These findings suggest that robots have potential as a methodology for generating exposure measurements relevant to human activities, but without using human subjects."
95,A5_autonomous,40471036,PMC12152925,10.1098/rsta.2024.0241,2025,"Philosophical transactions. Series A, Mathematical, physical, and engineering sciences",research-article; Journal Article,Connections between sequential Bayesian inference and evolutionary dynamics.,"It has long been posited that there is a connection between the dynamical equations describing evolutionary processes in biology and sequential Bayesian learning methods. This manuscript describes new research in which this precise connection is rigorously established in the continuous time setting. Here we focus on a partial differential equation known as the Kushner-Stratonovich equation describing the evolution of the posterior density in time. Of particular importance is a piecewise smooth approximation of the observation path from which the discrete time filtering equations, which are shown to converge to a Stratonovich interpretation of the Kushner-Stratonovich equation. This smooth formulation will then be used to draw precise connections between nonlinear stochastic filtering and replicator-mutator dynamics. Additionally, gradient flow formulations will be investigated as well as a form of replicator-mutator dynamics that is shown to be beneficial for the misspecified model filtering problem. It is hoped this work will spur further research into exchanges between sequential learning and evolutionary biology and to inspire new algorithms in filtering and sampling.This article is part of the theme issue 'Partial differential equations in data science'."
96,A5_autonomous,36344455,PMC9798976,10.1002/advs.202203422,2022,"Advanced science (Weinheim, Baden-Wurttemberg, Germany)","Research Support, Non-U.S. Gov't; research-article; Research Support, U.S. Gov't, Non-P.H.S.; Journal Article",Physics Discovery in Nanoplasmonic Systems via Autonomous Experiments in Scanning Transmission Electron Microscopy.,"Physics-driven discovery in an autonomous experiment has emerged as a dream application of machine learning in physical sciences. Here, this work develops and experimentally implements a deep kernel learning (DKL) workflow combining the correlative prediction of the target functional response and its uncertainty from the structure, and physics-based selection of acquisition function, which autonomously guides the navigation of the image space. Compared to classical Bayesian optimization (BO) methods, this approach allows to capture the complex spatial features present in the images of realistic materials, and dynamically learn structure-property relationships. In combination with the flexible scalarizer function that allows to ascribe the degree of physical interest to predicted spectra, this enables physical discovery in automated experiment. Here, this approach is illustrated for nanoplasmonic studies of nanoparticles and experimentally implemented in a truly autonomous fashion for bulk- and edge plasmon discovery in MnPS3 , a lesser-known beam-sensitive layered 2D material. This approach is universal, can be directly used as-is with any specimen, and is expected to be applicable to any probe-based microscopic techniques including other STEM modalities, scanning probe microscopies, chemical, and optical imaging."
97,A5_autonomous,33875649,PMC8055971,10.1038/s41467-021-22437-0,2021,Nature communications,"Research Support, Non-U.S. Gov't; research-article; Journal Article",Bias free multiobjective active learning for materials design and discovery.,"The design rules for materials are clear for applications with a single objective. For most applications, however, there are often multiple, sometimes competing objectives where there is no single best material and the design rules change to finding the set of Pareto optimal materials. In this work, we leverage an active learning algorithm that directly uses the Pareto dominance relation to compute the set of Pareto optimal materials with desirable accuracy. We apply our algorithm to de novo polymer design with a prohibitively large search space. Using molecular simulations, we compute key descriptors for dispersant applications and drastically reduce the number of materials that need to be evaluated to reconstruct the Pareto front with a desired confidence. This work showcases how simulation and machine learning techniques can be coupled to discover materials within a design space that would be intractable using conventional screening approaches."
98,A5_autonomous,40891577,PMC12641341,10.1002/smtd.202500984,2025,Small methods,research-article; Journal Article,Autonomous Bayesian Optimization-Based Control System for Droplet Generation.,"Droplet generation has been utilized in various applications, including drug delivery, the fabrication of functional particles, and material synthesis. Achieving the goals of these applications requires droplet generation of a desired size. Microfluidic droplet generation offers precise control of droplet dimensions. However, the flow rates of the droplet and medium phases depend on the channel configuration and properties of the working fluids, and their optimization is a labor-intensive and time-consuming process. To overcome these limitations, an autonomous Bayesian optimization (BO)-based control system for droplet generation (ABCD) is developed. In ABCD, BO is employed to inform decision-making and refine the experimental conditions. Additionally, computer vision techniques, including image processing and convolutional neural networks, are utilized to analyze the experimental results and provide a dataset for use in decision-making. The ABCD identified the optimal flow rates to achieve desired droplet sizes and generation frequencies via precise and efficient searches, regardless of the droplet generation target, working fluids, channel geometry, and droplet morphology, within 15 iterations on average. It is anticipated that this system will contribute to the acceleration of research utilizing droplet-based microfluidic systems while also extending microfluidic process automation in various industrial applications."
99,A5_autonomous,38553488,PMC10980761,10.1038/s41467-024-47070-5,2024,Nature communications,research-article; Journal Article,An integrated high-throughput robotic platform and active learning approach for accelerated discovery of optimal electrolyte formulations.,"Solubility of redox-active molecules is an important determining factor of the energy density in redox flow batteries. However, the advancement of electrolyte materials discovery has been constrained by the absence of extensive experimental solubility datasets, which are crucial for leveraging data-driven methodologies. In this study, we design and investigate a highly automated workflow that synergizes a high-throughput experimentation platform with a state-of-the-art active learning algorithm to significantly enhance the solubility of redox-active molecules in organic solvents. Our platform identifies multiple solvents that achieve a remarkable solubility threshold exceeding 6.20 M for the archetype redox-active molecule, 2,1,3-benzothiadiazole, from a comprehensive library of more than 2000 potential solvents. Significantly, our integrated strategy necessitates solubility assessments for fewer than 10% of these candidates, underscoring the efficiency of our approach. Our results also show that binary solvent mixtures, particularly those incorporating 1,4-dioxane, are instrumental in boosting the solubility of 2,1,3-benzothiadiazole. Beyond designing an efficient workflow for developing high-performance redox flow batteries, our machine learning-guided high-throughput robotic platform presents a robust and general approach for expedited discovery of functional materials."
100,A5_autonomous,37520284,PMC10371800,10.1016/j.csbj.2023.07.003,2023,Computational and structural biotechnology journal,research-article; Journal Article,Towards advanced bioprocess optimization: A multiscale modelling approach.,"Mammalian cells produce up to 80 % of the commercially available therapeutic proteins, with Chinese Hamster Ovary (CHO) cells being the primary production host. Manufacturing involves a train of reactors, the last of which is typically run in fed-batch mode, where cells grow and produce the required protein. The feeding strategy is decided a priori, from either past operations or the design of experiments and rarely considers the current state of the process. This work proposes a Model Predictive Control (MPC) formulation based on a hybrid kinetic-stoichiometric reactor model to provide optimal feeding policies in real-time, which is agnostic to the culture, hence transferable across CHO cell culture systems. The benefits of the proposed controller formulation are demonstrated through a comparison between an open-loop simulation and closed-loop optimization, using a digital twin as an emulator of the process."
101,A5_autonomous,37112365,PMC10141924,10.3390/s23084024,2023,"Sensors (Basel, Switzerland)",research-article; Journal Article,Benchmarking 2D Multi-Object Detection and Tracking Algorithms in Autonomous Vehicle Driving Scenarios.,"Self-driving vehicles must be controlled by navigation algorithms that ensure safe driving for passengers, pedestrians and other vehicle drivers. One of the key factors to achieve this goal is the availability of effective multi-object detection and tracking algorithms, which allow to estimate position, orientation and speed of pedestrians and other vehicles on the road. The experimental analyses conducted so far have not thoroughly evaluated the effectiveness of these methods in road driving scenarios. To this aim, we propose in this paper a benchmark of modern multi-object detection and tracking methods applied to image sequences acquired by a camera installed on board the vehicle, namely, on the videos available in the BDD100K dataset. The proposed experimental framework allows to evaluate 22 different combinations of multi-object detection and tracking methods using metrics that highlight the positive contribution and limitations of each module of the considered algorithms. The analysis of the experimental results points out that the best method currently available is the combination of ConvNext and QDTrack, but also that the multi-object tracking methods applied on road images must be substantially improved. Thanks to our analysis, we conclude that the evaluation metrics should be extended by considering specific aspects of the autonomous driving scenarios, such as multi-class problem formulation and distance from the targets, and that the effectiveness of the methods must be evaluated by simulating the impact of the errors on driving safety."
102,A5_autonomous,39661966,PMC11672474,10.1021/acsami.4c16614,2024,ACS applied materials & interfaces,research-article; Journal Article,Scalable Accelerated Materials Discovery of Sustainable Polysaccharide-Based Hydrogels by Autonomous Experimentation and Collaborative Learning.,"While some materials can be discovered and engineered using standalone self-driving workflows, coordinating multiple stakeholders and workflows toward a common goal could advance autonomous experimentation (AE) for accelerated materials discovery (AMD). Here, we describe a scalable AMD paradigm based on AE and ""collaborative learning"". Collaborative learning using a novel consensus Bayesian optimization (BO) model enabled the rapid discovery of mechanically optimized composite polysaccharide hydrogels. The collaborative workflow outperformed a non-collaborating AMD workflow scaled by independent learning based on the trend of mechanical property evolution over eight experimental iterations, corresponding to a budget limit. After five iterations, four collaborating clients obtained notable material performance (i.e., composition discovery). Collaborative learning by consensus BO can enable scaling and performance optimization for a range of self-driving materials research workflows driven by optimally cooperating humans and machines that share a material design objective."
103,A5_autonomous,41407680,PMC12820068,10.1038/s41467-025-67303-5,2025,Nature communications,research-article; Journal Article,PhaseT3M: 3D imaging at 1.6 Å resolution via electron cryo-tomography with nonlinear phase retrieval.,"Electron cryo-tomography (cryo-ET) enables 3D imaging of complex, radiation-sensitive structures with molecular detail. However, image contrast from the interference of scattered electrons is nonlinear with atomic density and multiple scattering further complicates interpretation. These effects degrade resolution, particularly in conventional reconstruction algorithms, which assume linearity. Particle averaging can reduce such issues but is unsuitable for heterogeneous or dynamic samples ubiquitous in biology, chemistry, and materials sciences. Here, we develop a phase retrieval-based cryo-ET method, PhaseT3M. We experimentally demonstrate its application to an approximately 7 nm Co3O4 nanoparticle on an approximately 30 nm carbon substrate, achieving a maximum resolution of 1.6 Å, surpassing conventional limits using standard cryo-TEM equipment. PhaseT3M uses a multislice model for multiple scattering and Bayesian optimization for alignment and computational aberration correction, with a positivity constraint to recover 'missing wedge' information. Applied directly to biological particles, it enhances reconstruction quality and reduces artifacts, establishing a standard for routine 3D imaging with phase contrast."
104,A5_autonomous,38710679,PMC11074279,10.1038/s41467-024-48192-6,2024,Nature communications,research-article; Journal Article,Low-index mesoscopic surface reconstructions of Au surfaces using Bayesian force fields.,"Metal surfaces have long been known to reconstruct, significantly influencing their structural and catalytic properties. Many key mechanistic aspects of these subtle transformations remain poorly understood due to limitations of previous simulation approaches. Using active learning of Bayesian machine-learned force fields trained from ab initio calculations, we enable large-scale molecular dynamics simulations to describe the thermodynamics and time evolution of the low-index mesoscopic surface reconstructions of Au (e.g., the Au(111)-'Herringbone,' Au(110)-(1 × 2)-'Missing-Row,' and Au(100)-'Quasi-Hexagonal' reconstructions). This capability yields direct atomistic understanding of the dynamic emergence of these surface states from their initial facets, providing previously inaccessible information such as nucleation kinetics and a complete mechanistic interpretation of reconstruction under the effects of strain and local deviations from the original stoichiometry. We successfully reproduce previous experimental observations of reconstructions on pristine surfaces and provide quantitative predictions of the emergence of spinodal decomposition and localized reconstruction in response to strain at non-ideal stoichiometries. A unified mechanistic explanation is presented of the kinetic and thermodynamic factors driving surface reconstruction. Furthermore, we study surface reconstructions on Au nanoparticles, where characteristic (111) and (100) reconstructions spontaneously appear on a variety of high-symmetry particle morphologies."
105,A5_autonomous,39907088,PMC11795533,10.1039/d4lc00970c,2025,Lab on a chip,"Research Support, Non-U.S. Gov't; research-article; Journal Article; Research Support, N.I.H., Extramural",TapeTech microfluidic connectors: adhesive tape-enabled solution for organ-on-a-chip system integration.,"A longstanding challenge in microfluidics has been the efficient delivery of fluids from macro-scale pumping systems into microfluidic devices, known as the ""world-to-chip"" problem. Thus far, the entire industry has accepted the use of imperfect, rigid tubing and connectors as the ecosystem within which to operate, which, while functional, are often cumbersome, labor-intensive, prone to errors, and ill-suited for high-throughput experimentation. In this paper, we introduce TapeTech microfluidics, a flexible and scalable solution designed to address the persistent ""world-to-chip"" problem in microfluidics, particularly in organ-on-a-chip (OoC) applications. TapeTech offers a streamlined alternative, utilizing adhesive tape and thin-film polymers to create adaptable, integrated multi-channel ribbon connectors that simplify fluidic integration with pumps and reservoirs. Key features of TapeTech include reduced pressure surges, easy priming, rapid setup, easy multiplexing, and broad compatibility with existing devices and components, which are essential for maintaining stable fluid dynamics and protecting sensitive cell cultures. Furthermore, TapeTech is designed to flex around the lids of Petri dishes, enhancing sterility and transportability by enabling easy transfer between incubators, biosafety cabinets (BSCs), and microscopes. The rapid design-to-prototype iteration enabled by TapeTech allows users to quickly develop connectors for a wide range of microfluidic devices. Importantly, we showcase the utility of TapeTech in OoC cultures requiring fluid flow. We also highlight other utilities, such as real-time microscopy and a well-plate medium exchanger. The accessibility of this technology should enable more laboratories to simplify design and setup of microfluidic experiments, and increase technology adoption."
106,A5_autonomous,38652511,PMC11079961,10.1021/acs.accounts.4c00095,2024,Accounts of chemical research,research-article; Journal Article,Toward Self-Driven Autonomous Material and Device Acceleration Platforms (AMADAP) for Emerging Photovoltaics Technologies.,"ConspectusIn the ever-increasing renewable-energy demand scenario, developing new photovoltaic technologies is important, even in the presence of established terawatt-scale silicon technology. Emerging photovoltaic technologies play a crucial role in diversifying material flows while expanding the photovoltaic product portfolio, thus enhancing security and competitiveness within the solar industry. They also serve as a valuable backup for silicon photovoltaic, providing resilience to the overall energy infrastructure. However, the development of functional solar materials poses intricate multiobjective optimization challenges in a large multidimensional composition and parameter space, in some cases with millions of potential candidates to be explored. Solving it necessitates reproducible, user-independent laboratory work and intelligent preselection of innovative experimental methods.Materials acceleration platforms (MAPs) seamlessly integrate robotic materials synthesis and characterization with AI-driven data analysis and experimental design, positioning them as enabling technologies for the discovery and exploration of new materials. They are proposed to revolutionize materials development away from the Edisonian trial-and-error approaches to ultrashort cycles of experiments with exceptional precision, generating a reliable and highly qualitative data situation that allows training machine learning algorithms with predictive power. MAPs are designed to assist the researcher in multidimensional aspects of materials discovery, such as material synthesis, precursor preparation, sample processing and characterization, and data analysis, and are drawing escalating attention in the field of energy materials. Device acceleration platforms (DAPs), however, are designed to optimize functional films and layer stacks. Unlike MAPs, which focus on material discovery, a central aspect of DAPs is the identification and refinement of ideal processing conditions for a predetermined set of materials. Such platforms prove especially invaluable when dealing with ""disordered semiconductors,"" which depend heavily on the processing parameters that ultimately define the functional properties and functionality of thin film layers. By facilitating the fine-tuning of processing conditions, DAPs contribute significantly to the advancement and optimization of disordered semiconductor devices, such as emerging photovoltaics.In this Account, we review the recent advancements made by our group in automated and autonomous laboratories for advanced material discovery and device optimization with a strong focus on emerging photovoltaics, such as solution-processing perovskite solar cells and organic photovoltaics. We first introduce two MAPs and two DAPs developed in-house: a microwave-assisted high-throughput synthesis platform for the discovery of organic interface materials, a multipurpose robot-based pipetting platform for the synthesis of new semiconductors and the characterization of thin film semiconductor composites, the SPINBOT system, which is a spin-coating DAP with the potential to optimize complex device architectures, and finally, AMANDA, a fully integrated and autonomously operating DAP. Notably, we underscore the utilization of a robot-based high-throughput experimentation technique to address the common optimization challenges encountered in extensive multidimensional composition and parameter spaces pertaining to organic and perovskite photovoltaics materials. Finally, we briefly propose a holistic concept and technology, a self-driven autonomous material and device acceleration platform (AMADAP) laboratory, for autonomous functional solar materials discovery and development. We hope to discover how AMADAP can be further strengthened and universalized with advancing development of hardware and software infrastructures in the future."
107,A5_autonomous,33214593,PMC7678830,10.1038/s41598-020-77057-3,2020,Scientific reports,"Research Support, Non-U.S. Gov't; research-article; Randomized Controlled Trial; Journal Article",Efficacy of P11-4 for the treatment of initial buccal caries: a randomized clinical trial.,"To investigate the safety and efficacy of Self-Assembling Peptide P11-4 (SAP P11-4) compared to placebo or fluoride varnish (FV), a randomized, controlled, blinded, split-mouth study with sequential design was conducted. Subjects presenting two teeth with White-Spot-Lesions (WSLs) were included and teeth were randomly assigned to test or control. Control received placebo at baseline (D0) and test SAP P11-4, all received FV at Day 90 (D90). Standardized photographs were taken at each visit, and WSL size changes were morphometrically assessed. Hierarchical Linear Modelling, considering paired and sequential design, was used to test four hypotheses. SAP P11-4 lesions (test, D90-D0) showed significant WSL size reduction compared to placebo (control, D90-D0; p = 0.008) or FV (control, D180-D90; p = 0.001). Combination of SAP P11-4 and delayed FV after 90 days (test, D180-D0), showed a significant difference compared to FV alone (control D270-D90; p = 0.003). No significant difference on FV efficacy was found when SAP P11-4 was applied 3 months before FV (test D270-D90; control D270-D90, p = 0.70). SAP P11-4 treatment resulted in superior caries regression compared to either placebo or FV, and FV efficacy seems not to be affected by SAP P11-4. SAP P11-4 was found to be a safe and effective WSL treatment."
108,A5_autonomous,35837353,PMC9138715,10.5334/gh.1113,2022,Global heart,"Research Support, Non-U.S. Gov't; research-article; Journal Article",Diuretic Resistance Prediction and Risk Factor Analysis of Patients with Heart Failure During Hospitalization.,"ObjectivesThis study performed a prediction and risk factor analysis of diuretic resistance (DR) in patients with decompensated heart failure during hospitalization.MethodsThe data of patients with decompensated heart failure treated in 2010-2018 with DR (n = 3,383) or without DR (n = 15,444) were retrospectively collected from Chinese PLA General Hospital medical records. Statistical analysis of baseline was performed on two groups of people, and the risk factor of DR was analyzed through logic regression. Six machine learning models were built accordingly, and the adjustment of model super parameters was performed by using Bayesian optimization method. Finally, the optimal algorithm was selected according to prediction efficiency.ResultsThe preliminary analysis of variance showed significant differences in the incidence of DR among patients with lung infection, hyperlipidemia, type 2 diabetes, and kidney disease. There were significant differences in estimated glomerular filtration rate (eGFR) (P 2); serum albumin, 33 g/L; hematocrit, 0.32% and 0.56%; red blood cell volume distribution width, 13; and age, 59 years. The optimal area under the curve was 0.9512. The ranked features derived from the model were age, abnormal sodium level, pro-BNP level, serum albumin level, D-dimer level, direct bilirubin level, and eGFR.ConclusionsThe DR risk prediction model based on a gradient boosting decision tree created here identified its important risk factors. The model made very accurate predictions using simple indicators and simultaneously calculated cutoff values to help doctors predict the occurrence of DR."
109,A5_autonomous,36017534,PMC9539360,10.1002/bit.28216,2022,Biotechnology and bioengineering,"Research Support, Non-U.S. Gov't; research-article; Journal Article",Maximizing mRNA vaccine production with Bayesian optimization.,"Messenger RNA (mRNA) vaccines are a new alternative to conventional vaccines with a prominent role in infectious disease control. These vaccines are produced in in vitro transcription (IVT) reactions, catalyzed by RNA polymerase in cascade reactions. To ensure an efficient and cost-effective manufacturing process, essential for a large-scale production and effective vaccine supply chain, the IVT reaction needs to be optimized. IVT is a complex reaction that contains a large number of variables that can affect its outcome. Traditional optimization methods rely on classic Design of Experiments methods, which are time-consuming and can present human bias or based on simplified assumptions. In this contribution, we propose the use of Machine Learning approaches to perform a data-driven optimization of an mRNA IVT reaction. A Bayesian optimization method and model interpretability techniques were used to automate experiment design, providing a feedback loop. IVT reaction conditions were found under 60 optimization runs that produced 12 g · L-1 in solely 2 h. The results obtained outperform published industry standards and data reported in literature in terms of both achievable reaction yield and reduction of production time. Furthermore, this shows the potential of Bayesian optimization as a cost-effective optimization tool within (bio)chemical applications."
110,A5_autonomous,40813776,PMC12354731,10.1038/s41467-025-62994-2,2025,Nature communications,research-article; Journal Article,A chemical autonomous robotic platform for end-to-end synthesis of nanoparticles.,"Traditional nanomaterial development faces inefficiency and unstable results due to labor-intensive trial-and-error methods. To overcome these challenges, we developed a data-driven automated platform integrating artificial intelligence (AI) decision modules with automated experiments. Specifically, the platform employs a Generative Pre-trained Transformer (GPT) model to retrieve methods/parameters and implements an A* algorithm centered closed-loop optimization process. It achieves optimized diverse nanomaterials (Au, Ag, Cu2O, PdCu) with controlled types, morphologies, and sizes, demonstrating efficiency and repeatability. Using the A* algorithm, we comprehensively optimized synthesis parameters for multi-target Au nanorods (Au NRs) with longitudinal surface plasmon resonance (LSPR) peak under 600-900 nm across 735 experiments, and for Au nanospheres (Au NSs)/Ag nanocubes (Ag NCs) in 50 experiments. Reproducibility tests showed deviations in characteristic LSPR peak and full width at half maxima (FWHM) of Au NRs under identical parameters were ≤1.1 nm and ≤ 2.9 nm, respectively. Researchers only need initial script editing and parameter input, significantly reducing human resource requirements. Comparative analysis confirms the A* algorithm outperforms Optuna and Olympus in search efficiency, requiring significantly fewer iterations."
111,A5_autonomous,39759971,PMC11696778,10.1016/j.jpha.2024.100996,2024,Journal of pharmaceutical analysis,research-article; Journal Article,Machine learning-driven optimization of mRNA-lipid nanoparticle vaccine quality with XGBoost/Bayesian method and ensemble model approaches.,"To enhance the efficiency of vaccine manufacturing, this study focuses on optimizing the microfluidic conditions and lipid mix ratios of messenger RNA-lipid nanoparticles (mRNA-LNP). Different mRNA-LNP formulations (n = 24) were developed using an I-optimal design, where machine learning tools (XGBoost/Bayesian optimization and self-validated ensemble (SVEM)) were used to optimize the process and predict lipid mix ratio. The investigation included material attributes, their respective ratios, and process attributes. The critical responses like particle size (PS), polydispersity index (PDI), Zeta potential, pKa, heat trend cycle, encapsulation efficiency (EE), recovery ratio, and encapsulated mRNA were evaluated. Overall prediction of SVEM (>97%) was comparably better than that of XGBoost/Bayesian optimization (>94%). Moreover, in actual experimental outcomes, SVEM prediction is close to the actual data as confirmed by the experimental PS (94-96 nm) is close to the predicted one (95-97 nm). The other parameters including PDI and EE were also close to the actual experimental data."
112,A5_autonomous,34735111,PMC8603353,10.1021/acsami.1c14586,2021,ACS applied materials & interfaces,research-article; Journal Article,Bayesian Machine Learning for Efficient Minimization of Defects in ALD Passivation Layers.,"Atomic layer deposition (ALD) is an enabling technology for encapsulating sensitive materials owing to its high-quality, conformal coating capability. Finding the optimum deposition parameters is vital to achieving defect-free layers; however, the high dimensionality of the parameter space makes a systematic study on the improvement of the protective properties of ALD films challenging. Machine-learning (ML) methods are gaining credibility in materials science applications by efficiently addressing these challenges and outperforming conventional techniques. Accordingly, this study reports the ML-based minimization of defects in an ALD-Al2O3 passivation layer for the corrosion protection of metallic copper using Bayesian optimization (BO). In all experiments, BO consistently minimizes the layer defect density by finding the optimum deposition parameters in less than three trials. Electrochemical tests show that the optimized layers have virtually zero film porosity and achieve five orders of magnitude reduction in corrosion current as compared to control samples. Optimized parameters of surface pretreatment using Ar/H2 plasma, the deposition temperature above 200 °C, and 60 ms pulse time quadruple the corrosion resistance. The significant optimization of ALD layers presented in this study demonstrates the effectiveness of BO and its potential outreach to a broader audience, focusing on different materials and processes in materials science applications."
113,A5_autonomous,35245036,PMC8931722,10.1021/acsami.1c21785,2022,ACS applied materials & interfaces,research-article; Journal Article,Protective Coating Interfaces for Perovskite Solar Cell Materials: A First-Principles Study.,"The protection of halide perovskites is important for the performance and stability of emergent perovskite-based optoelectronic technologies. In this work, we investigate the potential inorganic protective coating materials ZnO, SrZrO3, and ZrO2 for the CsPbI3 perovskite. The optimal interface registries are identified with Bayesian optimization. We then use semilocal density functional theory (DFT) to determine the atomic structure at the interfaces of each coating material with the clean CsI-terminated surface and three reconstructed surface models with added PbI2 and CsI complexes. For the final structures, we explore the level alignment at the interface with hybrid DFT calculations. Our analysis of the level alignment at the coating-substrate interfaces reveals no detrimental mid-gap states but rather substrate-dependent valence and conduction band offsets. While ZnO and SrZrO3 act as insulators on CsPbI3, ZrO2 might be suitable as an electron transport layer with the right interface engineering."
114,A5_autonomous,39517615,PMC11547296,10.3390/ma17215345,2024,"Materials (Basel, Switzerland)",research-article; Journal Article,Optimizing Thermoplastic Starch Film with Heteroscedastic Gaussian Processes in Bayesian Experimental Design Framework.,"The development of thermoplastic starch (TPS) films is crucial for fabricating sustainable and compostable plastics with desirable mechanical properties. However, traditional design of experiments (DOE) methods used in TPS development are often inefficient. They require extensive time and resources while frequently failing to identify optimal material formulations. As an alternative, adaptive experimental design methods based on Bayesian optimization (BO) principles have been recently proposed to streamline material development by iteratively refining experiments based on prior results. However, most implementations are not suited to manage the heteroscedastic noise inherently present in physical experiments. This work introduces a heteroscedastic Gaussian process (HGP) model within the BO framework to account for varying levels of uncertainty in the data, improve the accuracy of the predictions, and increase the overall experimental efficiency. The aim is to find the optimal TPS film composition that maximizes its elongation at break and tensile strength. To demonstrate the effectiveness of this approach, TPS films were prepared by mixing potato starch, distilled water, glycerol as a plasticizer, and acetic acid as a catalyst. After gelation, the mixture was degassed via centrifugation and molded into films, which were dried at room temperature. Tensile tests were conducted according to ASTM D638 standards. After five iterations and 30 experiments, the films containing 4.5 wt% plasticizer and 2.0 wt% starch exhibited the highest elongation at break (M = 96.7%, SD = 5.6%), while the films with 0.5 wt% plasticizer and 7.0 wt% starch demonstrated the highest tensile strength (M = 2.77 MPa, SD = 1.54 MPa). These results demonstrate the potential of the HGP model within a BO framework to improve material development efficiency and performance in TPS film and other potential material formulations."
115,A5_autonomous,40792112,PMC12336687,10.1016/j.crfs.2025.101157,2025,Current research in food science,research-article; Journal Article,Plant-based protein extrusion optimization: Comparison between machine learning and conventional experimental design.,"High-moisture extrusion (HME) is a promising technique for developing fibrous plant-based meat analogues. In HME, protein-water formulations are passed through a heated twin-screw barrel before solidifying in a cooling die, where complex physicochemical transformations occur, making process optimization challenging. Traditional approaches like Response Surface Methodology (RSM) require extensive trials and rely on predefined polynomial models, limiting predictive power. In contrast, Bayesian Optimization (BO), a machine learning technique, uses probabilistic surrogate models to efficiently explore parameter spaces and optimize black-box functions with fewer experiments. This study compares RSM and BO for optimizing the mechanical properties of twin-screw extruded meat analogues to replicate chicken breast by varying barrel temperature, water content, and cooling die temperature. To facilitate a direct comparison, BO was constrained to explore within the dataset employed by RSM, although this restriction may limit BO's full optimization potential. Tensile strength was identified as a key property that improved model fitting and predictive accuracy for both RSM and BO. Compared to the 15 experimental trials required by the RSM approach, BO converged on an optimal set of parameters using only 11 of the 15 RSM trials without tensile strength. When tensile strength was included, the output of only 10 trials was needed before convergence was observed. Experimental validation showed BO predictions had lower a prediction error (≤24.5 %) compared to RSM (up to 61.0 %). These findings highlight the potential of superior predictive accuracy and efficiency in optimizing complex pilot-scale food processing systems such as HME through BO."
116,A5_autonomous,32664218,PMC7402138,10.3390/antiox9070602,2020,"Antioxidants (Basel, Switzerland)",research-article; Journal Article,"Olive Mill Wastewater Polyphenol-Enriched Fractions by Integrated Membrane Process: A Promising Source of Antioxidant, Hypolipidemic and Hypoglycaemic Compounds.","The valorisation of food wastes is a challenging opportunity for the green, sustainable, and competitive development of industry. The recovery of phenols contributes to the sustainability of olive waste sector, reducing its environmental impact and promoting the development of innovative formulations of interest for pharmaceutical, nutraceutical, and cosmeceutical applications. In this work, olive mill wastewater was treated through a combination of microfiltration (MF), nanofiltration (NF), and reverse osmosis (RO) in a sequential design to produce polyphenol-enriched fractions that have been investigated for their chemical profile using ultra-high-performance liquid chromatography (UHPLC), and their potential antioxidant, hypolipidemic, and hypoglycaemic activities. RO retentate exhibited the highest content of hydroxytyrosol, tyrosol, oleuropein, verbascoside, vanillic acid, and luteolin. In particular, a content of hydroxytyrosol of 1522.2 mg/L, about five times higher than the MF feed, was found. RO retentate was the most active extract in all in vitro tests. Interestingly, this fraction showed a 2,2'-azino-bis(3-ethylbenzothiazoline-6-sulfonic) acid (ABTS) radicals scavenging activity with an IC50 value of 6.9 μg/mL and a potential inhibition of lipid peroxidation evaluated by the β-carotene bleaching test with IC50 values of 25.1 μg/mL after 30 min of incubation. Moreover, RO retentate inhibited α-amylase and α-glucosidase with IC50 values of 65.3 and 66.2 μg/mL, respectively."
117,A5_autonomous,32230908,PMC7231021,10.3390/mi11040350,2020,Micromachines,research-article; Journal Article,Nanoparticles Enhanced Self-driven Microfludic Biosensor.,C-reactive protein (CRP) plays an important role in inflammation detection and disease monitoring. The optical biosensor is a highly sensitive and easy detection tool. The microfluidic self-driving optical sensors were fabricated with transparent glass material and used for the enhanced surface plasmon resonance (SPR) optical detection of the model protein CRP using Au nanoparticles (AuNPs) and a sandwich immune reaction. The 3D design of the chip was devised to improve the optical coupling efficiency and enable integration with a microfluidic control and rapid detection. The array of pre-fixed antibody modified by Au nanoparticles was used to achieve rapid antigen capture and improve the optical sensitivity. The Au nanoparticle amplification approach was introduced for the SPR detection of a target protein. CRP was used as a model target protein as part of a sandwich assay. The use of Au NP measurements to detect the target signal is a threefold improvement compared to single SPR detection methods.
118,A5_autonomous,42746533,PMC13576497,10.1039/d5dd00171d,2025,Digital discovery,research-article; Journal Article,Efficient discovery of new medicine formulations using a semi-self-driven robotic formulator.,"We present the discovery of new medicine formulations using a semi-self-driven robotic formulator. Solubilising drugs is a significant challenge in the pharmaceutical industry, with the majority of active molecules in development for therapies being poorly soluble. The discovery of high solubility drug formulations, is a highly complex challenge involving the mixing of drugs with excipients in thousands of potential combinations. We have developed a self-driving laboratory process for the production, assessment, and optimisation of solubility of liquid formulations suitable for injectable medicines, and apply it to the example molecule curcumin. Our system discovered 7 lead formulations with high solubility (>10 mg mL-1) after sampling only 256 out of 7776 potential formulations (∼3%) in only a few days. Beyond presenting an efficient workflow for the optimisation and discovery of new liquid formulations, this work forms the basis for a more generalised optimisation workflow that could be applied to any formulation problem in the future, especially those where no prior information is known."
119,A5_autonomous,39846271,PMC11983246,10.1002/adma.202410651,2025,"Advanced materials (Deerfield Beach, Fla.)",research-article; Journal Article,Ultrahigh Specific Strength by Bayesian Optimization of Carbon Nanolattices.,"Nanoarchitected materials are at the frontier of metamaterial design and have set the benchmark for mechanical performance in several contemporary applications. However, traditional nanoarchitected designs with conventional topologies exhibit poor stress distributions and induce premature nodal failure. Here, using multi-objective Bayesian optimization and two-photon polymerization, optimized carbon nanolattices with an exceptional specific strength of 2.03 MPa m3 kg-1 at low densities -3 are created. Generative design optimization provides experimental improvements in strength and Young's modulus by as much as 118% and 68%, respectively, at equivalent densities with entirely different lattice failure responses. Additionally, the reduction of nanolattice strut diameters to 300 nm produces a unique high-strength carbon with a pyrolysis-induced atomic gradient of 94% sp2 aromatic carbon and low oxygen impurities. Using multi-focus multi-photon polymerization, a millimeter-scalable metamaterial consisting of 18.75 million lattice cells with nanometer dimensions is demonstrated. Combining Bayesian optimized designs and nanoarchitected pyrolyzed carbon, the optimal nanostructures exhibit the strength of carbon steel at the density of Styrofoam offering unparalleled capabilities in light-weighting, fuel reduction, and contemporary design applications."
120,A5_autonomous,41074661,PMC12671273,10.1002/bmb.70018,2025,Biochemistry and molecular biology education : a bimonthly publication of the International Union of Biochemistry and Molecular Biology,"Research Support, Non-U.S. Gov't; research-article; Journal Article",Assessing the Impact of Drawing in Biology Lecture Classes on Student Learning.,"One type of active learning technique that instructors can incorporate is the use of various drawing activities. This study investigates the impact of drawing during biology lecture classes on student learning. Undergraduate students in two lecture sections of an introductory cellular and molecular biology course completed worksheets that either required them to draw (learner-generated) or required them to interpret a drawing (instructor-generated). The four topics that were assessed were amino acid polymerization, nucleotide polymerization, cellular respiration, and photosynthesis. Student learning was assessed using multiple-choice and short-answer exam questions. Students who completed the learner-generated worksheet related to amino acid polymerization performed significantly better than students who completed the instructor-generated worksheet. Differences in student learning were not statistically significant for the other three topics; however, trends indicated that for some topics, the learner-generated worksheet increased student understanding while for other topics the students who completed the instructor-generated worksheet performed better. These findings indicate that it is important to carefully align the type of drawing activity with the complexity of the topic. When the drawings were too complex, students did not gain as much from creating their own images. Instructors are encouraged to thoughtfully integrate various types of drawing activities into their courses to increase student learning."
121,A5_autonomous,37686902,PMC10490420,10.3390/nano13172394,2023,"Nanomaterials (Basel, Switzerland)",research-article; Journal Article,Design of Polymer Nanodielectrics for Capacitive Energy Storage.,"Polymer nanodielectrics present a particularly challenging materials design problem for capacitive energy storage applications like polymer film capacitors. High permittivity and breakdown strength are needed to achieve high energy density and loss must be low. Strategies that increase permittivity tend to decrease the breakdown strength and increase loss. We hypothesize that a parameter space exists for fillers of modest aspect ratio functionalized with charge-trapping molecules that results in an increase in permittivity and breakdown strength simultaneously, while limiting increases in loss. In this work, we explore this parameter space, using physics-based, multiscale 3D dielectric property simulations, mixed-variable machine learning and Bayesian optimization to identify the compositions and morphologies which lead to the optimization of these competing properties. We employ first principle-based calculations for interface trap densities which are further used in breakdown strength calculations. For permittivity and loss calculations, we use continuum scale modelling and finite difference solution of Poisson's equation for steady-state currents. We propose a design framework for optimizing multiple properties by tuning design variables including the microstructure and interface properties. Finally, we employ mixed-variable global sensitivity analysis to understand the complex interplay between four continuous microstructural and two categorical interface choices to extract further physical knowledge on the design of nanodielectrics."
122,A5_autonomous,34391889,PMC8453223,10.1016/j.mcpro.2021.100135,2021,Molecular & cellular proteomics : MCP,"Research Support, Non-U.S. Gov't; research-article; Journal Article",A Universal Peptide Matrix Interactomics Approach to Disclose Motif-Dependent Protein Binding.,"Protein-protein interactions mediated by intrinsically disordered regions are often based on short linear motifs (SLiMs). SLiMs are implicated in signal transduction and gene regulation yet remain technically laborious and notoriously challenging to study. Here, we present an optimized method for a protein interaction screen on a peptide matrix (PRISMA) in combination with quantitative MS. The protocol was benchmarked with previously described SLiM-based protein-protein interactions using peptides derived from EGFR, SOS1, GLUT1, and CEBPB and extended to map binding partners of kinase activation loops. The detailed protocol provides practical considerations for setting up a PRISMA screen and subsequently implementing PRISMA on a liquid-handling robotic platform as a cost-effective high-throughput method. Optimized PRISMA can be universally applied to systematically study SLiM-based interactions and associated post-translational modifications or mutations to advance our understanding of the largely uncharacterized interactomes of intrinsically disordered protein regions."
123,A5_autonomous,38728108,PMC11117399,10.1021/jacs.4c03789,2024,Journal of the American Chemical Society,research-article; Journal Article,Multivariate Bayesian Optimization of CoO Nanoparticles for CO2 Hydrogenation Catalysis.,"The hydrogenation of CO2 holds promise for transforming the production of renewable fuels and chemicals. However, the challenge lies in developing robust and selective catalysts for this process. Transition metal oxide catalysts, particularly cobalt oxide, have shown potential for CO2 hydrogenation, with performance heavily reliant on crystal phase and morphology. Achieving precise control over these catalyst attributes through colloidal nanoparticle synthesis could pave the way for catalyst and process advancement. Yet, navigating the complexities of colloidal nanoparticle syntheses, governed by numerous input variables, poses a significant challenge in systematically controlling resultant catalyst features. We present a multivariate Bayesian optimization, coupled with a data-driven classifier, to map the synthetic design space for colloidal CoO nanoparticles and simultaneously optimize them for multiple catalytically relevant features within a target crystalline phase. The optimized experimental conditions yielded small, phase-pure rock salt CoO nanoparticles of uniform size and shape. These optimized nanoparticles were then supported on SiO2 and assessed for thermocatalytic CO2 hydrogenation against larger, polydisperse CoO nanoparticles on SiO2 and a conventionally prepared catalyst. The optimized CoO/SiO2 catalyst consistently exhibited higher activity and CH4 selectivity (ca. 98%) across various pretreatment reduction temperatures as compared to the other catalysts. This remarkable performance was attributed to particle stability and consistent H* surface coverage, even after undergoing the highest temperature reduction, achieving a more stable catalytic species that resists sintering and carbon occlusion."
124,A5_autonomous,36960347,PMC10027851,10.1038/s41378-023-00490-7,2023,Microsystems & nanoengineering,research-article; Journal Article,From the teapot effect to tap-triggered self-wetting: a 3D self-driving sieve for whole blood filtration.,"Achieving passive microparticle filtration with micropore membranes is challenging due to the capillary pinning effect of the membranes. Inspired by the teapot effect that occurs when liquid (tea) is poured from a teapot spout, we proposed a tap-triggered self-wetting strategy and utilized the method with a 3D sieve to filter rare cells. First, a 3D-printed polymer tap-trigger microstructure was implemented. As a result, the 3 µm micropore membrane gating threshold (the pressure needed to open the micropores) was lowered from above 3000 to 80 Pa by the tap-trigger microstructure that facilated the liquid leakage and spreading to self-wet more membrane area in a positive feedback loop. Then, we implemented a 3D cone-shaped cell sieve with tap-trigger microstructures. Driven by gravity, the sieve performed at a high throughput above 20 mL/min (DPBS), while the micropore size and porosity were 3 µm and 14.1%, respectively. We further filtered leukocytes from whole blood samples with the proposed new 3D sieve, and the method was compared with the traditional method of leukocyte isolation by chemically removing red blood cells. The device exhibited comparable leukocyte purity but a higher platelet removal rate and lower leukocyte simulation level, facilitating downstream single-cell analysis. The key results indicated that the tap-triggered self-wetting strategy could significantly improve the performance of passive microparticle filtration."
125,A5_autonomous,33204844,PMC7666838,10.15766/mep_2374-8265.11029,2020,MedEdPORTAL : the journal of teaching and learning resources,research-article; Journal Article,Skill Session on Writing Patient Assessments for Pediatric Clerkship Students.,"IntroductionFormulating written patient assessments requires the student to synthesize subjective and objective information and use clinical reasoning to reach a diagnosis. Medical students lack this skill, and clinical experience is not enough to acquire it. This session provides a structured process for learning how to formulate a patient assessment.MethodsThird-year medical students participated in a large-group interactive skill session at the beginning of their pediatrics clerkship. Instructors following a scripted model walked students through practice examples to ultimately formulate a complete written patient assessment. The session covered data synthesis, use of appropriate medical terminology, and differential diagnosis development. Students used an audience response system to practice these skills.ResultsOver 1 academic year, 250 medical students participated in six sessions, with an average of 40-50 attendees per session. Over 90% of students completed pre- and postsession written patient assessments. These assessments were evaluated using portions of the Pediatric History and Physical Exam Evaluation grading rubric. The session had a positive effect on patient assessment formulation skills, with a significant increase in scores after the session.DiscussionThe session improved students' skill in generating more complete written patient assessments. Almost all students found the session valuable regardless of prior clinical experience. Nearly 50% of students felt inadequately prepared to formulate a written patient assessment prior to the session, revealing a skills gap for learners and a curricular teaching gap. This skill session provided a structured method and active learning format for teaching this essential clinical skill."
126,A5_autonomous,32488034,PMC7265452,10.1038/s41467-020-16501-4,2020,Nature communications,"Research Support, Non-U.S. Gov't; research-article; Journal Article",A nanomaterials discovery robot for the Darwinian evolution of shape programmable gold nanoparticles.,"The fabrication of nanomaterials from the top-down gives precise structures but it is costly, whereas bottom-up assembly methods are found by trial and error. Nature evolves materials discovery by refining and transmitting the blueprints using DNA mutations autonomously. Genetically inspired optimisation has been used in a range of applications, from catalysis to light emitting materials, but these are not autonomous, and do not use physical mutations. Here we present an autonomously driven materials-evolution robotic platform that can reliably optimise the conditions to produce gold-nanoparticles over many cycles, discovering new synthetic conditions for known nanoparticle shapes using the opto-electronic properties as a driver. Not only can we reliably discover a method, encoded digitally to synthesise these materials, we can seed in materials from preceding generations to engineer more sophisticated architectures. Over three independent cycles of evolution we show our autonomous system can produce spherical nanoparticles, rods, and finally octahedral nanoparticles by using our optimized rods as seeds."
127,A5_autonomous,38680830,PMC11049742,10.1021/acs.chemmater.4c00271,2024,Chemistry of materials : a publication of the American Chemical Society,research-article; Journal Article,Revisiting El-Sayed Synthesis: Bayesian Optimization for Revealing New Insights during the Growth of Gold Nanorods.,"In diverse fields, machine learning (ML) has sparked transformative changes, primarily driven by the wealth of big data. However, an alternative approach seeks to mine insights from ""precious data"", offering the possibility to reveal missed knowledge and escape potential knowledge traps. In this context, Bayesian optimization (BO) protocols have emerged as crucial tools for optimizing the synthesis and discovery of a broad spectrum of compounds including nanoparticles. In our work, we aimed to go beyond the commonly explored experimental conditions and showcase a workflow capable of unearthing fresh insights, even in well-studied research domains. The growth of AuNRs is a nonequilibrium process that remains poorly understood despite the presence of well-established seeded growth protocols. Traditional research aimed at understanding the mechanism of AuNR growth has primarily relied on altering one reaction condition at a time. While these studies are undeniably valuable, they often fail to capture the synergies between different reaction conditions, thus constraining the depth of insights they can offer. In the present study, we exploit BO, to identify diverse experimental conditions yielding AuNRs with similar spectroscopic characteristics. Notably, we identify viable and accelerated synthesis conditions involving elevated temperatures (36-40 °C) as well as high ascorbic acid concentrations. More importantly, we note that ascorbic acid and temperature can modulate each other's undesirable influences on the growth of AuNRs. Finally, by harnessing the power of interpretable ML algorithms, complemented by our deep chemical understanding, we revisited the established hierarchical relationships among reaction conditions that impact the El-Sayed-based growth of AuNRs."
128,A5_autonomous,35198969,PMC8859322,10.3389/frai.2022.737363,2022,Frontiers in artificial intelligence,research-article; Journal Article,Deep Active Learning via Open-Set Recognition.,"In many applications, data is easy to acquire but expensive and time-consuming to label, prominent examples include medical imaging and NLP. This disparity has only grown in recent years as our ability to collect data improves. Under these constraints, it makes sense to select only the most informative instances from the unlabeled pool and request an oracle (e.g., a human expert) to provide labels for those samples. The goal of active learning is to infer the informativeness of unlabeled samples so as to minimize the number of requests to the oracle. Here, we formulate active learning as an open-set recognition problem. In this paradigm, only some of the inputs belong to known classes; the classifier must identify the rest as unknown. More specifically, we leverage variational neural networks (VNNs), which produce high-confidence (i.e., low-entropy) predictions only for inputs that closely resemble the training data. We use the inverse of this confidence measure to select the samples that the oracle should label. Intuitively, unlabeled samples that the VNN is uncertain about contain features that the network has not been exposed to; thus they are more informative for future training. We carried out an extensive evaluation of our novel, probabilistic formulation of active learning, achieving state-of-the-art results on MNIST, CIFAR-10, CIFAR-100, and FashionMNIST. Additionally, unlike current active learning methods, our algorithm can learn even in the presence of out-of-distribution outliers. As our experiments show, when the unlabeled pool consists of a mixture of samples from multiple datasets, our approach can automatically distinguish between samples from seen vs. unseen datasets. Overall, our results show that high-quality uncertainty measures are key for pool-based active learning."
129,A5_autonomous,38844551,PMC11156991,10.1038/s41598-024-62450-z,2024,Scientific reports,research-article; Journal Article,A novel interpretable machine learning model approach for the prediction of TiO2 photocatalytic degradation of air contaminants.,"Air contaminants lead to various environmental and health issues. Titanium dioxide (TiO2) features the benefits of autogenous photocatalytic degradation of air contaminants. To evaluate its performance, laboratory experiments are commonly used to determine the kinetics of the photocatalytic-degradation rate, which is labor intensive, time-consuming, and costly. In this study, Machine Learning (ML) models were developed to predict the photo-degradation rate constants of air-borne organic contaminants with TiO2 nanoparticles and ultraviolet irradiation. The hyperparameters of the ML models were optimized, which included Artificial Neural Network (ANN) with Bayesian optimization, gradient booster regressor (GBR) with Bayesian optimization, Extreme Gradient Boosting (XGBoost) with optimization using Hyperopt, and Catboost combined with Adaboost. The organic contaminant was encoded through Molecular fingerprints (MF). Imputation method was applied to deal with the missing data. A generative ML model Vanilla Gan was utilized to create synthetic data to further augment the size of available dataset and the SHapley Additive exPlanations (SHAP) was employed for ML model interpretability. The results indicated that data imputation allowed for the full utilization of the limited dataset, leading to good machine learning prediction performance and preventing common overfitting problems with small-sized data. Additionally, augmenting experimental data with synthetic data significantly improved prediction accuracy and considerably reduced overfitting issues. The results ranked the feature importance and assessed the impacts of different experimental variables on the rate of photo-degradation, which were consistent with physico-chemical laws."
130,A5_autonomous,40881981,PMC12381630,10.1039/d5dd00110b,2025,Digital discovery,research-article; Journal Article,Accelerating optimization of halide perovskites: two blueprints for automation.,"The fine-tuning of halide perovskite materials for both performance and stability calls for innovative tools that streamline high-throughput experimentation. Here, we present two complementary systems designed to accelerate the development of solution-processed thin-film semiconductors. HITSTA (High-Throughput Stability Testing Apparatus) is a robust, cost-effective platform for optical characterization and accelerated aging, built around a repurposed 3D printer. It accommodates up to 49 thin-film samples, subjecting them to temperatures up to 110 °C and light intensities of 2.2 suns while continuously monitoring their absorptance and photoluminescence. ROSIE (Robotic Operating System for Ink Engineering) is a liquid-handling robot constructed from a hobbyist robotic arm and a syringe pump, enabling precise and automated ink formulation. We detail the design and operation of both systems, providing guidelines for their replication. To demonstrate their capabilities, we present a case study in which ROSIE and HITSTA are used to investigate the aging of mixed-cation, mixed-halide inorganic perovskites. Together, these systems form a powerful toolkit for accelerating the optimization of solution-processable thin-films via high-throughput experimentation."
131,A5_autonomous,37252959,PMC10266013,10.1073/pnas.2220021120,2023,Proceedings of the National Academy of Sciences of the United States of America,"Research Support, Non-U.S. Gov't; research-article; Research Support, U.S. Gov't, Non-P.H.S.; Journal Article",High-throughput experimentation for discovery of biodegradable polyesters.,"The consistent rise of plastic pollution has stimulated interest in the development of biodegradable plastics. However, the study of polymer biodegradation has historically been limited to a small number of polymers due to costly and slow standard methods for measuring degradation, slowing new material innovation. High-throughput polymer synthesis and a high-throughput polymer biodegradation method are developed and applied to generate a biodegradation dataset for 642 chemically distinct polyesters and polycarbonates. The biodegradation assay was based on the clear-zone technique, using automation to optically observe the degradation of suspended polymer particles under the action of a single Pseudomonas lemoignei bacterial colony. Biodegradability was found to depend strongly on aliphatic repeat unit length, with chains less than 15 carbons and short side chains improving biodegradability. Aromatic backbone groups were generally detrimental to biodegradability; however, ortho- and para-substituted benzene rings in the backbone were more likely to be degradable than metasubstituted rings. Additionally, backbone ether groups improved biodegradability. While other heteroatoms did not show a clear improvement in biodegradability, they did demonstrate increases in biodegradation rates. Machine learning (ML) models were leveraged to predict biodegradability on this large dataset with accuracies over 82% using only chemical structure descriptors."
132,A5_autonomous,37253825,PMC10229643,10.1038/s41540-023-00284-7,2023,NPJ systems biology and applications,"Research Support, Non-U.S. Gov't; research-article; Journal Article",Employing active learning in the optimization of culture medium for mammalian cells.,"Medium optimization is a crucial step during cell culture for biopharmaceutics and regenerative medicine; however, this step remains challenging, as both media and cells are highly complex systems. Here, we addressed this issue by employing active learning. Specifically, we introduced machine learning to cell culture experiments to optimize culture medium. The cell line HeLa-S3 and the gradient-boosting decision tree algorithm were used to find optimized media as pilot studies. To acquire the training data, cell culture was performed in a large variety of medium combinations. The cellular NAD(P)H abundance, represented as A450, was used to indicate the goodness of culture media. In active learning, regular and time-saving modes were developed using culture data at 168 h and 96 h, respectively. Both modes successfully fine-tuned 29 components to generate a medium for improved cell culture. Intriguingly, the two modes provided different predictions for the concentrations of vitamins and amino acids, and a significant decrease was commonly predicted for fetal bovine serum (FBS) compared to the commercial medium. In addition, active learning-assisted medium optimization significantly increased the cellular concentration of NAD(P)H, an active chemical with a constant abundance in living cells. Our study demonstrated the efficiency and practicality of active learning for medium optimization and provided valuable information for employing machine learning technology in cell biology experiments."
133,A5_autonomous,41074790,PMC12557214,10.1021/acsami.5c13709,2025,ACS applied materials & interfaces,research-article; Journal Article,Automated Digital Discovery and Synthesis of CuO-Based Nanoparticle Heterostructures for Catalysis.,"The discovery and synthesis of composite nanomaterials often rely on molecular self-assembly and crystallization, posing significant challenges due to the vast chemical space and the irreproducibility of experimental methods. We present a programmable robotic platform, controlled by the universal Chemical Description Language (χDL), that enables the solid-phase synthesis of composite nanomaterials. In addition to synthesis, the platform validates its catalytic performance through an automated workflow. This platform enables open-ended exploration of composition-morphology-activity relationships, with high accuracy and reproducibility, while also reducing synthesis time and cost. In this study, we are moving beyond the colloidal, plasmonic-focused systems previously explored in robotic platforms to the discovery, synthesis, and catalytic properties of CuO-based nanomaterials, such as CuO-Au and CuO-Ag2O NP heterostructures that show good reproducibility across repeated syntheses. Remarkably, even at very low metal loadings, as confirmed by ICP (Au wt % = 0.06%, Ag wt % = 0.03%), the heterostructures exhibited enhanced photodegradation efficiency of the dye Methyl Green (MG) compared with pristine CuO. The degradation yield increased from 45 ± 2% for pristine CuO to 57 ± 3% for CuO-Au and 65 ± 2% for CuO-Ag2O, as observed through real-time UV-vis spectroscopy. Additionally, a kinetic assay of the synthesis process provided insights into the self-assembly mechanism, highlighting the interactions between the core material (CuO NPs) and the surface coatings (Au or Ag2O). This work demonstrates a shift from traditional manual experimentation to programmable, data-driven workflows, highlighting both the progress and the remaining challenges in the automation of solid-phase nanomaterial synthesis in the field of materials science."
134,A5_autonomous,38339737,PMC10857124,10.3390/s24031021,2024,"Sensors (Basel, Switzerland)",research-article; Journal Article,Developing a Flying Explorer for Autonomous Digital Modelling in Wild Unknowns.,"Digital modelling stands as a pivotal step in the realm of Digital Twinning. The future trend of Digital Twinning involves automated exploration and environmental modelling in complex scenes. In our study, we propose an innovative solution for robot odometry, path planning, and exploration in unknown outdoor environments, with a focus on Digital modelling. The approach uses a minimum cost formulation with pseudo-randomly generated objectives, integrating multi-path planning and evaluation, with emphasis on full coverage of unknown maps based on feasible boundaries of interest. The approach allows for dynamic changes to expected targets and behaviours. The evaluation is conducted on a robotic platform with a lightweight 3D LiDAR sensor model. The robustness of different types of odometry is compared, and the impact of parameters on motion planning is explored. The consistency and efficiency of exploring completely unknown areas are assessed in both indoor and outdoor scenarios. The experiment shows that the method proposed in this article can complete autonomous exploration and environmental modelling tasks in complex indoor and outdoor scenes. Finally, the study concludes by summarizing the reasons for exploration failures and outlining future focuses in this domain."
135,A5_autonomous,40072103,PMC11898886,10.3390/cells14050375,2025,Cells,"research-article; Research Support, U.S. Gov't, Non-P.H.S.; Journal Article; Research Support, N.I.H., Extramural",Few-Layer Graphene-Based Optical Nanobiosensors for the Early-Stage Detection of Ovarian Cancer Using Liquid Biopsy and an Active Learning Strategy.,"Ovarian cancer survival depends strongly on the time of diagnosis. Detection at stage 1 must be the goal of liquid biopsies for ovarian cancer detection. We report the development and validation of graphene-based optical nanobiosensors (G-NBSs) that quantify the activities of a panel of proteases, which were selected to provide a crowd response that is specific for ovarian cancer. These G-NBSs consist of few-layer explosion graphene featuring a hydrophilic coating, which is linked to fluorescently labeled highly selective consensus sequences for the proteases of interest, as well as a fluorescent dye. The panel of G-NBSs showed statistically significant differences in protease activities when comparing localized (early-stage) ovarian cancer with both metastatic (late-stage) and healthy control groups. A hierarchical framework integrated with active learning (AL) as a prediction and analysis tool for early-stage detection of ovarian cancer was implemented, which obtained an overall accuracy score of 94.5%, with both a sensitivity and specificity of 0.94."
136,A5_autonomous,39828745,PMC11743787,10.1038/s41377-024-01707-8,2025,"Light, science & applications",research-article; Journal Article,Bayesian optimization with Gaussian-process-based active machine learning for improvement of geometric accuracy in projection multi-photon 3D printing.,"Multi-photon polymerization is a well-established, yet actively developing, additive manufacturing technique for 3D printing on the micro/nanoscale. Like all additive manufacturing techniques, determining the process parameters necessary to achieve dimensional accuracy for a structure 3D printed using this method is not always straightforward and can require time-consuming experimentation. In this work, an active machine learning based framework is presented for determining optimal process parameters for the recently developed, high-speed, layer-by-layer continuous projection 3D printing process. The proposed active learning framework uses Bayesian optimization to inform optimal experimentation in order to adaptively collect the most informative data for effective training of a Gaussian-process-regression-based machine learning model. This model then serves as a surrogate for the manufacturing process: predicting optimal process parameters for achieving a target geometry, e.g., the 2D geometry of each printed layer. Three representative 2D shapes at three different scales are used as test cases. In each case, the active learning framework improves the geometric accuracy, with drastic reductions of the errors to within the measurement accuracy in just four iterations of the Bayesian optimization using only a few hundred of total training data. The case studies indicate that the active learning framework developed in this work can be broadly applied to other additive manufacturing processes to increase accuracy with significantly reduced experimental data collection effort for optimization."
137,A5_autonomous,34168799,PMC8179636,10.1039/d0sc06502a,2021,Chemical science,research-article; Journal Article,The dome of gold nanolized for catalysis.,"Gold is noble in bulk but turns out to be a superior catalyst at the nanoscale when supported on oxides, in particular titania. The critical thickness for activity, namely two-layer gold particles on titania, observed two decades ago represents one of the most influential mysteries in the recent history of heterogeneous catalysis. By developing a Bayesian optimization controlled global potential energy surface exploration tool with machine learning potential, here we determine the atomic structures of gold particles within ∼2 nm on a TiO2 surface. We show that the smallest stable Au nanoparticle is Au24 which is pinned on the oxygen-rich TiO2 and exhibits an unprecedented dome architecture made by a single-layer Au sheet but with an apparent two-atomic-layer height. Importantly, this has the highest activity for CO oxidation at room temperature. The physical origin of the high activity is the outstanding electron storage ability of the nano-dome, which activates the lattice oxygen of the oxide. The determined CO oxidation mechanism, the simulated rate and the fitted apparent energy barrier are consistent with known experimental facts, providing key evidence for the presence of both the high-activity Au dome and the low-activity close-packed Au particles in real catalysts. The future direction for the preparation of active and stable Au-based catalysts is thus outlined."
138,A5_autonomous,40635188,PMC12240735,10.1093/bib/bbaf254,2025,Briefings in bioinformatics,research-article; Journal Article,A free energy perturbation-assisted machine learning strategy for mimotope screening in neoantigen-based vaccine design.,"Neoantigen-based immunotherapy has emerged as a promising approach for cancer treatment. One key strategy in neoantigen-based vaccine design is to alter known neoantigens into enhanced mimotopes that elicit more robust immune responses. However, screening mimotopes presents challenges in both diversity and precision. While machine learning (ML) models facilitate high-throughput screening of immunogenic candidates, they struggle to distinguish mimotopes from original neoantigens (i.e. identify mimotopes with higher binding affinities, rather than solely distinguish between binding and nonbinding peptides). In contrast, alchemical methods such as free energy perturbation (FEP) provide quantitative binding free-energy differences between mimotopes and neoantigens but are computationally intensive. To leverage the strengths of both approaches, we propose an FEP-assisted ML (FEPaML) strategy that employs Bayesian optimization to iteratively refine knowledge-based predictions with physics-based evaluations, thereby progressively achieving locally optimized, precise, and robust outcomes. Our FEPaML strategy is then applied to screen mimotopes for several representative neoantigens. It has demonstrated excellent predictive precisions (exceeding 0.9) with a relatively small number of FEP samplings, significantly outperforming existing ML models."
139,A5_autonomous,40909862,PMC12404984,10.1038/s44182-025-00044-1,2025,npj Robotics,research-article; Journal Article,Sperm cell empowerment: X-ray-guided magnetic fields for enhanced actuation and localization of cytocompatible biohybrid microrobots.,"Magnetic microrobots have the potential to revolutionize medicine by navigating pathways to deliver precision-targeted therapy. However, a significant challenge arises. There commonly is a trade-off between magnetic responsiveness, detectability using medical imaging systems and cytotoxicity from increased amounts of magnetic content. Addressing this, we study biohybrid microrobots comprising clusters of iron oxide nanoparticle-coated sperm cells. These sperm-templated microrobots offer benefits over microrobots driven by live sperm, such as longer shelf-life and operation time, full directional and speed control and easy fabrication. To demonstrate their potential for use in clinical settings, we developed an X-ray-guided robotic platform investigating the magnetic response and detectability of these biohybrid clusters across varying nanoparticle concentrations, notably demonstrating simultaneous actuation and localization of sperm for the first time. These improvements advance the research closer to unleashing the potential of biohybrid microrobots for medical applications within the reproductive tract."
140,A5_autonomous,39592136,PMC11647762,10.1021/acsami.4c14279,2024,ACS applied materials & interfaces,research-article; Journal Article,Continuous Flow Chemistry and Bayesian Optimization for Polymer-Functionalized Carbon Nanotube-Based Chemiresistive Methane Sensors.,"We report the preparation of poly(ionic) polymer-wrapped single-walled carbon nanotube dispersions for chemiresistive methane (CH4) sensors with improved humidity tolerance. Single-walled CNTs (SWCNTs) were noncovalently functionalized by poly(4-vinylpyridine) (P4VP) with varied amounts of a poly(ethylene glycol) (PEG) moiety bearing a Br and terminal azide group (Br-R1). The quaternization of P4VP with Br-R1 was performed using continuous flow chemistry and Bayesian optimization-guided reaction selection. Polymers (PyBrR1) with different degrees of functionalization were used to disperse SWCNTs and subsequently incorporated into sensors containing a platinum complex as an aerobic oxidative catalyst with a polyoxometalate (POM) redox mediator to facilitate room-temperature CH4 sensing. As the degree of quaternization in the PyBrR1-CNT composites increased, improvements in response magnitude were observed, with nominally 10% quaternized PyBrR1 giving the largest response. Incorporation of PEG improved sensor stability at relative humidities between 57-90% versus sensors fabricated from CNT dispersions with unfunctionalized P4VP. Devices fabricated with these dispersions outperformed those prepared in situ under dry conditions, and exhibited greater stability at elevated humidities. The influence of Keggin-type POM character was also evaluated to identify alternative POMs for enhanced sensor performance at high humidity. In an effort to identify areas for further improvement in algorithm performance for polymer functionalization, a kinetically informed machine learning model was explored as a route to predict reactivity of pyridine units and alkyl bromides under flow conditions."
141,A5_autonomous,40089456,PMC11910605,10.1038/s41467-025-57871-x,2025,Nature communications,research-article; Journal Article,Light-driven plasmonic microrobot for nanoparticle manipulation.,"Recently light-driven microdrones have been demonstrated, making use of plasmonic nanomotors based on directional resonant chiral light scattering. These nanomotors can be addressed individually, without requiring the tracking of a focused laser, leading to exceptional 2D maneuverability which renders microdrones a versatile robotic platform in aqueous environments. Here, we incorporate a light-operated manipulator, a plasmonic nano-tweezer, into the microdrone platform, rendering it a microrobot by enabling precise, all-optical transport and delivery of single nanoparticles suspended in solution. The plasmonic nano-tweezer consists of a resonant cross-antenna nanostructure exhibiting a central near-field hot spot, extending the ability of traditional optical tweezers based on focused laser beams to the trapping of nanoparticles. However, most of plasmonic nano-tweezers are fixed to the substrates and lack mobility. Our plasmonic microrobot utilizes circularly polarized light to control both motors and for stable trapping of a 70-nanometer fluorescent nanodiamond in the cross-antenna center. Complex sequences of microrobot operations, including trap-transport-release-trap-transport actions, demonstrate the microrobot's versatility and precision in picking up and releasing nanoparticles. Our microrobot design opens potential avenues in advancing nanotechnology and life sciences, with applications in targeted drug delivery, single-cell manipulation, and by providing an advanced quantum sensing platform, facilitating interdisciplinary research at the nanoscale."
142,A5_autonomous,38773093,PMC11109101,10.1038/s41467-024-48534-4,2024,Nature communications,research-article; Journal Article,Superlative mechanical energy absorbing efficiency discovered through self-driving lab-human partnership.,"Energy absorbing efficiency is a key determinant of a structure's ability to provide mechanical protection and is defined by the amount of energy that can be absorbed prior to stresses increasing to a level that damages the system to be protected. Here, we explore the energy absorbing efficiency of additively manufactured polymer structures by using a self-driving lab (SDL) to perform >25,000 physical experiments on generalized cylindrical shells. We use a human-SDL collaborative approach where experiments are selected from over trillions of candidates in an 11-dimensional parameter space using Bayesian optimization and then automatically performed while the human team monitors progress to periodically modify aspects of the system. The result of this human-SDL campaign is the discovery of a structure with a 75.2% energy absorbing efficiency and a library of experimental data that reveals transferable principles for designing tough structures."
143,A5_autonomous,38811464,PMC11615115,10.1007/s13346-024-01603-z,2025,Drug delivery and translational research,"Research Support, Non-U.S. Gov't; research-article; Journal Article",Engineering mannose-functionalized nanostructured lipid carriers by sequential design using hybrid artificial intelligence tools.,"Nanostructured lipid carriers (NLCs) hold significant promise as drug delivery systems (DDS) owing to their small size and efficient drug-loading capabilities. Surface functionalization of NLCs can facilitate interaction with specific cell receptors, enabling targeted cell delivery. Mannosylation has emerged as a valuable tool for increasing the ability of nanoparticles to be recognized and internalized by macrophages. Nevertheless, the design and development of functionalized NLC is a complex task that entails the optimization of numerous variables and steps, making the process challenging and time-consuming. Moreover, no previous studies have been focused on evaluating the functionalization efficiency. In this work, hybrid Artificial Intelligence technologies are used to help in the design of mannosylated drug loaded NLCs. Artificial neural networks combined with fuzzy logic or genetic algorithms were employed to understand the particle formation processes and optimize the combinations of variables for the different steps in the functionalization process. Mannose was chemically modified to allow, for the first time, functionalization efficiency quantification and optimization. The proposed sequential methodology has enabled the design of a robust procedure for obtaining stable mannosylated NLCs with a uniform particle size distribution, small particle size ( 20mV). The incorporation of mannose on the surfaces of these DDS following the established protocols achieved > 85% of functionalization efficiency. This high effectiveness should enhance NLC recognition and internalization by macrophages, thereby facilitating the treatment of chronic inflammatory diseases."
144,A5_autonomous,33767382,PMC8197729,10.1038/s41565-021-00870-y,2021,Nature nanotechnology,"Research Support, Non-U.S. Gov't; research-article; Journal Article; Research Support, N.I.H., Extramural",Computationally guided high-throughput design of self-assembling drug nanoparticles.,"Nanoformulations of therapeutic drugs are transforming our ability to effectively deliver and treat a myriad of conditions. Often, however, they are complex to produce and exhibit low drug loading, except for nanoparticles formed via co-assembly of drugs and small molecular dyes, which display drug-loading capacities of up to 95%. There is currently no understanding of which of the millions of small-molecule combinations can result in the formation of these nanoparticles. Here we report the integration of machine learning with high-throughput experimentation to enable the rapid and large-scale identification of such nanoformulations. We identified 100 self-assembling drug nanoparticles from 2.1 million pairings, each including one of 788 candidate drugs and one of 2,686 approved excipients. We further characterized two nanoparticles, sorafenib-glycyrrhizin and terbinafine-taurocholic acid both ex vivo and in vivo. We anticipate that our platform can accelerate the development of safer and more efficacious nanoformulations with high drug-loading capacities for a wide range of therapeutics."
145,A5_autonomous,36918561,PMC10015005,10.1038/s41467-023-37139-y,2023,Nature communications,research-article; Journal Article,AlphaFlow: autonomous discovery and optimization of multi-step chemistry using a self-driven fluidic lab guided by reinforcement learning.,"Closed-loop, autonomous experimentation enables accelerated and material-efficient exploration of large reaction spaces without the need for user intervention. However, autonomous exploration of advanced materials with complex, multi-step processes and data sparse environments remains a challenge. In this work, we present AlphaFlow, a self-driven fluidic lab capable of autonomous discovery of complex multi-step chemistries. AlphaFlow uses reinforcement learning integrated with a modular microdroplet reactor capable of performing reaction steps with variable sequence, phase separation, washing, and continuous in-situ spectral monitoring. To demonstrate the power of reinforcement learning toward high dimensionality multi-step chemistries, we use AlphaFlow to discover and optimize synthetic routes for shell-growth of core-shell semiconductor nanoparticles, inspired by colloidal atomic layer deposition (cALD). Without prior knowledge of conventional cALD parameters, AlphaFlow successfully identified and optimized a novel multi-step reaction route, with up to 40 parameters, that outperformed conventional sequences. Through this work, we demonstrate the capabilities of closed-loop, reinforcement learning-guided systems in exploring and solving challenges in multi-step nanoparticle syntheses, while relying solely on in-house generated data from a miniaturized microfluidic platform. Further application of AlphaFlow in multi-step chemistries beyond cALD can lead to accelerated fundamental knowledge generation as well as synthetic route discoveries and optimization."
